ticker,date,pos,neg,unc,manager_ratio,analyst_ratio,other_ratio,net_sentiment,volume,stock_return,sp500_return,sp500_close,lag_stock_return,lag_sp500_return,stock_volatility
AAPL,2006-01-19 13:53:17,0.0206,0.0049,0.0118,0.2105263157894736,0.4736842105263157,0.3157894736842105,0.0157,60724482.0,-0.041885,0.005564,1285.04,-0.026207,-0.003897,0.03096856823171233
AAPL,2006-04-20 11:01:29,0.0286,0.0071,0.0051,0.1304347826086956,0.6086956521739131,0.2608695652173913,0.0215,59592071.0,0.03016,0.001168,1311.46,-0.008608,0.001744,0.027491554166486996
AAPL,2006-07-20 00:49:46,0.0358,0.0082,0.0082,0.1304347826086956,0.5652173913043478,0.3043478260869565,0.0276,70582838.0,0.118299,-0.008477,1249.13,0.022684,0.018555,0.04543892805171451
AAPL,2006-10-19 04:57:25,0.0362,0.0124,0.0176,0.08,0.48,0.44,0.0238,54188273.0,0.059842,0.000732,1366.96,0.003231,0.0014,0.022541323481059774
AAPL,2007-01-18 03:24:19,0.04,0.0144,0.0044,0.1111111111111111,0.4814814814814814,0.4074074074074074,0.0256,84566630.0,-0.061927,-0.002971,1426.37,-0.022142,-0.000894,0.040287530044253964
AAPL,2007-04-26 02:50:27,0.0389,0.0137,0.0084,0.1818181818181818,0.4090909090909091,0.4090909090909091,0.025199999999999997,62277169.0,0.036624,-0.000782,1494.25,0.022608,0.010139,0.018118395982781914
AAPL,2007-07-26 02:59:18,0.0299,0.0075,0.0064,0.05,0.55,0.4,0.0224,78235734.0,0.063675,-0.023339,1482.66,0.017571,0.004666,0.03167793221523987
AAPL,2007-10-23 00:31:48,0.0235,0.0061,0.0082,0.1764705882352941,0.5294117647058824,0.2941176470588235,0.0174,64150965.0,0.067676,0.008803,1519.59,0.023119,0.003798,0.02716111493456937
AAPL,2008-01-23 02:18:18,0.0311,0.0155,0.0124,0.1,0.5,0.4,0.0156,120492275.0,-0.106451,0.021442,1338.6,-0.035449,-0.011085,0.046356819659031816
AAPL,2008-04-24 01:29:11,0.0324,0.0115,0.0094,0.1666666666666666,0.5,0.3333333333333333,0.0209,60622603.0,0.037142,0.006442,1388.82,0.016792,0.0029,0.03400078443278099
AAPL,2008-07-22 00:27:17,0.0313,0.0052,0.0073,0.15,0.5,0.35,0.0261,67127822.0,-0.025678,0.013492,1277.0,0.006903,-0.000539,0.020606790420473795
AAPL,2008-10-21 23:59:26,0.0193,0.0139,0.0107,0.2857142857142857,0.4285714285714285,0.2857142857142857,0.005400000000000002,78389009.0,-0.070601,-0.0308,955.05,0.010678,0.047685,0.0689793567232658
AAPL,2009-01-22 04:58:17,0.0389,0.0116,0.0095,0.1875,0.5,0.3125,0.027299999999999998,51367867.0,0.066763,-0.015162,827.5,0.059207,0.043491,0.03840634805182312
AAPL,2009-04-23 07:06:39,0.0303,0.0121,0.0091,0.2,0.4666666666666667,0.3333333333333333,0.0182,34780643.0,0.032014,0.009922,851.92,-0.002053,-0.007682,0.019745808536665847
AAPL,2009-07-21 23:42:36,0.027,0.0135,0.0083,0.1666666666666666,0.5555555555555556,0.2777777777777778,0.0135,32140395.0,-0.009149,0.003627,954.58,0.007638,0.011432,0.014774814050719294
AAPL,2009-10-19 21:19:11,0.0351,0.0062,0.0072,0.1578947368421052,0.4736842105263157,0.3684210526315789,0.0289,34974472.0,0.009625,0.009405,1097.91,-0.013172,-0.008098,0.00960141797629676
AAPL,2010-01-26 01:47:12,0.0293,0.0081,0.0071,0.1578947368421052,0.5263157894736842,0.3157894736842105,0.0212,68057437.0,0.014108,-0.004203,1092.17,0.026928,0.004598,0.026854526739453054
AAPL,2010-04-21 00:57:13,0.0313,0.0071,0.0071,0.1764705882352941,0.4705882352941176,0.3529411764705882,0.0242,36080744.0,0.059814,-0.001019,1205.94,-0.010038,0.008058,0.019877531172434623
AAPL,2010-07-21 02:43:17,0.0353,0.0071,0.005,0.1875,0.5625,0.25,0.028199999999999996,43706089.0,0.009329,-0.01282,1069.59,0.025694,0.011417,0.013630367662767623
AAPL,2010-10-19 00:43:24,0.0428,0.0061,0.0051,0.3333333333333333,0.5,0.1666666666666666,0.036699999999999997,45715087.0,-0.026761,-0.015877,1165.9,0.010358,0.007244,0.016731332591212716
AAPL,2011-01-19 04:06:25,0.0276,0.0051,0.0041,0.1428571428571428,0.6428571428571429,0.2142857142857142,0.0225,41759927.0,-0.005313,-0.010116,1281.92,-0.022469,0.001376,0.011078425379989655
AAPL,2011-04-21 02:01:26,0.0374,0.0061,0.0051,0.1111111111111111,0.6666666666666666,0.2222222222222222,0.0313,27824686.0,0.024199,0.005277,1337.38,0.013467,0.013515,0.014407703581379223
AAPL,2011-07-20 01:41:14,0.0261,0.006,0.004,0.1333333333333333,0.6666666666666666,0.2,0.0201,34628695.0,0.026668,-0.000671,1325.84,0.008159,0.016309,0.013024016366782604
AAPL,2011-10-19 02:11:15,0.0323,0.0083,0.0063,0.1333333333333333,0.8,0.0666666666666666,0.024,40430302.0,-0.05594,-0.012649,1209.88,0.005357,0.020419,0.030089988845313817
AAPL,2012-01-25 01:31:11,0.0311,0.0062,0.0052,0.1333333333333333,0.7333333333333333,0.1333333333333333,0.0249,35169353.0,0.062439,0.008672,1326.05,-0.016375,-0.001026,0.022893587741015044
AAPL,2012-03-19 14:41:11,0.0375,0.0141,0.0152,0.2222222222222222,0.5555555555555556,0.2222222222222222,0.023399999999999997,33596906.0,0.026521,0.003974,1409.75,1.7e-05,0.001119,0.01571512683195536
AAPL,2012-04-25 01:11:08,0.0208,0.0069,0.004,0.125,0.75,0.125,0.0139,34027952.0,0.088741,0.013645,1390.69,-0.019975,0.00368,0.04106364743514361
AAPL,2012-06-12 20:10:07,0.0504,0.0123,0.0049,1.0,0.0,0.0,0.0381,16215898.0,0.008736,0.011651,1324.18,-0.015767,-0.01262,0.01419297406778747
AAPL,2012-07-24 23:14:09,0.0308,0.0062,0.0062,0.1428571428571428,0.5714285714285714,0.2857142857142857,0.0246,21939760.0,-0.004819,-0.009041,1338.31,-0.000778,-0.008909,0.008752910934210456
AAPL,2012-10-26 01:34:07,0.0255,0.0082,0.0051,0.125,0.6875,0.1875,0.017299999999999996,37946806.0,-0.009086,-0.000729,1411.94,-0.011822,0.002996,0.02373653797746323
AAPL,2013-01-24 02:05:08,0.053,0.011,0.0077,0.2,0.5333333333333333,0.2666666666666666,0.041999999999999996,53236959.0,-0.123549,7e-06,1494.82,0.018295,0.001507,0.045124927653496925
AAPL,2013-04-23 22:47:11,0.0492,0.0112,0.0045,0.2727272727272727,0.6363636363636364,0.0909090909090909,0.038,25284081.0,0.018712,0.010419,1578.78,0.020844,0.004662,0.024981424130963985
AAPL,2013-07-23 23:39:06,0.0274,0.0061,0.0041,0.25,0.5833333333333334,0.1666666666666666,0.0213,13925582.0,-0.017171,-0.001852,1692.39,0.0032,0.002033,0.009813144470555755
AAPL,2013-10-29 00:44:08,0.0411,0.0054,0.0054,0.3076923076923077,0.6153846153846154,0.0769230769230769,0.035699999999999996,23609993.0,-0.024908,0.005584,1771.95,0.007449,0.00133,0.013720045351803862
AAPL,2014-01-28 01:34:06,0.0312,0.0104,0.0052,0.2666666666666666,0.5333333333333333,0.2,0.0208,38174933.0,-0.079927,0.006141,1792.5,0.008112,-0.004876,0.030333518020683157
AAPL,2014-04-24 00:34:12,0.0505,0.0059,0.0106,0.2222222222222222,0.5555555555555556,0.2222222222222222,0.0446,27144736.0,0.081982,0.001717,1878.61,-0.013069,-0.002213,0.027770247615428668
AAPL,2014-07-23 02:27:07,0.0564,0.0099,0.0044,0.3,0.5,0.2,0.0465,93312937.0,0.026077,0.001754,1987.01,0.008314,0.005016,0.013404642655106864
AAPL,2014-10-21 03:21:16,0.0403,0.0064,0.0042,0.2727272727272727,0.4545454545454545,0.2727272727272727,0.0339,94716935.0,0.027165,0.019574,1941.28,0.021399,0.009143,0.015731681235293584
AAPL,2015-01-28 01:39:08,0.0507,0.0069,0.0081,0.2307692307692307,0.5384615384615384,0.2307692307692307,0.043800000000000006,146927226.0,0.056533,-0.013496,2002.16,-0.035013,-0.013388,0.02671896136038557
AAPL,2015-04-28 00:49:08,0.0557,0.0068,0.0068,0.2727272727272727,0.5454545454545454,0.1818181818181818,0.0489,118924582.0,-0.015756,0.002769,2114.76,0.018192,-0.004141,0.012691627419068197
AAPL,2015-07-22 00:26:10,0.059,0.0066,0.0066,0.3,0.5,0.2,0.052399999999999995,115475475.0,-0.042294,-0.002388,2114.15,-0.009995,-0.004262,0.021185752760077003
AAPL,2015-10-28 03:00:07,0.0433,0.0063,0.0063,0.2727272727272727,0.4545454545454545,0.2727272727272727,0.037,85595372.0,0.041205,0.01184,2090.35,-0.006332,-0.002554,0.02092367782654112
AAPL,2016-01-27 04:14:10,0.0479,0.0148,0.0103,0.25,0.5,0.25,0.0331,133374674.0,-0.065707,-0.010863,1882.95,0.005531,0.014144,0.03149360331453567
AAPL,2016-04-27 00:28:18,0.0382,0.0112,0.0067,0.3,0.6,0.1,0.026999999999999996,114602092.0,-0.062578,0.001649,2095.15,-0.006947,0.001873,0.01900304113702736
AAPL,2016-07-27 01:02:42,0.0614,0.0057,0.008,0.0,0.5454545454545454,0.4545454545454545,0.0557,92344820.0,0.064963,-0.001199,2166.58,-0.006883,0.000323,0.02270754299150639
AAPL,2016-10-26 01:36:31,0.0576,0.0044,0.0078,0.0,0.5833333333333334,0.4166666666666667,0.0532,66134299.0,-0.022495,-0.00174,2139.43,0.0051,-0.003798,0.008546295301344136
AAPL,2017-02-01 01:28:21,0.0581,0.0057,0.0057,0.0,0.5,0.5,0.0524,111985591.0,0.060981,0.000298,2279.55,-0.002302,-0.00089,0.019630794203665487
AAPL,2017-05-03 00:14:35,0.0663,0.0054,0.0087,0.0,0.6,0.4,0.060899999999999996,46997034.0,-0.003051,-0.001271,2388.13,0.006345,0.001189,0.008100631404745871
AAPL,2017-08-02 00:17:06,0.0549,0.0086,0.0086,0.0,0.4545454545454545,0.5454545454545454,0.046299999999999994,69936800.0,0.047251,0.000493,2477.57,0.008875,0.002449,0.017584060242794373
AAPL,2017-11-03 00:47:20,0.0431,0.0066,0.0066,0.0,0.5454545454545454,0.4545454545454545,0.0365,59427353.0,0.026114,0.003097,2587.84,0.00731,0.00019,0.014791154892930659
AAPL,2018-02-02 01:59:07,0.0479,0.0057,0.0057,0.3,0.3,0.4,0.0422,86594027.0,-0.04339,-0.021209,2762.13,0.00209,-0.000648,0.01456746097147865
AAPL,2018-05-02 00:36:18,0.0422,0.0044,0.0122,0.0,0.5454545454545454,0.4545454545454545,0.0378,66541423.0,0.044175,-0.007206,2635.67,0.023236,0.002549,0.025091994979364308
AAPL,2018-08-01 00:40:13,0.0392,0.0054,0.0087,0.0,0.25,0.75,0.0338,67929016.0,0.05891,-0.00104,2813.36,0.002001,0.004885,0.020157333355657708
AAPL,2018-11-02 00:48:27,0.0373,0.0075,0.0053,0.0,0.5,0.5,0.0298,91349313.0,-0.066331,-0.006317,2723.06,0.015352,0.010558,0.028796492762719075
AAPL,2019-01-30 02:06:07,0.0251,0.0137,0.0137,0.375,0.125,0.5,0.0114,61110767.0,0.068335,0.015549,2681.05,-0.010365,-0.001456,0.026095672611884644
AAPL,2019-04-30 23:55:13,0.0466,0.0111,0.0078,0.3,0.5,0.2,0.035500000000000004,46544289.0,-0.019256,0.000951,2945.83,0.001517,0.001071,0.010982660839806585
AAPL,2019-07-31 02:27:12,0.0345,0.0239,0.004,0.3,0.5,0.2,0.010600000000000002,69244350.0,0.020404,-0.010886,2980.38,-0.004292,-0.002579,0.012058744266667566
AAPL,2019-10-31 02:28:09,0.0383,0.0317,0.0119,0.3,0.5,0.2,0.006600000000000002,34783102.0,0.02261,-0.003023,3037.56,-0.000123,0.003253,0.012864612739777428
AAPL,2020-01-29 02:36:45,0.0298,0.0233,0.0091,0.1538461538461538,0.6923076923076923,0.1538461538461538,0.006499999999999999,54084956.0,0.020932,-0.000867,3273.4,0.028289,0.010054,0.01615132454286298
AAPL,2020-05-01 01:52:14,0.0317,0.0275,0.0138,0.3,0.6,0.1,0.004199999999999999,59981883.0,-0.016099,-0.028059,2830.71,0.021096,-0.009212,0.02368966202938888
AAPL,2020-07-31 03:36:08,0.0417,0.0135,0.0135,0.25,0.5,0.25,0.028200000000000003,93682818.0,0.104689,0.00767,3271.12,0.0121,-0.00375,0.03932252962658095
AAPL,2020-10-30 03:41:57,0.0414,0.0195,0.0115,0.2727272727272727,0.6363636363636364,0.0909090909090909,0.0219,190345505.0,-0.056018,-0.01213,3269.96,0.03705,0.011947,0.028079412059371922
AAPL,2021-01-28 01:49:07,0.0465,0.0244,0.0093,0.25,0.4166666666666667,0.3333333333333333,0.022099999999999998,142513841.0,-0.034985,0.009761,3787.38,-0.007684,-0.025678,0.023433340334043578
ADBE,2005-12-20 17:54:08,0.0472,0.0045,0.009,0.3076923076923077,0.3846153846153846,0.3076923076923077,0.0427,8944545.0,-0.009883,-0.000238,1259.62,-0.009531,-0.005839,0.0388960337693818
ADBE,2006-03-23 12:38:02,0.0187,0.0104,0.0083,0.2307692307692307,0.3846153846153846,0.3846153846153846,0.008300000000000002,16926260.0,-0.007919,-0.002582,1301.67,0.007428,0.006021,0.012649633862070653
ADBE,2006-06-16 03:50:42,0.0212,0.0131,0.0071,0.2631578947368421,0.4210526315789473,0.3157894736842105,0.0081,30476074.0,0.005525,-0.003678,1251.54,0.013651,0.021235,0.021358689218000035
ADBE,2006-09-15 03:21:03,0.016,0.009,0.013,0.2,0.55,0.25,0.007000000000000001,33520233.0,0.099554,0.002727,1319.87,0.003579,-0.001358,0.0350067500767114
ADBE,2006-12-15 02:13:04,0.0191,0.0067,0.0076,0.2222222222222222,0.5,0.2777777777777778,0.012399999999999998,19325399.0,0.049008,0.001122,1427.09,0.012655,0.008689,0.021736861435512414
ADBE,2007-03-21 02:34:42,0.0239,0.005,0.0179,0.2352941176470588,0.5294117647058824,0.2352941176470588,0.0189,18296275.0,0.062837,0.017081,1435.04,0.012425,0.006334,0.023978174621471452
ADBE,2007-06-15 02:05:35,0.0329,0.0039,0.0135,0.1666666666666666,0.6111111111111112,0.2222222222222222,0.028999999999999998,21556382.0,-0.027525,0.006527,1532.91,-0.003401,0.004816,0.016580903355969467
ADBE,2007-09-18 00:14:16,0.0241,0.0039,0.0154,0.1666666666666666,0.5555555555555556,0.2777777777777778,0.0202,20909409.0,0.015095,0.029208,1519.78,-0.008063,-0.00512,0.01022963819062584
ADBE,2007-12-18 02:57:05,0.0115,0.001,0.0076,0.1666666666666666,0.6666666666666666,0.1666666666666666,0.010499999999999999,17600194.0,0.027628,0.00628,1454.98,-0.028734,-0.015021,0.02269364544047028
ADBE,2008-03-19 01:25:12,0.0141,0.003,0.0111,0.2142857142857142,0.5,0.2857142857142857,0.011099999999999999,25161004.0,0.090025,-0.024287,1298.42,0.035401,0.04241,0.038905528187735315
ADBE,2008-06-17 01:56:32,0.0224,0.001,0.0146,0.1875,0.625,0.1875,0.0214,9028275.0,-0.033839,-0.006771,1350.93,0.003278,8.1e-05,0.024093509869303448
ADBE,2008-09-17 03:21:32,0.0246,0.0039,0.0147,0.1875,0.625,0.1875,0.0207,12516609.0,-0.050079,-0.047133,1156.39,0.001576,0.017515,0.024606410545944243
ADBE,2008-12-17 02:10:16,0.0301,0.0047,0.0066,0.2142857142857142,0.5,0.2857142857142857,0.0254,14608810.0,-0.028226,-0.009593,904.42,0.044944,0.05136,0.05038739667030946
ADBE,2009-03-18 02:43:19,0.0205,0.0029,0.0117,0.1666666666666666,0.5555555555555556,0.2777777777777778,0.0176,21159606.0,0.116048,0.020858,794.35,0.036856,0.03214,0.0506757139922293
ADBE,2009-06-17 01:01:48,0.017,0.0028,0.0094,0.1875,0.5,0.3125,0.0142,12851075.0,0.018104,-0.001382,910.71,-0.022554,-0.01272,0.02294330238484049
ADBE,2009-09-16 03:05:17,0.0178,0.0069,0.0069,0.1666666666666666,0.5555555555555556,0.2777777777777778,0.0109,29960348.0,-0.063728,0.015324,1068.76,0.012219,0.003135,0.02687943397304185
ADBE,2009-12-16 02:52:11,0.0204,0.0139,0.0107,0.1764705882352941,0.4705882352941176,0.3529411764705882,0.006500000000000002,15832214.0,0.041254,0.001128,1109.18,0.01621,-0.005547,0.016950058536772238
ADBE,2010-03-24 19:11:33,0.0203,0.0046,0.0166,0.1764705882352941,0.4705882352941176,0.3529411764705882,0.0157,16920763.0,0.036627,-0.005493,1167.72,0.007725,0.007171,0.017410141637371555
ADBE,2010-06-23 19:46:27,0.0429,0.004,0.012,1.0,0.0,0.0,0.038900000000000004,36045569.0,-0.07272,-0.002985,1092.04,-0.011093,-0.016071,0.0294821548443575
ADBE,2010-09-22 01:39:20,0.0405,0.0059,0.0118,0.1578947368421052,0.5263157894736842,0.3157894736842105,0.0346,109092412.0,-0.190346,-0.004825,1134.28,-0.005131,-0.002564,0.07537651254896614
ADBE,2010-12-21 07:42:24,0.0454,0.0042,0.0084,0.1666666666666666,0.4444444444444444,0.3888888888888889,0.0412,23623765.0,0.060063,0.00603,1254.6,0.013459,0.002548,0.026081270021905814
ADBE,2011-03-23 01:51:22,0.0206,0.0028,0.0094,0.125,0.625,0.25,0.0178,17871570.0,-0.036496,0.002914,1297.54,0.016698,-0.003551,0.017927711028213247
ADBE,2011-06-22 05:31:22,0.0403,0.0032,0.0074,0.1333333333333333,0.6,0.2666666666666666,0.0371,22638761.0,-0.06248,-0.006468,1287.14,0.034249,0.013423,0.02677929951452981
ADBE,2011-09-21 00:21:14,0.0277,0.0029,0.0115,0.2,0.7333333333333333,0.0666666666666666,0.0248,16060594.0,0.010146,-0.02939,1166.76,-0.024931,-0.001661,0.017987008688371806
ADBE,2011-12-16 02:21:14,0.0506,0.0067,0.009,0.2307692307692307,0.7692307692307693,0.0,0.0439,14723743.0,0.06576,0.003216,1219.66,-0.002262,0.003243,0.02781688296480727
ADBE,2012-03-20 01:01:37,0.0483,0.0042,0.0126,0.1875,0.8125,0.0,0.0441,16911364.0,-0.039119,-0.003001,1405.52,0.020402,0.003974,0.01970782284863908
ADBE,2012-06-20 00:51:11,0.0468,0.0031,0.0114,0.1666666666666666,0.8333333333333334,0.0,0.0437,19104163.0,-0.027364,-0.001686,1355.69,0.007968,0.009816,0.01608105340524152
ADBE,2012-09-20 01:11:10,0.0568,0.0033,0.0142,0.2307692307692307,0.7692307692307693,0.0,0.053500000000000006,12510458.0,0.042566,-0.000541,1460.26,0.016887,0.001185,0.018696559595581183
ADBE,2012-12-14 03:11:11,0.0669,0.0021,0.0227,0.1875,0.8125,0.0,0.0648,17417903.0,0.057135,-0.004135,1413.58,-0.01195,-0.006321,0.019432004329913714
ADBE,2013-02-26 22:01:10,0.0365,0.0149,0.0054,0.6666666666666666,0.3333333333333333,0.0,0.021599999999999998,2998189.0,0.012595,0.006109,1496.94,-0.011414,-0.01831,0.008399786859730259
ADBE,2013-03-20 00:31:08,0.0778,0.0011,0.0108,0.1875,0.75,0.0625,0.07669999999999999,10898114.0,0.041963,0.006697,1558.71,-0.00755,-0.002423,0.014448476339893162
ADBE,2013-05-07 02:51:11,0.0559,0.0086,0.0043,0.4,0.5,0.1,0.047299999999999995,6922942.0,-0.019101,0.00523,1625.96,-0.011061,0.001908,0.01473251288251062
ADBE,2013-06-19 01:01:43,0.064,0.0087,0.013,0.1764705882352941,0.8235294117647058,0.0,0.0553,12539619.0,0.055812,-0.013851,1628.93,-0.000691,0.007791,0.021444910610937947
ADBE,2013-09-18 00:41:11,0.0527,0.0022,0.0108,0.2,0.7333333333333333,0.0666666666666666,0.050499999999999996,15438868.0,0.092231,0.012178,1725.52,0.0,0.004218,0.02923384867352696
ADBE,2013-11-21 00:26:17,0.0563,0.0137,0.0041,0.6666666666666666,0.3333333333333333,0.0,0.0426,2486254.0,0.005184,0.008129,1795.85,0.003048,-0.003636,0.01590736206918067
ADBE,2013-12-13 02:41:11,0.0588,0.0031,0.0115,0.2,0.8,0.0,0.0557,15647436.0,0.127801,-0.000101,1775.32,-0.011896,-0.003771,0.04286942238226329
ADBE,2014-03-19 03:49:11,0.066,0.001,0.0094,0.2,0.5333333333333333,0.2666666666666666,0.065,7683089.0,-0.012989,-0.006132,1860.77,0.005134,0.00722,0.009511709497012799
ADBE,2014-06-18 03:09:11,0.0693,0.0042,0.0095,0.2142857142857142,0.4285714285714285,0.3571428571428571,0.0651,11379268.0,0.082025,0.007719,1956.98,-0.001183,0.002173,0.026299168870686687
ADBE,2014-09-17 00:43:14,0.0728,0.0033,0.0077,0.2,0.6,0.2,0.0695,9472653.0,-0.048494,0.001296,2001.57,0.006546,0.007484,0.017163434888351307
ADBE,2015-03-18 00:54:08,0.0544,0.0021,0.0085,0.2,0.4666666666666667,0.3333333333333333,0.0523,10509371.0,-0.034773,0.012158,2099.5,0.016979,-0.00332,0.017947770981687913
ADBE,2015-06-17 03:50:06,0.0723,0.0022,0.0076,0.2105263157894736,0.5263157894736842,0.2631578947368421,0.07010000000000001,6464247.0,-0.025394,0.00198,2100.44,0.013181,0.00569,0.013904050666782403
ADBE,2015-09-18 04:22:07,0.0726,0.0032,0.0105,0.1666666666666666,0.6666666666666666,0.1666666666666666,0.0694,16424002.0,0.011705,-0.016164,1958.03,-0.002732,-0.002561,0.016561293568639928
ADBE,2015-12-11 01:23:13,0.0561,0.0031,0.0104,0.1764705882352941,0.5882352941176471,0.2352941176470588,0.053,8315061.0,0.027653,-0.019423,2012.37,-0.006699,0.002251,0.02260394271631014
ADBE,2016-03-18 00:03:14,0.0581,0.0054,0.0097,0.1875,0.5625,0.25,0.0527,12530111.0,0.038462,0.004406,2049.58,0.020302,0.006595,0.015489392466746275
ADBE,2016-06-22 03:17:15,0.0474,0.0074,0.0095,0.2,0.6,0.2,0.039999999999999994,10317285.0,-0.05726,-0.001652,2085.45,0.017655,0.002712,0.022189042400849002
ADBE,2016-09-21 02:49:07,0.0597,0.0043,0.0087,0.2142857142857142,0.5714285714285714,0.2142857142857142,0.055400000000000005,8764529.0,0.071159,0.010917,2163.12,0.00943,0.000299,0.0261247741008842
ADBE,2016-12-16 03:20:07,0.0568,0.0042,0.0095,0.1875,0.4375,0.375,0.0526,8949417.0,-0.014748,-0.001751,2258.07,-0.00671,0.003883,0.011417509954743837
ADBE,2017-03-17 00:22:09,0.0436,0.0055,0.0076,0.1875,0.5625,0.25,0.0381,8752526.0,0.038087,-0.001314,2378.25,0.001965,-0.001627,0.012095865216860355
ADBE,2017-06-21 00:31:09,0.0479,0.0052,0.0094,0.2,0.6,0.2,0.0427,8252002.0,0.023632,-0.000583,2435.61,0.00399,-0.006697,0.015863039235559404
ADBE,2017-09-20 00:25:11,0.0557,0.0053,0.0084,0.1666666666666666,0.4444444444444444,0.3888888888888889,0.0504,9372344.0,-0.042401,0.000634,2508.24,0.005328,0.00111,0.015452720442261132
ADBE,2017-12-15 03:07:07,0.0529,0.0032,0.0106,0.1875,0.5,0.3125,0.0497,9191676.0,0.014343,0.008974,2675.81,-0.010349,-0.004071,0.026315666639433365
ADBE,2018-03-16 02:05:13,0.0539,0.0065,0.0086,0.1875,0.625,0.1875,0.047400000000000005,8783042.0,0.03052,0.001703,2752.01,0.001968,-0.000782,0.013002052788353036
ADBE,2018-06-15 01:03:11,0.0611,0.0042,0.0105,0.15,0.5,0.35,0.0569,9048379.0,-0.024332,-0.001017,2779.66,0.007691,0.002472,0.014338102918060574
ADBE,2018-09-05 16:55:07,0.0388,0.0107,0.0067,0.6666666666666666,0.0,0.3333333333333333,0.0281,4200522.0,-0.039523,-0.002803,2888.6,0.01203,-0.001654,0.017841506424938428
ADBE,2018-09-14 03:02:08,0.0497,0.0021,0.0106,0.1764705882352941,0.6470588235294118,0.1764705882352941,0.0476,6183118.0,0.022978,0.000275,2904.98,0.002726,0.005282,0.01770484838681224
ADBE,2018-11-14 03:37:09,0.0515,0.0026,0.0168,0.6666666666666666,0.0,0.3333333333333333,0.0489,3257702.0,-0.014744,-0.007567,2701.58,0.008746,-0.001482,0.02414933256059534
ADBE,2018-12-14 04:41:11,0.0483,0.0011,0.0084,0.1666666666666666,0.6666666666666666,0.1666666666666666,0.047200000000000006,12187961.0,-0.07288,-0.019087,2599.95,0.010303,-0.0002,0.033656324309770565
ADBE,2019-03-15 02:29:23,0.0564,0.0011,0.0076,0.1875,0.5625,0.25,0.0553,12110637.0,-0.039598,0.004985,2822.48,0.01252,-0.000868,0.01795219483207825
ADBE,2019-06-19 02:31:11,0.0562,0.0232,0.0098,0.2,0.6666666666666666,0.1333333333333333,0.033,9737291.0,0.052135,0.002985,2926.46,0.004282,0.009717,0.017899702121978545
ADBE,2019-09-18 02:20:12,0.0432,0.018,0.0108,0.1875,0.6875,0.125,0.025200000000000004,7474571.0,-0.017458,0.000343,3006.73,0.006221,0.002582,0.012300674902893528
ADBE,2019-12-13 02:34:09,0.0331,0.0137,0.0091,0.2,0.5333333333333333,0.2666666666666666,0.019399999999999997,6587842.0,0.039155,7.3e-05,3168.8,0.007309,0.008575,0.015761133690541388
ADBE,2020-03-13 03:39:38,0.0485,0.0294,0.0192,0.2142857142857142,0.5,0.2857142857142857,0.019100000000000002,8917454.0,0.177193,0.092871,2711.02,-0.095898,-0.095113,0.08639714023456517
ADBE,2020-06-12 03:13:09,0.0512,0.0171,0.0128,0.2142857142857142,0.5714285714285714,0.2142857142857142,0.034100000000000005,8305687.0,0.048675,0.013061,3041.31,-0.047072,-0.058944,0.024876505714116114
ADBE,2020-06-23 00:05:12,0.0305,0.0111,0.0042,0.5,0.5,0.0,0.0194,3053237.0,0.004354,0.004307,3131.29,0.024836,0.006495,0.026062696097637037
ADBE,2020-09-16 00:56:10,0.0557,0.0075,0.0107,0.1666666666666666,0.6111111111111112,0.2222222222222222,0.0482,8444469.0,-0.043543,-0.004619,3385.49,0.024202,0.005219,0.03525646756884956
ADBE,2020-12-10 20:17:01,0.056,0.0137,0.01,0.3,0.5,0.2,0.042300000000000004,3901889.0,-0.014202,-0.001285,3668.1,-0.0233,-0.007949,0.011674096229116552
AMGN,2006-04-19 10:37:37,0.0246,0.0168,0.0123,0.1904761904761904,0.5238095238095238,0.2857142857142857,0.007800000000000001,22677400.0,-0.03762,0.001744,1309.93,0.019536,0.017365,0.015323541076468652
AMGN,2006-07-21 05:56:16,0.0268,0.0128,0.0058,0.25,0.6,0.15,0.014,21168564.0,0.034887,-0.007077,1240.29,-0.009913,-0.008477,0.014588210515496552
AMGN,2006-10-24 04:03:06,0.055,0.0225,0.0075,0.25,0.5833333333333334,0.1666666666666666,0.0325,19025542.0,0.021398,0.000261,1377.38,-0.007843,0.006152,0.011603883078042828
AMGN,2007-01-26 01:26:52,0.041,0.0179,0.0051,0.2857142857142857,0.5714285714285714,0.1428571428571428,0.023100000000000002,30428396.0,-0.044756,-0.001208,1422.18,-0.003859,-0.01127,0.019075063827183145
AMGN,2007-04-24 01:08:44,0.0438,0.0066,0.008,0.238095238095238,0.5714285714285714,0.1904761904761904,0.0372,18783735.0,-0.015597,-0.000351,1480.41,0.00355,-0.002304,0.017436193316712728
AMGN,2007-07-27 02:52:23,0.0316,0.0222,0.0047,0.25,0.45,0.3,0.009400000000000002,13154706.0,-0.009615,-0.015992,1458.95,-0.017495,-0.023339,0.011230534964996089
AMGN,2007-10-25 02:00:07,0.0193,0.0169,0.0073,0.4,0.2,0.4,0.002400000000000003,10760632.0,-0.014106,-0.000976,1514.4,0.007452,-0.002441,0.013526059728456679
AMGN,2008-01-25 04:20:08,0.0306,0.0235,0.0082,0.3333333333333333,0.6666666666666666,0.0,0.007099999999999999,24857863.0,0.043799,-0.015872,1330.61,0.030615,0.010063,0.02364472031271815
AMGN,2008-04-25 15:18:11,0.0306,0.022,0.0147,0.3333333333333333,0.5333333333333333,0.1333333333333333,0.0086,11556178.0,-0.003538,0.006495,1397.84,-0.006793,0.006442,0.01057348527055609
AMGN,2008-07-29 03:23:16,0.0263,0.0103,0.0114,0.2272727272727272,0.6363636363636364,0.1363636363636363,0.016,32983313.0,0.029762,0.023356,1263.2,0.121662,-0.018597,0.03942837493988307
AMGN,2008-10-23 00:57:12,0.0283,0.0106,0.0059,0.25,0.55,0.2,0.0177,22943907.0,0.117706,0.012634,908.11,-0.050258,-0.061013,0.06937099412770921
AMGN,2009-01-27 05:44:17,0.0253,0.0092,0.0035,0.15,0.55,0.3,0.0161,12832156.0,-0.02426,0.010926,845.71,0.022937,0.005553,0.02445058227981948
AMGN,2009-04-24 02:49:21,0.0195,0.0281,0.0134,0.2631578947368421,0.4736842105263157,0.2631578947368421,-0.0086,16348340.0,0.064289,0.016797,866.23,0.037907,0.009922,0.027942068435524874
AMGN,2009-07-28 04:07:16,0.0266,0.0181,0.0048,0.2272727272727272,0.5,0.2727272727272727,0.008499999999999997,19137975.0,0.027152,-0.002606,979.62,-0.002462,0.002982,0.012753615590185471
AMGN,2009-10-22 02:31:25,0.0211,0.0082,0.0094,0.217391304347826,0.5217391304347826,0.2608695652173913,0.0129,20828077.0,-0.042929,0.010644,1092.91,0.021672,-0.008854,0.023123192080679523
AMGN,2010-01-26 03:53:20,0.0262,0.016,0.008,0.2631578947368421,0.5263157894736842,0.2105263157894736,0.0102,15021821.0,0.015617,-0.004203,1092.17,-0.015724,0.004598,0.01326430074422823
AMGN,2010-04-22 05:43:13,0.0431,0.0072,0.0084,0.3125,0.625,0.0625,0.0359,10544751.0,-0.009368,0.002264,1208.67,-0.024427,-0.001019,0.010771486717254974
AMGN,2010-07-30 05:21:55,0.0367,0.0073,0.011,0.2631578947368421,0.5789473684210527,0.1578947368421052,0.029400000000000003,7340888.0,0.021735,6.4e-05,1101.6,-0.007254,-0.004159,0.01731189391526339
AMGN,2010-10-26 09:17:02,0.0185,0.0104,0.0093,0.2727272727272727,0.5454545454545454,0.1818181818181818,0.0081,7170470.0,-0.011907,1.7e-05,1185.64,0.006951,0.002147,0.01534465915627397
AMGN,2011-01-25 05:06:32,0.0336,0.0146,0.0101,0.24,0.64,0.12,0.018999999999999996,9087718.0,-0.002269,0.000263,1291.18,0.005617,0.005836,0.007945106443591577
AMGN,2011-04-21 00:01:21,0.0225,0.0045,0.0079,0.2631578947368421,0.5263157894736842,0.2105263157894736,0.018,17705137.0,-0.044322,0.005277,1337.38,0.018123,0.013515,0.017008085939732718
AMGN,2011-07-29 20:41:14,0.0189,0.0133,0.0089,0.2631578947368421,0.631578947368421,0.1052631578947368,0.005600000000000001,10883915.0,0.023769,-0.006451,1292.28,-0.006877,-0.003234,0.011693926002179285
AMGN,2011-10-25 01:41:14,0.0238,0.0114,0.0045,0.25,0.7,0.05,0.012400000000000001,7902736.0,-0.04207,-0.020045,1229.05,0.006144,0.012873,0.018453353757214144
AMGN,2012-01-10 01:01:04,0.0783,0.0039,0.0013,0.5,0.5,0.0,0.0744,6358504.0,0.022897,0.008886,1292.08,-0.008647,0.002262,0.010760575913955548
AMGN,2012-01-27 03:51:11,0.0339,0.0068,0.0034,0.2608695652173913,0.6956521739130435,0.0434782608695652,0.0271,10627201.0,0.003819,-0.001593,1316.33,-0.016327,-0.005746,0.013175002085599682
AMGN,2012-04-25 02:31:09,0.0473,0.0097,0.0024,0.2727272727272727,0.6363636363636364,0.0909090909090909,0.0376,6093719.0,0.022731,0.013645,1390.69,0.004979,0.00368,0.012778072950262193
AMGN,2012-07-27 01:51:10,0.0434,0.0045,0.0011,0.217391304347826,0.7391304347826086,0.0434782608695652,0.038900000000000004,12598722.0,0.058327,0.019081,1385.97,0.017124,0.016541,0.022654803932303423
AMGN,2012-10-24 01:31:08,0.0421,0.0055,0.0067,0.2083333333333333,0.75,0.0416666666666666,0.0366,6590396.0,0.002061,-0.003085,1408.75,-0.005467,-0.014444,0.01578022491742258
AMGN,2013-01-24 00:08:09,0.0252,0.0055,0.0044,0.2272727272727272,0.5909090909090909,0.1818181818181818,0.019700000000000002,8187725.0,-0.005417,7e-06,1494.82,-0.002641,0.001507,0.010498501068141989
AMGN,2013-03-06 17:15:07,0.0352,0.0117,0.0052,0.6666666666666666,0.3333333333333333,0.0,0.0235,3776545.0,-0.001819,0.001085,1541.46,0.007657,0.009566,0.010459093597864422
AMGN,2013-04-23 23:54:07,0.0312,0.0056,0.0033,0.238095238095238,0.6190476190476191,0.1428571428571428,0.025599999999999998,4946900.0,-0.005819,0.010419,1578.78,0.018316,0.004662,0.02398093841737177
AMGN,2013-05-21 17:48:05,0.0338,0.0099,0.0155,0.5,0.0,0.5,0.023899999999999998,3620224.0,0.02016,0.001722,1669.16,-0.032661,-0.000708,0.01746096770291448
AMGN,2013-05-30 19:10:07,0.0254,0.008,0.004,0.5,0.5,0.0,0.0174,2430972.0,0.007951,0.00367,1654.41,-0.017043,-0.007048,0.01660115870119381
AMGN,2013-06-12 00:22:09,0.0315,0.0066,0.0052,0.6666666666666666,0.3333333333333333,0.0,0.0249,2692559.0,-0.01593,-0.00837,1612.52,-0.003865,-0.010153,0.021506695081868005
AMGN,2013-07-31 00:23:08,0.0376,0.0103,0.0046,0.25,0.7,0.05,0.0273,4533525.0,-0.026169,-0.000136,1685.73,0.016732,0.000374,0.021072940796987346
AMGN,2013-08-26 15:01:07,0.0459,0.0136,0.0037,0.1875,0.6875,0.125,0.0323,11728605.0,0.077178,-0.00404,1656.78,-0.006492,0.003947,0.02650043989173681
AMGN,2013-09-03 23:19:10,0.0335,0.0307,0.0084,0.25,0.5,0.25,0.0028000000000000004,3421984.0,0.019001,0.004164,1639.77,0.000735,-0.003174,0.029894481331101157
AMGN,2013-09-11 18:11:12,0.0563,0.0124,0.0124,0.5,0.5,0.0,0.0439,3301610.0,0.007287,0.003052,1689.13,-0.004567,0.007346,0.010696225047495345
AMGN,2013-10-23 01:15:05,0.036,0.009,0.0034,0.2272727272727272,0.6363636363636364,0.1363636363636363,0.026999999999999996,3473561.0,-0.004647,-0.004725,1746.38,0.022615,0.005738,0.015311856946678784
AMGN,2014-01-29 02:34:09,0.0274,0.0055,0.0077,0.2272727272727272,0.6363636363636364,0.1363636363636363,0.021900000000000003,5730423.0,-0.012676,-0.010209,1774.2,0.018394,0.006141,0.020233630864369245
AMGN,2014-04-23 04:42:08,0.0338,0.0164,0.0065,0.217391304347826,0.5217391304347826,0.2608695652173913,0.017399999999999995,10966595.0,-0.050168,-0.002213,1875.39,0.019484,0.004092,0.026667474046944244
AMGN,2014-06-12 00:20:07,0.0417,0.0161,0.0108,0.3333333333333333,0.6666666666666666,0.0,0.0256,1805743.0,-0.001203,-0.007089,1930.11,-0.00649,-0.003537,0.008909019817016911
AMGN,2014-07-30 02:04:07,0.0308,0.0091,0.0091,0.25,0.6,0.15,0.0217,8477913.0,0.054335,6.1e-05,1970.07,0.005381,-0.004528,0.019442918907806896
AMGN,2014-10-28 02:27:08,0.0427,0.0196,0.0035,0.2631578947368421,0.4210526315789473,0.3157894736842105,0.023100000000000002,11626325.0,0.060661,0.011939,1985.05,0.006383,-0.001502,0.023703351382592833
AMGN,2015-01-28 03:46:10,0.0364,0.0099,0.0055,0.217391304347826,0.5652173913043478,0.217391304347826,0.026500000000000003,4927113.0,-0.026748,-0.013496,2002.16,-0.005259,-0.013388,0.018975619276675352
AMGN,2015-04-22 01:19:12,0.0413,0.0152,0.0065,0.2777777777777778,0.5555555555555556,0.1666666666666666,0.026100000000000005,5352212.0,0.003799,0.005088,2107.96,0.015003,-0.001481,0.011349810698372395
AMGN,2015-07-31 01:46:16,0.0506,0.0086,0.0086,0.2777777777777778,0.7222222222222222,0.0,0.041999999999999996,7289406.0,0.02854,-0.002272,2103.84,0.001283,2.8e-05,0.024080602795380525
AMGN,2015-10-29 03:29:14,0.0475,0.0077,0.0088,0.2941176470588235,0.5882352941176471,0.1176470588235294,0.0398,4870231.0,-0.012848,-0.00045,2089.41,0.00426,0.01184,0.01583489173699087
AMGN,2016-01-29 05:10:11,0.0535,0.0,0.0033,0.2631578947368421,0.631578947368421,0.1052631578947368,0.0535,7175782.0,0.029525,0.02476,1940.24,-0.014089,0.005529,0.019015242436003808
AMGN,2016-04-29 05:33:53,0.0404,0.0055,0.0066,0.2631578947368421,0.5789473684210527,0.1578947368421052,0.0349,5386570.0,-0.014076,-0.005063,2065.3,-0.002733,-0.009231,0.008184454861368458
AMGN,2016-07-28 02:54:40,0.0423,0.0056,0.0022,0.2631578947368421,0.5263157894736842,0.2105263157894736,0.036699999999999997,5192503.0,0.003515,0.001606,2170.06,0.017952,-0.001199,0.005798566972393527
AMGN,2016-10-28 03:14:31,0.061,0.0162,0.005,0.0,0.65,0.35,0.0448,18311755.0,-0.095846,-0.003108,2126.41,0.009938,-0.002987,0.031217892450751177
AMGN,2017-02-03 04:08:22,0.0375,0.0094,0.0106,0.0,0.7391304347826086,0.2608695652173913,0.0281,7368231.0,0.049818,0.007265,2297.42,-0.000564,0.00057,0.020807605021028037
AMGN,2017-04-27 03:36:21,0.0572,0.0137,0.0087,0.0,0.7142857142857143,0.2857142857142857,0.0435,5699193.0,-0.011482,0.000553,2388.77,-0.000546,-0.000486,0.009148432616209944
AMGN,2017-07-26 03:06:25,0.0517,0.0022,0.0022,0.0,0.7272727272727273,0.2727272727272727,0.0495,5446135.0,-0.027641,0.000283,2477.83,-0.000939,0.002923,0.011201618206511275
AMGN,2017-10-26 02:28:27,0.0431,0.012,0.006,0.0,0.75,0.25,0.0311,5998501.0,-0.005521,0.001271,2560.4,-0.015912,-0.004663,0.011123745054811588
AMGN,2018-02-02 07:09:09,0.0601,0.0048,0.006,0.217391304347826,0.6956521739130435,0.0869565217391304,0.0553,7030078.0,0.007814,-0.021209,2762.13,-0.002634,-0.000648,0.019307404061654706
AMGN,2018-04-25 04:45:10,0.0287,0.0096,0.0042,0.238095238095238,0.7142857142857143,0.0476190476190476,0.0191,4691489.0,0.016808,0.001837,2639.4,-0.015573,-0.013381,0.013076657976035862
AMGN,2018-07-27 05:40:20,0.044,0.011,0.0122,0.0,0.7272727272727273,0.2727272727272727,0.033,4095182.0,-0.008297,-0.006562,2818.82,0.005232,-0.003032,0.00633086999550617
AMGN,2018-09-12 18:21:54,0.0728,0.007,0.0098,0.5,0.5,0.0,0.0658,2133599.0,0.00015,0.000357,2888.92,-0.014963,0.00374,0.013324801879285952
AMGN,2018-09-14 14:58:11,0.0462,0.0125,0.0075,0.6666666666666666,0.3333333333333333,0.0,0.033699999999999994,2506124.0,-0.01158,0.000275,2904.98,0.017193,0.005282,0.014864284510567987
AMGN,2018-10-31 03:40:11,0.038,0.0127,0.0095,0.2608695652173913,0.5652173913043478,0.1739130434782608,0.0253,4534830.0,0.019621,0.010851,2711.74,0.004729,0.015667,0.019014043332056807
AMGN,2018-11-28 09:15:20,0.0326,0.0163,0.0151,0.6666666666666666,0.3333333333333333,0.0,0.0163,2617874.0,0.021918,0.022974,2743.79,0.014411,0.003262,0.012017527050104776
AMGN,2018-11-29 07:51:47,0.0288,0.017,0.0183,0.75,0.25,0.0,0.011799999999999998,1937517.0,0.004716,-0.002198,2737.76,0.021918,0.022974,0.011279132383890762
AMGN,2019-01-08 21:39:11,0.0758,0.0053,0.004,0.5,0.5,0.0,0.07050000000000001,3290277.0,0.012824,0.009695,2574.41,0.013457,0.00701,0.021748069109693388
AMGN,2019-01-30 02:55:12,0.0566,0.0115,0.0046,0.25,0.6,0.15,0.0451,8084762.0,-0.037739,0.015549,2681.05,0.000834,-0.001456,0.017017821294161038
AMGN,2019-03-12 18:31:12,0.053,0.0095,0.0136,0.6666666666666666,0.3333333333333333,0.0,0.0435,2677485.0,0.000217,0.002953,2791.52,0.018079,0.014666,0.01264224178608281
AMGN,2019-05-01 03:52:43,0.0428,0.0158,0.0068,0.238095238095238,0.6666666666666666,0.0952380952380952,0.026999999999999996,6106737.0,-0.017734,-0.007502,2923.73,-0.010211,0.000951,0.015982105183610845
AMGN,2019-05-15 21:42:11,0.0435,0.0286,0.0122,0.6666666666666666,0.3333333333333333,0.0,0.014899999999999997,2859874.0,0.012276,0.005839,2850.96,0.001253,0.008016,0.011250194350913848
AMGN,2019-06-08 11:50:12,0.0227,0.0401,0.0094,0.1333333333333333,0.6,0.2666666666666666,-0.017399999999999995,2071754.0,0.006076,0.010498,2873.34,-0.000573,0.006136,0.013980240821721692
AMGN,2019-06-12 22:30:11,0.0307,0.0187,0.0307,0.5,0.5,0.0,0.012,1888495.0,0.005612,-0.002038,2879.84,-0.005468,-0.00035,0.012863720239495268
AMGN,2019-07-31 03:32:09,0.0336,0.0427,0.0155,0.25,0.6,0.15,-0.009100000000000004,7149151.0,0.05741,-0.010886,2980.38,0.002101,-0.002579,0.019996598649937112
AMGN,2019-08-27 20:22:25,0.0662,0.0268,0.0178,0.2941176470588235,0.4117647058823529,0.2941176470588235,0.03939999999999999,3389861.0,0.005258,-0.003203,2869.16,0.031796,0.010983,0.018682935902998646
AMGN,2019-09-18 13:02:37,0.0451,0.0282,0.0197,0.6666666666666666,0.3333333333333333,0.0,0.016900000000000002,1911813.0,-0.00854,0.000343,3006.73,0.013603,0.002582,0.013425263347717096
AMGN,2019-10-30 01:24:08,0.0465,0.0289,0.0126,0.238095238095238,0.6190476190476191,0.1428571428571428,0.0176,3788400.0,0.009043,0.003253,3046.77,0.019414,-0.000832,0.008004684992066982
AMGN,2020-01-15 02:16:47,0.0361,0.0219,0.0116,0.8,0.2,0.0,0.0142,1917655.0,0.007083,0.00187,3289.29,0.013,-0.001515,0.007279571676196968
AMGN,2020-01-31 03:44:07,0.0485,0.0361,0.0062,0.2272727272727272,0.6363636363636364,0.1363636363636363,0.012400000000000001,5951084.0,-0.044661,-0.017706,3225.52,-0.004402,0.003134,0.018807452825645728
AMGN,2020-05-01 04:19:11,0.0334,0.045,0.0116,0.1851851851851851,0.5555555555555556,0.2592592592592592,-0.0116,3035053.0,-0.034445,-0.028059,2830.71,0.014977,-0.009212,0.020220649154597765
AMGN,2020-06-03 01:43:09,0.0337,0.0274,0.0112,0.6666666666666666,0.3333333333333333,0.0,0.0063,3656198.0,-0.012158,0.013649,3122.87,-0.014058,0.008211,0.01381721689937762
AMGN,2020-06-10 21:58:12,0.0466,0.0172,0.0074,0.75,0.25,0.0,0.029400000000000003,2846623.0,0.009871,-0.005313,3190.14,-0.003765,-0.007799,0.013702413546119922
AMGN,2020-06-23 23:22:10,0.0352,0.0194,0.0146,0.6666666666666666,0.3333333333333333,0.0,0.0158,2163746.0,0.006661,0.004307,3131.29,-0.018894,0.006495,0.02213694540330464
AMGN,2020-07-29 03:20:13,0.0318,0.0294,0.0118,0.2083333333333333,0.5416666666666666,0.25,0.002400000000000003,3266638.0,-0.02515,0.012428,3258.44,0.006387,-0.006473,0.01582664073607824
AMGN,2020-10-29 03:31:58,0.0394,0.0127,0.0093,0.2272727272727272,0.5909090909090909,0.1818181818181818,0.026699999999999998,2985167.0,0.006655,0.011947,3310.11,-0.031684,-0.035288,0.01157264474526036
AMGN,2021-02-03 02:27:07,0.0423,0.016,0.0057,0.2,0.52,0.28,0.026299999999999997,4469498.0,-0.014179,0.001009,3830.17,0.00025,0.013898,0.014094445381859628
AMT,2007-08-02 18:48:27,0.0169,0.0158,0.02,0.2727272727272727,0.7272727272727273,0.0,0.0010999999999999968,6546600.0,0.028508,0.004359,1472.2,-0.031685,0.007243,0.02398032005369773
AMT,2007-11-07 19:57:00,0.0155,0.0062,0.0186,0.3333333333333333,0.4444444444444444,0.2222222222222222,0.0093,3899593.0,-0.037933,-0.02937,1475.62,0.015272,0.012049,0.02450112560883683
AMT,2008-02-26 04:06:13,0.0139,0.0075,0.0236,0.25,0.75,0.0,0.0063999999999999994,3780600.0,0.023661,0.006918,1381.29,0.008794,0.013813,0.015190029554868489
AMT,2008-05-03 00:44:09,0.0224,0.0075,0.0288,0.2,0.6666666666666666,0.1333333333333333,0.0149,5878100.0,0.013743,0.003236,1413.9,0.005527,0.017141,0.014446709976861719
AMT,2008-07-30 17:00:16,0.0214,0.0053,0.031,0.3333333333333333,0.4444444444444444,0.2222222222222222,0.0161,7411600.0,0.035317,0.016672,1284.26,0.012243,0.023356,0.02215238933915106
AMT,2008-11-03 19:47:16,0.0184,0.0076,0.0379,0.2727272727272727,0.7272727272727273,0.0,0.0108,4338500.0,0.009285,-0.002529,966.3,0.076283,0.015365,0.06356827272302505
AMT,2009-02-26 19:33:23,0.0146,0.0105,0.0345,0.2727272727272727,0.5454545454545454,0.1818181818181818,0.0040999999999999995,9093300.0,0.073825,-0.01578,752.83,-0.01578,-0.010658,0.04034620774358962
AMT,2009-04-30 12:58:23,0.0303,0.0117,0.0233,0.4444444444444444,0.4444444444444444,0.1111111111111111,0.0186,6608100.0,-0.04596,-0.00095,872.81,0.023049,0.02161,0.024770629025566242
AMT,2009-07-29 22:24:22,0.0255,0.0111,0.0277,0.2727272727272727,0.6363636363636364,0.0909090909090909,0.014399999999999998,4234300.0,-0.007158,-0.004563,975.15,0.002691,-0.002606,0.012975714639279117
AMT,2009-11-03 22:10:21,0.032,0.008,0.0171,0.2307692307692307,0.6153846153846154,0.1538461538461538,0.024,4259000.0,0.034743,0.002426,1045.41,0.008419,0.006456,0.02135455441430085
AMT,2010-02-24 19:46:20,0.0273,0.0046,0.0205,0.3333333333333333,0.6666666666666666,0.0,0.0227,6006100.0,-0.004438,0.00972,1105.24,-0.022156,-0.012103,0.013017617752705676
AMT,2010-05-04 18:26:35,0.0116,0.0139,0.0301,0.2,0.4,0.4,-0.0023,5002000.0,-0.006541,-0.023838,1173.6,0.011517,0.013121,0.00904381887134967
AMT,2010-08-03 20:06:23,0.0215,0.0136,0.0261,0.1538461538461538,0.6923076923076923,0.1538461538461538,0.007899999999999999,3007200.0,-0.004926,-0.004796,1120.46,0.009732,0.022023,0.01283213003709406
AMT,2010-11-05 18:06:15,0.0184,0.0069,0.0299,0.1666666666666666,0.5833333333333334,0.25,0.0115,5326900.0,-0.009349,0.003923,1225.85,0.005371,0.019283,0.008262824839134908
AMT,2011-02-23 18:11:27,0.0144,0.0066,0.0277,0.2222222222222222,0.4444444444444444,0.3333333333333333,0.0078,5551200.0,-0.021329,-0.006112,1307.4,-0.02359,-0.020529,0.016440034815115974
AMT,2011-05-03 17:51:21,0.013,0.0087,0.0217,0.1666666666666666,0.5833333333333334,0.25,0.0043,4129000.0,0.019014,-0.003379,1356.62,-0.01472,-0.001753,0.014786745320274812
AMT,2011-08-02 17:21:16,0.0109,0.0033,0.0208,0.1818181818181818,0.6363636363636364,0.1818181818181818,0.0076,4233900.0,-0.038095,-0.025557,1254.05,-0.000571,-0.004132,0.01858438633219961
AMT,2011-11-01 16:41:19,0.0079,0.0112,0.0213,0.2,0.6,0.2,-0.003299999999999999,6617100.0,0.033031,-0.027942,1218.28,-0.021662,-0.024738,0.019724253563119326
AMT,2012-02-23 18:21:09,0.0075,0.0043,0.0237,0.1818181818181818,0.7272727272727273,0.0909090909090909,0.0031999999999999997,3791500.0,0.010275,0.004272,1363.46,0.004286,-0.00334,0.009546179107661808
AMT,2012-05-03 17:11:17,0.0136,0.0057,0.0341,0.1666666666666666,0.6666666666666666,0.1666666666666666,0.007899999999999999,5188000.0,0.017142,-0.007659,1391.57,0.007489,-0.002497,0.009284076580659944
AMT,2012-08-01 17:51:11,0.0121,0.0121,0.0341,0.1538461538461538,0.6923076923076923,0.1538461538461538,0.0,9242800.0,-0.010372,-0.00303,1375.14,0.002773,-0.004317,0.012735826047458185
AMT,2012-10-31 16:11:10,0.0163,0.0054,0.0283,0.1666666666666666,0.6666666666666666,0.1666666666666666,0.010899999999999998,2992800.0,0.026169,0.000156,1412.16,0.000682,-0.000729,0.01218594984625979
AMT,2013-02-26 18:21:10,0.0243,0.0046,0.015,0.1538461538461538,0.7692307692307693,0.0769230769230769,0.0197,4046100.0,0.025115,0.006109,1496.94,-0.01154,-0.01831,0.015381070573923112
AMT,2013-03-04 17:52:03,0.0293,0.0084,0.0168,0.5,0.5,0.0,0.020900000000000002,1470800.0,0.009343,0.004611,1525.2,0.00683,0.002324,0.013064886998278279
AMT,2013-05-01 16:55:15,0.0197,0.0066,0.0274,0.25,0.6666666666666666,0.0833333333333333,0.013099999999999999,2367900.0,-0.000714,-0.009308,1582.7,0.01144,0.002485,0.013360933227552415
AMT,2013-05-30 00:16:07,0.0134,0.008,0.0174,1.0,0.0,0.0,0.0054,2850100.0,-0.008434,0.00367,1654.41,-0.025276,-0.007048,0.013679875747080428
AMT,2013-07-31 16:08:05,0.0122,0.0078,0.031,0.2307692307692307,0.5384615384615384,0.2307692307692307,0.004400000000000001,7677400.0,-0.02587,-0.000136,1685.73,0.003452,0.000374,0.012578556885960206
AMT,2013-10-30 18:29:09,0.0097,0.0076,0.0259,0.2727272727272727,0.4545454545454545,0.2727272727272727,0.0021000000000000003,3562900.0,0.004982,-0.004876,1763.31,-0.000125,0.005584,0.012180269329261013
AMT,2014-02-25 20:16:08,0.0294,0.0034,0.0147,1.0,0.0,0.0,0.026,5612300.0,-0.033984,-0.001348,1845.12,-0.012731,0.006187,0.013333179305777128
AMT,2014-05-01 20:07:06,0.0141,0.0054,0.0239,0.3,0.5,0.2,0.0087,3442306.0,0.032447,-0.000143,1883.68,0.006265,0.002992,0.011232977838094146
AMT,2014-07-30 19:25:04,0.0161,0.0054,0.0182,0.2727272727272727,0.4545454545454545,0.2727272727272727,0.0107,2873596.0,0.042231,6.1e-05,1970.07,-0.000541,-0.004528,0.015925899987127984
AMT,2014-10-30 19:22:09,0.0131,0.0033,0.0186,0.2307692307692307,0.5384615384615384,0.2307692307692307,0.0098,3077765.0,0.040505,0.00623,1994.65,-0.014004,-0.001385,0.014687706410842846
AMT,2015-02-24 19:29:08,0.0408,0.0082,0.014,0.375,0.625,0.0,0.032600000000000004,6782314.0,-0.027535,0.002759,2115.48,0.008288,-0.000303,0.011105569093927762
AMT,2015-04-30 18:14:10,0.0189,0.01,0.0189,0.3,0.6,0.1,0.0089,4171977.0,0.010908,-0.010129,2085.51,-0.023496,-0.00374,0.010256724883921176
AMT,2015-07-29 19:08:08,0.0287,0.0122,0.0309,0.2727272727272727,0.6363636363636364,0.0909090909090909,0.0165,3657734.0,-0.003724,0.007319,2108.57,0.002073,0.012386,0.009928178494679949
AMT,2015-09-17 21:20:05,0.0321,0.0054,0.0054,0.6666666666666666,0.3333333333333333,0.0,0.026699999999999995,2441943.0,0.010155,-0.002561,1990.2,0.011725,0.008705,0.012033623789661798
AMT,2015-10-29 19:31:03,0.0166,0.0089,0.0166,0.2727272727272727,0.6363636363636364,0.0909090909090909,0.0077,2736029.0,0.010806,-0.00045,2089.41,0.016118,0.01184,0.012769274172794737
AMT,2016-02-26 18:12:11,0.0335,0.0112,0.0223,0.3,0.6,0.1,0.0223,4730346.0,0.006598,-0.00187,1948.05,0.004381,0.011348,0.01164786884703722
AMT,2016-04-29 19:33:22,0.022,0.0077,0.0209,0.2142857142857142,0.7142857142857143,0.0714285714285714,0.014299999999999998,2678505.0,0.007203,-0.005063,2065.3,-0.003445,-0.009231,0.00973785539987588
AMT,2016-07-28 19:26:03,0.0264,0.0132,0.0187,0.25,0.5833333333333334,0.1666666666666666,0.0132,2175990.0,-0.008163,0.001606,2170.06,0.005471,-0.001199,0.005665519010254797
AMT,2016-10-27 21:09:10,0.0215,0.0075,0.0194,0.0,0.5833333333333334,0.4166666666666667,0.013999999999999999,3291766.0,-0.002334,-0.002987,2133.04,-0.009251,-0.00174,0.006505686609933612
AMT,2017-02-27 18:29:07,0.0241,0.0057,0.0241,0.2307692307692307,0.6153846153846154,0.1538461538461538,0.0184,2895479.0,0.003986,0.001018,2369.75,0.00615,0.001493,0.010202929046221217
AMT,2017-04-27 17:06:22,0.0224,0.0022,0.0191,0.0,0.5833333333333334,0.4166666666666667,0.0202,4901512.0,0.024102,0.000553,2388.77,-0.009117,-0.000486,0.00960130246025694
AMT,2017-07-27 19:30:27,0.0163,0.0033,0.0218,0.0,0.5454545454545454,0.4545454545454545,0.012999999999999998,2933553.0,-0.021832,-0.000973,2475.42,0.009149,0.000283,0.010091196441013021
AMT,2017-10-31 17:26:41,0.0174,0.0043,0.0207,0.0,0.6666666666666666,0.3333333333333333,0.013099999999999999,2999176.0,0.0056,0.000944,2575.26,0.02762,-0.003192,0.010739527661866822
AMT,2018-02-27 19:22:11,0.0223,0.0078,0.0167,0.0,0.75,0.25,0.0145,4572523.0,-0.014292,-0.012707,2744.28,0.006132,0.011757,0.013877180261534176
AMT,2018-05-01 16:58:13,0.0258,0.0078,0.0135,0.0,0.7142857142857143,0.2857142857142857,0.018000000000000002,3250088.0,-0.00924,0.002549,2654.8,0.008282,-0.008188,0.009847704786734305
AMT,2018-07-31 16:47:16,0.0157,0.0101,0.018,0.0,0.6666666666666666,0.3333333333333333,0.005599999999999999,3924394.0,0.038677,0.004885,2816.29,-0.011497,-0.005754,0.01420372554766305
AMT,2018-10-30 16:54:24,0.0293,0.0045,0.0158,0.0,0.7272727272727273,0.2727272727272727,0.0248,5553576.0,0.0532,0.015667,2682.63,0.021456,-0.00656,0.020481881204019274
AMT,2018-12-05 00:47:09,0.0165,0.0069,0.0248,0.5,0.5,0.0,0.009600000000000001,2468831.0,0.002453,-0.032365,2700.06,-0.008572,0.010941,0.012440221228829717
AMT,2019-02-27 19:23:16,0.0378,0.0034,0.0149,0.4285714285714285,0.4285714285714285,0.1428571428571428,0.0344,1632188.0,-0.004712,-0.000544,2792.38,-0.001205,-0.00079,0.007857123762689853
AMT,2019-03-04 19:50:09,0.0467,0.0052,0.0052,0.5,0.5,0.0,0.041499999999999995,1678042.0,0.009948,-0.003881,2792.81,0.010048,0.006895,0.008918615476132739
AMT,2019-05-03 17:41:18,0.0256,0.0044,0.0167,0.2307692307692307,0.5384615384615384,0.2307692307692307,0.0212,1059127.0,0.000778,0.009638,2945.64,-0.00057,-0.002124,0.0072699237073792266
AMT,2019-05-14 21:36:09,0.0357,0.0066,0.0145,0.5,0.5,0.0,0.0291,1787980.0,0.006044,0.008016,2834.41,0.006235,-0.024131,0.009092686098667006
AMT,2019-07-31 19:16:55,0.0327,0.0164,0.0151,0.2727272727272727,0.6363636363636364,0.0909090909090909,0.0163,2845076.0,0.014234,-0.010886,2980.38,0.014983,-0.002579,0.009441431492216927
AMT,2019-10-31 15:33:09,0.0423,0.0115,0.0166,0.2727272727272727,0.6363636363636364,0.0909090909090909,0.030799999999999998,2021157.0,0.003867,-0.003023,3037.56,0.004996,0.003253,0.017411928981145307
AMT,2019-12-10 19:16:42,0.0282,0.0067,0.0134,0.5,0.5,0.0,0.0215,1414837.0,-0.012462,-0.001097,3132.52,0.002121,-0.003163,0.012480057450010348
AMT,2020-02-25 20:46:26,0.0307,0.0192,0.0179,0.3333333333333333,0.4444444444444444,0.2222222222222222,0.011500000000000003,2268642.0,0.004202,-0.03028,3128.21,-0.007692,-0.033514,0.01687206611499884
AMT,2020-04-29 22:23:10,0.0323,0.0103,0.0194,0.3333333333333333,0.5,0.1666666666666666,0.022000000000000002,3506086.0,-0.027594,0.026584,2939.51,-0.026736,-0.005242,0.025824793750709243
AMT,2020-07-30 20:02:20,0.02,0.0082,0.0247,0.375,0.625,0.0,0.0118,1959863.0,-0.032438,-0.00375,3246.22,0.016829,0.012428,0.016017199219727794
AMT,2020-10-29 18:29:06,0.0255,0.0174,0.0162,0.2727272727272727,0.3636363636363636,0.3636363636363636,0.0081,1693306.0,0.006605,0.011947,3310.11,-0.025534,-0.035288,0.014919584131827252
AMT,2020-11-18 18:25:10,0.0279,0.0093,0.0066,0.5,0.5,0.0,0.018600000000000002,1617619.0,-0.006188,-0.011564,3567.79,0.000376,-0.004792,0.016766825663924855
AMT,2021-02-25 21:43:15,0.0327,0.0101,0.0192,0.2727272727272727,0.4545454545454545,0.2727272727272727,0.022600000000000002,2912413.0,-0.000133,-0.024479,3829.34,0.007214,0.011352,0.008310280918503853
AMZN,2006-02-03 13:17:49,0.0121,0.0074,0.0056,0.2307692307692307,0.6923076923076923,0.0769230769230769,0.004699999999999999,33542298.0,-0.103182,-0.005359,1264.03,-0.028195,-0.009061,0.035080036416584415
AMZN,2006-04-25 22:56:16,0.0194,0.0074,0.0037,0.2307692307692307,0.6153846153846154,0.1538461538461538,0.012,12894226.0,-0.006706,-0.00487,1301.74,-0.006661,-0.002417,0.018804783415101816
AMZN,2006-07-25 23:41:40,0.018,0.017,0.0019,0.2307692307692307,0.6153846153846154,0.1538461538461538,0.0009999999999999974,18141748.0,-0.020985,0.006321,1268.88,0.033745,0.016625,0.02511980936410323
AMZN,2006-10-24 23:31:18,0.0168,0.0075,0.0028,0.1428571428571428,0.6428571428571429,0.2142857142857142,0.0093,23576463.0,0.02281,0.000261,1377.38,0.009518,0.006152,0.013231418771662761
AMZN,2007-02-02 00:36:12,0.0231,0.0106,0.0212,0.0666666666666666,0.6666666666666666,0.2666666666666666,0.012499999999999999,25891578.0,-0.03385,0.001694,1448.39,0.027343,0.005354,0.019129237883407646
AMZN,2007-04-25 08:27:34,0.0238,0.0038,0.0276,0.2307692307692307,0.7692307692307693,0.0,0.02,104463043.0,0.269497,0.010139,1495.42,-0.000447,-0.000351,0.08534385273807232
AMZN,2007-07-25 01:29:34,0.0227,0.0066,0.0274,0.1176470588235294,0.7058823529411765,0.1764705882352941,0.016100000000000003,60565477.0,0.244475,0.004666,1518.09,-0.034709,-0.019804,0.08075877547534863
AMZN,2007-10-24 01:44:12,0.0234,0.0049,0.0186,0.125,0.625,0.25,0.018500000000000003,41621772.0,-0.119917,-0.002441,1515.88,0.104393,0.008803,0.058066909696104424
AMZN,2008-01-31 02:57:59,0.0212,0.0037,0.0239,0.2,0.7333333333333333,0.0666666666666666,0.0175,43053220.0,0.047029,0.016772,1378.55,0.003516,-0.004764,0.03226065446329307
AMZN,2008-04-24 03:51:13,0.0235,0.0068,0.0254,0.1875,0.75,0.0625,0.0167,21077857.0,-0.040864,0.006442,1388.82,0.017588,0.0029,0.03488012505791151
AMZN,2008-07-23 23:37:16,0.0218,0.0057,0.0255,0.2142857142857142,0.7142857142857143,0.0714285714285714,0.0161,17930341.0,0.037811,0.004064,1282.19,-0.007447,0.013492,0.03422607580015226
AMZN,2008-10-23 00:31:25,0.0106,0.0086,0.0202,0.25,0.6666666666666666,0.0833333333333333,0.002,32606479.0,0.006601,0.012634,908.11,-0.004778,-0.061013,0.06827693801968887
AMZN,2009-01-30 02:17:19,0.0102,0.0102,0.0194,0.1176470588235294,0.7058823529411765,0.1764705882352941,0.0,40672905.0,0.1764,-0.022789,825.88,-0.007149,-0.03312,0.06440502138498201
AMZN,2009-04-24 02:34:20,0.0086,0.0115,0.0182,0.1052631578947368,0.631578947368421,0.2631578947368421,-0.0029,23953375.0,0.047761,0.016797,866.23,0.017803,0.009922,0.02458610852222569
AMZN,2009-07-24 01:31:49,0.0106,0.0135,0.0192,0.0555555555555555,0.7222222222222222,0.2222222222222222,-0.0029,19625080.0,-0.078619,0.003042,979.26,0.057214,0.02329,0.037738446076028685
AMZN,2009-10-22 21:15:12,0.0144,0.0125,0.0183,0.0952380952380952,0.5238095238095238,0.3809523809523809,0.001899999999999999,17080201.0,0.000321,0.010644,1092.91,-0.016425,-0.008854,0.01498485432732339
AMZN,2010-01-29 00:18:17,0.0122,0.0066,0.0179,0.0769230769230769,0.6153846153846154,0.3076923076923077,0.005600000000000001,30248479.0,-0.004919,-0.009829,1073.87,0.026721,-0.011818,0.019855874547738888
AMZN,2010-04-23 03:26:21,0.016,0.007,0.021,0.0666666666666666,0.6,0.3333333333333333,0.009000000000000001,19546462.0,-0.043041,0.007124,1217.28,0.024995,0.002264,0.022418563364864252
AMZN,2010-07-23 00:06:38,0.006,0.0181,0.0211,0.0625,0.5625,0.375,-0.012100000000000001,43202622.0,-0.009994,0.00822,1102.66,0.022481,0.022513,0.020438827379931936
AMZN,2010-10-22 02:11:25,0.0082,0.0204,0.0184,0.125,0.6875,0.1875,-0.0122,16800066.0,0.025217,0.002389,1183.08,0.039705,0.001774,0.027210524215824816
AMZN,2011-01-28 04:06:23,0.0079,0.0178,0.0198,0.0625,0.6875,0.25,-0.009899999999999999,20486736.0,-0.07216,-0.017852,1276.34,0.051656,0.002244,0.03280479740051563
AMZN,2011-04-27 00:41:24,0.0131,0.0181,0.0251,0.05,0.65,0.3,-0.005000000000000001,24322533.0,0.078607,0.00625,1355.66,-0.016827,0.00898,0.02766350739391738
AMZN,2011-07-27 00:41:12,0.017,0.015,0.019,0.0769230769230769,0.6923076923076923,0.2307692307692307,0.0020000000000000018,13503719.0,0.03893,-0.020309,1304.89,0.003232,-0.004105,0.019360580644701458
AMZN,2011-10-26 01:22:45,0.0141,0.0141,0.0222,0.0625,0.875,0.0625,0.0,24951566.0,-0.126568,0.010537,1242.0,-0.044022,-0.020045,0.04764064054005419
AMZN,2012-02-01 00:21:09,0.0137,0.0147,0.0205,0.0833333333333333,0.8333333333333334,0.0833333333333333,-0.0009999999999999992,22184018.0,-0.077042,0.0089,1324.09,0.011918,-0.000457,0.03125553896529539
AMZN,2012-04-27 01:21:08,0.0061,0.0244,0.0223,0.0526315789473684,0.8947368421052632,0.0526315789473684,-0.0183,22995213.0,0.157457,0.002414,1403.36,0.008075,0.00668,0.04984184646893935
AMZN,2012-07-26 23:29:05,0.015,0.024,0.024,0.0588235294117647,0.5882352941176471,0.3529411764705882,-0.009000000000000001,7285121.0,0.013637,0.016541,1360.02,-0.026856,-0.000314,0.018727087472725123
AMZN,2012-10-26 06:21:36,0.005,0.0269,0.0229,0.125,0.6875,0.1875,-0.0219,11687399.0,0.068724,-0.000729,1411.94,-0.024377,0.002996,0.028612327552220256
AMZN,2013-01-30 00:02:05,0.0069,0.0167,0.0197,0.1176470588235294,0.7058823529411765,0.1764705882352941,-0.0098,13628445.0,0.047682,-0.0039,1501.96,-0.05684,0.005106,0.03062326285250023
AMZN,2013-04-25 23:18:06,0.0112,0.0173,0.0193,0.1111111111111111,0.7777777777777778,0.1111111111111111,-0.0060999999999999995,6583872.0,0.022025,0.004035,1585.16,-0.000446,6e-06,0.018332740035551097
AMZN,2013-07-26 00:31:30,0.0112,0.0204,0.0193,0.1,0.75,0.15,-0.009200000000000002,9128907.0,0.028378,0.000828,1691.65,0.014919,0.002556,0.012609787369781382
AMZN,2013-10-24 22:55:09,0.0131,0.0261,0.0221,0.1052631578947368,0.4736842105263157,0.4210526315789473,-0.013000000000000001,6263033.0,0.016691,0.003258,1752.07,-0.017393,-0.004725,0.022012214624309245
AMZN,2014-01-31 00:26:08,0.0059,0.0195,0.0224,0.1052631578947368,0.5263157894736842,0.3684210526315789,-0.013600000000000001,16183809.0,-0.109972,-0.006465,1782.59,0.048959,0.011267,0.04265240718763698
AMZN,2014-04-25 02:35:10,0.0159,0.0179,0.0209,0.0952380952380952,0.5714285714285714,0.3333333333333333,-0.0019999999999999983,16186737.0,-0.098828,-0.008096,1863.4,0.038727,0.001717,0.037658166033263975
AMZN,2014-07-25 00:32:07,0.0162,0.0203,0.0213,0.1111111111111111,0.3888888888888889,0.5,-0.0040999999999999995,17860246.0,-0.096484,-0.004849,1978.34,0.001312,0.000488,0.0335625239356834
AMZN,2014-10-24 02:34:05,0.0171,0.0262,0.0201,0.1176470588235294,0.4705882352941176,0.4117647058823529,-0.0091,19805911.0,-0.083402,0.007053,1964.58,0.000671,0.012303,0.029505326763710323
AMZN,2015-01-30 02:49:05,0.0058,0.0166,0.0204,0.15,0.65,0.2,-0.0108,23857173.0,0.137116,-0.012992,1994.99,0.025896,0.009535,0.0443404799464075
AMZN,2015-04-24 02:56:08,0.0089,0.0227,0.0247,0.1666666666666666,0.5,0.3333333333333333,-0.013800000000000002,17178004.0,0.141311,0.002253,2117.69,0.000487,0.002358,0.046698801283806324
AMZN,2015-07-24 02:28:10,0.0069,0.0265,0.0245,0.0952380952380952,0.6190476190476191,0.2857142857142857,-0.0196,21909381.0,0.097972,-0.010703,2079.65,-0.012473,-0.005676,0.03169183346892713
AMZN,2015-10-23 04:08:11,0.0098,0.0236,0.0226,0.1,0.65,0.25,-0.0138,10694491.0,0.06228,0.01103,2075.15,0.014646,0.016628,0.024031320017611928
AMZN,2016-01-29 04:34:08,0.0076,0.0132,0.0217,0.0952380952380952,0.6666666666666666,0.238095238095238,-0.0056,14677550.0,-0.0761,0.02476,1940.24,0.08914,0.005529,0.04429461909181379
AMZN,2016-04-29 05:12:19,0.014,0.019,0.016,0.1111111111111111,0.5555555555555556,0.3333333333333333,-0.004999999999999999,10310739.0,0.095664,-0.005063,2065.3,-0.007534,-0.009231,0.033635572868946494
AMZN,2016-07-29 02:44:41,0.0173,0.0227,0.0216,0.1176470588235294,0.5882352941176471,0.2941176470588235,-0.005400000000000002,6777050.0,0.008238,0.001631,2173.6,0.021638,0.001606,0.008232811025942258
AMZN,2016-10-28 01:06:13,0.0214,0.0276,0.0163,0.0,0.7142857142857143,0.2857142857142857,-0.006200000000000001,10841173.0,-0.051371,-0.003108,2126.41,-0.005142,-0.002987,0.019742016266497547
AMZN,2017-02-03 03:04:18,0.0293,0.028,0.0178,0.0,0.8,0.2,0.001299999999999999,10870813.0,-0.035419,0.007265,2297.42,0.009131,0.00057,0.015104293488202783
AMZN,2017-04-28 01:10:20,0.0292,0.0229,0.014,0.0,0.6875,0.3125,0.0063,7364681.0,0.007197,-0.001913,2384.2,0.009997,0.000553,0.00737490443553818
AMZN,2017-07-28 00:24:41,0.0252,0.0303,0.0164,0.0,0.7692307692307693,0.2307692307692307,-0.0051,7709739.0,-0.024818,-0.001341,2472.1,-0.006459,-0.000973,0.01171081461062516
AMZN,2017-10-27 01:27:06,0.0318,0.0267,0.0254,0.0,0.6923076923076923,0.3076923076923077,0.0051,16565298.0,0.132164,0.008073,2581.07,-0.000493,0.001271,0.04360811620737066
AMZN,2018-02-02 04:22:25,0.0292,0.017,0.0158,0.0833333333333333,0.6666666666666666,0.25,0.012199999999999999,11127102.0,0.028741,-0.021209,2762.13,-0.041967,-0.000648,0.020676320997970087
AMZN,2018-04-27 00:47:03,0.0251,0.0251,0.0113,0.0,0.6666666666666666,0.3333333333333333,0.0,13050042.0,0.036009,0.001114,2669.91,0.039578,0.010434,0.02643384558562057
AMZN,2018-07-27 01:00:10,0.0355,0.0241,0.0215,0.0,0.6666666666666666,0.3333333333333333,0.011399999999999997,9672332.0,0.005127,-0.006562,2818.82,-0.02984,-0.003032,0.014790938350519763
AMZN,2018-10-26 02:32:27,0.0318,0.0241,0.0203,0.0,0.7142857142857143,0.2857142857142857,0.007700000000000002,14963228.0,-0.078197,-0.017327,2658.69,0.070887,0.018625,0.04335369782562432
AMZN,2019-02-01 04:25:08,0.0329,0.0241,0.0203,0.0714285714285714,0.6428571428571429,0.2857142857142857,0.008799999999999999,11505345.0,-0.053819,0.000899,2706.53,0.028915,0.008597,0.030979875654473715
AMZN,2019-04-26 03:06:10,0.0263,0.0288,0.0188,0.1333333333333333,0.6,0.2666666666666666,-0.0024999999999999988,8432380.0,0.025433,0.004685,2939.88,0.000263,-0.000369,0.011149704879003554
AMZN,2019-07-26 01:34:09,0.0332,0.0357,0.0115,0.1428571428571428,0.5714285714285714,0.2857142857142857,-0.0025000000000000022,4938243.0,-0.015589,0.007388,3025.86,-0.01349,-0.005262,0.008723807782282263
AMZN,2019-10-25 03:02:36,0.0267,0.0348,0.0067,0.2142857142857142,0.6428571428571429,0.1428571428571428,-0.008099999999999996,9625707.0,-0.010922,0.004073,3022.55,0.010561,0.00192,0.011810318576942607
AMZN,2020-01-31 02:02:24,0.028,0.0366,0.0085,0.2142857142857142,0.5714285714285714,0.2142857142857142,-0.0086,15541135.0,0.073791,-0.017706,3225.52,0.006825,0.003134,0.025664362523416015
AMZN,2020-05-01 02:47:18,0.0209,0.0301,0.017,0.2727272727272727,0.4545454545454545,0.2727272727272727,-0.0092,9709092.0,-0.075974,-0.028059,2830.71,0.04269,-0.009212,0.03383252803721405
AMZN,2020-07-31 02:43:08,0.0276,0.0127,0.0207,0.2,0.6,0.2,0.0149,8066040.0,0.036961,0.00767,3271.12,0.006049,-0.00375,0.03290418365429451
AMZN,2020-10-30 02:41:10,0.0361,0.0116,0.0175,0.25,0.5,0.25,0.0245,8355203.0,-0.054456,-0.01213,3269.96,0.015249,0.011947,0.024263420964488618
AMZN,2021-02-03 04:26:45,0.0354,0.0103,0.0183,0.2222222222222222,0.5555555555555556,0.2222222222222222,0.0251,7058733.0,-0.019962,0.001009,3830.17,0.011104,0.013898,0.019700091239495062
ASML,2006-10-18 19:46:06,0.0375,0.0242,0.0133,0.1304347826086956,0.5652173913043478,0.3043478260869565,0.0133,10302159.0,-0.056137,0.0014,1365.96,-0.017291,-0.003652,0.021921669031399547
ASML,2007-01-17 17:42:32,0.0355,0.0057,0.0172,0.2,0.6666666666666666,0.1333333333333333,0.029799999999999997,14612645.0,0.089064,-0.000894,1430.62,-0.023068,0.000818,0.031071636305122028
ASML,2007-04-18 18:49:08,0.0293,0.0047,0.0105,0.2,0.4666666666666667,0.3333333333333333,0.0246,6070431.0,0.050192,0.000693,1472.5,0.001919,0.00205,0.018367867186717353
ASML,2007-07-18 18:56:19,0.0317,0.0113,0.017,0.1764705882352941,0.2941176470588235,0.5294117647058824,0.0204,7895282.0,-0.022735,-0.002065,1546.17,0.044708,-9.7e-05,0.02011935819856641
ASML,2007-10-17 19:46:08,0.0255,0.0104,0.0127,0.1666666666666666,0.2777777777777778,0.5555555555555556,0.015099999999999999,3796198.0,0.07938,0.001761,1541.24,0.02316,-0.006573,0.030071542091966087
ASML,2009-01-15 20:05:18,0.0102,0.0443,0.0102,0.2307692307692307,0.4615384615384615,0.3076923076923077,-0.0341,4265022.0,0.062299,0.001329,843.74,-0.049451,-0.03346,0.037766223251883606
ASML,2009-04-16 05:52:36,0.0197,0.015,0.0069,0.2,0.4666666666666667,0.3333333333333333,0.004699999999999999,6038636.0,0.023481,0.015539,865.3,0.0,0.012549,0.02626601280912069
ASML,2009-07-15 20:22:37,0.0172,0.0172,0.0057,0.2307692307692307,0.4615384615384615,0.3076923076923077,0.0,7312629.0,0.063182,0.02963,932.68,0.000455,0.005316,0.027650855971480506
ASML,2010-01-20 19:23:10,0.0255,0.0122,0.0078,0.2142857142857142,0.5,0.2857142857142857,0.013299999999999998,3896391.0,0.01374,-0.010598,1138.04,0.000611,0.0125,0.018666384169291048
ASML,2010-07-14 20:06:45,0.0242,0.0161,0.0127,0.1111111111111111,0.4444444444444444,0.4444444444444444,0.0081,9253441.0,0.021426,-0.000155,1095.17,0.032354,0.015379,0.013604300279691091
ASML,2011-03-06 08:39:30,0.0309,0.0057,0.0057,0.1333333333333333,0.4666666666666667,0.4,0.0252,1202833.0,-0.006547,-0.007378,1321.15,0.036652,0.017219,0.01969756138911061
ASML,2011-04-13 17:40:16,0.0192,0.0216,0.006,0.1176470588235294,0.3529411764705882,0.5294117647058824,-0.002400000000000003,12784948.0,-0.065551,0.00019,1314.41,-0.011422,-0.007777,0.021830091378645285
ASML,2011-07-13 19:10:35,0.0256,0.0093,0.0093,0.1875,0.625,0.1875,0.016300000000000002,11042906.0,-0.005734,0.003106,1317.72,-0.05551,-0.004434,0.028998937034350507
ASML,2011-10-12 18:25:04,0.0213,0.0237,0.0083,0.2,0.4,0.4,-0.0023999999999999994,9805662.0,0.071606,0.009795,1207.25,-0.021904,0.000544,0.03502950023052004
ASML,2012-01-18 20:31:37,0.0353,0.0132,0.0022,0.25,0.5,0.25,0.022099999999999998,6717209.0,-0.008687,0.011108,1308.04,0.031735,0.003553,0.013885895445459241
ASML,2012-03-11 17:22:06,0.0329,0.0252,0.0116,0.0,0.5,0.5,0.0076999999999999985,1503356.0,0.007772,0.003631,1370.87,0.014899,0.009818,0.021537977650858783
ASML,2012-03-12 10:05:09,0.0129,0.0116,0.0194,0.0,1.0,0.0,0.0013000000000000008,945854.0,-0.003856,0.00016,1371.09,0.007772,0.003631,0.021499661575889544
ASML,2012-03-14 03:45:07,0.0096,0.0328,0.0219,0.5,0.0,0.5,-0.023200000000000005,1254488.0,-0.006091,-0.001196,1394.28,0.023871,0.018132,0.011761359581745411
ASML,2012-03-14 11:37:10,0.0194,0.0291,0.0139,0.5,0.0,0.5,-0.0097,1254488.0,-0.006091,-0.001196,1394.28,0.023871,0.018132,0.011761359581745411
ASML,2012-03-15 12:00:09,0.0136,0.0298,0.0271,0.3333333333333333,0.0,0.6666666666666666,-0.0162,1629083.0,0.017751,0.005967,1402.6,-0.006091,-0.001196,0.012190396286057094
ASML,2012-03-16 10:54:09,0.0331,0.0146,0.0093,1.0,0.0,0.0,0.018499999999999996,875595.0,-0.002284,0.001119,1404.17,0.017751,0.005967,0.012027429872771986
ASML,2012-04-18 18:58:04,0.0336,0.0104,0.0046,0.2142857142857142,0.5714285714285714,0.2142857142857142,0.0232,5033677.0,-0.002832,-0.004055,1385.14,0.001824,0.015487,0.01911457229910681
ASML,2012-05-10 03:49:07,0.0172,0.0086,0.016,0.5,0.5,0.0,0.0086,2837773.0,-0.00292,0.002517,1357.99,-0.014591,-0.006702,0.011814737341793047
ASML,2012-05-15 16:40:05,0.0186,0.0253,0.0146,0.5,0.0,0.5,-0.006700000000000001,1973836.0,0.006573,-0.005746,1330.66,-0.026223,-0.011113,0.014069230872131456
ASML,2012-05-22 21:09:09,0.0124,0.0262,0.0235,0.5,0.5,0.0,-0.013800000000000002,1514300.0,0.010156,0.000486,1316.63,0.031194,0.016036,0.01913210377698534
ASML,2012-07-10 23:23:06,0.0309,0.0245,0.0129,0.25,0.5,0.25,0.0063999999999999994,9216579.0,0.084812,-0.008126,1341.47,-0.019425,-0.001639,0.03794156620515294
ASML,2012-07-18 19:07:05,0.0318,0.0099,0.0044,0.2142857142857142,0.4285714285714285,0.3571428571428571,0.021900000000000003,3484000.0,0.059612,0.006681,1372.78,0.010002,0.00741,0.04007016312752757
ASML,2012-09-13 19:38:09,0.0137,0.0191,0.026,0.5,0.5,0.0,-0.0053999999999999986,1725565.0,0.009709,0.01631,1459.99,0.00108,0.002093,0.017838839472716177
ASML,2012-10-18 01:01:08,0.0256,0.0093,0.0152,0.2142857142857142,0.5,0.2857142857142857,0.016300000000000002,17430779.0,0.02516,-0.002444,1457.34,-0.065492,0.004117,0.024670895269077307
ASML,2012-11-15 20:59:08,0.0327,0.0177,0.0177,1.0,0.0,0.0,0.015,2871249.0,-0.028841,-0.001594,1353.33,0.006022,-0.013852,0.015773370396194943
ASML,2012-11-29 16:35:09,0.0079,0.0132,0.0158,0.5,0.5,0.0,-0.005299999999999999,2960520.0,0.01205,0.00427,1415.95,0.01023,0.007856,0.019656642032656636
ASML,2013-01-17 19:37:07,0.0154,0.0077,0.0176,0.25,0.6666666666666666,0.0833333333333333,0.0077,8196568.0,0.070981,0.005643,1480.94,0.011731,0.000197,0.026984103419935623
ASML,2013-02-13 04:44:05,0.0182,0.0112,0.0266,0.5,0.5,0.0,0.007000000000000001,1658439.0,-0.009338,0.000592,1520.33,0.000667,0.001595,0.01667194017270413
ASML,2013-02-25 23:34:05,0.0277,0.0105,0.0277,1.0,0.0,0.0,0.0172,1542569.0,-0.026797,-0.01831,1487.85,0.014585,0.008773,0.017855974896686954
ASML,2013-03-12 21:50:11,0.0327,0.0095,0.0068,0.0,0.0,1.0,0.0232,1711009.0,-0.007431,-0.002403,1552.48,0.003585,0.003249,0.011267231558324008
ASML,2013-04-17 20:11:10,0.0237,0.0079,0.0124,0.2,0.7333333333333333,0.0666666666666666,0.015799999999999998,5782800.0,0.025081,-0.014328,1552.01,0.019708,0.014307,0.01827292006130028
ASML,2013-04-24 11:01:04,0.0263,0.0125,0.0125,1.0,0.0,0.0,0.0138,1209769.0,0.014625,6e-06,1578.79,0.017406,0.010419,0.019837152933041894
ASML,2013-05-23 19:02:01,0.0404,0.0108,0.0067,0.0,0.5,0.5,0.029599999999999998,1496505.0,-0.00025,-0.002924,1650.51,-0.007314,-0.008274,0.011936807511502827
ASML,2013-07-17 18:41:09,0.0224,0.0045,0.0145,0.2142857142857142,0.7857142857142857,0.0,0.0179,1903283.0,0.014019,0.002774,1680.91,0.009434,-0.003709,0.01528103425673666
ASML,2013-09-04 17:00:08,0.0228,0.0308,0.0201,0.5,0.0,0.5,-0.008,1554063.0,0.013689,0.008117,1653.08,0.015277,0.004164,0.01269910950333847
ASML,2013-10-16 16:31:12,0.034,0.0088,0.0121,0.1666666666666666,0.8333333333333334,0.0,0.0252,2259332.0,-0.001797,0.013828,1721.54,-0.019769,-0.007064,0.011857212773947775
ASML,2014-01-22 18:02:23,0.02,0.0084,0.0084,0.1875,0.6875,0.125,0.011600000000000001,3494067.0,0.047504,0.000575,1844.86,0.032583,0.002774,0.026327105154616334
ASML,2014-04-16 19:29:11,0.0205,0.0103,0.0205,0.1875,0.4375,0.375,0.0102,5624200.0,-0.034179,0.010488,1862.31,-0.016518,0.006757,0.018271206164649192
ASML,2014-07-16 19:39:10,0.0217,0.0109,0.0206,0.2142857142857142,0.4285714285714285,0.3571428571428571,0.0108,2130779.0,-0.024716,0.004201,1981.57,-0.001432,-0.001932,0.012046171063408176
ASML,2014-10-15 19:20:11,0.0282,0.0087,0.0228,0.2,0.4666666666666667,0.3333333333333333,0.0195,1300120.0,-0.0096,-0.0081,1862.49,0.02544,0.001579,0.021751218112760793
ASML,2015-01-21 21:01:16,0.0346,0.0065,0.0086,0.2,0.5333333333333333,0.2666666666666666,0.0281,1569093.0,0.02678,0.004732,2032.12,0.007473,0.00155,0.012903089035834446
ASML,2015-04-15 19:04:10,0.0344,0.0078,0.0089,0.2,0.6,0.2,0.0266,4129081.0,-0.038312,0.005148,2106.63,0.001603,0.00163,0.012653787112077621
ASML,2015-07-15 19:09:12,0.0324,0.0056,0.0145,0.25,0.4166666666666667,0.3333333333333333,0.026799999999999997,2298683.0,0.035025,-0.000735,2107.4,-0.002227,0.004453,0.023517816519018638
ASML,2015-10-14 20:42:10,0.034,0.0088,0.0209,0.1666666666666666,0.4166666666666667,0.4166666666666667,0.0252,3118233.0,-0.000458,-0.004716,1994.24,-0.028378,-0.006825,0.017241246403771365
ASML,2016-01-20 21:08:11,0.0241,0.0066,0.0175,0.1764705882352941,0.5882352941176471,0.2352941176470588,0.0175,4539193.0,0.061504,-0.011694,1859.33,0.036788,0.000532,0.03970443892410245
ASML,2016-04-20 19:37:18,0.0166,0.011,0.0155,0.2142857142857142,0.5,0.2857142857142857,0.005600000000000001,2104517.0,-0.033283,0.000762,2102.4,0.00524,0.003085,0.013302313576968646
ASML,2016-07-20 20:04:19,0.0236,0.0097,0.015,0.2142857142857142,0.4285714285714285,0.3571428571428571,0.0139,1642096.0,0.023952,0.00427,2173.02,0.024241,-0.001435,0.01383637811029735
ASML,2016-10-19 18:25:11,0.0185,0.015,0.0127,0.2307692307692307,0.6153846153846154,0.1538461538461538,0.0034999999999999996,1109898.0,0.017199,0.002192,2144.29,0.011566,0.00616,0.01783088725778963
ASML,2017-01-18 21:01:18,0.0245,0.0156,0.0078,0.1875,0.5625,0.25,0.008900000000000002,4391958.0,0.060909,0.001764,2271.89,0.005291,-0.002968,0.018461849469168224
ASML,2017-04-19 19:55:06,0.0215,0.0107,0.0118,0.1875,0.625,0.1875,0.010799999999999999,3355654.0,-0.028779,-0.001716,2338.17,0.003687,-0.002903,0.011371560462155105
ASML,2017-07-19 20:32:07,0.028,0.0075,0.0086,0.2142857142857142,0.4285714285714285,0.3571428571428571,0.0205,2528756.0,0.051518,0.005373,2473.83,0.021609,0.000598,0.01576960003015663
ASML,2017-09-12 22:56:07,0.0251,0.0195,0.0223,0.3333333333333333,0.0,0.6666666666666666,0.005600000000000001,439352.0,-0.008785,0.003364,2496.48,0.019159,0.010839,0.013351057875689283
ASML,2017-10-18 19:11:11,0.0307,0.0106,0.0095,0.2,0.5333333333333333,0.2666666666666666,0.0201,2715860.0,-0.026143,0.000742,2561.26,-0.001416,0.000672,0.012347333436369717
ASML,2018-01-17 19:54:08,0.041,0.0084,0.0063,0.2,0.4,0.4,0.032600000000000004,2653357.0,0.068677,0.009415,2802.56,0.030464,-0.003524,0.023713017164980747
ASML,2018-04-18 19:40:08,0.0329,0.0088,0.0077,0.2142857142857142,0.3571428571428571,0.4285714285714285,0.024099999999999996,1698860.0,-0.029995,0.000831,2708.64,0.029028,0.010662,0.02023541178259332
ASML,2018-07-18 19:18:10,0.0526,0.0129,0.0086,0.1666666666666666,0.3888888888888889,0.4444444444444444,0.0397,3614423.0,0.06636,0.00216,2815.62,0.021291,0.003974,0.024804078747030587
ASML,2018-10-17 22:08:11,0.0404,0.0087,0.0066,0.1875,0.625,0.1875,0.0317,1709119.0,0.018105,-0.000253,2809.21,0.048284,0.021496,0.02888532250219063
ASML,2019-01-23 19:16:58,0.0213,0.0203,0.0075,0.2,0.6,0.2,0.0010000000000000009,1458921.0,0.016426,0.002203,2638.7,-0.019668,-0.014157,0.020848352421980885
ASML,2019-04-17 19:32:09,0.028,0.0065,0.0065,0.1111111111111111,0.4444444444444444,0.4444444444444444,0.021500000000000002,1279214.0,-0.001277,-0.002274,2900.45,0.018915,0.000509,0.01384852192514119
ASML,2019-07-17 19:38:09,0.0255,0.0369,0.0166,0.1875,0.4375,0.375,-0.011400000000000004,2050184.0,0.061805,-0.006531,2984.42,-0.008512,-0.003404,0.02227147611757157
ASML,2019-10-16 19:29:13,0.0107,0.0268,0.0067,0.1875,0.5,0.3125,-0.016100000000000003,1730476.0,-0.048853,-0.002,2989.69,0.02255,0.009956,0.02426045185184235
ASML,2020-01-22 20:16:10,0.0276,0.0377,0.0063,0.1875,0.5,0.3125,-0.010099999999999998,1097551.0,-0.007205,0.000289,3321.75,-0.005466,-0.002652,0.010016868218161067
ASML,2020-04-15 18:59:12,0.026,0.0369,0.0123,0.2307692307692307,0.3846153846153846,0.3846153846153846,-0.010900000000000003,1483949.0,-0.022289,-0.02203,2783.36,0.054104,0.030573,0.04421117329866345
ASML,2020-07-15 19:53:10,0.0268,0.0157,0.0089,0.2142857142857142,0.5,0.2857142857142857,0.011100000000000002,1629024.0,-0.053927,0.009082,3226.56,0.021126,0.013406,0.02528769508871869
ASML,2020-10-14 19:35:12,0.0281,0.0054,0.0054,0.2307692307692307,0.3846153846153846,0.3846153846153846,0.022699999999999998,950344.0,-0.017574,-0.006623,3488.67,0.015312,-0.006307,0.025184757931027486
AXP,2007-07-24 00:53:11,0.0254,0.0138,0.0159,0.0714285714285714,0.6428571428571429,0.2857142857142857,0.0116,12172970.0,-0.053975,-0.019804,1511.04,0.002325,0.004869,0.030195105527588785
AXP,2007-10-23 00:58:52,0.0194,0.0114,0.0114,0.0833333333333333,0.5833333333333334,0.3333333333333333,0.008,11212800.0,0.031475,0.008803,1519.59,-0.004202,0.003798,0.01939436852542512
AXP,2008-01-29 11:06:24,0.0324,0.0184,0.0108,0.1818181818181818,0.3636363636363636,0.4545454545454545,0.013999999999999999,12617300.0,0.008439,0.006152,1362.3,0.043134,0.017556,0.03624823787349302
AXP,2008-04-25 04:13:12,0.0267,0.0213,0.0085,0.1666666666666666,0.3333333333333333,0.5,0.005400000000000002,15835700.0,0.057326,0.006495,1397.84,0.018026,0.006442,0.024736765894109933
AXP,2008-07-22 03:08:11,0.0272,0.0363,0.0136,0.2142857142857142,0.2857142857142857,0.5,-0.0091,48554200.0,-0.071149,0.013492,1277.0,-0.030576,-0.000539,0.04570309531992578
AXP,2008-10-21 02:37:27,0.0176,0.0363,0.0164,0.25,0.5833333333333334,0.1666666666666666,-0.018699999999999998,30239000.0,0.083778,-0.0308,955.05,0.043721,0.047685,0.09266243228670878
AXP,2009-01-27 03:09:16,0.0363,0.0386,0.0117,0.1666666666666666,0.5555555555555556,0.2777777777777778,-0.0023000000000000034,28133200.0,0.097368,0.010926,845.71,-0.05,0.005553,0.05929121548771888
AXP,2009-04-24 06:08:17,0.0204,0.024,0.0084,0.125,0.6875,0.1875,-0.003599999999999999,90336800.0,0.206485,0.016797,866.23,0.079259,0.009922,0.0996462683880112
AXP,2009-07-24 03:14:28,0.0132,0.0288,0.0144,0.1666666666666666,0.5833333333333334,0.25,-0.0156,32292200.0,0.002037,0.003042,979.26,0.023992,0.02329,0.03875699771998177
AXP,2009-10-23 04:51:23,0.0204,0.0216,0.0144,0.1428571428571428,0.5,0.3571428571428571,-0.0011999999999999997,21570100.0,-0.051043,-0.012179,1079.6,0.038177,0.010644,0.0242306141812378
AXP,2010-01-22 12:25:11,0.0315,0.0109,0.0085,0.1333333333333333,0.6,0.2666666666666666,0.0206,26172600.0,-0.084677,-0.022141,1091.76,-0.019079,-0.018945,0.02905665687812925
AXP,2010-04-23 01:27:12,0.0143,0.0131,0.0083,0.125,0.625,0.25,0.0011999999999999997,17474500.0,0.027368,0.007124,1217.28,0.01696,0.002264,0.018414956198095654
AXP,2010-07-23 13:06:19,0.0154,0.0107,0.0154,0.2,0.6,0.2,0.004700000000000001,15324900.0,0.037046,0.00822,1102.66,0.049575,0.022513,0.02896464305186973
AXP,2010-10-26 09:17:00,0.0173,0.0259,0.0198,0.2,0.6666666666666666,0.1333333333333333,-0.0086,12277400.0,0.020356,1.7e-05,1185.64,0.006918,0.002147,0.015522820613177616
AXP,2011-01-25 04:06:15,0.0141,0.0094,0.0106,0.125,0.75,0.125,0.004699999999999999,16089100.0,-0.02162,0.000263,1291.18,-0.004565,0.005836,0.015676790862078117
AXP,2011-04-21 02:01:24,0.0265,0.0115,0.0081,0.1428571428571428,0.6428571428571429,0.2142857142857142,0.015,11852500.0,0.00234,0.005277,1337.38,0.007719,0.013515,0.006330448988816087
AXP,2011-07-21 02:21:16,0.0156,0.01,0.01,0.0909090909090909,0.5454545454545454,0.3636363636363636,0.005599999999999999,10793800.0,0.009407,0.013546,1343.8,0.005404,-0.000671,0.009707828046364449
AXP,2011-08-04 01:31:03,0.0721,0.0134,0.011,0.5714285714285714,0.0,0.4285714285714285,0.058699999999999995,13243000.0,-0.041343,-0.04782,1200.07,0.007007,0.005016,0.015063281260144612
AXP,2011-10-20 01:51:12,0.0188,0.0055,0.0089,0.0909090909090909,0.8181818181818182,0.0909090909090909,0.013300000000000001,12223400.0,0.001301,0.004554,1215.39,-0.011782,-0.012649,0.024376462048687757
AXP,2012-01-20 03:01:09,0.0104,0.0115,0.0073,0.0833333333333333,0.75,0.1666666666666666,-0.0011000000000000003,12747000.0,-0.017861,0.000669,1315.38,0.007714,0.004939,0.009687668498319705
AXP,2012-02-09 04:41:09,0.0558,0.0158,0.0085,0.75,0.125,0.125,0.04,7263400.0,0.012974,0.001474,1351.95,-0.0094,0.00216,0.01274656102815372
AXP,2012-04-19 01:51:08,0.0188,0.01,0.0089,0.0625,0.8125,0.125,0.0088,7207700.0,-0.008098,-0.005934,1376.92,-0.002406,-0.004055,0.013505550059142439
AXP,2012-04-30 18:41:06,0.0496,0.0069,0.0127,0.5,0.0,0.5,0.0427,7902400.0,0.000665,-0.003884,1397.91,0.009733,0.002414,0.008833652855227522
AXP,2012-07-19 02:11:07,0.0157,0.0101,0.0067,0.0769230769230769,0.7692307692307693,0.1538461538461538,0.005599999999999999,13371300.0,-0.035341,0.002717,1376.51,-0.006646,0.006681,0.015035632665623267
AXP,2012-07-19 23:21:08,0.0079,0.0191,0.0124,0.25,0.25,0.5,-0.011199999999999998,13371300.0,-0.035341,0.002717,1376.51,-0.006646,0.006681,0.015035632665623267
AXP,2012-10-18 01:41:09,0.017,0.0191,0.0074,0.0769230769230769,0.6923076923076923,0.2307692307692307,-0.0020999999999999977,9677100.0,-0.029645,-0.002444,1457.34,0.012621,0.004117,0.013735364673393766
AXP,2013-01-18 01:51:06,0.0203,0.0117,0.0075,0.1428571428571428,0.7142857142857143,0.1428571428571428,0.008599999999999998,9936300.0,-0.015805,0.003403,1485.98,0.00198,0.005643,0.007418906505229455
AXP,2013-04-17 23:06:08,0.0239,0.0152,0.0087,0.1666666666666666,0.75,0.0833333333333333,0.008700000000000001,6927700.0,-0.007122,-0.014328,1552.01,0.007644,0.014307,0.011489810450037028
AXP,2013-04-29 17:44:08,0.0417,0.0116,0.0162,0.5,0.0,0.5,0.030100000000000002,2933000.0,-0.001771,0.007186,1593.61,-0.005578,-0.001842,0.012986449488687248
AXP,2013-06-12 18:35:07,0.0347,0.0167,0.0039,0.5,0.5,0.0,0.018000000000000002,7057300.0,-0.023523,-0.00837,1612.52,-0.022483,-0.010153,0.016565200327124944
AXP,2013-06-13 02:26:08,0.0345,0.0166,0.0038,0.0,0.5,0.5,0.017900000000000003,6739200.0,0.006558,0.014784,1636.36,-0.023523,-0.00837,0.016673354634466012
AXP,2013-07-17 22:51:08,0.0109,0.0043,0.013,0.2,0.6,0.2,0.0066,16310000.0,-0.018781,0.002774,1680.91,0.005395,-0.003709,0.013655381796607302
AXP,2013-09-11 16:20:06,0.0315,0.0096,0.0233,1.0,0.0,0.0,0.021900000000000003,3299300.0,0.007775,0.003052,1689.13,0.012761,0.007346,0.0061180648365678205
AXP,2013-10-16 23:13:08,0.0396,0.0091,0.0102,0.1538461538461538,0.5384615384615384,0.3076923076923077,0.030500000000000003,6468200.0,0.014219,0.013828,1721.54,-0.01078,-0.007064,0.015231356095239946
AXP,2014-01-17 01:16:07,0.0268,0.0212,0.0045,0.1818181818181818,0.3636363636363636,0.4545454545454545,0.005600000000000001,15012600.0,0.036341,-0.003895,1838.7,-0.005326,-0.001347,0.014429415807455525
AXP,2014-04-17 04:05:06,0.0235,0.0157,0.0134,0.1666666666666666,0.4166666666666667,0.4166666666666667,0.007800000000000001,9244808.0,-0.013501,0.001364,1864.85,0.015807,0.010488,0.020420766924601323
AXP,2014-05-30 19:30:12,0.0473,0.0051,0.0102,0.5,0.5,0.0,0.0422,3594761.0,0.00241,0.001844,1923.57,0.002416,0.005367,0.010657707454128258
AXP,2014-06-11 23:14:09,0.049,0.0284,0.0116,0.5,0.5,0.0,0.0206,1884535.0,-0.002099,-0.003537,1943.89,-0.003034,-0.000246,0.007739273839034178
AXP,2014-07-30 03:42:12,0.0245,0.0089,0.0133,0.1666666666666666,0.5,0.3333333333333333,0.015600000000000001,5069546.0,-0.008723,6.1e-05,1970.07,-0.001633,-0.004528,0.0071788644916094815
AXP,2014-08-09 02:50:06,0.0185,0.015,0.0058,0.3333333333333333,0.1666666666666666,0.5,0.0034999999999999996,4206909.0,0.016857,0.011531,1931.59,-0.004398,-0.005557,0.0130930182735347
AXP,2014-10-16 04:44:05,0.0282,0.0056,0.0079,0.1111111111111111,0.5555555555555556,0.3333333333333333,0.0226,9159291.0,-0.008526,0.000145,1862.76,-0.021876,-0.0081,0.016269031836590717
AXP,2015-01-22 02:56:12,0.0431,0.0116,0.0128,0.0714285714285714,0.4285714285714285,0.5,0.0315,16390070.0,-0.037641,0.01527,2063.15,0.004699,0.004732,0.01649429491133903
AXP,2015-04-17 01:06:11,0.0259,0.0247,0.0082,0.1538461538461538,0.4615384615384615,0.3846153846153846,0.0011999999999999997,22112455.0,-0.04437,-0.011311,2081.18,0.014546,-0.000778,0.01661434721658772
AXP,2015-07-23 04:07:10,0.0291,0.0128,0.0116,0.1428571428571428,0.5,0.3571428571428571,0.016300000000000002,12256764.0,-0.025066,-0.005676,2102.15,0.000507,-0.002388,0.0113026775239814
AXP,2015-10-22 04:08:09,0.0268,0.0212,0.0167,0.1428571428571428,0.5714285714285714,0.2857142857142857,0.005600000000000001,23652623.0,-0.052411,0.016628,2052.51,-0.005718,-0.005825,0.017089670135624246
AXP,2016-01-22 01:36:17,0.0323,0.0161,0.0092,0.1666666666666666,0.5555555555555556,0.2777777777777778,0.016200000000000003,43783380.0,-0.121009,0.020284,1906.9,-0.006188,0.005195,0.03878657684130773
AXP,2016-04-21 04:08:22,0.0254,0.0154,0.0143,0.1428571428571428,0.4285714285714285,0.4285714285714285,0.009999999999999998,9466707.0,0.009074,-0.005194,2091.48,0.022809,0.000762,0.008960667252560764
AXP,2016-07-21 04:30:31,0.0224,0.0168,0.0045,0.1428571428571428,0.3571428571428571,0.5,0.005600000000000001,9536383.0,-0.016284,-0.003612,2165.17,0.004988,0.00427,0.011152039925502578
AXP,2016-10-20 02:53:07,0.0176,0.0176,0.0082,0.1333333333333333,0.6,0.2666666666666666,0.0,25870728.0,0.090286,-0.001376,2141.34,0.019474,0.002192,0.03031174221247534
AXP,2017-01-20 04:09:06,0.0213,0.0146,0.009,0.1428571428571428,0.5714285714285714,0.2857142857142857,0.006699999999999999,8465939.0,-0.006389,0.003366,2271.31,-0.010324,-0.003609,0.006917616472135361
AXP,2017-04-20 03:53:07,0.0343,0.0092,0.0069,0.1538461538461538,0.4615384615384615,0.3846153846153846,0.025099999999999997,11099336.0,0.059166,0.007557,2355.84,-0.003167,-0.001716,0.02081233153391952
AXP,2017-07-20 02:57:11,0.0245,0.0056,0.0123,0.1666666666666666,0.5833333333333334,0.25,0.0189,5386356.0,-0.00675,-0.000154,2473.45,0.004794,0.005373,0.004736366034325676
AXP,2017-10-19 01:04:05,0.0649,0.0156,0.0104,0.25,0.5,0.25,0.0493,6512126.0,-0.001955,0.000328,2562.1,0.004253,0.000742,0.006185036395294196
AXP,2018-01-19 02:47:12,0.0307,0.0125,0.008,0.1538461538461538,0.6923076923076923,0.1538461538461538,0.0182,12306039.0,-0.018326,0.004385,2810.3,-0.008932,-0.001616,0.007990425225786883
AXP,2018-04-19 01:33:11,0.0171,0.0103,0.008,0.1818181818181818,0.5454545454545454,0.2727272727272727,0.0068000000000000005,11716884.0,0.07588,-0.005726,2693.13,0.013744,0.000831,0.026932748685073657
AXP,2018-07-19 01:27:10,0.0513,0.0152,0.0035,0.2142857142857142,0.5,0.2857142857142857,0.0361,7171098.0,-0.027287,-0.003953,2804.49,0.018092,0.00216,0.012445933393861927
AXP,2018-09-12 20:34:06,0.0487,0.0197,0.0092,0.5,0.5,0.0,0.029,4103135.0,-0.00397,0.000357,2888.92,0.009507,0.00374,0.008057941807793149
AXP,2018-10-19 03:38:06,0.0627,0.0118,0.0071,0.125,0.5625,0.3125,0.05090000000000001,5726327.0,0.037826,-0.000361,2767.78,-0.014376,-0.014392,0.019228414749762703
AXP,2018-12-05 17:59:08,0.0511,0.0099,0.0114,1.0,0.0,0.0,0.0412,5238402.0,-0.042008,-0.032365,2700.06,0.000802,0.010941,0.022458944984620834
AXP,2019-01-18 06:00:10,0.0581,0.0093,0.0058,0.1111111111111111,0.5555555555555556,0.3333333333333333,0.048799999999999996,9872459.0,0.009951,0.013183,2670.71,0.000805,0.007591,0.006209542174034605
AXP,2019-03-16 04:33:08,0.0501,0.0107,0.0036,0.3529411764705882,0.1764705882352941,0.4705882352941176,0.0394,4780401.0,0.010414,0.004985,2822.48,0.001873,-0.000868,0.007917725543923093
AXP,2019-04-19 00:16:23,0.052,0.0097,0.006,0.2307692307692307,0.4615384615384615,0.3076923076923077,0.0423,6186823.0,0.01709,0.001579,2905.03,-0.001073,-0.002274,0.008047930776154894
AXP,2019-07-19 17:57:24,0.0333,0.0243,0.0166,0.2307692307692307,0.5384615384615384,0.2307692307692307,0.009000000000000005,7819016.0,-0.027882,-0.006177,2976.61,0.010387,0.003582,0.011404088333186225
AXP,2019-09-10 15:52:21,0.0308,0.028,0.0168,0.5,0.5,0.0,0.0028000000000000004,6196207.0,-0.021765,0.000322,2979.39,-0.002246,-9.4e-05,0.014154865808069232
AXP,2019-10-18 15:12:47,0.0307,0.0307,0.0102,0.2,0.5333333333333333,0.2666666666666666,0.0,6195550.0,-0.019647,-0.003919,2986.2,0.014394,0.002763,0.011474786526215877
AXP,2019-12-10 18:39:10,0.0208,0.013,0.0169,1.0,0.0,0.0,0.0078,2518152.0,0.003653,-0.001097,3132.52,-0.001244,-0.003163,0.011635374243611244
AXP,2020-01-24 18:39:10,0.0275,0.017,0.0131,0.2,0.5333333333333333,0.2666666666666666,0.010499999999999999,8612529.0,0.028469,-0.009042,3295.47,-0.000913,0.001141,0.009864719948156608
AXP,2020-04-24 19:37:16,0.0288,0.059,0.0144,0.2142857142857142,0.5,0.2857142857142857,-0.030199999999999998,9126723.0,0.00861,0.013918,2836.74,-0.000969,-0.000539,0.03777596519775796
AXP,2020-06-04 02:03:12,0.0293,0.0333,0.0093,0.5,0.5,0.0,-0.0040000000000000036,5841610.0,0.010816,-0.003369,3112.35,0.063894,0.013649,0.03769063721875177
AXP,2020-07-24 19:23:11,0.047,0.0186,0.0124,0.2307692307692307,0.4615384615384615,0.3076923076923077,0.0284,4790446.0,-0.013862,-0.00619,3215.63,0.001347,-0.01232,0.015174259965847103
AXP,2020-10-23 17:14:10,0.0474,0.0137,0.0125,0.2142857142857142,0.4285714285714285,0.3571428571428571,0.033699999999999994,8921228.0,-0.036358,0.003446,3465.39,0.033126,0.005219,0.01914278386958847
AXP,2021-01-26 20:15:06,0.0367,0.0049,0.0159,0.2,0.5333333333333333,0.2666666666666666,0.0318,8932506.0,-0.041271,-0.001489,3849.62,-0.039559,0.003616,0.024582625820553258
BA,2006-04-26 23:29:23,0.0542,0.0068,0.009,0.1875,0.6875,0.125,0.0474,6190800.0,-0.00235,0.002819,1305.41,-0.011498,-0.00487,0.013743790664231693
BA,2006-07-26 20:27:13,0.0418,0.0104,0.0058,0.2,0.6,0.2,0.0314,6634700.0,-0.04597,-0.000378,1268.4,0.028364,0.006321,0.02935688948554779
BA,2006-10-25 18:02:57,0.0582,0.0088,0.0055,0.0909090909090909,0.5454545454545454,0.3636363636363636,0.0494,7074000.0,-0.032659,0.003514,1382.22,0.009541,0.000261,0.015933385273276555
BA,2007-01-31 21:13:55,0.0598,0.0103,0.008,0.1428571428571428,0.4285714285714285,0.4285714285714285,0.0495,11572800.0,0.041395,0.006593,1438.24,0.005848,0.005772,0.02059626185635527
BA,2007-04-25 21:18:49,0.0561,0.0175,0.0023,0.1666666666666666,0.5,0.3333333333333333,0.038599999999999995,7746159.0,0.010889,0.010139,1495.42,0.00032,-0.000351,0.013186356524832757
BA,2007-07-25 21:15:25,0.0573,0.0138,0.008,0.1538461538461538,0.5,0.3461538461538461,0.0435,10403420.0,0.033044,0.004666,1518.09,-0.002307,-0.019804,0.010614278852355212
BA,2007-10-25 14:10:12,0.0506,0.0161,0.0046,0.1428571428571428,0.5,0.3571428571428571,0.0345,8169070.0,0.01846,-0.000976,1514.4,-0.007267,-0.002441,0.015765417829681643
BA,2008-01-30 20:39:26,0.059,0.015,0.0116,0.1818181818181818,0.5,0.3181818181818182,0.044,11334800.0,0.023591,-0.004764,1355.81,0.043299,0.006152,0.019672636581189493
BA,2008-04-23 20:36:12,0.0433,0.0246,0.0129,0.1904761904761904,0.5238095238095238,0.2857142857142857,0.018699999999999998,15489000.0,0.044934,0.0029,1379.93,-0.006701,-0.00881,0.01942488342421761
BA,2008-07-23 22:04:12,0.0413,0.034,0.0085,0.2857142857142857,0.6428571428571429,0.0714285714285714,0.007300000000000001,11053600.0,-0.036673,0.004064,1282.19,0.014947,0.013492,0.023178741625559482
BA,2008-10-22 22:48:12,0.0299,0.0311,0.0137,0.1481481481481481,0.4074074074074074,0.4444444444444444,-0.0011999999999999997,10097300.0,-0.075216,-0.061013,896.78,-0.006637,-0.0308,0.06700955411349108
BA,2009-01-28 22:07:16,0.0427,0.0354,0.0085,0.1818181818181818,0.4545454545454545,0.3636363636363636,0.007300000000000001,8071600.0,0.000463,0.033558,874.09,0.004883,0.010926,0.028988217829739794
BA,2009-04-22 20:26:35,0.0257,0.0355,0.0098,0.1818181818181818,0.4545454545454545,0.3636363636363636,-0.009799999999999996,11625900.0,0.017735,-0.007682,843.55,0.00466,0.021252,0.03292505894519315
BA,2009-07-22 20:00:23,0.0343,0.0282,0.0098,0.1739130434782608,0.4782608695652174,0.3478260869565217,0.006099999999999998,12054700.0,-0.02371,-0.000534,954.07,0.019431,0.003627,0.016964056020500096
BA,2009-10-21 20:28:11,0.0437,0.0248,0.0071,0.25,0.625,0.125,0.018900000000000004,8115500.0,-0.024282,-0.008854,1081.4,-0.029186,-0.006239,0.018507107895796824
BA,2010-01-27 21:29:20,0.0406,0.029,0.0128,0.1666666666666666,0.6666666666666666,0.1666666666666666,0.011599999999999996,14760100.0,0.073124,0.00488,1097.5,-0.001211,-0.004203,0.026930620483011498
BA,2010-04-21 20:54:12,0.0468,0.0152,0.0164,0.1578947368421052,0.631578947368421,0.2105263157894736,0.0316,12037700.0,0.03851,-0.001019,1205.94,0.006342,0.008058,0.014946176560876274
BA,2010-07-29 07:59:22,0.0481,0.0115,0.0126,0.1153846153846153,0.6153846153846154,0.2692307692307692,0.036599999999999994,4460200.0,-0.001485,-0.004159,1101.53,-0.018945,-0.006922,0.025414568249988667
BA,2011-01-26 23:06:17,0.0503,0.0217,0.0034,0.1363636363636363,0.5454545454545454,0.3181818181818182,0.028599999999999997,13111000.0,-0.030731,0.004221,1296.63,-0.006737,0.000263,0.01800769592547706
BA,2011-04-28 00:01:19,0.036,0.0225,0.009,0.1071428571428571,0.5357142857142857,0.3571428571428571,0.013499999999999998,7360900.0,0.031923,0.003555,1360.48,0.007545,0.00625,0.011672464645480794
BA,2011-07-27 21:01:20,0.0408,0.0128,0.0082,0.12,0.48,0.4,0.028000000000000004,9807800.0,0.006699,-0.020309,1304.89,-0.016127,-0.004105,0.01564299974642541
BA,2011-10-26 21:11:12,0.04,0.0194,0.0126,0.12,0.6,0.28,0.0206,12700800.0,0.04457,0.010537,1242.0,-0.015907,-0.020045,0.02446989179492942
BA,2012-01-25 20:41:12,0.0435,0.0123,0.0056,0.1578947368421052,0.4736842105263157,0.3684210526315789,0.0312,14049100.0,0.006104,0.008672,1326.05,-0.001987,-0.001026,0.006800960680505087
BA,2012-04-25 20:11:08,0.0435,0.0172,0.0103,0.25,0.75,0.0,0.026299999999999997,10622500.0,0.052862,0.013645,1390.69,0.004804,0.00368,0.019806068298209314
BA,2012-07-25 19:41:19,0.0462,0.0151,0.0118,0.2105263157894736,0.7894736842105263,0.0,0.031099999999999996,6131400.0,0.027766,-0.000314,1337.89,-0.01207,-0.009041,0.01532838072226369
BA,2012-10-24 18:41:14,0.0524,0.0145,0.0078,0.2352941176470588,0.7058823529411765,0.0588235294117647,0.0379,8346700.0,-0.001511,-0.003085,1408.75,-0.01194,-0.014444,0.008914888542956202
BA,2013-01-30 17:37:07,0.0609,0.0164,0.0094,0.1578947368421052,0.3684210526315789,0.4736842105263157,0.0445,10048700.0,0.012763,-0.0039,1501.96,-0.00473,0.005106,0.014663232425203983
BA,2013-04-24 16:41:11,0.0457,0.0205,0.0068,0.1818181818181818,0.4090909090909091,0.4090909090909091,0.025199999999999997,9231700.0,0.030052,6e-06,1578.79,0.014263,0.010419,0.015905668887747693
BA,2013-05-22 22:03:05,0.0667,0.0099,0.0086,1.0,0.0,0.0,0.056799999999999996,8400300.0,-0.008304,-0.008274,1655.35,0.000304,0.001722,0.009929175183938073
BA,2013-07-24 17:27:12,0.0535,0.0148,0.0114,0.1739130434782608,0.4782608695652174,0.3478260869565217,0.0387,7725500.0,-0.007793,-0.003811,1685.94,0.008703,-0.001852,0.02321217635183929
BA,2013-09-16 23:57:04,0.0671,0.0081,0.0127,0.5,0.5,0.0,0.05900000000000001,7733200.0,0.038983,0.005693,1697.6,0.013934,0.002715,0.011422069281293353
BA,2013-10-23 18:06:03,0.0754,0.016,0.0114,0.1764705882352941,0.4705882352941176,0.3529411764705882,0.059399999999999994,10768000.0,0.053396,-0.004725,1746.38,0.008315,0.005738,0.02089130868833041
BA,2013-12-04 22:45:09,0.0267,0.0187,0.008,0.5,0.5,0.0,0.008,5137600.0,-0.003788,-0.001304,1792.81,-0.0161,-0.003193,0.016384795851981465
BA,2014-01-29 18:37:07,0.0578,0.0107,0.0064,0.2105263157894736,0.4736842105263157,0.3157894736842105,0.047099999999999996,16000900.0,-0.053323,-0.010209,1774.2,-0.001966,0.006141,0.021961372933200444
BA,2014-02-05 21:43:07,0.0338,0.0284,0.0041,0.3333333333333333,0.3333333333333333,0.3333333333333333,0.005399999999999995,9691900.0,-0.005244,-0.002028,1751.64,-0.00845,0.007641,0.017112443835148414
BA,2014-04-23 20:11:10,0.0482,0.0096,0.0086,0.2,0.5,0.3,0.0386,7123426.0,0.024147,-0.002213,1875.39,-0.002112,0.004092,0.015637349370444205
BA,2014-05-22 05:33:07,0.0562,0.0094,0.0164,1.0,0.0,0.0,0.0468,2370809.0,0.00672,0.002362,1892.49,0.01065,0.008116,0.00904237695151732
BA,2014-05-29 19:19:07,0.069,0.0197,0.0028,0.3333333333333333,0.0,0.6666666666666666,0.04930000000000001,2234120.0,0.00603,0.005367,1920.03,0.001193,-0.001114,0.009139575662408361
BA,2014-07-23 20:13:07,0.0454,0.0162,0.0054,0.238095238095238,0.3809523809523809,0.3809523809523809,0.029200000000000004,12326310.0,-0.023354,0.001754,1987.01,0.011224,0.005016,0.01268992433039336
BA,2014-09-16 22:59:11,0.0274,0.0192,0.0041,0.5,0.5,0.0,0.008200000000000002,3379618.0,0.007996,0.007484,1998.98,-0.005041,-0.00071,0.009896955897872978
BA,2014-10-22 23:27:13,0.043,0.0099,0.0066,0.2,0.45,0.35,0.0331,13844400.0,-0.044604,-0.007299,1927.11,0.022605,0.019574,0.021425394295347504
BA,2014-12-03 22:37:04,0.0584,0.0157,0.0028,0.5,0.5,0.0,0.0427,4627532.0,-0.002343,0.003765,2074.33,-0.000831,0.006384,0.007696597412709832
BA,2015-01-28 19:25:06,0.0582,0.0088,0.0088,0.2,0.45,0.35,0.0494,14355109.0,0.054046,-0.013496,2002.16,-0.01186,-0.013388,0.01964070439899973
BA,2015-02-18 17:33:34,0.0278,0.0159,0.0225,1.0,0.0,0.0,0.011899999999999997,3722117.0,0.008338,-0.000314,2099.68,0.001269,0.001598,0.005206620978245845
BA,2015-03-05 17:17:08,0.053,0.0095,0.0204,0.6666666666666666,0.3333333333333333,0.0,0.0435,3327492.0,0.000777,0.001196,2101.04,-0.007842,-0.004389,0.015454773069256654
BA,2015-04-22 19:46:12,0.0385,0.0107,0.0064,0.2105263157894736,0.3684210526315789,0.4210526315789473,0.0278,8468924.0,-0.013957,0.005088,2107.96,0.004323,-0.001481,0.010476373157941777
BA,2015-07-22 19:44:08,0.0457,0.01,0.0045,0.238095238095238,0.4285714285714285,0.3333333333333333,0.035699999999999996,6238400.0,0.010138,-0.002388,2114.15,-0.011723,-0.004262,0.00983123553951038
BA,2015-08-12 18:15:14,0.0626,0.0114,0.0071,0.5,0.5,0.0,0.0512,4405521.0,-0.011246,0.00095,2086.05,-0.012409,-0.009557,0.012550336259328701
BA,2015-10-21 19:14:07,0.0434,0.0116,0.0095,0.2,0.45,0.35,0.0318,8976770.0,0.016633,-0.005825,2018.94,0.003323,-0.001421,0.0181130688304206
BA,2016-01-27 22:59:09,0.0479,0.0078,0.0122,0.1904761904761904,0.2857142857142857,0.5238095238095238,0.0401,27945885.0,-0.08929,-0.010863,1882.95,0.032255,0.014144,0.03416200860865438
BA,2016-03-16 16:33:10,0.038,0.0288,0.0052,1.0,0.0,0.0,0.0092,5154713.0,0.009576,0.0056,2027.22,0.000158,-0.001837,0.007210352496391661
BA,2016-04-27 19:34:16,0.0313,0.014,0.0076,0.2105263157894736,0.3157894736842105,0.4736842105263157,0.017300000000000003,6930830.0,0.02882,0.001649,2095.15,0.019044,0.001873,0.01217984267367829
BA,2016-06-03 18:58:22,0.0475,0.0198,0.004,0.5,0.5,0.0,0.0277,5485569.0,0.004178,-0.002912,2099.13,0.003481,0.002825,0.009151610180727712
BA,2016-06-09 01:53:18,0.0473,0.0059,0.0178,0.5,0.5,0.0,0.0414,3811169.0,0.000752,-0.001718,2115.48,0.00811,0.003309,0.014241370263738255
BA,2016-07-27 20:40:43,0.0278,0.0193,0.016,0.2222222222222222,0.4444444444444444,0.3333333333333333,0.008499999999999997,5661668.0,0.008231,-0.001199,2166.58,0.014367,0.000323,0.0073174061403083095
BA,2016-09-14 20:10:18,0.041,0.0115,0.0154,0.5,0.5,0.0,0.029500000000000002,3955402.0,-0.008465,-0.000588,2125.77,-0.010452,-0.014831,0.014064354434368997
BA,2016-10-26 19:35:25,0.0293,0.0076,0.0054,0.0,0.35,0.65,0.0217,13272044.0,0.0469,-0.00174,2139.43,0.011422,-0.003798,0.014352911805236198
BA,2017-01-26 00:06:16,0.0323,0.0065,0.0129,0.1739130434782608,0.3478260869565217,0.4782608695652174,0.025800000000000003,5436834.0,0.010516,-0.000735,2296.68,0.042417,0.008026,0.015318685439684423
BA,2017-04-26 20:08:41,0.0301,0.0075,0.0086,0.0,0.4166666666666667,0.5833333333333334,0.0226,4471593.0,-0.009809,-0.000486,2387.45,0.007964,0.006091,0.010045967900937472
BA,2017-06-02 02:56:06,0.0459,0.0102,0.0025,0.5,0.5,0.0,0.0357,3034272.0,0.015535,0.003708,2439.07,-0.001652,0.007571,0.008038205299968649
BA,2017-07-26 22:47:23,0.0302,0.0065,0.0097,0.1304347826086956,0.3478260869565217,0.5217391304347826,0.023700000000000002,14139955.0,0.098795,0.000283,2477.83,0.00132,0.002923,0.030767369581172262
BA,2017-09-13 21:15:30,0.0435,0.0099,0.0099,0.5,0.5,0.0,0.0336,4529090.0,0.005611,0.000757,2498.37,-4.2e-05,0.003364,0.00787326995458538
BA,2017-10-25 19:44:48,0.0273,0.0087,0.0098,0.0,0.3809523809523809,0.6190476190476191,0.018600000000000002,7895318.0,-0.028496,-0.004663,2557.15,0.014029,0.001618,0.01361709724370225
BA,2018-01-31 22:11:10,0.0395,0.0055,0.0077,0.2222222222222222,0.2222222222222222,0.5555555555555556,0.034,11409626.0,0.049332,0.000489,2823.81,-0.009125,-0.010899,0.021732011520386722
BA,2018-04-25 19:08:16,0.0319,0.0085,0.0096,0.0,0.3125,0.6875,0.023399999999999997,11023624.0,0.041938,0.001837,2639.4,-0.028863,-0.013381,0.022056557820748002
BA,2018-05-01 19:01:02,0.0277,0.0078,0.0078,0.5,0.25,0.25,0.0199,4313094.0,-0.012052,0.002549,2654.8,-0.021474,-0.008188,0.019397326224966607
BA,2018-05-31 18:57:06,0.041,0.0115,0.0077,0.5,0.5,0.0,0.029500000000000002,4406277.0,-0.016835,-0.00688,2705.27,0.016199,0.012696,0.01954961165400024
BA,2018-07-25 21:02:18,0.0282,0.0087,0.0065,0.0,0.4285714285714285,0.5714285714285714,0.0195,7353046.0,-0.006559,0.009102,2846.07,0.014153,0.004781,0.010632197749707667
BA,2018-09-12 19:30:08,0.0439,0.0078,0.0052,0.5,0.5,0.0,0.0361,4003834.0,0.023635,0.000357,2888.92,0.009916,0.00374,0.0135447549623051
BA,2018-10-24 19:35:24,0.0295,0.0148,0.0042,0.0,0.3888888888888889,0.6111111111111112,0.014699999999999998,8442563.0,0.013141,-0.030864,2656.1,-0.016658,-0.005512,0.015343176108977917
BA,2019-01-30 23:51:23,0.037,0.0116,0.0053,0.2105263157894736,0.3684210526315789,0.4210526315789473,0.0254,12705305.0,0.062509,0.015549,2681.05,0.005345,-0.001456,0.021736326878701893
BA,2019-02-20 16:09:07,0.0352,0.0026,0.0052,0.3333333333333333,0.6666666666666666,0.0,0.032600000000000004,3990102.0,0.012708,0.001777,2784.7,-0.004091,0.001499,0.009721270541675335
BA,2019-04-24 18:59:09,0.0231,0.0161,0.0046,0.25,0.5,0.25,0.006999999999999999,9855141.0,0.00385,-0.002192,2927.25,-0.003065,0.008841,0.01377387709518761
BA,2019-07-24 20:29:11,0.0356,0.0237,0.0158,0.2222222222222222,0.3888888888888889,0.3888888888888889,0.0119,7447884.0,-0.031201,0.004688,3019.56,-0.000937,0.006848,0.022810301874616037
BA,2019-10-23 19:34:07,0.0404,0.0316,0.0189,0.2105263157894736,0.3157894736842105,0.4736842105263157,0.008799999999999995,10993362.0,0.010386,0.002847,3004.52,0.017942,-0.003569,0.025756999516636247
BA,2020-01-29 20:15:11,0.0215,0.0444,0.0175,0.25,0.5,0.25,-0.022900000000000004,12458423.0,0.017248,-0.000867,3273.4,-0.000126,0.010054,0.0201496384861422
BA,2020-04-29 20:24:37,0.0217,0.0332,0.0153,0.2307692307692307,0.3846153846153846,0.3846153846153846,-0.0115,60454407.0,0.058644,0.026584,2939.51,0.020361,-0.005242,0.06960558282717778
BA,2020-07-29 22:17:06,0.0247,0.0309,0.0087,0.25,0.3333333333333333,0.4166666666666667,-0.006200000000000001,51709634.0,-0.028272,0.012428,3258.44,0.003701,-0.006473,0.020315918705400355
BA,2020-10-28 20:55:10,0.0338,0.0302,0.0072,0.2142857142857142,0.5714285714285714,0.2142857142857142,0.0035999999999999956,20279768.0,-0.045736,-0.035288,3271.03,-0.034757,-0.003026,0.025529818949830085
BA,2021-01-27 20:53:19,0.0265,0.0184,0.0092,0.2,0.4,0.4,0.0081,20948458.0,-0.039741,-0.025678,3750.77,-0.006393,-0.001489,0.02002263459188101
BMY,2007-07-26 22:28:16,0.0297,0.0154,0.0077,0.4545454545454545,0.3636363636363636,0.1818181818181818,0.0143,17659300.0,-0.055081,-0.023339,1482.66,0.006051,0.004666,0.02033294902942839
BMY,2007-10-25 19:01:24,0.0247,0.0079,0.0079,0.3846153846153846,0.3076923076923077,0.3076923076923077,0.0168,21075000.0,0.033075,-0.000976,1514.4,-0.004205,-0.002441,0.016267197790509433
BMY,2008-01-31 23:04:06,0.0369,0.0145,0.0045,0.3529411764705882,0.5882352941176471,0.0588235294117647,0.022400000000000003,28147900.0,-0.010318,0.016772,1378.55,-0.014824,-0.004764,0.02835989898195454
BMY,2008-04-25 01:34:10,0.0326,0.0056,0.0079,0.3333333333333333,0.5333333333333333,0.1333333333333333,0.026999999999999996,11458200.0,-0.002701,0.006495,1397.84,0.036398,0.006442,0.019907923224741997
BMY,2008-07-28 03:45:17,0.0408,0.0079,0.0045,0.0909090909090909,0.6363636363636364,0.2727272727272727,0.0329,8971500.0,-0.010388,-0.018597,1234.37,0.000904,0.004168,0.016935377596092212
BMY,2008-10-23 20:44:18,0.0329,0.0066,0.0033,0.3076923076923077,0.4615384615384615,0.2307692307692307,0.026299999999999997,24460300.0,0.029663,0.012634,908.11,-0.050379,-0.061013,0.045924273429805665
BMY,2009-01-27 21:13:24,0.0421,0.0125,0.0057,0.2666666666666666,0.5333333333333333,0.2,0.029599999999999998,26666100.0,0.039551,0.010926,845.71,-0.006253,0.005553,0.018067014480354335
BMY,2009-04-28 21:19:17,0.0505,0.0103,0.0069,0.3846153846153846,0.4615384615384615,0.1538461538461538,0.0402,20197200.0,-0.04333,-0.00274,855.16,0.021891,-0.010067,0.021875422270463987
BMY,2009-07-23 20:13:37,0.0481,0.0099,0.0012,0.3571428571428571,0.4285714285714285,0.2142857142857142,0.0382,23212000.0,0.028093,0.02329,976.29,0.008951,-0.000534,0.0119149617428397
BMY,2009-10-22 20:51:23,0.0358,0.0126,0.0063,0.2857142857142857,0.4285714285714285,0.2857142857142857,0.0232,14156800.0,-0.010137,0.010644,1092.91,-0.015191,-0.008854,0.010953729714881014
BMY,2010-01-28 22:31:37,0.0327,0.0087,0.0055,0.3571428571428571,0.4285714285714285,0.2142857142857142,0.024,18706700.0,-0.00823,-0.011818,1084.53,0.0,0.00488,0.011821427742780413
BMY,2010-04-30 08:46:22,0.0364,0.0094,0.0059,0.3571428571428571,0.4285714285714285,0.2142857142857142,0.027000000000000003,14368200.0,-0.002365,-0.016648,1186.69,0.042317,0.012943,0.019584284715897435
BMY,2010-07-22 23:06:20,0.0399,0.0217,0.0057,0.3571428571428571,0.4285714285714285,0.2142857142857142,0.018199999999999997,10385200.0,0.007273,0.022513,1093.67,-0.010791,-0.01282,0.010652218321395185
BMY,2010-10-26 21:06:15,0.0353,0.0285,0.0125,0.3571428571428571,0.4285714285714285,0.2142857142857142,0.006799999999999997,9423600.0,-0.011046,1.7e-05,1185.64,0.007418,0.002147,0.009349428479859107
BMY,2011-01-27 21:06:22,0.0324,0.0278,0.0116,0.3333333333333333,0.4666666666666667,0.2,0.0046,13671200.0,0.016197,0.002244,1299.54,-0.003842,0.004221,0.0071897722696125325
BMY,2011-04-29 02:11:20,0.0476,0.0178,0.0059,0.2941176470588235,0.5294117647058824,0.1764705882352941,0.029800000000000004,8462200.0,-0.006716,0.002301,1363.61,0.000354,0.003555,0.008005892666585608
BMY,2011-07-29 00:21:16,0.0418,0.0179,0.0072,0.3125,0.4375,0.25,0.023899999999999998,11114700.0,-0.013425,-0.006451,1292.28,0.015379,-0.003234,0.012662265061986358
BMY,2011-10-27 20:02:37,0.0458,0.0117,0.007,0.2631578947368421,0.631578947368421,0.1052631578947368,0.0341,18929500.0,0.014765,0.034291,1284.59,0.012457,0.010537,0.008865915354133882
BMY,2012-01-26 20:41:10,0.0497,0.0166,0.0071,0.3333333333333333,0.5333333333333333,0.1333333333333333,0.033100000000000004,18845700.0,-0.006728,-0.005746,1318.43,0.013954,0.008672,0.011043949117050507
BMY,2012-04-26 19:31:07,0.0407,0.009,0.0045,0.3125,0.5625,0.125,0.0317,13860100.0,-0.015456,0.00668,1399.98,0.00942,0.013645,0.009571624685031864
BMY,2012-05-01 21:01:11,0.0437,0.0149,0.0069,1.0,0.0,0.0,0.028800000000000003,8311200.0,0.004495,0.005658,1405.82,0.001501,-0.003884,0.009503801288607297
BMY,2012-07-25 19:11:10,0.0451,0.0124,0.0068,0.2941176470588235,0.5882352941176471,0.1176470588235294,0.0327,6643700.0,0.006335,-0.000314,1337.89,-0.006863,-0.009041,0.011351325164441787
BMY,2012-10-24 18:11:11,0.0347,0.015,0.0093,0.3529411764705882,0.5882352941176471,0.0588235294117647,0.019700000000000002,12524300.0,-0.005716,-0.003085,1408.75,-0.023502,-0.014444,0.013616962347258921
BMY,2013-01-24 17:55:04,0.0362,0.009,0.009,0.3529411764705882,0.5882352941176471,0.0588235294117647,0.027200000000000002,21433100.0,0.026074,7e-06,1494.82,0.001435,0.001507,0.00832916971719138
BMY,2013-03-06 18:39:09,0.0246,0.0181,0.0065,0.5,0.5,0.0,0.006499999999999999,7229600.0,0.005057,0.001085,1541.46,0.017055,0.009566,0.010243841515217282
BMY,2013-04-25 17:42:09,0.0348,0.0135,0.0067,0.4,0.4,0.2,0.0213,13873700.0,-0.029674,0.004035,1585.16,-0.020095,6e-06,0.015923467476931314
BMY,2013-05-21 19:14:12,0.034,0.0144,0.0105,0.5,0.5,0.0,0.019600000000000003,10156800.0,0.006856,0.001722,1669.16,0.010624,-0.000708,0.022435211788614788
BMY,2013-07-25 16:53:09,0.0455,0.0093,0.007,0.3888888888888889,0.4444444444444444,0.1666666666666666,0.036199999999999996,13016400.0,-0.014802,0.002556,1690.25,-0.013277,-0.003811,0.010941339485334222
BMY,2013-09-09 17:52:05,0.0484,0.0188,0.0134,0.6666666666666666,0.3333333333333333,0.0,0.029599999999999998,7220300.0,0.009788,0.009993,1671.71,0.004075,5.4e-05,0.0084298318659917
BMY,2013-09-11 19:39:08,0.0601,0.0261,0.0196,0.5,0.5,0.0,0.034,6526100.0,0.017404,0.003052,1689.13,0.005201,0.007346,0.007427023214062437
BMY,2013-10-23 17:14:08,0.0268,0.0082,0.014,0.375,0.5,0.125,0.0186,5408900.0,-0.015484,-0.004725,1746.38,0.009336,0.005738,0.016013986588465583
BMY,2014-01-24 19:50:04,0.0353,0.0106,0.0094,0.2777777777777778,0.5555555555555556,0.1666666666666666,0.0247,29327400.0,-0.055792,-0.020875,1790.29,-0.015691,-0.00889,0.021129435238811074
BMY,2014-03-04 20:03:09,0.0363,0.0117,0.0091,0.5,0.5,0.0,0.024599999999999997,11926668.0,0.054777,0.015268,1873.91,-0.005207,-0.007379,0.020172724097431927
BMY,2014-04-29 19:05:10,0.0487,0.0085,0.0061,0.3125,0.625,0.0625,0.0402,12550715.0,-0.020651,0.004761,1878.33,-0.002772,0.003236,0.012398559208857914
BMY,2014-06-02 20:57:09,0.042,0.0092,0.0118,0.4545454545454545,0.4545454545454545,0.0909090909090909,0.0328,11302604.0,-0.013068,0.000728,1924.97,0.004443,0.001844,0.009590757570008055
BMY,2014-06-10 20:25:08,0.049,0.0232,0.0163,0.3333333333333333,0.3333333333333333,0.3333333333333333,0.025800000000000003,8838920.0,0.006868,-0.000246,1950.79,-0.013968,0.000939,0.013203737154474288
BMY,2014-07-24 20:47:06,0.0413,0.0103,0.0034,0.25,0.4375,0.3125,0.031000000000000003,8752157.0,0.002839,0.000488,1987.98,0.004072,0.001754,0.007023206758074741
BMY,2014-09-08 21:48:04,0.0596,0.0125,0.0125,0.5,0.5,0.0,0.0471,3469018.0,0.001369,-0.003073,2001.54,0.011276,0.005036,0.0062828690049477635
BMY,2014-10-24 19:11:12,0.0434,0.0103,0.008,0.2777777777777778,0.6666666666666666,0.0555555555555555,0.033100000000000004,9029190.0,0.021524,0.007053,1964.58,0.012731,0.012303,0.015477453646442542
BMY,2014-11-11 22:44:07,0.0394,0.0095,0.0068,0.3333333333333333,0.6666666666666666,0.0,0.029899999999999996,4120506.0,-0.00153,0.000697,2039.68,0.008402,0.00312,0.02913652362089738
BMY,2015-01-27 23:54:06,0.0725,0.0162,0.0062,0.3333333333333333,0.5333333333333333,0.1333333333333333,0.056299999999999996,7767830.0,-0.007525,-0.013388,2029.55,0.006283,0.002568,0.010365645986194542
BMY,2015-03-03 18:45:06,0.0469,0.0051,0.0076,0.5,0.25,0.25,0.0418,4236232.0,-0.0061,-0.004539,2107.78,0.022653,0.006125,0.0108500800427155
BMY,2015-04-28 19:16:13,0.0499,0.0097,0.0085,0.3125,0.625,0.0625,0.0402,8777428.0,-0.009515,0.002769,2114.76,-0.009726,-0.004141,0.012192929052893273
BMY,2015-06-09 18:26:09,0.0369,0.0127,0.014,0.5,0.5,0.0,0.024200000000000003,7134295.0,-0.003674,0.000418,2080.15,-0.013293,-0.006474,0.025173076754518686
BMY,2015-07-23 20:48:05,0.0544,0.0095,0.0071,0.3333333333333333,0.5333333333333333,0.1333333333333333,0.044899999999999995,8947014.0,-0.01629,-0.005676,2102.15,0.00726,-0.002388,0.011849817694331374
BMY,2015-09-17 23:33:04,0.0726,0.0092,0.0092,1.0,0.0,0.0,0.0634,7396427.0,0.009414,-0.002561,1990.2,0.025295,0.008705,0.01809810870904594
BMY,2015-10-27 19:16:08,0.0606,0.0092,0.0103,0.2941176470588235,0.5882352941176471,0.1176470588235294,0.0514,9075700.0,0.034857,-0.002554,2065.89,-0.009362,-0.001913,0.01999487841673462
BMY,2016-01-12 19:55:09,0.056,0.0062,0.0087,0.5,0.5,0.0,0.049800000000000004,7796178.0,0.007304,0.007803,1938.68,-0.010215,0.000853,0.016580550379552823
BMY,2016-01-28 21:41:08,0.0502,0.008,0.008,0.2777777777777778,0.5,0.2222222222222222,0.0422,17001388.0,-0.008913,0.005529,1893.36,-0.015632,-0.010863,0.017782061456860277
BMY,2016-03-10 01:15:04,0.025,0.01,0.0025,0.5,0.5,0.0,0.015000000000000001,5992080.0,-0.009155,0.000156,1989.57,-0.010866,0.005052,0.016847994138439418
BMY,2016-03-16 17:17:13,0.0473,0.0012,0.0049,0.5,0.5,0.0,0.0461,8666370.0,-0.016332,0.0056,2027.22,-0.006862,-0.001837,0.012262904209670546
BMY,2016-04-28 20:00:47,0.0587,0.0046,0.0023,0.2777777777777778,0.6111111111111112,0.1111111111111111,0.0541,13740722.0,0.028905,-0.009231,2075.81,-0.008891,0.001649,0.01016931637656468
BMY,2016-07-28 22:32:53,0.0452,0.0044,0.0055,0.2631578947368421,0.6842105263157895,0.0526315789473684,0.040799999999999996,7412612.0,-0.023669,0.001606,2170.06,0.018785,-0.001199,0.010813825397764357
BMY,2016-09-13 17:56:20,0.0421,0.0217,0.0095,0.5,0.5,0.0,0.020399999999999998,9473392.0,-0.012784,-0.014831,2127.02,0.011858,0.014677,0.012687289126435861
BMY,2016-09-14 18:14:05,0.0203,0.0316,0.0228,0.5,0.5,0.0,-0.011300000000000004,9007207.0,-0.006655,-0.000588,2125.77,-0.012784,-0.014831,0.010519555768504035
BMY,2016-09-30 01:31:08,0.0304,0.0215,0.0165,0.5,0.5,0.0,0.008900000000000002,13326712.0,0.000928,0.007968,2168.27,-0.022146,-0.009321,0.011343315562724833
BMY,2016-10-27 19:44:32,0.0351,0.0085,0.0133,0.0,0.6111111111111112,0.3888888888888889,0.0266,31896653.0,0.054169,-0.002987,2133.04,-0.005247,-0.00174,0.020143286787965425
BMY,2016-11-16 20:59:06,0.0478,0.0126,0.0211,0.5,0.5,0.0,0.0352,8935479.0,-0.008643,-0.001582,2176.94,0.002298,0.007481,0.020781379154586128
BMY,2016-12-07 18:31:12,0.0373,0.0215,0.0143,0.6666666666666666,0.0,0.3333333333333333,0.0158,12210792.0,-0.0141,0.013163,2241.35,0.008641,0.003411,0.007574763403712524
BMY,2017-01-10 20:18:06,0.0586,0.0056,0.0056,0.5,0.5,0.0,0.053,6103701.0,0.004186,0.0,2268.9,-0.00367,-0.003549,0.009764485560779275
BMY,2017-01-26 22:31:03,0.0403,0.0253,0.0104,0.0,0.6470588235294118,0.3529411764705882,0.015000000000000003,44800782.0,-0.055096,-0.000735,2296.68,0.012051,0.008026,0.03853582184236722
BMY,2017-03-06 21:07:06,0.0563,0.0064,0.0064,0.5,0.5,0.0,0.0499,7917208.0,-0.005065,-0.003277,2375.31,0.007035,0.000504,0.0060066650212724565
BMY,2017-03-15 17:18:06,0.0371,0.0106,0.0053,0.5,0.5,0.0,0.026500000000000003,10337688.0,0.016934,0.008375,2385.26,-0.004216,-0.003379,0.013158247595245275
BMY,2017-04-27 19:26:29,0.049,0.0072,0.0084,0.0,0.625,0.375,0.041800000000000004,15317773.0,0.035336,0.000553,2388.77,-0.003152,-0.000486,0.011178146173573596
BMY,2017-05-22 17:03:09,0.0434,0.0092,0.0118,0.5,0.5,0.0,0.0342,4462813.0,0.001481,0.00516,2394.02,0.004463,0.006767,0.006353103074701211
BMY,2017-06-05 21:37:07,0.0282,0.0077,0.0077,0.4,0.4,0.2,0.020499999999999997,18743053.0,-0.04748,-0.001218,2436.1,0.008069,0.003708,0.016919942234272293
BMY,2017-06-14 20:56:08,0.0329,0.0165,0.0114,0.5,0.5,0.0,0.016399999999999998,5622423.0,0.00609,-0.000996,2437.92,-0.003127,0.004511,0.01944527104493818
BMY,2017-07-27 22:40:36,0.0537,0.008,0.0103,0.0,0.6666666666666666,0.3333333333333333,0.0457,21645111.0,-0.031082,-0.000973,2475.42,0.000536,0.000283,0.011632744351852482
BMY,2017-09-12 00:50:08,0.0477,0.0068,0.0095,0.5,0.5,0.0,0.0409,4780698.0,0.004783,0.003364,2496.48,0.001597,0.010839,0.01660781641309632
BMY,2017-10-26 21:44:40,0.0528,0.0103,0.0126,0.0,0.6,0.4,0.042499999999999996,13116258.0,-0.047656,0.001271,2560.4,0.005499,-0.004663,0.018117251668261145
BMY,2017-11-15 17:32:13,0.0523,0.008,0.0147,0.5,0.5,0.0,0.0443,3349184.0,-0.002939,-0.005526,2564.62,0.004263,-0.00231,0.008366998758349517
BMY,2017-11-29 20:32:12,0.0318,0.0265,0.0212,0.6666666666666666,0.3333333333333333,0.0,0.005300000000000003,5064185.0,0.006078,-0.000369,2626.07,0.01477,0.009848,0.008164693002325465
BMY,2017-12-07 01:33:31,0.0314,0.0223,0.0118,0.5,0.0,0.5,0.009099999999999997,5140490.0,0.014269,0.002932,2636.98,-0.01693,-0.000114,0.0104578676794077
BMY,2018-01-09 23:36:05,0.0774,0.009,0.0065,0.5,0.5,0.0,0.0684,5156771.0,-0.000969,0.001303,2751.29,0.000323,0.001662,0.005422117303743597
BMY,2018-02-05 20:24:08,0.0294,0.0106,0.0082,0.25,0.5625,0.1875,0.018799999999999997,23181859.0,-0.039698,-0.040979,2648.94,0.010828,-0.021209,0.01586383864853229
BMY,2018-03-13 01:06:08,0.0439,0.016,0.0133,0.6666666666666666,0.3333333333333333,0.0,0.0279,5905826.0,-0.011416,-0.006364,2765.31,-0.00692,-0.001274,0.01433735338353786
BMY,2018-03-14 21:17:08,0.0371,0.0051,0.0077,0.3333333333333333,0.6666666666666666,0.0,0.032,4859343.0,-0.00075,-0.005724,2749.48,-0.011416,-0.006364,0.011961421185071059
BMY,2018-04-26 20:26:13,0.0679,0.0079,0.0079,0.0,0.5555555555555556,0.4444444444444444,0.06,14220726.0,0.00541,0.010434,2666.94,0.00349,0.001837,0.026150267736891553
BMY,2018-05-22 20:21:13,0.0476,0.019,0.0082,0.5,0.0,0.5,0.028600000000000004,3782827.0,0.001914,-0.003136,2724.44,-0.008917,0.007387,0.0068241596829044125
BMY,2018-07-26 19:26:24,0.0525,0.0117,0.007,0.0,0.5263157894736842,0.4736842105263157,0.040799999999999996,14646163.0,-0.01897,-0.003032,2837.44,0.013388,0.009102,0.017189518653980853
BMY,2018-09-13 19:25:14,0.0578,0.0067,0.0148,0.5,0.5,0.0,0.0511,6119318.0,0.007625,0.005282,2904.18,-0.002645,0.000357,0.006716966948622635
BMY,2018-10-25 19:50:22,0.0483,0.0082,0.0153,0.0,0.5,0.5,0.040100000000000004,16207142.0,0.007782,0.018625,2705.57,-0.035933,-0.030864,0.027441225196165465
BMY,2018-11-14 21:26:11,0.0196,0.0182,0.0196,0.5,0.5,0.0,0.0013999999999999985,6382371.0,0.0,-0.007567,2701.58,-0.00492,-0.001482,0.020350375994615488
BMY,2018-11-28 12:21:59,0.0152,0.0207,0.0152,0.5,0.0,0.5,-0.0055,7995039.0,0.016618,0.022974,2743.79,-0.029964,0.003262,0.013949651514962259
BMY,2018-12-07 01:27:07,0.0175,0.0189,0.0094,0.6666666666666666,0.3333333333333333,0.0,-0.0013999999999999985,10462854.0,-0.003192,-0.02332,2633.08,0.023448,-0.001522,0.01929114786170647
BMY,2019-01-04 07:17:09,0.0563,0.0049,0.0037,0.375,0.5,0.125,0.0514,47515833.0,0.039229,0.034336,2531.94,-0.131604,-0.024757,0.047664926117522606
BMY,2019-01-24 20:29:07,0.0667,0.0025,0.0136,0.2666666666666666,0.4666666666666667,0.2666666666666666,0.0642,20224516.0,-0.018815,0.001376,2642.33,0.004827,0.002203,0.015355723305443296
BMY,2019-03-13 03:07:14,0.0528,0.0185,0.0214,0.8,0.2,0.0,0.0343,12357718.0,0.011711,0.00695,2810.92,-0.010216,0.002953,0.017046117338626505
BMY,2019-03-13 22:55:19,0.0234,0.0152,0.0152,0.5,0.5,0.0,0.0082,12357718.0,0.011711,0.00695,2810.92,-0.010216,0.002953,0.017046117338626505
BMY,2019-04-25 19:27:21,0.0531,0.013,0.0035,0.2941176470588235,0.4117647058823529,0.2941176470588235,0.040100000000000004,17287974.0,0.02286,-0.000369,2926.17,-0.015446,-0.002192,0.013036158083065253
BMY,2019-07-25 21:17:47,0.0378,0.0235,0.0156,0.3333333333333333,0.3333333333333333,0.3333333333333333,0.0143,33799250.0,0.050197,-0.005262,3003.67,0.004181,0.004688,0.018552505022832448
BMY,2019-10-31 18:19:07,0.0375,0.0287,0.0087,0.3571428571428571,0.3571428571428571,0.2857142857142857,0.008799999999999999,25041935.0,0.008792,-0.003023,3037.56,0.019724,0.003253,0.008592463452222487
BMY,2020-01-09 21:32:22,0.0548,0.0239,0.0211,0.5,0.5,0.0,0.0309,16171348.0,0.024898,0.006655,3274.7,-0.001095,0.004902,0.010798922592349519
BMY,2020-02-06 17:45:37,0.0448,0.032,0.0064,0.4,0.2666666666666666,0.3333333333333333,0.012799999999999999,16488538.0,0.023022,0.003326,3345.78,0.020221,0.011251,0.019645388976664364
BMY,2020-05-07 19:32:37,0.0282,0.059,0.0128,0.4,0.2666666666666666,0.3333333333333333,-0.030799999999999998,17537559.0,-0.001472,0.011505,2881.19,-0.003748,-0.006979,0.011832765098563357
BMY,2020-06-13 03:06:11,0.0357,0.0106,0.0225,0.6666666666666666,0.3333333333333333,0.0,0.025100000000000004,14864159.0,-0.009522,0.013061,3041.31,-0.057347,-0.058944,0.0200450564989088
BMY,2020-06-22 22:56:47,0.067,0.0062,0.0062,0.4666666666666667,0.2666666666666666,0.2666666666666666,0.06080000000000001,18716176.0,0.020386,0.006495,3117.86,0.007861,-0.005649,0.025002657460758075
BMY,2020-06-26 00:26:10,0.0369,0.0064,0.0051,0.4117647058823529,0.2941176470588235,0.2941176470588235,0.030500000000000003,26132408.0,-0.011,-0.024227,3009.05,0.007272,0.010959,0.017732189648583578
BMY,2020-06-26 17:54:10,0.0315,0.0088,0.0025,0.3571428571428571,0.2142857142857142,0.4285714285714285,0.022699999999999998,26132408.0,-0.011,-0.024227,3009.05,0.007272,0.010959,0.017732189648583578
BMY,2020-08-06 19:40:09,0.0612,0.0012,0.0132,0.4,0.2666666666666666,0.3333333333333333,0.06,18961905.0,0.027475,0.006428,3349.16,0.003699,0.00643,0.016905810810356206
BMY,2020-11-05 18:57:04,0.0682,0.006,0.0036,0.3333333333333333,0.3333333333333333,0.3333333333333333,0.0622,17676076.0,-0.025676,0.01946,3510.45,0.068419,0.022047,0.027958297648263384
BX,2007-08-13 21:11:29,0.0251,0.0098,0.0131,0.3333333333333333,0.4444444444444444,0.2222222222222222,0.015300000000000001,10929100.0,0.017009,-0.000495,1452.92,0.014446,0.000379,0.022531231316158085
BX,2008-09-20 05:50:15,0.0172,0.0269,0.0118,0.3333333333333333,0.5555555555555556,0.1111111111111111,-0.0097,5372300.0,0.041128,0.040257,1255.08,0.134667,0.043342,0.05952293994045957
BX,2012-07-19 20:51:05,0.0237,0.0356,0.0166,0.2857142857142857,0.7142857142857143,0.0,-0.0119,4622600.0,0.006977,0.002717,1376.51,0.005456,0.006681,0.009796773155824197
BX,2012-10-19 04:06:06,0.0335,0.0139,0.0127,0.3333333333333333,0.5,0.1666666666666666,0.019600000000000003,3034100.0,-0.002546,-0.016571,1433.19,0.044548,-0.002444,0.020516528121926204
BX,2013-01-31 23:41:04,0.0325,0.0101,0.0135,0.25,0.6875,0.0625,0.022400000000000003,11946400.0,0.06078,-0.002563,1498.11,-0.043335,-0.0039,0.026994516161003467
BX,2013-02-14 00:16:02,0.0275,0.0312,0.005,1.0,0.0,0.0,-0.0036999999999999984,5787000.0,0.018082,0.000691,1521.38,-0.018817,0.000592,0.01833519820091066
BX,2013-03-07 19:01:35,0.02,0.0078,0.0067,0.5,0.0,0.5,0.0122,3811700.0,0.006339,0.001816,1544.26,-0.004208,0.001085,0.014820978538694912
BX,2013-03-28 18:51:09,0.014,0.0394,0.0115,1.0,0.0,0.0,-0.0254,3850600.0,-0.013466,0.004057,1569.19,0.0025,-0.000588,0.014732824793637191
BX,2013-04-18 20:21:11,0.0411,0.008,0.0091,0.2857142857142857,0.6428571428571429,0.0714285714285714,0.0331,6430100.0,-0.022026,-0.006701,1541.61,-0.023423,-0.014328,0.02342471322461742
BX,2013-05-03 19:01:02,0.0397,0.0119,0.0119,0.48,0.36,0.16,0.0278,9107500.0,0.046679,0.010535,1614.42,0.02113,0.009408,0.017280986989560057
BX,2013-06-11 22:51:05,0.033,0.0234,0.0124,0.5,0.5,0.0,0.009600000000000001,3891600.0,-0.044151,-0.010153,1626.13,0.013844,-0.000347,0.025801341912561445
BX,2013-07-18 21:09:06,0.038,0.0223,0.0101,0.3125,0.5,0.1875,0.0157,12027000.0,0.064208,0.005033,1689.37,0.004115,0.002774,0.022060832777673088
BX,2013-10-17 22:01:02,0.0347,0.0139,0.0127,0.25,0.6875,0.0625,0.020800000000000003,8000800.0,0.008512,0.006744,1733.15,0.004835,0.013828,0.024134988317102573
BX,2014-04-17 23:32:08,0.0412,0.008,0.0126,0.3125,0.4375,0.25,0.0332,9738648.0,0.012928,0.001364,1864.85,0.024503,0.010488,0.02709359862402947
BX,2014-07-17 22:14:07,0.0428,0.0088,0.011,0.2222222222222222,0.4444444444444444,0.3333333333333333,0.033999999999999996,10824226.0,0.004709,-0.011834,1958.12,0.017365,0.004201,0.013975614420999729
BX,2014-10-16 22:53:07,0.0328,0.0199,0.0176,0.2666666666666666,0.4,0.3333333333333333,0.012900000000000002,15727594.0,-0.00585,0.000145,1862.76,-0.013243,-0.0081,0.012469568680057792
BX,2015-01-30 00:41:06,0.0426,0.009,0.0146,0.2352941176470588,0.7058823529411765,0.0588235294117647,0.0336,5944595.0,0.013022,-0.012992,1994.99,0.003266,0.009535,0.008484269669348869
BX,2015-04-16 22:15:03,0.0342,0.0071,0.0106,0.3333333333333333,0.3333333333333333,0.3333333333333333,0.0271,9404101.0,0.003169,-0.000778,2104.99,0.024476,0.005148,0.01060104553753544
BX,2015-07-17 00:20:04,0.04,0.0109,0.0121,0.2941176470588235,0.4117647058823529,0.2941176470588235,0.0291,4198018.0,-0.00858,0.001106,2126.64,0.015243,0.008015,0.019314121674452785
BX,2015-10-15 22:35:12,0.0437,0.0449,0.0219,0.2941176470588235,0.5882352941176471,0.1176470588235294,-0.0011999999999999997,6641303.0,0.014903,0.014853,2023.86,0.010847,-0.004716,0.023436629572814956
BX,2015-12-09 22:11:14,0.0452,0.0274,0.011,0.5,0.5,0.0,0.017799999999999996,5729843.0,0.017673,-0.007739,2047.62,-0.013811,-0.00649,0.016011032682705963
BX,2016-01-28 21:55:08,0.0417,0.0248,0.0101,0.2631578947368421,0.5263157894736842,0.2105263157894736,0.016900000000000002,7779943.0,-0.01875,0.005529,1893.36,-0.026246,-0.010863,0.04438857812558455
BX,2016-04-22 02:30:16,0.0373,0.0289,0.0157,0.2222222222222222,0.4444444444444444,0.3333333333333333,0.008400000000000001,2977179.0,0.007793,4.8e-05,2091.58,-0.041101,-0.005194,0.02391611773028602
BX,2016-07-21 22:36:49,0.0319,0.025,0.0273,0.2777777777777778,0.4444444444444444,0.2777777777777778,0.006899999999999996,7204536.0,0.038313,-0.003612,2165.17,0.021344,0.00427,0.012202325534276482
BX,2016-10-28 00:36:17,0.0432,0.0216,0.0148,0.0,0.4,0.6,0.0216,3880516.0,0.006314,-0.003108,2126.41,-0.001576,-0.002987,0.011146535139276373
BX,2017-01-26 23:01:02,0.0427,0.0157,0.0146,0.0,0.4,0.6,0.027000000000000003,6669673.0,0.019268,-0.000735,2296.68,0.010228,0.008026,0.012368883907703
BX,2017-04-20 22:16:21,0.0305,0.0068,0.0181,0.25,0.4375,0.3125,0.0237,12210054.0,0.005323,0.007557,2355.84,0.015541,-0.001716,0.010633197569144312
BX,2017-07-21 05:54:25,0.0377,0.008,0.0137,0.2941176470588235,0.4117647058823529,0.2941176470588235,0.029699999999999997,3050906.0,0.004084,-0.000368,2472.54,-0.014376,-0.000154,0.008060360802512418
BX,2017-10-19 23:20:06,0.0468,0.0137,0.0114,0.3125,0.375,0.3125,0.033100000000000004,7803133.0,0.015527,0.000328,2562.1,0.008128,0.000742,0.007676445373131945
BX,2018-02-01 23:05:07,0.0365,0.0103,0.0103,0.2941176470588235,0.4705882352941176,0.2352941176470588,0.026199999999999998,8954469.0,-0.005472,-0.000648,2821.98,0.011625,0.000489,0.01099794973064479
BX,2018-04-19 21:10:09,0.0391,0.0166,0.0202,0.3529411764705882,0.3529411764705882,0.2941176470588235,0.022500000000000003,6229920.0,0.010698,-0.005726,2693.13,0.00953,0.000831,0.010305226945585048
BX,2018-07-19 21:55:07,0.0303,0.018,0.0157,0.3333333333333333,0.2777777777777778,0.3888888888888889,0.012300000000000002,5083773.0,-0.016285,-0.003953,2804.49,0.014562,0.00216,0.011185882025025564
BX,2018-10-18 17:15:08,0.0357,0.0156,0.019,0.3571428571428571,0.3571428571428571,0.2857142857142857,0.020100000000000003,7671759.0,-0.02189,-0.014392,2768.78,0.0025,-0.000253,0.02365807356790611
BX,2018-12-04 23:37:09,0.0339,0.0381,0.0268,1.0,0.0,0.0,-0.004200000000000002,8865533.0,-0.061406,-0.032365,2700.06,0.033205,0.010941,0.03303613078366727
BX,2019-01-31 17:54:07,0.0392,0.0254,0.0208,0.3529411764705882,0.3529411764705882,0.2941176470588235,0.0138,5582511.0,0.016898,0.008597,2704.1,-0.000603,0.015549,0.008578016813667834
BX,2019-04-18 19:38:09,0.0295,0.0047,0.013,0.3157894736842105,0.4210526315789473,0.2631578947368421,0.0248,28121357.0,0.074868,0.001579,2905.03,0.003912,-0.002274,0.023682132435188134
BX,2019-06-12 19:05:08,0.0313,0.0313,0.0104,0.5,0.5,0.0,0.0,4044261.0,0.003972,-0.002038,2879.84,0.008245,-0.00035,0.01886880669959493
BX,2019-07-18 19:34:16,0.0318,0.0191,0.0038,0.3157894736842105,0.3684210526315789,0.3157894736842105,0.012700000000000003,10299797.0,0.008171,0.003582,2995.11,-0.012001,-0.006531,0.008445744256396681
BX,2019-10-23 18:26:51,0.0497,0.0303,0.0133,0.4285714285714285,0.5714285714285714,0.0,0.0194,7963344.0,0.049084,0.002847,3004.52,0.000204,-0.003569,0.017162613902187724
BX,2020-01-30 19:37:17,0.0339,0.0194,0.0085,0.3333333333333333,0.5,0.1666666666666666,0.014499999999999999,8556136.0,-0.024581,0.003134,3283.66,0.016715,-0.000867,0.02031222214551872
BX,2020-04-23 20:14:06,0.0381,0.0565,0.0086,0.2352941176470588,0.4117647058823529,0.3529411764705882,-0.0184,6846947.0,0.045327,-0.000539,2797.8,0.018242,0.02293,0.043906496500454924
BX,2020-05-29 22:27:08,0.0228,0.0442,0.0071,0.5,0.5,0.0,-0.021400000000000002,3728132.0,0.002471,0.004812,3044.31,0.003542,-0.002108,0.020922875477174464
BX,2020-07-23 19:48:10,0.0342,0.016,0.0183,0.2105263157894736,0.4736842105263157,0.3157894736842105,0.0182,4274897.0,-0.022931,-0.01232,3235.66,0.006595,0.005747,0.015901241967218028
BX,2020-10-28 18:55:07,0.0438,0.0308,0.0154,0.2222222222222222,0.5,0.2777777777777778,0.012999999999999998,3492446.0,-0.030461,-0.035288,3271.03,-0.018357,-0.003026,0.01468275417094701
BX,2021-01-27 19:46:43,0.0386,0.0148,0.0102,0.2,0.45,0.35,0.0238,6384397.0,0.004006,-0.025678,3750.77,-0.001231,-0.001489,0.010510267002106655
C,2006-10-19 19:26:26,0.0309,0.0134,0.0081,0.2142857142857142,0.5714285714285714,0.2142857142857142,0.0175,18146500.0,-0.006376,0.000732,1366.96,0.002797,0.0014,0.004198914892895283
C,2007-01-19 20:00:32,0.044,0.0155,0.0104,0.2142857142857142,0.5714285714285714,0.2142857142857142,0.028499999999999998,23955800.0,0.002022,0.002895,1430.5,0.0,-0.002971,0.005812013444390661
C,2007-04-16 19:02:09,0.0511,0.0179,0.0115,0.3333333333333333,0.5833333333333334,0.0833333333333333,0.0332,32772730.0,0.025775,0.010751,1468.47,-0.000968,0.003488,0.010854198581399018
C,2007-07-20 19:18:56,0.0566,0.012,0.006,0.2142857142857142,0.5714285714285714,0.2142857142857142,0.0446,47630120.0,-0.007823,-0.012221,1534.1,-0.009108,0.004469,0.012736603559557521
C,2007-10-15 17:16:40,0.0417,0.0294,0.0098,0.1428571428571428,0.5714285714285714,0.2857142857142857,0.012300000000000002,77189780.0,-0.03405,-0.008381,1548.71,-0.009313,0.004754,0.01577640177959192
C,2007-11-05 16:25:43,0.0232,0.0335,0.0309,0.2857142857142857,0.5714285714285714,0.1428571428571428,-0.010300000000000004,230159900.0,-0.048502,-0.004955,1502.17,-0.020254,0.000802,0.027589422267721857
C,2008-01-15 22:37:32,0.0388,0.0298,0.0246,0.2727272727272727,0.4545454545454545,0.2727272727272727,0.009000000000000001,220875100.0,-0.072952,-0.024925,1380.95,0.017507,0.010871,0.030377212766041155
C,2008-04-18 20:15:08,0.0295,0.0273,0.0251,0.2142857142857142,0.5,0.2857142857142857,0.002199999999999997,145077600.0,0.044944,0.018139,1390.33,0.025171,0.000623,0.027211511784741228
C,2008-05-28 03:34:25,0.032,0.0083,0.0201,0.3043478260869565,0.2608695652173913,0.4347826086956521,0.0237,70373200.0,-0.00277,0.003963,1390.84,0.025568,0.006846,0.02783343358564779
C,2008-07-19 00:07:09,0.0234,0.0367,0.0067,0.2,0.5,0.3,-0.013300000000000003,213824300.0,0.076795,0.000286,1260.68,0.091075,0.012013,0.06802510612348289
C,2008-09-30 11:32:15,0.0191,0.0215,0.0393,0.5,0.3333333333333333,0.1666666666666666,-0.0023999999999999994,113244500.0,0.155493,0.054203,1166.36,-0.119107,-0.087897,0.12358361775112245
C,2008-10-16 21:51:22,0.0099,0.046,0.0088,0.25,0.5,0.25,-0.0361,170927500.0,-0.020333,0.042507,946.43,-0.128357,-0.09035,0.12049791084703498
C,2009-01-19 21:19:24,0.0404,0.0196,0.0208,0.375,0.375,0.25,0.0208,426844300.0,-0.086162,0.007562,850.12,-0.154525,0.001329,0.09653973172562455
C,2009-04-17 19:36:24,0.0219,0.0366,0.0157,0.125,0.5625,0.3125,-0.014700000000000001,1112499968.0,-0.089776,0.004969,869.6,0.010076,0.015539,0.09616441168592464
C,2009-07-17 20:39:33,0.037,0.0298,0.0191,0.1428571428571428,0.4285714285714285,0.4285714285714285,0.007199999999999998,447586400.0,-0.0033,-0.000383,940.38,-0.044164,0.008642,0.04933268009702655
C,2009-10-16 00:25:09,0.0535,0.02,0.0089,0.2142857142857142,0.3571428571428571,0.4285714285714285,0.0335,410990000.0,-0.033684,-0.008098,1087.68,-0.05,0.004157,0.028039326462825212
C,2010-01-19 21:28:24,0.0267,0.038,0.0082,0.1428571428571428,0.5,0.3571428571428571,-0.011299999999999998,807892900.0,0.035088,0.0125,1150.23,-0.025641,-0.010823,0.02471142898898764
C,2010-04-19 23:37:10,0.0288,0.0391,0.0144,0.5,0.3333333333333333,0.1666666666666666,-0.010300000000000004,1860067000.0,0.070175,0.004521,1197.52,-0.051975,-0.016127,0.037059783824997625
C,2011-01-18 23:06:21,0.0347,0.0336,0.0116,0.1666666666666666,0.3333333333333333,0.5,0.0011000000000000038,1809606000.0,-0.064327,0.001376,1295.02,0.017857,0.007385,0.02492020486026906
C,2011-04-18 20:31:19,0.0293,0.0272,0.0111,0.2142857142857142,0.4285714285714285,0.3571428571428571,0.002100000000000001,790859800.0,0.0,-0.011018,1305.14,-0.002257,0.003925,0.011815235372179421
C,2011-07-15 21:21:19,0.0128,0.0196,0.0088,0.1764705882352941,0.4705882352941176,0.3529411764705882,-0.006799999999999999,69518100.0,-0.016402,0.005554,1316.14,-0.011401,-0.006716,0.022552302581628637
C,2011-10-17 21:11:10,0.0288,0.0127,0.0461,0.1666666666666666,0.6111111111111112,0.2222222222222222,0.0161,82339900.0,-0.016549,-0.01937,1200.86,0.027496,0.01738,0.04647168234096976
C,2011-10-20 19:51:10,0.0294,0.0185,0.0284,0.1111111111111111,0.2222222222222222,0.6666666666666666,0.0109,52473900.0,0.023477,0.004554,1215.39,-0.016399,-0.012649,0.047929435320061935
C,2012-01-17 19:41:07,0.0237,0.0183,0.0216,0.1176470588235294,0.7647058823529411,0.1176470588235294,0.0053999999999999986,116155100.0,-0.082141,0.003553,1293.67,-0.027215,-0.004948,0.04242303583104614
C,2012-01-24 20:11:18,0.0232,0.0279,0.0186,0.0769230769230769,0.0,0.9230769230769232,-0.004700000000000003,37257100.0,0.001675,-0.001026,1314.65,0.007085,0.000471,0.035565776062732646
C,2012-04-16 19:51:06,0.0296,0.011,0.0154,0.1176470588235294,0.7647058823529411,0.1176470588235294,0.018600000000000002,59668600.0,0.017659,-0.000504,1369.57,-0.03509,-0.012475,0.02534769596717711
C,2012-04-25 20:21:05,0.0303,0.0141,0.0173,0.0909090909090909,0.1818181818181818,0.7272727272727273,0.0162,32380000.0,0.00778,0.013645,1390.69,0.005113,0.00368,0.022981863507267396
C,2012-07-16 17:13:04,0.0176,0.0248,0.0176,0.1666666666666666,0.4444444444444444,0.3888888888888889,-0.007199999999999998,59433000.0,0.006004,-0.002314,1353.64,0.054193,0.016497,0.02321653394171207
C,2012-10-15 20:36:05,0.0246,0.0267,0.0133,0.1875,0.625,0.1875,-0.002100000000000001,76080400.0,0.054964,0.008078,1440.13,-0.021678,-0.002966,0.021329848028838246
C,2013-01-17 19:12:05,0.0372,0.0306,0.0153,0.125,0.5625,0.3125,0.006599999999999998,80186600.0,-0.02919,0.005643,1480.94,-0.002114,0.000197,0.015443749697603362
C,2013-03-05 23:54:03,0.0285,0.0111,0.0149,0.6666666666666666,0.0,0.3333333333333333,0.0174,43223400.0,0.01537,0.009566,1539.79,0.01971,0.004611,0.0207823023641645
C,2013-04-15 19:39:05,0.0365,0.0288,0.0144,0.1176470588235294,0.4705882352941176,0.4117647058823529,0.0076999999999999985,56797100.0,0.00201,-0.022966,1552.36,-0.002006,-0.002837,0.01615716884887673
C,2013-05-29 23:38:06,0.0237,0.0349,0.0139,0.5,0.5,0.0,-0.011200000000000002,30021300.0,0.009461,-0.007048,1648.36,0.025139,0.006341,0.014483394681880089
C,2013-07-15 17:57:03,0.0232,0.0306,0.0221,0.1176470588235294,0.4117647058823529,0.4705882352941176,-0.0074,57332000.0,0.019681,0.001375,1682.5,0.015388,0.003087,0.011980262763302774
C,2013-10-15 19:19:04,0.0346,0.0547,0.0156,0.1578947368421052,0.4736842105263157,0.3684210526315789,-0.0201,49035600.0,-0.014919,-0.007064,1698.06,0.00772,0.004075,0.014316710734895358
C,2013-10-23 16:00:04,0.031,0.0299,0.0217,0.4,0.4,0.2,0.0011000000000000003,19530800.0,-0.011229,-0.004725,1746.38,-0.005291,0.005738,0.017165779297777344
C,2013-12-10 22:28:07,0.0653,0.027,0.0169,1.0,0.0,0.0,0.0383,20025700.0,-0.0071,-0.00318,1802.62,0.012041,0.001817,0.008769434646036911
C,2014-01-16 21:46:05,0.0481,0.0364,0.0128,0.0952380952380952,0.5714285714285714,0.3333333333333333,0.011699999999999995,62976000.0,-0.043463,-0.001347,1845.89,0.019277,0.005166,0.019554879385406065
C,2014-01-23 17:53:03,0.033,0.0237,0.0165,0.2222222222222222,0.5555555555555556,0.2222222222222222,0.009300000000000003,34854100.0,-0.022736,-0.00889,1828.46,0.000964,0.000575,0.01759343223920668
C,2014-04-14 21:48:04,0.0391,0.0498,0.0214,0.1176470588235294,0.5294117647058824,0.3529411764705882,-0.010699999999999994,51970279.0,0.043564,0.008217,1830.61,-0.011897,-0.009487,0.018542099157203232
C,2014-05-27 20:46:06,0.0601,0.0254,0.0104,0.5,0.5,0.0,0.0347,24507605.0,0.005921,0.005988,1911.91,0.003182,0.004248,0.006737662967726113
C,2014-05-29 17:13:05,0.0273,0.033,0.0057,0.5,0.0,0.5,-0.0057,15554537.0,-0.000845,0.005367,1920.03,-0.005255,-0.001114,0.0065810369336620055
C,2014-07-14 20:47:05,0.0375,0.0257,0.0182,0.1,0.5,0.4,0.011799999999999998,36157806.0,0.030213,0.004844,1977.1,0.002132,0.001471,0.01214207382113035
C,2014-09-08 16:50:03,0.0369,0.006,0.0214,0.5,0.5,0.0,0.030900000000000004,13562535.0,-0.00478,-0.003073,2001.54,-0.00324,0.005036,0.0073502388139585996
C,2014-10-15 05:40:03,0.037,0.0207,0.012,0.1666666666666666,0.5,0.3333333333333333,0.0163,55398298.0,-0.034778,-0.0081,1862.49,0.031463,0.001579,0.022847445716948103
C,2014-11-13 23:19:05,0.0331,0.0095,0.0142,0.4285714285714285,0.4285714285714285,0.1428571428571428,0.023599999999999996,12668376.0,0.000374,0.00053,2039.33,-0.007248,-0.000701,0.006681928298694185
C,2014-12-09 18:58:07,0.0262,0.0196,0.0144,1.0,0.0,0.0,0.006600000000000002,26262896.0,-0.009225,-0.000238,2059.82,0.005171,-0.007257,0.010876988088518764
C,2015-01-16 01:30:04,0.0383,0.0252,0.0164,0.2,0.6,0.2,0.0131,32306956.0,0.008046,0.013424,2019.42,-0.037105,-0.009248,0.01923726656749576
C,2015-01-24 03:22:04,0.0211,0.0243,0.0254,0.1176470588235294,0.3529411764705882,0.5294117647058824,-0.003199999999999998,18984656.0,-0.019165,-0.005492,2051.82,0.038333,0.01527,0.02112370157508704
C,2015-03-02 17:33:07,0.053,0.0169,0.0135,0.5,0.5,0.0,0.0361,19384199.0,0.020412,0.006125,2117.39,0.000191,-0.002956,0.009417967231131566
C,2015-04-16 21:44:04,0.0395,0.0267,0.0128,0.1666666666666666,0.5,0.3333333333333333,0.012799999999999999,38345622.0,0.015223,-0.000778,2104.99,0.009103,0.005148,0.005575266227823781
C,2015-04-24 01:25:05,0.0269,0.0228,0.0207,0.1764705882352941,0.5882352941176471,0.2352941176470588,0.0040999999999999995,10150537.0,-0.006013,0.002253,2117.69,0.00226,0.002358,0.010572456962945493
C,2015-07-16 23:17:14,0.0367,0.0265,0.0133,0.1666666666666666,0.5555555555555556,0.2777777777777778,0.010200000000000004,41084043.0,0.037726,0.008015,2124.29,0.009837,-0.000735,0.019145390904572575
C,2015-07-21 21:20:04,0.0319,0.0134,0.0165,0.2,0.3,0.5,0.018499999999999996,21541708.0,0.004248,-0.004262,2119.21,0.001702,0.000771,0.017484660522869795
C,2015-09-16 16:35:11,0.0493,0.0092,0.0115,0.5,0.5,0.0,0.0401,17369472.0,0.011346,0.008705,1995.31,0.020008,0.012831,0.014500524475189059
C,2015-10-15 21:47:03,0.0376,0.0301,0.0172,0.1764705882352941,0.6470588235294118,0.1764705882352941,0.007500000000000003,31023069.0,0.044361,0.014853,2023.86,-0.009568,-0.004716,0.016487504002526722
C,2015-12-09 19:18:06,0.0377,0.0153,0.0139,0.3333333333333333,0.3333333333333333,0.3333333333333333,0.022399999999999996,19903691.0,-0.010863,-0.007739,2047.62,-0.018566,-0.00649,0.014815690544899474
C,2016-01-16 02:25:07,0.0503,0.0213,0.0123,0.1875,0.5625,0.25,0.028999999999999998,52452566.0,-0.064125,-0.021599,1880.33,0.004205,0.016696,0.025510038297806552
C,2016-04-15 21:17:15,0.034,0.0238,0.0125,0.1666666666666666,0.6111111111111112,0.2222222222222222,0.0102,39168642.0,-0.001334,-0.000984,2080.73,0.016497,0.000173,0.02470368523925128
C,2016-05-31 22:09:21,0.0306,0.0133,0.0133,1.0,0.0,0.0,0.0173,21404013.0,-0.000215,-0.001,2096.96,0.010193,0.004287,0.020023537409758596
C,2016-07-15 22:45:19,0.0409,0.0243,0.0133,0.1764705882352941,0.5882352941176471,0.2352941176470588,0.0166,29198761.0,-0.0027,-0.000929,2161.74,0.025848,0.005259,0.0174272804753544
C,2016-09-14 15:25:06,0.048,0.0217,0.008,0.5,0.5,0.0,0.0263,19778442.0,-0.003623,-0.000588,2125.77,-0.018205,-0.014831,0.00938900211476774
C,2016-10-14 20:01:16,0.0399,0.0188,0.0144,0.125,0.5,0.375,0.021099999999999997,28291799.0,0.002888,0.000202,2132.98,-0.004723,-0.003099,0.009650826171312528
C,2016-11-16 20:22:06,0.0545,0.0059,0.0095,0.6666666666666666,0.3333333333333333,0.0,0.0486,24200100.0,-0.014788,-0.001582,2176.94,0.014082,0.007481,0.02151981829229363
C,2016-12-08 05:52:04,0.0232,0.0137,0.0096,0.5,0.5,0.0,0.009499999999999998,32535971.0,0.018456,0.002159,2246.19,0.019682,0.013163,0.016639007138181252
C,2017-01-19 02:20:07,0.0412,0.0264,0.0159,0.2142857142857142,0.4285714285714285,0.3571428571428571,0.0148,24932449.0,-0.01272,-0.003609,2263.69,-0.016958,0.001764,0.009497353902827748
C,2017-03-07 22:57:04,0.0384,0.0213,0.0156,0.5,0.5,0.0,0.017099999999999997,17297849.0,0.00365,-0.002913,2368.39,-0.011803,-0.003277,0.013433685444516865
C,2017-04-13 19:15:09,0.0398,0.0151,0.0161,0.1875,0.5,0.3125,0.0247,31784350.0,-0.008033,-0.006815,2328.95,-0.008809,-0.00376,0.004902730405940685
C,2017-06-13 17:54:08,0.0341,0.0152,0.0227,0.5,0.5,0.0,0.0189,18749028.0,0.005753,0.004511,2440.35,-0.002017,-0.000979,0.011858629508599398
C,2017-07-14 19:40:24,0.0349,0.0164,0.0103,0.2,0.3333333333333333,0.4666666666666667,0.0185,20742307.0,-0.004476,0.004674,2459.27,0.001494,0.001875,0.009338504620357933
C,2017-10-12 19:23:05,0.0314,0.0188,0.0115,0.1875,0.625,0.1875,0.012599999999999997,40166252.0,-0.034294,-0.001687,2550.93,-0.003192,0.001803,0.01469094648225384
C,2017-12-07 00:34:09,0.0314,0.0183,0.0144,0.5,0.5,0.0,0.013099999999999997,19173389.0,-0.006098,0.002932,2636.98,-0.014372,-0.000114,0.015267154047533328
C,2018-01-16 22:14:05,0.0464,0.0158,0.0137,0.1764705882352941,0.4117647058823529,0.4117647058823529,0.030599999999999995,26181356.0,0.003514,-0.003524,2776.42,0.01694,0.00675,0.00817241116603104
C,2018-03-06 21:10:08,0.042,0.0066,0.0105,0.5,0.5,0.0,0.0354,14891169.0,-0.004837,0.002639,2728.12,0.010043,0.011032,0.012134978114250364
C,2018-04-13 19:50:07,0.0389,0.0105,0.0116,0.1875,0.6875,0.125,0.028399999999999995,31356016.0,-0.015527,-0.002887,2656.3,0.03205,0.008251,0.016507898508155358
C,2018-05-29 19:17:05,0.036,0.0075,0.0012,1.0,0.0,0.0,0.028499999999999998,37721402.0,-0.039889,-0.011564,2689.86,-0.012552,-0.002357,0.01435126268892979
C,2018-05-30 19:42:08,0.0415,0.0091,0.0143,0.5,0.5,0.0,0.0324,19040496.0,0.014762,0.012696,2724.01,-0.039889,-0.011564,0.01607661378835735
C,2018-06-13 17:46:51,0.0335,0.0103,0.0077,0.5,0.5,0.0,0.023200000000000002,17531479.0,-0.004733,-0.004026,2775.63,-0.007341,0.001743,0.00908931077267272
C,2018-07-13 22:59:05,0.0543,0.0111,0.01,0.2,0.4666666666666667,0.3333333333333333,0.0432,34069358.0,-0.022041,0.001079,2801.31,0.008835,0.008749,0.014238781486957916
C,2018-09-12 17:05:08,0.0523,0.0067,0.02,0.3333333333333333,0.6666666666666666,0.0,0.0456,17434943.0,0.015555,0.000357,2888.92,-0.002872,0.00374,0.008802226640016949
C,2018-10-12 20:33:04,0.0523,0.0157,0.0094,0.2307692307692307,0.4615384615384615,0.3076923076923077,0.0366,29024166.0,0.021351,0.014206,2767.13,-0.022445,-0.020573,0.014184943261939623
C,2018-12-05 21:05:04,0.0247,0.0302,0.022,0.5,0.5,0.0,-0.005500000000000001,27104528.0,-0.044506,-0.032365,2700.06,0.005711,0.010941,0.02485732560590096
C,2019-01-14 21:10:08,0.0439,0.0246,0.0182,0.2631578947368421,0.4210526315789473,0.3157894736842105,0.0193,34783396.0,0.039513,-0.005258,2582.61,0.004429,-0.000146,0.020436835079227843
C,2019-03-12 20:35:07,0.0602,0.0268,0.0134,0.5,0.5,0.0,0.0334,14772224.0,0.008024,0.002953,2791.52,0.004028,0.014666,0.008139086104853796
C,2019-04-15 22:08:09,0.0415,0.0166,0.0083,0.2,0.4666666666666667,0.3333333333333333,0.024900000000000002,19493878.0,-0.000593,-0.000629,2905.58,0.02291,0.006609,0.00976807540977818
C,2019-05-29 18:36:06,0.0208,0.0326,0.0169,0.5,0.0,0.5,-0.011799999999999998,13836272.0,-0.001254,-0.006912,2783.02,-0.009318,-0.008376,0.012960991226239942
C,2019-06-11 21:53:06,0.0294,0.0268,0.0204,1.0,0.0,0.0,0.002599999999999998,9800911.0,0.011323,-0.00035,2885.72,0.021769,0.00466,0.020422188182899988
C,2019-07-15 18:31:49,0.0342,0.0281,0.0147,0.1875,0.375,0.4375,0.006100000000000001,23365832.0,-0.000836,0.000176,3014.3,0.002234,0.00462,0.00573548317154824
C,2019-10-15 20:12:25,0.037,0.0179,0.0089,0.1875,0.4375,0.375,0.0191,22040949.0,0.013952,0.009956,2995.68,0.001997,-0.001387,0.0181739602007317
C,2019-12-10 23:17:21,0.0326,0.0078,0.0131,1.0,0.0,0.0,0.024799999999999996,13020910.0,0.005974,-0.001097,3132.52,-0.006332,-0.003163,0.009925388670811273
C,2020-04-15 21:58:08,0.0214,0.0366,0.0101,0.2727272727272727,0.5454545454545454,0.1818181818181818,-0.015200000000000002,32248988.0,-0.056363,-0.02203,2783.36,-0.026992,0.030573,0.06097771391154132
C,2020-05-29 20:41:07,0.033,0.0193,0.0055,0.5,0.0,0.5,0.0137,35900474.0,-0.025427,0.004812,3044.31,-0.059319,-0.002108,0.055387037758446306
C,2020-06-11 00:40:08,0.0407,0.014,0.0112,0.5,0.5,0.0,0.0267,62098621.0,-0.133727,-0.058944,3002.1,-0.061176,-0.005313,0.06160621679271591
C,2020-07-14 23:59:08,0.0376,0.0276,0.0099,0.2,0.4,0.4,0.010000000000000002,35814438.0,-0.039272,0.013406,3197.52,-0.008547,-0.009363,0.0316301258558286
C,2020-10-13 21:36:07,0.0418,0.0325,0.022,0.1666666666666666,0.4444444444444444,0.3888888888888889,0.009299999999999996,49899070.0,-0.047951,-0.006307,3511.93,0.021144,0.016419,0.021248083823671726
CHTR,2008-02-06 19:32:11,0.0357,0.0069,0.015,0.2727272727272727,0.4545454545454545,0.2727272727272727,0.028800000000000003,6693303.0,-0.008197,-0.007624,1326.45,-0.00813,-0.031995,0.03849769936214078
CHTR,2008-04-30 16:49:12,0.0428,0.0104,0.0116,0.25,0.5,0.25,0.0324,8171818.0,0.04902,-0.003846,1385.59,0.051546,-0.003889,0.031575161972840424
CHTR,2008-08-06 18:58:18,0.0442,0.0227,0.0045,0.2857142857142857,0.5,0.2142857142857142,0.021500000000000002,2169984.0,0.027523,0.003354,1289.19,-0.04386,0.028719,0.06318138752512482
CHTR,2008-11-05 16:54:19,0.0363,0.0231,0.0143,0.2857142857142857,0.5,0.2142857142857142,0.0132,2183279.0,-0.14,-0.052677,952.77,0.086957,0.040826,0.07411164898276412
CHTR,2009-02-04 20:04:16,0.0372,0.0221,0.0093,0.4444444444444444,0.5555555555555556,0.0,0.015099999999999995,2999176.0,-0.058228,-0.007489,832.23,0.126961,0.015834,0.11471806109864878
CHTR,2009-04-29 16:53:26,0.0295,0.017,0.0045,0.25,0.4375,0.3125,0.012499999999999997,,,-0.023855,815.55,-0.283154,-0.008332,
CHTR,2010-01-28 19:35:16,0.0264,0.0172,0.0057,0.3333333333333333,0.6666666666666666,0.0,0.0092,,,-0.023855,815.55,-0.283154,-0.008332,
CHTR,2010-11-04 20:06:24,0.0336,0.007,0.0081,0.1875,0.5,0.3125,0.0266,497660.0,0.071964,0.019283,1221.06,0.025838,0.003678,0.02488294733815345
CHTR,2011-01-27 20:06:21,0.0314,0.007,0.0081,0.1538461538461538,0.5384615384615384,0.3076923076923077,0.024399999999999998,19895.0,-0.003313,0.002244,1299.54,0.014402,0.004221,0.009357565804084032
CHTR,2011-04-28 17:21:29,0.0298,0.0099,0.0121,0.1538461538461538,0.5384615384615384,0.3076923076923077,0.0199,349517.0,0.044904,0.003555,1360.48,0.015195,0.00625,0.014942954170592555
CHTR,2011-07-28 16:31:15,0.0299,0.01,0.0089,0.1428571428571428,0.5714285714285714,0.2857142857142857,0.0199,656213.0,-0.04551,-0.003234,1300.67,-0.027801,-0.020309,0.022082289531306094
CHTR,2011-08-02 19:37:27,0.0475,0.0113,0.0158,0.2142857142857142,0.4285714285714285,0.3571428571428571,0.0362,865281.0,-0.04298,-0.025557,1254.05,-0.013333,-0.004132,0.022539224525750873
CHTR,2011-10-27 17:41:27,0.0378,0.0122,0.0122,0.2307692307692307,0.6923076923076923,0.0769230769230769,0.025599999999999998,524611.0,-0.012744,0.034291,1284.59,0.011684,0.010537,0.016829168101509754
CHTR,2011-11-01 17:43:01,0.0595,0.0131,0.0155,0.2666666666666666,0.4,0.3333333333333333,0.0464,890653.0,0.019808,-0.027942,1218.28,0.007898,-0.024738,0.030502856919748557
CHTR,2012-01-26 18:41:09,0.0403,0.0101,0.0067,0.2142857142857142,0.6428571428571429,0.1428571428571428,0.030200000000000005,676841.0,0.013516,-0.005746,1318.43,0.018891,0.008672,0.011558742636347492
CHTR,2012-02-27 20:35:07,0.0403,0.012,0.0218,0.2352941176470588,0.4117647058823529,0.3529411764705882,0.028300000000000002,482179.0,0.002207,0.001355,1367.59,-0.001102,0.001672,0.012624160638763938
CHTR,2012-04-26 17:01:07,0.046,0.0104,0.0092,0.2727272727272727,0.6363636363636364,0.0909090909090909,0.0356,313199.0,0.005278,0.00668,1399.98,0.007645,0.013645,0.012323628867161662
CHTR,2012-05-08 19:11:12,0.0387,0.011,0.0166,0.2,0.5333333333333333,0.2666666666666666,0.0277,1713635.0,0.050954,-0.004279,1363.72,0.00406,0.000351,0.017646494610670638
CHTR,2012-08-02 16:21:09,0.0368,0.0161,0.0092,0.25,0.6666666666666666,0.0833333333333333,0.0207,566420.0,-0.000511,-0.007374,1365.0,0.018461,-0.00303,0.012662654152181589
CHTR,2012-08-07 22:01:04,0.0323,0.0097,0.0151,0.125,0.625,0.25,0.022600000000000002,1864215.0,-0.011728,0.005107,1401.35,-0.029276,0.002329,0.0169555176519158
CHTR,2012-11-05 17:21:07,0.0381,0.0131,0.006,0.1578947368421052,0.7368421052631579,0.1052631578947368,0.025,1755807.0,-0.028818,0.002164,1417.26,-0.034084,-0.009379,0.015995196341401553
CHTR,2012-11-06 18:41:14,0.0304,0.0152,0.0105,0.1333333333333333,0.7333333333333333,0.1333333333333333,0.0152,2396888.0,-0.01804,0.007853,1428.39,-0.028818,0.002164,0.01608285801577386
CHTR,2013-01-31 18:21:26,0.0426,0.013,0.0047,0.2142857142857142,0.7142857142857143,0.0714285714285714,0.0296,2700004.0,-0.044836,-0.002563,1498.11,0.001595,-0.0039,0.017899828833445625
CHTR,2013-02-22 18:41:19,0.0281,0.0129,0.0129,0.1428571428571428,0.6428571428571429,0.2142857142857142,0.0152,4187638.0,0.103726,0.008773,1515.6,-0.012309,-0.006303,0.035586979729014895
CHTR,2013-02-26 23:02:23,0.048,0.0082,0.0082,0.6666666666666666,0.3333333333333333,0.0,0.0398,2003289.0,0.041296,0.006109,1496.94,-0.02023,-0.01831,0.03733223694059696
CHTR,2013-03-06 20:51:39,0.064,0.016,0.0053,0.5,0.5,0.0,0.048,2094519.0,0.027052,0.001085,1541.46,0.007127,0.009566,0.036050554340629065
CHTR,2013-04-25 16:21:33,0.0479,0.0082,0.0035,0.1764705882352941,0.6470588235294118,0.1764705882352941,0.0397,728454.0,-0.018826,0.004035,1585.16,-0.013026,6e-06,0.01247032918571057
CHTR,2013-05-07 18:31:26,0.0282,0.0113,0.0169,0.1875,0.625,0.1875,0.0169,1684946.0,0.044368,0.00523,1625.96,0.004015,0.001908,0.018109436710056426
CHTR,2013-05-16 22:11:08,0.024,0.0088,0.005,0.6666666666666666,0.0,0.3333333333333333,0.0152,1223920.0,-0.008033,-0.00501,1650.47,0.006592,0.005114,0.014599659935156207
CHTR,2013-08-01 17:51:13,0.0306,0.0098,0.0061,0.1875,0.625,0.1875,0.0208,918888.0,0.017655,0.012541,1706.87,0.015835,-0.000136,0.014092944529483365
CHTR,2013-08-06 18:21:12,0.0385,0.0136,0.0113,0.25,0.625,0.125,0.0249,1243848.0,-0.023819,-0.005723,1697.37,-0.028731,-0.00148,0.022537221828196077
CHTR,2013-10-31 17:21:10,0.0271,0.0244,0.0081,0.2727272727272727,0.5454545454545454,0.1818181818181818,0.0026999999999999975,1019932.0,-0.007258,-0.003839,1756.54,-0.016104,-0.004876,0.01083222154294954
CHTR,2013-11-05 19:31:24,0.0189,0.0067,0.0145,0.2,0.6,0.2,0.012199999999999999,1604550.0,-0.034691,-0.002806,1762.97,-0.016658,0.003571,0.019230729923166268
CHTR,2014-01-30 18:31:19,0.0303,0.0117,0.0047,0.2666666666666666,0.5333333333333333,0.2,0.0186,1300998.0,0.003834,0.011267,1794.19,0.011636,-0.010209,0.016577316196470463
CHTR,2014-02-22 01:01:10,0.0368,0.0089,0.0134,0.2,0.6,0.2,0.0279,5432288.0,-0.051274,-0.001919,1836.25,0.010733,0.006031,0.026716567519882307
CHTR,2014-04-24 18:05:08,0.0681,0.015,0.0035,0.2666666666666666,0.4666666666666667,0.2666666666666666,0.053099999999999994,2178413.0,0.018657,0.001717,1878.61,0.008979,-0.002213,0.02259316633679764
CHTR,2014-04-28 18:37:12,0.037,0.0116,0.0116,0.25,0.4166666666666667,0.3333333333333333,0.0254,7014373.0,0.077225,0.003236,1869.43,-0.003679,-0.008096,0.027448430147581287
CHTR,2014-07-31 15:11:14,0.0473,0.0154,0.0059,0.25,0.5,0.25,0.0319,2800185.0,-0.044817,-0.019999,1930.67,-0.001789,6.1e-05,0.014888465643278904
CHTR,2014-07-31 18:11:18,0.0309,0.0066,0.0155,0.2,0.4,0.4,0.024300000000000002,2800185.0,-0.044817,-0.019999,1930.67,-0.001789,6.1e-05,0.014888465643278904
CHTR,2014-10-30 17:31:23,0.0476,0.017,0.0068,0.1666666666666666,0.5555555555555556,0.2777777777777778,0.030600000000000002,1000477.0,0.004489,0.00623,1994.65,-0.023443,-0.001385,0.019626139610506552
CHTR,2014-10-31 17:41:18,0.0483,0.0071,0.0118,0.25,0.4166666666666667,0.3333333333333333,0.0412,1014765.0,0.025842,0.011731,2018.05,0.004489,0.00623,0.01967325085292732
CHTR,2015-01-29 19:10:08,0.0334,0.0178,0.0045,0.1578947368421052,0.4736842105263157,0.3684210526315789,0.0156,1329216.0,0.009861,0.009535,2021.25,-0.037238,-0.013496,0.018624789568087496
CHTR,2015-02-05 17:31:19,0.0271,0.0056,0.0113,0.2307692307692307,0.5384615384615384,0.2307692307692307,0.0215,2159712.0,0.068049,0.010291,2062.52,0.033044,-0.004156,0.028867063111403645
CHTR,2015-04-30 18:32:05,0.0493,0.0132,0.0072,0.25,0.5,0.25,0.03609999999999999,2080514.0,-0.006585,-0.010129,2085.51,0.032913,-0.00374,0.01661549993229168
CHTR,2015-05-01 19:36:15,0.0358,0.0161,0.015,0.2142857142857142,0.5714285714285714,0.2142857142857142,0.0197,1660354.0,0.002005,0.010923,2108.29,-0.006585,-0.010129,0.015460107393618154
CHTR,2015-07-30 17:50:07,0.0465,0.0163,0.0081,0.2941176470588235,0.4117647058823529,0.2941176470588235,0.0302,1048903.0,0.019582,2.8e-05,2108.63,-0.001733,0.007319,0.012205909244659864
CHTR,2015-08-04 18:08:07,0.0296,0.0114,0.0114,0.2307692307692307,0.6923076923076923,0.0769230769230769,0.0182,1934459.0,0.022369,-0.00225,2093.32,0.007802,-0.002757,0.013124217360792128
CHTR,2015-10-29 18:20:09,0.0561,0.0126,0.008,0.3333333333333333,0.4666666666666667,0.2,0.0435,3206536.0,0.050136,-0.00045,2089.41,0.016622,0.01184,0.027884389884146557
CHTR,2015-10-29 20:08:18,0.0208,0.0109,0.012,0.2142857142857142,0.5,0.2857142857142857,0.009899999999999999,3206536.0,0.050136,-0.00045,2089.41,0.016622,0.01184,0.027884389884146557
CHTR,2016-01-28 18:49:09,0.0491,0.0091,0.0091,0.2777777777777778,0.4444444444444444,0.2777777777777778,0.039999999999999994,1607789.0,0.012161,0.005529,1893.36,-0.039961,-0.010863,0.02560986364317871
CHTR,2016-02-04 21:42:09,0.0288,0.0144,0.0177,0.2142857142857142,0.5714285714285714,0.2142857142857142,0.0144,4003898.0,-0.033721,0.001527,1915.45,0.025872,0.004992,0.026659900763339225
CHTR,2016-04-28 19:26:28,0.0361,0.0108,0.0144,0.25,0.5833333333333334,0.1666666666666666,0.0253,3196858.0,0.016083,-0.009231,2075.81,-0.017328,0.001649,0.021611393494327256
CHTR,2016-04-29 05:38:28,0.0449,0.0135,0.0045,0.3571428571428571,0.3571428571428571,0.2857142857142857,0.031400000000000004,2993116.0,0.011871,-0.005063,2065.3,0.016083,-0.009231,0.021635111683711055
CHTR,2016-08-09 19:31:02,0.0159,0.0125,0.0171,0.3333333333333333,0.5555555555555556,0.1111111111111111,0.0034000000000000002,5655748.0,0.079976,0.00039,2181.74,0.008646,-0.000907,0.026244792369153617
CHTR,2016-11-03 20:04:38,0.0173,0.0173,0.0115,0.0,0.5714285714285714,0.4285714285714285,0.0,4560571.0,-0.021707,-0.004423,2088.66,0.013383,-0.006525,0.01794017771372361
CHTR,2017-02-16 18:21:46,0.0174,0.0174,0.0174,0.0,0.75,0.25,0.0,2050804.0,-0.002214,-0.000864,2347.22,0.009876,0.004992,0.008954404964410053
CHTR,2017-05-02 17:50:34,0.0153,0.0218,0.012,0.0,0.7142857142857143,0.2857142857142857,-0.006500000000000001,2490997.0,-0.018742,0.001189,2391.17,-0.002955,0.001732,0.010799811039498482
CHTR,2017-05-17 21:04:08,0.023,0.0316,0.0043,0.5,0.0,0.5,-0.008600000000000003,2390074.0,-0.021562,-0.018178,2357.03,-0.003301,-0.000687,0.018264146404301594
CHTR,2017-07-27 19:00:25,0.0221,0.0209,0.0099,0.0,0.75,0.25,0.0012000000000000031,3552388.0,0.051983,-0.000973,2475.42,0.002213,0.000283,0.016668535461894316
CHTR,2017-09-13 01:32:07,0.039,0.0153,0.0042,0.5,0.5,0.0,0.0237,1616688.0,0.00933,0.000757,2498.37,0.00147,0.003364,0.016420606887214282
CHTR,2017-10-26 18:05:43,0.0128,0.0058,0.0128,0.0,0.5454545454545454,0.4545454545454545,0.007000000000000001,8927655.0,-0.082978,0.001271,2560.4,0.013666,-0.004663,0.027736652305608334
CHTR,2018-02-02 21:49:08,0.016,0.0126,0.016,0.2,0.4,0.4,0.0034000000000000002,4374876.0,0.043968,-0.021209,2762.13,-0.01609,-0.000648,0.01650997436029995
CHTR,2018-04-27 20:39:06,0.0209,0.0139,0.0151,0.1818181818181818,0.4545454545454545,0.3636363636363636,0.006999999999999999,15515907.0,-0.116804,0.001114,2669.91,-0.007325,0.010434,0.03919697796514402
CHTR,2018-07-31 18:34:16,0.0274,0.0148,0.0137,0.0,0.4545454545454545,0.5454545454545454,0.0126,2531345.0,0.036339,0.004885,2816.29,0.026581,-0.005754,0.02593073651608552
CHTR,2018-10-26 20:46:48,0.0208,0.0162,0.0139,0.2727272727272727,0.5454545454545454,0.1818181818181818,0.0046,4567171.0,-0.062895,-0.017327,2658.69,0.028623,0.018625,0.027868225575215514
CHTR,2019-01-31 18:34:10,0.0234,0.0152,0.014,0.2727272727272727,0.4545454545454545,0.2727272727272727,0.0082,5172234.0,0.141906,0.008597,2704.1,0.000449,0.015549,0.04640524382725135
CHTR,2019-04-30 19:43:08,0.029,0.0162,0.0139,0.25,0.5,0.25,0.012800000000000002,1320407.0,0.000593,0.000951,2945.83,0.002215,0.001071,0.0069694476777802895
CHTR,2019-07-26 19:12:34,0.0321,0.0148,0.0037,0.1333333333333333,0.6666666666666666,0.2,0.017299999999999996,1605721.0,-0.016547,0.007388,3025.86,-0.010179,-0.005262,0.007371747289481945
CHTR,2019-10-25 17:17:33,0.0296,0.0162,0.004,0.1538461538461538,0.3846153846153846,0.4615384615384615,0.013400000000000002,2252165.0,0.062335,0.004073,3022.55,-0.001125,0.00192,0.02081086627728635
CHTR,2020-01-31 20:08:37,0.0252,0.0186,0.0106,0.1538461538461538,0.6153846153846154,0.2307692307692307,0.006600000000000002,2047974.0,0.049657,-0.017706,3225.52,0.004565,0.003134,0.01966253635413706
CHTR,2020-05-01 20:32:35,0.0257,0.0378,0.0095,0.1666666666666666,0.4166666666666667,0.4166666666666667,-0.0121,1665113.0,0.029098,-0.028059,2830.71,0.001132,-0.009212,0.01521545661636309
CHTR,2020-07-31 16:40:20,0.0162,0.0209,0.0151,0.25,0.5833333333333334,0.1666666666666666,-0.004699999999999999,1629833.0,0.029391,0.00767,3271.12,-0.005261,-0.00375,0.010507108662445024
CHTR,2020-10-30 16:22:13,0.0255,0.0127,0.0127,0.1666666666666666,0.5,0.3333333333333333,0.012799999999999999,2441267.0,0.048299,-0.01213,3269.96,0.005973,0.011947,0.021046079751081255
CHTR,2021-01-29 19:55:08,0.0374,0.0091,0.0147,0.1818181818181818,0.6363636363636364,0.1818181818181818,0.028300000000000002,2381106.0,-0.071932,-0.019312,3714.24,0.063123,0.009761,0.037190770682462855
CMCSA,2005-11-16 15:11:37,0.0393,0.0116,0.0127,0.2727272727272727,0.6363636363636364,0.0909090909090909,0.027700000000000002,14162918.0,-0.013978,0.00179,1231.21,,,
CMCSA,2006-02-03 18:26:14,0.0302,0.007,0.0116,0.2727272727272727,0.7272727272727273,0.0,0.023200000000000002,16857809.0,0.002221,-0.005359,1264.03,-0.034655,-0.009061,0.015949148958486783
CMCSA,2006-04-27 15:46:40,0.0273,0.0084,0.0126,0.2727272727272727,0.4545454545454545,0.2727272727272727,0.0189,58539790.0,0.042808,0.003302,1309.72,0.012834,0.002819,0.016346780592316434
CMCSA,2006-07-27 16:18:40,0.032,0.0077,0.011,0.2727272727272727,0.4545454545454545,0.2727272727272727,0.024300000000000002,33696401.0,0.046125,-0.0041,1263.2,-0.002148,-0.000378,0.018910745275871298
CMCSA,2006-10-26 17:16:42,0.0259,0.0079,0.009,0.25,0.5833333333333334,0.1666666666666666,0.018,25605470.0,0.031992,0.004963,1389.08,-0.006409,0.003514,0.01235011279525638
CMCSA,2007-02-01 19:06:32,0.0356,0.0069,0.0103,0.2727272727272727,0.5454545454545454,0.1818181818181818,0.0287,26259234.0,-0.032244,0.005354,1445.94,0.014874,0.006593,0.017038141346533205
CMCSA,2007-04-26 14:33:46,0.0238,0.0103,0.0083,0.2142857142857142,0.5714285714285714,0.2142857142857142,0.013500000000000002,33596035.0,-0.035244,-0.000782,1494.25,0.020341,0.010139,0.01572984279924274
CMCSA,2007-07-26 14:49:24,0.0195,0.0051,0.0082,0.25,0.6666666666666666,0.0833333333333333,0.0144,54497260.0,-0.046601,-0.023339,1482.66,0.008128,0.004666,0.02188316016788556
CMCSA,2007-10-25 16:46:37,0.0201,0.0084,0.0042,0.2666666666666666,0.4,0.3333333333333333,0.0117,129657002.0,-0.107757,-0.000976,1514.4,0.010593,-0.002441,0.036307724884351786
CMCSA,2008-02-14 18:51:10,0.0444,0.007,0.0094,0.3333333333333333,0.5833333333333334,0.0833333333333333,0.0374,61767206.0,0.080292,-0.013421,1348.86,0.033662,0.013604,0.033704671188954725
CMCSA,2008-05-01 16:09:07,0.0413,0.0156,0.0112,0.2857142857142857,0.6428571428571429,0.0714285714285714,0.025700000000000004,46562972.0,0.085645,0.017141,1409.34,0.014314,-0.003846,0.02909520777264415
CMCSA,2008-07-30 20:52:11,0.0279,0.014,0.0054,0.3333333333333333,0.5833333333333334,0.0833333333333333,0.013900000000000001,37515427.0,0.046402,0.016672,1284.26,0.014815,0.023356,0.02653478765382027
CMCSA,2008-10-29 16:11:28,0.0322,0.0189,0.0078,0.2142857142857142,0.5714285714285714,0.2142857142857142,0.0133,40381655.0,-0.099057,-0.011079,930.09,0.245228,0.10789,0.10157074182307073
CMCSA,2009-02-18 21:08:07,0.0453,0.0163,0.0128,0.3076923076923077,0.5384615384615384,0.1538461538461538,0.029,45352996.0,-0.041117,-0.00095,788.42,-0.056369,-0.045559,0.031205616745850213
CMCSA,2009-04-30 19:40:17,0.0323,0.0258,0.0086,0.2857142857142857,0.4285714285714285,0.2857142857142857,0.006500000000000002,35288776.0,0.014436,-0.00095,872.81,0.073996,0.02161,0.03419151029146138
CMCSA,2009-08-06 19:19:11,0.0403,0.0272,0.0044,0.2857142857142857,0.4285714285714285,0.2857142857142857,0.013100000000000004,25184200.0,-0.000664,-0.005625,997.08,-0.022078,-0.002914,0.01853571242194072
CMCSA,2010-02-03 17:16:16,0.0543,0.009,0.0068,0.2857142857142857,0.5714285714285714,0.1428571428571428,0.0453,29323798.0,-0.019644,-0.005474,1097.28,0.021957,0.012973,0.01779392262949468
CMCSA,2010-07-28 18:35:13,0.0573,0.0042,0.0062,0.3125,0.5625,0.125,0.053099999999999994,29984498.0,0.011899,-0.006922,1106.13,-0.007191,-0.001049,0.02318478637095165
CMCSA,2010-10-27 18:05:21,0.0435,0.0045,0.0056,0.2777777777777778,0.5555555555555556,0.1666666666666666,0.039,47440033.0,0.032077,-0.002691,1182.45,-0.006576,1.7e-05,0.012777362823020645
CMCSA,2011-02-16 20:31:00,0.0632,0.0023,0.0056,0.3125,0.5625,0.125,0.06090000000000001,37478414.0,0.040149,0.006257,1336.32,0.012149,-0.003235,0.012769771678547003
CMCSA,2011-05-04 19:31:00,0.0563,0.0106,0.0059,0.3125,0.5625,0.125,0.045700000000000005,29824723.0,-0.024427,-0.006855,1347.32,-0.002624,-0.003379,0.014026967376371019
CMCSA,2011-08-03 16:31:09,0.0374,0.0042,0.0083,0.3125,0.625,0.0625,0.0332,36203676.0,0.00176,0.005016,1260.34,-0.04696,-0.025557,0.019948195942936214
CMCSA,2011-11-02 16:21:13,0.056,0.0055,0.0055,0.2631578947368421,0.6842105263157895,0.0526315789473684,0.0505,24882039.0,0.001741,0.016105,1237.9,-0.020043,-0.027942,0.02052659312425929
CMCSA,2012-02-15 17:51:07,0.0395,0.0056,0.0079,0.3333333333333333,0.6666666666666666,0.0,0.0339,35449678.0,0.046606,-0.005383,1343.23,-0.005837,-0.00094,0.01646382283945283
CMCSA,2012-05-02 16:31:11,0.0534,0.0076,0.0087,0.2631578947368421,0.7368421052631579,0.0,0.0458,28262056.0,-0.006046,-0.002497,1402.31,0.008403,0.005658,0.01081549802418321
CMCSA,2012-05-31 20:01:00,0.0135,0.0209,0.0099,1.0,0.0,0.0,-0.007399999999999999,13204101.0,-0.001382,-0.002277,1310.33,-0.00924,-0.014335,0.010202193054545774
CMCSA,2012-08-01 19:26:03,0.0393,0.0109,0.012,0.3333333333333333,0.6,0.0666666666666666,0.0284,22154430.0,0.030722,-0.00303,1375.14,0.010556,-0.004317,0.015373759482384976
CMCSA,2012-10-26 14:57:06,0.054,0.0034,0.0101,0.3333333333333333,0.5333333333333333,0.1333333333333333,0.0506,23675771.0,0.033003,-0.000729,1411.94,-0.001647,0.002996,0.013912531184351588
CMCSA,2013-02-13 15:29:05,0.0709,0.0012,0.0047,0.3571428571428571,0.5714285714285714,0.0714285714285714,0.0697,56520681.0,0.029766,0.000592,1520.33,0.00854,0.001595,0.017377509852616334
CMCSA,2013-05-01 15:45:03,0.0451,0.0102,0.0034,0.2941176470588235,0.5294117647058824,0.1764705882352941,0.0349,13379246.0,0.013559,-0.009308,1582.7,-0.004579,0.002485,0.010239842158614227
CMCSA,2013-07-31 16:12:03,0.0514,0.0054,0.0075,0.3125,0.5625,0.125,0.046,27089686.0,0.055491,-0.000136,1685.73,-0.015899,0.000374,0.02096681217252107
CMCSA,2013-09-11 19:03:04,0.0524,0.0092,0.0052,0.5,0.5,0.0,0.0432,10573823.0,0.022409,0.003052,1689.13,0.012886,0.007346,0.011229316859106886
CMCSA,2013-09-24 21:42:01,0.041,0.0106,0.0079,0.5,0.5,0.0,0.030400000000000003,10884454.0,-0.00569,-0.002597,1697.42,-0.01036,-0.00472,0.010027555836017287
CMCSA,2013-10-30 15:12:04,0.0489,0.0068,0.0091,0.3333333333333333,0.4666666666666667,0.2,0.0421,13492336.0,-0.012995,-0.004876,1763.31,-0.010782,0.005584,0.010265711200669709
CMCSA,2014-01-28 17:55:03,0.0691,0.0068,0.0125,0.3571428571428571,0.4285714285714285,0.2142857142857142,0.062299999999999994,16502327.0,0.016384,0.006141,1792.5,0.001718,-0.004876,0.01263239144641883
CMCSA,2014-03-04 20:53:06,0.032,0.0067,0.0214,1.0,0.0,0.0,0.0253,12920031.0,0.007059,0.015268,1873.91,-0.013349,-0.007379,0.014432654119507385
CMCSA,2014-04-22 19:06:09,0.0655,0.0076,0.0109,0.2666666666666666,0.5333333333333333,0.2,0.0579,36574811.0,0.019046,0.004092,1879.55,0.015886,0.003775,0.015675842016725394
CMCSA,2014-07-22 18:34:04,0.0679,0.0067,0.0145,0.3333333333333333,0.4,0.2666666666666666,0.061200000000000004,15889072.0,0.01505,0.005016,1983.53,-0.013201,-0.00232,0.012845962504486252
CMCSA,2014-09-10 21:25:10,0.0333,0.0278,0.0139,0.5,0.5,0.0,0.005500000000000005,13608000.0,0.005299,0.003646,1995.69,0.013064,-0.006545,0.005483969994447455
CMCSA,2014-09-16 23:25:03,0.0531,0.0098,0.0098,0.5,0.5,0.0,0.043300000000000005,9120590.0,0.003683,0.007484,1998.98,-0.001051,-0.00071,0.005385536483128782
CMCSA,2014-10-23 19:34:10,0.0746,0.0046,0.0069,0.3571428571428571,0.4285714285714285,0.2142857142857142,0.07,21880241.0,0.033599,0.012303,1950.82,-0.013412,-0.007299,0.019809347027490726
CMCSA,2014-10-23 19:39:02,0.0725,0.0046,0.0069,0.3571428571428571,0.4285714285714285,0.2142857142857142,0.06789999999999999,21880241.0,0.033599,0.012303,1950.82,-0.013412,-0.007299,0.019809347027490726
CMCSA,2014-12-09 01:14:02,0.031,0.0197,0.0169,0.5,0.0,0.5,0.011300000000000001,10193355.0,-0.003016,-0.000238,2059.82,0.000355,-0.007257,0.011253588548152598
CMCSA,2015-02-24 17:35:07,0.0572,0.0101,0.009,0.3125,0.625,0.0625,0.0471,20129033.0,0.016492,0.002759,2115.48,-0.004957,-0.000303,0.010951025804817459
CMCSA,2015-03-03 21:23:09,0.0574,0.0096,0.0082,0.5,0.5,0.0,0.0478,11917470.0,0.001503,-0.004539,2107.78,0.008252,0.006125,0.00898313365331572
CMCSA,2015-05-04 18:24:04,0.0536,0.0035,0.0058,0.3125,0.5625,0.125,0.0501,21390500.0,0.006335,0.002941,2114.49,0.011253,0.010923,0.0088686431531423
CMCSA,2015-05-18 18:12:05,0.016,0.004,0.0134,0.5,0.5,0.0,0.012,13958374.0,0.005826,0.003048,2129.2,0.001769,0.000768,0.009328567845304255
CMCSA,2015-07-23 17:16:13,0.0782,0.0071,0.0071,0.3571428571428571,0.5,0.1428571428571428,0.07110000000000001,20983966.0,-0.031473,-0.005676,2102.15,0.003579,-0.002388,0.013468392775515403
CMCSA,2015-09-09 20:17:04,0.0256,0.0067,0.004,0.5,0.5,0.0,0.0189,13921468.0,-0.007704,-0.013898,1942.04,0.023844,0.025083,0.017427136426976304
CMCSA,2015-09-16 19:35:15,0.0367,0.0054,0.0095,0.6666666666666666,0.3333333333333333,0.0,0.0313,12271865.0,0.010589,0.008705,1995.31,0.015733,0.012831,0.011078235543924248
CMCSA,2015-10-27 17:08:03,0.0532,0.0055,0.0144,0.3125,0.5625,0.125,0.0477,15838461.0,-0.010293,-0.002554,2065.89,0.003227,-0.001913,0.008175512872121366
CMCSA,2015-10-27 17:16:10,0.0532,0.0055,0.0144,0.3125,0.625,0.0625,0.0477,15838461.0,-0.010293,-0.002554,2065.89,0.003227,-0.001913,0.008175512872121366
CMCSA,2015-12-07 18:33:09,0.0431,0.0067,0.0067,0.5,0.0,0.5,0.0364,7211404.0,-0.006255,-0.00699,2077.07,0.018953,0.020526,0.012694564329314774
CMCSA,2016-02-03 18:46:04,0.0679,0.0111,0.0033,0.3125,0.5625,0.125,0.0568,27999728.0,0.059535,0.004992,1912.53,-0.02186,-0.018743,0.024754283843856646
CMCSA,2016-04-27 18:28:18,0.0626,0.0101,0.0101,0.2777777777777778,0.6111111111111112,0.1111111111111111,0.052500000000000005,17071411.0,0.004095,0.001649,2095.15,0.00082,0.001873,0.006207088113152934
CMCSA,2016-05-23 23:20:33,0.0297,0.0037,0.0111,0.3333333333333333,0.6666666666666666,0.0,0.026000000000000002,11789893.0,0.00081,-0.002085,2048.04,0.025062,0.006019,0.014177525682885885
CMCSA,2016-07-27 16:24:34,0.0721,0.0155,0.0033,0.2777777777777778,0.5555555555555556,0.1666666666666666,0.0566,11852642.0,0.011015,-0.001199,2166.58,-0.004298,0.000323,0.004511753608323729
CMCSA,2016-09-15 01:27:09,0.0336,0.009,0.0052,1.0,0.0,0.0,0.024599999999999997,10140801.0,0.016419,0.010109,2147.26,0.006176,-0.000588,0.010476417833506939
CMCSA,2016-09-20 16:34:03,0.0476,0.0027,0.0041,0.5,0.5,0.0,0.0449,7575861.0,0.005771,0.000299,2139.76,-0.001062,-1.9e-05,0.010283669287326927
CMCSA,2016-10-26 19:00:15,0.0577,0.0058,0.0081,0.0,0.6111111111111112,0.3888888888888889,0.0519,21418787.0,-0.030378,-0.00174,2139.43,-0.006773,-0.003798,0.011093592399318725
CMCSA,2016-12-08 03:41:03,0.0568,0.0114,0.0114,0.5,0.0,0.5,0.0454,8776270.0,-0.001442,0.002159,2246.19,0.00917,0.013163,0.01205767101889913
CMCSA,2017-01-26 20:31:00,0.0694,0.0067,0.0056,0.0,0.625,0.375,0.0627,26080730.0,0.02805,-0.000735,2296.68,-0.002174,0.008026,0.011296647091553806
CMCSA,2017-03-06 18:50:06,0.0602,0.0025,0.0061,0.5,0.0,0.5,0.057699999999999994,13181617.0,0.005911,-0.003277,2375.31,-0.006142,0.000504,0.006154430527857332
CMCSA,2017-04-27 18:28:30,0.0611,0.0058,0.0081,0.0,0.6,0.4,0.0553,35177237.0,0.020624,0.000553,2388.77,0.007794,-0.000486,0.008184399618243915
CMCSA,2017-05-22 20:34:04,0.0403,0.0107,0.0081,0.5,0.5,0.0,0.0296,13109617.0,0.016474,0.00516,2394.02,0.004655,0.006767,0.010256953418697649
CMCSA,2017-06-08 17:16:29,0.0173,0.0308,0.0062,0.75,0.0,0.25,-0.013500000000000002,25478597.0,-0.022678,0.000267,2433.79,0.004075,0.001568,0.010660733100182809
CMCSA,2017-07-27 15:28:21,0.0556,0.0044,0.0056,0.0,0.625,0.375,0.051199999999999996,51420448.0,0.002033,-0.000973,2475.42,-0.010063,0.000283,0.004976545264203546
CMCSA,2017-09-07 23:11:26,0.0405,0.0067,0.0094,0.5,0.5,0.0,0.033800000000000004,70739002.0,-0.062424,-0.000178,2465.1,0.012294,0.003129,0.022376061955183765
CMCSA,2017-09-12 20:22:04,0.0542,0.0042,0.0069,0.5,0.5,0.0,0.049999999999999996,36773178.0,0.00185,0.003364,2496.48,-0.009945,0.010839,0.022167902940212154
CMCSA,2017-10-26 16:22:01,0.0586,0.0103,0.0092,0.0,0.5384615384615384,0.4615384615384615,0.048299999999999996,58632000.0,-0.015205,0.001271,2560.4,0.009041,-0.004663,0.012599029213043003
CMCSA,2017-12-05 04:35:08,0.0511,0.0054,0.004,0.5,0.0,0.5,0.0457,28738152.0,-0.019841,-0.003739,2629.57,0.04918,-0.001052,0.021300703128718016
CMCSA,2018-01-24 19:22:17,0.0603,0.0035,0.0046,0.3846153846153846,0.3846153846153846,0.2307692307692307,0.056799999999999996,48918765.0,0.01296,-0.00056,2837.54,-0.010492,0.002174,0.01494945556385099
CMCSA,2018-04-25 18:32:07,0.0591,0.0034,0.0091,0.0,0.5384615384615384,0.4615384615384615,0.0557,39680714.0,0.027286,0.001837,2639.4,-0.015353,-0.013381,0.01455740325439641
CMCSA,2018-05-14 19:32:07,0.0333,0.0208,0.0097,0.5,0.0,0.5,0.012500000000000004,19618673.0,0.007524,0.000884,2730.13,0.010773,0.001708,0.026167583388612716
CMCSA,2018-06-11 16:13:07,0.0231,0.0328,0.0061,0.75,0.0,0.25,-0.009700000000000004,25883708.0,-0.002494,0.001069,2782.0,0.0025,0.003126,0.013913566883920658
CMCSA,2018-07-26 18:26:59,0.0551,0.0097,0.0043,0.0,0.5,0.5,0.0454,40274112.0,0.039797,-0.003032,2837.44,0.000898,0.009102,0.019994442539254646
CMCSA,2018-09-07 05:09:05,0.0303,0.0152,0.011,0.5,0.5,0.0,0.0151,18144195.0,0.00696,-0.002213,2871.68,-0.009923,-0.003652,0.013762485541419395
CMCSA,2018-09-12 17:58:03,0.0435,0.0126,0.0042,0.5,0.5,0.0,0.030899999999999997,20855635.0,-0.005785,0.000357,2888.92,-0.00165,0.00374,0.008703022044733154
CMCSA,2018-10-25 17:04:25,0.0524,0.0067,0.0067,0.0,0.4666666666666667,0.5333333333333333,0.045700000000000005,33795731.0,0.05041,0.018625,2705.57,-0.042917,-0.030864,0.02568719176835889
CMCSA,2018-12-04 18:25:07,0.0477,0.0026,0.0053,0.3333333333333333,0.6666666666666666,0.0,0.0451,30187406.0,-0.037293,-0.032365,2700.06,0.003589,0.010941,0.021278774020657826
CMCSA,2019-01-23 21:30:15,0.0663,0.0034,0.009,0.4285714285714285,0.3571428571428571,0.2142857142857142,0.0629,36631053.0,0.054904,0.002203,2638.7,-0.034245,-0.014157,0.0219183488581295
CMCSA,2019-03-12 19:36:09,0.0535,0.0065,0.0104,0.5,0.5,0.0,0.047,21334137.0,0.00817,0.002953,2791.52,0.025661,0.014666,0.010725070776249257
CMCSA,2019-04-25 18:33:10,0.0567,0.0044,0.0056,0.4,0.3333333333333333,0.2666666666666666,0.0523,27719942.0,0.025806,-0.000369,2926.17,-0.003334,-0.002192,0.010501819491032138
CMCSA,2019-07-25 16:47:40,0.035,0.0194,0.013,0.4,0.4666666666666667,0.1333333333333333,0.015600000000000003,25636392.0,-0.005794,-0.005262,3003.67,0.01241,0.004688,0.009952967030544782
CMCSA,2019-09-12 06:03:05,0.0334,0.0139,0.0125,0.5,0.5,0.0,0.0195,18641144.0,0.012284,0.002879,3009.57,-0.001076,0.00723,0.013268553864515751
CMCSA,2019-09-18 17:35:06,0.0282,0.0239,0.0099,0.5,0.5,0.0,0.004299999999999998,13156315.0,0.005785,0.000343,3006.73,0.008645,0.002582,0.008962968806892816
CMCSA,2019-10-24 17:44:06,0.0295,0.0193,0.0077,0.375,0.4375,0.1875,0.010199999999999997,19145018.0,-0.019248,0.00192,3010.29,-0.001092,0.002847,0.012257368509050667
CMCSA,2019-12-09 20:00:07,0.047,0.0097,0.0097,0.5,0.0,0.5,0.0373,21597671.0,-0.007911,-0.003163,3135.96,0.004541,0.009136,0.014327022831387946
CMCSA,2020-01-23 17:05:23,0.036,0.0298,0.0062,0.3846153846153846,0.5384615384615384,0.0769230769230769,0.006199999999999997,37653014.0,-0.037732,0.001141,3325.54,0.00296,0.000289,0.01604956229967383
CMCSA,2020-05-01 00:41:46,0.0382,0.0368,0.0164,0.5,0.4166666666666667,0.0833333333333333,0.0013999999999999985,19891108.0,-0.017273,-0.028059,2830.71,-0.035128,-0.009212,0.02578744401965165
CMCSA,2020-07-30 20:45:14,0.0702,0.0102,0.0064,0.5,0.4166666666666667,0.0833333333333333,0.06,17582339.0,-0.005239,-0.00375,3246.22,0.015969,0.012428,0.010010336172066285
CMCSA,2020-10-29 18:23:05,0.0619,0.006,0.0095,0.5,0.4166666666666667,0.0833333333333333,0.0559,20276696.0,0.025727,0.011947,3310.11,-0.03361,-0.035288,0.019741839795216685
CMCSA,2021-01-28 19:32:06,0.0615,0.0118,0.0059,0.4615384615384615,0.4615384615384615,0.0769230769230769,0.0497,29041998.0,0.065675,0.009761,3787.38,-0.03334,-0.025678,0.02679284868621146
CRM,2005-11-24 06:56:51,0.0305,0.0073,0.0305,0.0,0.6153846153846154,0.3846153846153846,0.0232,1497400.0,0.033553,0.003473,1265.61,0.039316,0.005084,
CRM,2006-02-23 13:26:21,0.0294,0.0047,0.0247,0.4,0.4,0.2,0.0247,5011500.0,-0.011337,-0.003775,1287.79,0.023505,0.007513,0.039157765973189936
CRM,2006-05-18 03:50:18,0.0184,0.0123,0.0196,0.2142857142857142,0.3571428571428571,0.4285714285714285,0.0060999999999999995,4301200.0,-0.05005,-0.006699,1261.81,-0.01082,-0.016841,0.01709594831271761
CRM,2006-08-17 00:02:12,0.0369,0.0046,0.0207,0.2307692307692307,0.3846153846153846,0.3846153846153846,0.0323,13709200.0,0.189972,0.001582,1297.48,-0.010828,0.007662,0.0683791202354767
CRM,2006-11-16 03:47:52,0.0471,0.0109,0.0242,0.1764705882352941,0.6470588235294118,0.1764705882352941,0.0362,3096900.0,-0.009908,0.002284,1399.76,-0.025517,0.002405,0.02625920259938518
CRM,2007-02-22 02:29:07,0.0303,0.0058,0.0256,0.2142857142857142,0.6428571428571429,0.1428571428571428,0.0245,5213100.0,-0.017917,-0.000858,1456.38,-0.02893,-0.001404,0.017727737540989958
CRM,2007-05-17 02:38:49,0.0424,0.0103,0.0218,0.1,0.55,0.35,0.032100000000000004,4803325.0,-0.050166,-0.000918,1512.75,0.026776,0.008626,0.023848368999903495
CRM,2007-08-15 23:45:05,0.0352,0.0035,0.0211,0.1666666666666666,0.4166666666666667,0.4166666666666667,0.0317,3314841.0,-0.046771,-0.013908,1406.7,0.028401,-0.018157,0.040984843949521975
CRM,2007-11-16 01:17:21,0.018,0.0022,0.0225,0.1875,0.5625,0.25,0.015799999999999998,4540900.0,0.129159,0.00523,1458.74,-0.023269,-0.013212,0.04998624890340678
CRM,2008-02-28 03:05:10,0.0407,0.0058,0.0209,0.3076923076923077,0.3846153846153846,0.3076923076923077,0.0349,8904600.0,0.171798,-0.008942,1367.68,-0.002654,-0.000919,0.062338272023247855
CRM,2008-05-22 02:13:13,0.0304,0.0082,0.0211,0.2307692307692307,0.5384615384615384,0.2307692307692307,0.022199999999999998,5775400.0,0.058251,0.002617,1394.35,-0.002229,-0.016053,0.030317964540479667
CRM,2008-08-21 03:43:16,0.0399,0.0082,0.0176,0.125,0.5625,0.3125,0.0317,14004500.0,-0.184533,0.002495,1277.72,-0.002749,0.006197,0.059954010334218356
CRM,2008-11-21 05:56:32,0.0282,0.0106,0.0388,0.125,0.375,0.5,0.017599999999999998,8691300.0,-0.022339,0.063248,800.03,0.039618,-0.067123,0.06426557510622105
CRM,2009-02-26 12:10:28,0.0366,0.0092,0.0252,0.1538461538461538,0.4615384615384615,0.3846153846153846,0.0274,8238400.0,0.016014,-0.01578,752.83,0.022934,-0.010658,0.023817517774622363
CRM,2009-08-21 02:32:00,0.0399,0.0114,0.0217,0.1428571428571428,0.6428571428571429,0.2142857142857142,0.028499999999999998,9553500.0,0.162191,0.018623,1026.13,0.025311,0.010949,0.061345613356167956
CRM,2009-11-18 02:27:10,0.0365,0.0158,0.0219,0.1666666666666666,0.4166666666666667,0.4166666666666667,0.020699999999999996,6069600.0,-0.030483,-0.000468,1109.8,-0.018549,0.000919,0.02616398895088878
CRM,2010-02-28 11:07:10,0.0337,0.0135,0.018,0.2142857142857142,0.5,0.2857142857142857,0.020200000000000003,2520200.0,-0.000882,0.001405,1104.49,-0.020593,-0.002081,0.014872812249948882
CRM,2010-05-21 09:56:21,0.0411,0.0082,0.02,0.1818181818181818,0.5454545454545454,0.2727272727272727,0.0329,10903900.0,0.053271,0.015024,1087.69,-0.031495,-0.038976,0.04282178949294139
CRM,2011-02-25 06:41:18,0.0235,0.0056,0.0213,0.1538461538461538,0.4615384615384615,0.3846153846153846,0.0179,7947600.0,0.033576,0.01055,1319.88,0.007123,-0.000994,0.023152227542458763
CRM,2011-05-20 04:11:16,0.0188,0.0188,0.0176,0.1538461538461538,0.6153846153846154,0.2307692307692307,0.0,10552600.0,0.079523,-0.007688,1333.27,0.01162,0.002178,0.03145235270284963
CRM,2011-08-19 04:11:48,0.0313,0.0096,0.0205,0.1428571428571428,0.7142857142857143,0.1428571428571428,0.021700000000000004,9626000.0,-0.026828,-0.015009,1123.53,-0.096984,-0.044594,0.05195325243470759
CRM,2011-11-18 03:21:13,0.0398,0.0066,0.0155,0.1052631578947368,0.8421052631578947,0.0526315789473684,0.0332,12177800.0,-0.100404,-0.000395,1215.65,-0.043033,-0.0168,0.0405568923378013
CRM,2012-02-24 02:01:09,0.0232,0.0093,0.0209,0.1428571428571428,0.7857142857142857,0.0714285714285714,0.0139,14588600.0,0.090081,0.001672,1365.74,0.02889,0.004272,0.03176267909635119
CRM,2012-05-18 02:31:08,0.0302,0.0116,0.0163,0.1111111111111111,0.8333333333333334,0.0555555555555555,0.018600000000000002,9035600.0,0.088042,-0.007388,1295.22,-0.020354,-0.015051,0.045720759480058284
CRM,2012-08-24 00:51:06,0.0228,0.0091,0.0182,0.1111111111111111,0.8333333333333334,0.0555555555555555,0.0137,7017000.0,0.01206,0.006455,1411.13,-0.012448,-0.008072,0.015777859509804162
CRM,2012-11-21 01:41:08,0.0443,0.007,0.0198,0.125,0.8125,0.0625,0.0373,6984300.0,0.08828,0.00232,1391.03,-0.009639,0.000663,0.031878495953821036
CRM,2013-03-01 01:25:06,0.0448,0.0085,0.0206,0.25,0.5,0.25,0.0363,6682100.0,0.075523,0.002324,1518.2,0.013658,-0.000864,0.031082532618998685
CRM,2013-03-05 20:11:36,0.0195,0.0362,0.0153,0.5,0.5,0.0,-0.016700000000000003,2345200.0,-0.000646,0.009566,1539.79,0.021374,0.004611,0.03150341729770501
CRM,2013-03-06 21:54:05,0.0276,0.0083,0.0097,0.5,0.5,0.0,0.019299999999999998,1204100.0,0.00323,0.001085,1541.46,-0.000646,0.009566,0.029999148995337364
CRM,2013-03-21 02:41:09,0.0045,0.0181,0.0,0.3333333333333333,0.0,0.6666666666666666,-0.013600000000000001,1626800.0,0.001275,-0.008282,1545.8,0.007475,0.006697,0.011645877927881429
CRM,2013-05-23 23:16:10,0.0316,0.0117,0.0164,0.2142857142857142,0.5714285714285714,0.2142857142857142,0.0199,12218700.0,-0.001966,-0.002924,1650.51,-0.011871,-0.008274,0.015936802929418344
CRM,2013-06-04 18:45:07,0.0284,0.0155,0.0323,0.3076923076923077,0.6153846153846154,0.0769230769230769,0.012900000000000002,29720600.0,-0.078947,-0.005511,1631.38,-0.030475,0.005936,0.028882507894341
CRM,2013-06-07 02:43:09,0.0065,0.0129,0.0013,1.0,0.0,0.0,-0.0064,10149800.0,0.040725,0.012832,1643.38,0.002899,0.00849,0.03570774397802253
CRM,2013-08-29 23:26:06,0.0468,0.0072,0.0204,0.2,0.6,0.2,0.0396,13186500.0,0.020337,0.001963,1638.17,0.007536,0.002748,0.011152277776311227
CRM,2013-09-05 04:53:07,0.0378,0.0052,0.0104,0.5,0.0,0.5,0.032600000000000004,5999800.0,-0.003486,0.00121,1655.08,-0.016337,0.008117,0.041789412008971384
CRM,2013-09-12 19:25:08,0.0274,0.0165,0.0069,0.5,0.5,0.0,0.0109,3839600.0,0.001604,-0.00338,1683.42,-0.002799,0.003052,0.04000092560109642
CRM,2013-11-19 00:58:07,0.0146,0.0085,0.0207,0.1428571428571428,0.5,0.3571428571428571,0.0060999999999999995,16325400.0,-0.049901,-0.002043,1787.87,-0.031408,-0.003698,0.02193654066822966
CRM,2013-12-03 23:28:06,0.0365,0.0156,0.0039,1.0,0.0,0.0,0.0209,3832700.0,0.001358,-0.003193,1795.15,-0.010175,-0.002719,0.02152062857017797
CRM,2014-02-28 01:37:05,0.0362,0.0052,0.0194,0.2142857142857142,0.5714285714285714,0.2142857142857142,0.031000000000000003,18906000.0,-0.05814,0.002783,1859.45,0.038908,0.004948,0.02445637416480403
CRM,2014-03-04 00:57:08,0.0254,0.0197,0.0085,0.0,0.0,1.0,0.0057,7930743.0,0.025695,0.015268,1873.91,-0.014109,-0.007379,0.025817845086942064
CRM,2014-05-21 01:29:07,0.0462,0.0038,0.015,0.2352941176470588,0.4705882352941176,0.2941176470588235,0.0424,20539535.0,-0.051049,0.008116,1888.03,-0.006387,-0.006498,0.029863242095518706
CRM,2014-06-03 00:51:08,0.0117,0.0151,0.0,1.0,0.0,0.0,-0.0034000000000000002,5799517.0,-0.027301,-0.000379,1924.24,-0.00475,0.000728,0.031896420450681785
CRM,2014-08-22 03:43:08,0.0405,0.0089,0.019,0.4166666666666667,0.4166666666666667,0.1666666666666666,0.0316,25342160.0,0.073416,-0.001993,1988.4,0.005777,0.00295,0.0270280380389206
CRM,2014-11-20 01:50:07,0.0466,0.0074,0.0123,0.3076923076923077,0.5384615384615384,0.1538461538461538,0.0392,15530085.0,-0.044576,0.001967,2052.75,-0.023211,-0.001501,0.018108620037307104
CRM,2015-02-26 05:32:06,0.0405,0.0074,0.0147,0.3076923076923077,0.4615384615384615,0.2307692307692307,0.033100000000000004,20370821.0,0.117226,-0.001476,2110.74,0.015178,-0.000766,0.039417432339850254
CRM,2015-03-13 02:38:11,0.0298,0.0027,0.0041,0.75,0.25,0.0,0.0271,3248004.0,-0.005389,-0.006075,2053.4,0.019943,0.012601,0.017701431606888127
CRM,2015-05-21 02:00:05,0.0328,0.0097,0.0134,0.2857142857142857,0.5,0.2142857142857142,0.023100000000000002,12315972.0,0.039196,0.002338,2130.82,-0.018467,-0.000931,0.02005193396602388
CRM,2015-08-21 01:10:08,0.0566,0.0075,0.0151,0.2352941176470588,0.5294117647058824,0.2352941176470588,0.0491,13138715.0,0.019611,-0.031851,1970.89,-0.058579,-0.0211,0.024054875995430946
CRM,2015-11-19 04:35:10,0.0331,0.0083,0.0152,0.4,0.5,0.1,0.024799999999999996,11602837.0,0.042534,-0.001123,2081.24,0.001424,0.016162,0.019831031564192636
CRM,2016-02-25 06:18:09,0.0535,0.0075,0.0149,0.2666666666666666,0.5333333333333333,0.2,0.046,18246124.0,0.110365,0.011348,1951.7,-0.006041,0.00444,0.04117145078017594
CRM,2016-05-19 02:36:13,0.0659,0.0052,0.0129,0.2666666666666666,0.4666666666666667,0.2666666666666666,0.060700000000000004,13765002.0,0.041351,-0.003707,2040.04,0.014329,0.000205,0.01339917366813691
CRM,2016-09-01 07:46:33,0.0607,0.0087,0.0099,0.2666666666666666,0.6,0.1333333333333333,0.052,27418454.0,-0.044195,-4.1e-05,2170.86,-0.005136,-0.002376,0.01839645363197313
CRM,2016-11-18 03:56:12,0.0599,0.0037,0.0137,0.3333333333333333,0.5333333333333333,0.1333333333333333,0.0562,19902956.0,0.034313,-0.002387,2181.9,0.025645,0.004676,0.0221824950916008
CRM,2017-03-01 03:50:22,0.045,0.0064,0.0167,0.0,0.6666666666666666,0.3333333333333333,0.038599999999999995,14319226.0,0.03024,0.013674,2395.96,-0.00233,-0.002578,0.011302690810402631
CRM,2017-05-19 03:04:11,0.0644,0.0048,0.0131,0.3333333333333333,0.5333333333333333,0.1333333333333333,0.0596,15733470.0,-0.003989,0.006767,2381.73,-0.001025,0.003687,0.009467068827138748
CRM,2017-08-23 02:31:10,0.0531,0.0072,0.0133,0.3076923076923077,0.3846153846153846,0.3076923076923077,0.0459,12034868.0,0.001291,-0.003454,2444.04,0.012969,0.009941,0.015002807022169188
CRM,2017-11-22 03:40:08,0.0296,0.0129,0.0154,0.2941176470588235,0.5882352941176471,0.1176470588235294,0.0167,9009644.0,-0.018107,-0.00075,2597.08,0.013318,0.006541,0.011887119042149234
CRM,2018-03-01 04:08:20,0.0605,0.006,0.0133,0.0,0.5,0.5,0.0545,15555500.0,0.027355,-0.013324,2677.67,-0.001889,-0.011096,0.01554359902553691
CRM,2018-03-22 01:11:11,0.0378,0.0126,0.0202,0.2941176470588235,0.4705882352941176,0.2352941176470588,0.0252,10950478.0,-0.030074,-0.025163,2643.69,-0.027334,-0.001844,0.013291335341743161
CRM,2018-05-30 00:54:07,0.0415,0.0047,0.0154,0.3571428571428571,0.5714285714285714,0.0714285714285714,0.0368,14170948.0,0.019073,0.012696,2724.01,-0.00844,-0.011564,0.01305143906922844
CRM,2018-08-30 01:55:07,0.046,0.0061,0.0121,0.375,0.5,0.125,0.0399,14440957.0,-0.017183,-0.00443,2901.13,0.011831,0.005701,0.012581544890124871
CRM,2018-11-28 05:02:05,0.035,0.02,0.0125,0.3846153846153846,0.4615384615384615,0.1538461538461538,0.015000000000000003,25705402.0,0.102713,0.022974,2743.79,0.008939,0.003262,0.04803162992630776
CRM,2018-12-05 21:12:06,0.0343,0.0014,0.0069,0.5,0.5,0.0,0.0329,6978357.0,-0.034062,-0.032365,2700.06,0.009737,0.010941,0.036931351011181765
CRM,2018-12-06 06:25:05,0.0499,0.0171,0.0114,0.6666666666666666,0.3333333333333333,0.0,0.032799999999999996,9186581.0,0.020253,-0.001522,2695.95,-0.034062,-0.032365,0.03643172603118217
CRM,2019-03-05 04:54:11,0.0434,0.0037,0.0161,0.3571428571428571,0.4285714285714285,0.2142857142857142,0.0397,16042915.0,-0.009653,-0.001131,2789.65,-0.03665,-0.003881,0.014359394456437233
CRM,2019-06-05 01:13:19,0.0453,0.016,0.0107,0.4615384615384615,0.5384615384615384,0.0,0.0293,12072390.0,0.050593,0.008162,2826.15,0.039352,0.021432,0.029637339133074918
CRM,2019-08-23 03:37:10,0.0582,0.0189,0.0014,0.4,0.4,0.2,0.0393,26540017.0,0.022464,-0.025946,2847.11,0.005835,-0.000506,0.01724582744382616
CRM,2019-09-19 01:11:08,0.0489,0.007,0.0126,0.3333333333333333,0.3333333333333333,0.3333333333333333,0.0419,2985482.0,0.005433,2e-05,3006.79,-0.000327,0.000343,0.012789097961849486
CRM,2019-12-04 03:00:07,0.0358,0.0248,0.0179,0.5,0.4166666666666667,0.0833333333333333,0.011,17805505.0,-0.031813,0.006324,3112.76,0.00354,-0.006638,0.011532511551166224
CRM,2020-02-26 04:02:51,0.0553,0.0132,0.0092,0.3846153846153846,0.4615384615384615,0.1538461538461538,0.0421,13926478.0,-0.01324,-0.003779,3116.39,-0.025116,-0.03028,0.01272394161501171
CRM,2020-05-29 04:38:09,0.0242,0.0255,0.0153,0.5,0.2857142857142857,0.2142857142857142,-0.001299999999999999,19645389.0,-0.034843,0.004812,3044.31,0.025481,-0.002108,0.01876442176063831
CRM,2020-06-09 22:30:11,0.0475,0.0173,0.0029,0.5,0.5,0.0,0.0302,4025596.0,-0.011272,-0.007799,3207.18,0.015355,0.012042,0.018489648907489487
CRM,2020-06-10 01:43:07,0.0467,0.017,0.0028,0.5,0.5,0.0,0.029699999999999997,8127243.0,0.043194,-0.005313,3190.14,-0.011272,-0.007799,0.023194424886645228
CRM,2020-08-26 05:36:07,0.0521,0.0121,0.0194,0.4285714285714285,0.5,0.0714285714285714,0.04,63253354.0,0.260449,0.010196,3478.73,0.03641,0.003596,0.07988518089810043
CRM,2020-12-02 04:23:07,0.0373,0.0055,0.0166,0.5,0.5,0.0,0.0318,52225539.0,-0.085229,0.001791,3669.01,-0.018104,0.011271,0.03360675553201908
CRM,2021-02-26 03:37:08,0.0464,0.0106,0.0186,0.4166666666666667,0.4166666666666667,0.1666666666666666,0.0358,20372918.0,-0.063095,-0.00475,3811.15,-0.039049,-0.024479,0.027995273808468408
CVS,2006-02-06 15:53:37,0.033,0.0114,0.0114,0.3,0.4,0.3,0.0216,4207200.0,-0.018474,0.000783,1265.02,0.018112,-0.005359,0.015004989386497046
CVS,2006-05-04 15:45:32,0.0265,0.0217,0.0132,0.2,0.5,0.3,0.004799999999999999,4620000.0,0.009333,0.003364,1312.25,-0.004315,-0.004082,0.009611507076300669
CVS,2006-08-03 17:03:02,0.0372,0.018,0.0132,0.0909090909090909,0.6363636363636364,0.2727272727272727,0.0192,9722700.0,0.021392,0.001345,1280.27,0.01189,0.006004,0.011049210353384239
CVS,2006-11-02 14:43:55,0.0443,0.0114,0.0136,0.5,0.0,0.5,0.0329,37238600.0,-0.006882,-0.000344,1367.34,-0.073932,-0.007352,0.02709701940743053
CVS,2007-02-01 18:23:11,0.0292,0.009,0.0112,0.3,0.6,0.1,0.020200000000000003,16662700.0,-0.010698,0.005354,1445.94,0.018154,0.006593,0.01205938663264246
CVS,2007-05-08 19:08:24,0.0325,0.0139,0.0116,0.125,0.5,0.375,0.018600000000000002,34505480.0,0.02464,-0.001166,1507.72,0.005008,0.002564,0.010726682838707514
CVS,2007-08-02 17:37:03,0.0356,0.0133,0.0122,0.2142857142857142,0.6428571428571429,0.1428571428571428,0.0223,27190710.0,0.035172,0.004359,1472.2,0.009946,0.007243,0.015963894114184324
CVS,2007-11-01 17:55:23,0.0397,0.0084,0.012,0.2666666666666666,0.5333333333333333,0.2,0.0313,19346840.0,-0.015122,-0.026423,1508.44,0.01092,0.011992,0.014758371445838237
CVS,2008-01-31 21:35:24,0.0394,0.0139,0.0116,0.2666666666666666,0.6,0.1333333333333333,0.0255,33397300.0,0.080233,0.016772,1378.55,-0.007987,-0.004764,0.029391809226381425
CVS,2008-05-01 16:48:10,0.037,0.0095,0.0191,0.25,0.5,0.25,0.027499999999999997,17688900.0,0.010404,0.017141,1409.34,-0.021808,-0.003846,0.011472443351110738
CVS,2008-07-31 16:29:21,0.0403,0.0127,0.0127,0.2105263157894736,0.5789473684210527,0.2105263157894736,0.027600000000000003,24123400.0,-0.053669,-0.013144,1267.38,0.007313,0.016672,0.028088961845457304
CVS,2008-10-30 20:15:12,0.0297,0.0411,0.0126,0.2,0.6,0.2,-0.011399999999999997,19595200.0,0.114405,0.025804,954.09,-0.054278,-0.011079,0.08141350383648487
CVS,2009-02-19 18:04:25,0.0451,0.0147,0.009,0.2,0.6666666666666666,0.1333333333333333,0.030400000000000003,18128100.0,0.063727,-0.012024,778.94,-0.011355,-0.00095,0.02913651407884388
CVS,2009-05-05 20:59:25,0.0253,0.0161,0.0138,0.2,0.6,0.2,0.0092,24047500.0,-0.007181,-0.003792,903.8,-0.00713,0.033868,0.01678718222169658
CVS,2009-08-04 17:35:15,0.033,0.0159,0.0125,0.2307692307692307,0.6153846153846154,0.1538461538461538,0.0171,19972000.0,-0.000588,0.003012,1005.65,0.015532,0.015342,0.011723597281172378
CVS,2009-11-05 18:19:11,0.0397,0.0117,0.0093,0.2,0.6,0.2,0.027999999999999997,185123500.0,-0.201383,0.019236,1066.63,0.020322,0.001043,0.06463216646024211
CVS,2010-02-08 21:49:11,0.0483,0.0149,0.008,0.3333333333333333,0.6,0.0666666666666666,0.0334,36928400.0,0.053106,-0.008863,1056.74,-0.002568,0.002897,0.025481470636087272
CVS,2010-05-05 01:41:19,0.023,0.0173,0.0173,0.3125,0.625,0.0625,0.0057,9594800.0,-0.011513,-0.006561,1165.9,-0.016181,-0.023838,0.01214685436600312
CVS,2010-07-29 08:55:14,0.0275,0.0149,0.0183,0.2941176470588235,0.5294117647058824,0.1764705882352941,0.0126,15088700.0,-0.020292,-0.004159,1101.53,0.030719,-0.006922,0.020408846980333472
CVS,2010-11-03 18:06:13,0.0426,0.0112,0.0135,0.2777777777777778,0.6111111111111112,0.1111111111111111,0.0314,16643500.0,0.011137,0.003678,1197.96,0.02107,0.007759,0.011827605791818841
CVS,2011-02-03 20:11:16,0.0509,0.0166,0.013,0.238095238095238,0.5238095238095238,0.238095238095238,0.0343,44353600.0,-0.049928,0.002354,1307.1,-0.008584,-0.002723,0.020741338492381717
CVS,2011-05-05 18:51:23,0.0547,0.0256,0.0163,0.25,0.5625,0.1875,0.029099999999999997,12033000.0,0.018549,-0.00907,1335.1,-0.010682,-0.006855,0.008449180423107444
CVS,2011-08-04 18:41:13,0.045,0.0045,0.0135,0.2352941176470588,0.5294117647058824,0.2352941176470588,0.0405,20281200.0,-0.061033,-0.04782,1200.07,-0.003851,0.005016,0.02010848823092709
CVS,2011-11-03 17:21:13,0.0402,0.0078,0.0112,0.2222222222222222,0.6666666666666666,0.1111111111111111,0.0324,18323900.0,0.043053,0.018782,1261.15,0.009027,0.016105,0.020953258188432435
CVS,2011-12-20 20:01:03,0.0435,0.0097,0.0036,0.2916666666666667,0.625,0.0833333333333333,0.0338,25422900.0,0.088621,0.029825,1241.3,-0.026365,-0.011733,0.032499316967352476
CVS,2012-02-08 19:41:08,0.0453,0.0167,0.0191,0.2777777777777778,0.6111111111111112,0.1111111111111111,0.0286,10663200.0,0.011374,0.00216,1349.96,-0.004391,0.002023,0.010629284819675218
CVS,2012-05-02 19:01:09,0.0435,0.0186,0.0137,0.3333333333333333,0.6666666666666666,0.0,0.0249,13888500.0,0.027063,-0.002497,1402.31,0.002017,0.005658,0.015035621178831738
CVS,2012-08-08 14:33:06,0.0393,0.0115,0.015,0.3125,0.4375,0.25,0.027800000000000002,10467600.0,0.032638,0.000621,1402.22,-0.017372,0.005107,0.013215644073512955
CVS,2012-11-06 16:51:07,0.0386,0.0114,0.0136,0.4285714285714285,0.5,0.0714285714285714,0.027200000000000002,15814300.0,0.005361,0.007853,1428.39,0.001503,0.002164,0.004145924409719928
CVS,2012-12-13 22:41:07,0.049,0.0113,0.0,0.3846153846153846,0.5384615384615384,0.0769230769230769,0.037700000000000004,16343000.0,0.020194,-0.006321,1419.45,-0.00021,0.000448,0.007967797272633012
CVS,2013-02-06 17:22:10,0.0327,0.0129,0.0129,0.25,0.45,0.3,0.019799999999999998,7330200.0,-0.009281,0.000549,1512.12,0.014118,0.010416,0.009045783489191737
CVS,2013-05-01 17:03:01,0.0482,0.0118,0.0082,0.2777777777777778,0.5,0.2222222222222222,0.0364,8113200.0,0.009797,-0.009308,1582.7,0.012883,0.002485,0.010056717133891724
CVS,2013-05-21 15:29:04,0.0416,0.0036,0.0083,0.5,0.5,0.0,0.038,4093000.0,0.008986,0.001722,1669.16,-0.007739,-0.000708,0.012680157226505086
CVS,2013-06-12 18:50:07,0.0403,0.0071,0.0071,0.5,0.0,0.5,0.0332,3198600.0,-0.004943,-0.00837,1612.52,0.001195,-0.010153,0.012861940973274614
CVS,2013-08-06 17:33:07,0.0341,0.0141,0.0188,0.2941176470588235,0.5882352941176471,0.1176470588235294,0.019999999999999997,8479000.0,-0.028075,-0.005723,1697.37,-0.003558,-0.00148,0.011060655500466525
CVS,2013-09-10 18:40:06,0.0406,0.0089,0.0025,0.6666666666666666,0.3333333333333333,0.0,0.0317,4715900.0,0.007657,0.007346,1683.99,0.002388,0.009993,0.006364745121020622
CVS,2013-11-05 16:40:06,0.027,0.0086,0.0123,0.3333333333333333,0.4666666666666667,0.2,0.0184,10426400.0,0.020006,-0.002806,1762.97,-0.009746,0.003571,0.0098642244415531
CVS,2013-12-19 02:50:10,0.0455,0.006,0.0012,0.35,0.45,0.2,0.0395,5950100.0,0.006457,-0.00058,1809.6,0.043107,0.016648,0.016236650778066547
CVS,2014-02-11 17:59:08,0.0445,0.0152,0.0164,0.25,0.6,0.15,0.0293,13624500.0,0.027338,0.011062,1819.75,0.007526,0.001569,0.015572737567442813
CVS,2014-05-02 19:32:09,0.0434,0.0211,0.0188,0.2272727272727272,0.6363636363636364,0.1363636363636363,0.0223,6912062.0,0.010535,-0.001348,1881.14,0.005088,-0.000143,0.005911897179980967
CVS,2014-05-20 16:48:12,0.0477,0.0012,0.0024,0.5,0.5,0.0,0.0465,2931699.0,-0.004458,-0.006498,1872.83,-0.003918,0.003845,0.009044947525184074
CVS,2014-06-18 18:04:10,0.0465,0.0049,0.0061,0.6666666666666666,0.3333333333333333,0.0,0.0416,3481618.0,0.015223,0.007719,1956.98,0.000788,0.002173,0.009044356339729227
CVS,2014-08-05 20:35:05,0.033,0.0165,0.013,0.238095238095238,0.6190476190476191,0.1428571428571428,0.0165,6797569.0,-0.001293,-0.009685,1920.21,0.011505,0.007189,0.008831855416615485
CVS,2014-11-04 19:17:08,0.0344,0.013,0.0107,0.3125,0.5625,0.125,0.021400000000000002,6300013.0,-0.007548,-0.00283,2012.1,0.003613,-0.000119,0.004305345629434306
CVS,2015-02-10 20:14:11,0.0333,0.0126,0.0103,0.2272727272727272,0.5,0.2727272727272727,0.020700000000000003,9777600.0,0.021294,0.010676,2068.59,-0.010436,-0.004247,0.012145536315865192
CVS,2015-05-01 19:01:13,0.0208,0.0093,0.0127,0.2777777777777778,0.6111111111111112,0.1111111111111111,0.0115,6699072.0,0.011784,0.010923,2108.29,-0.013708,-0.010129,0.008805971451867834
CVS,2015-08-04 19:56:09,0.0334,0.0115,0.015,0.2777777777777778,0.5555555555555556,0.1666666666666666,0.0219,9542381.0,-0.02535,-0.00225,2093.32,0.003112,-0.002757,0.012531422051077138
CVS,2015-10-30 20:26:09,0.0244,0.0116,0.0244,0.25,0.6,0.15,0.012800000000000002,23729860.0,-0.048362,-0.00481,2079.36,-9.6e-05,-0.00045,0.017749128079993123
CVS,2016-02-09 20:22:12,0.0506,0.0046,0.0126,0.2941176470588235,0.5294117647058824,0.1764705882352941,0.046,11876924.0,0.009593,-0.000664,1852.21,-0.037057,-0.014154,0.019778690199302895
CVS,2016-05-03 19:14:25,0.04,0.0094,0.0129,0.2631578947368421,0.5263157894736842,0.2105263157894736,0.030600000000000002,6346258.0,0.024347,-0.008677,2063.37,0.009453,0.00781,0.011678788416992969
CVS,2016-08-03 06:35:27,0.0459,0.0126,0.0103,0.2631578947368421,0.7368421052631579,0.0,0.0333,6236882.0,-0.006425,0.003134,2163.79,0.048882,-0.006362,0.019544020194024687
CVS,2016-11-08 19:24:18,0.0208,0.0231,0.0197,0.0,0.5909090909090909,0.4090909090909091,-0.0023,50234379.0,-0.11824,0.003772,2139.56,0.013121,0.022224,0.04011863225222028
CVS,2017-02-09 18:48:33,0.0268,0.021,0.014,0.0,0.5882352941176471,0.4117647058823529,0.0058,13943993.0,0.003635,0.005752,2307.87,0.008774,0.000693,0.01665669451301789
CVS,2017-05-02 18:14:34,0.0322,0.0207,0.0115,0.0,0.6111111111111112,0.3888888888888889,0.0115,15689972.0,-0.036115,0.001189,2391.17,-0.005822,0.001732,0.017147037962866946
CVS,2017-08-08 17:14:45,0.0342,0.0125,0.0114,0.0,0.6666666666666666,0.3333333333333333,0.0217,8639803.0,-0.006952,-0.002414,2474.92,0.014749,0.001647,0.00935333200582078
CVS,2017-11-06 20:36:43,0.0352,0.02,0.0141,0.0,0.4705882352941176,0.5294117647058824,0.015200000000000002,14183103.0,-0.035379,0.001271,2591.13,-0.001874,0.003097,0.02163865864707064
CVS,2018-02-08 16:58:10,0.0395,0.0113,0.0147,0.2222222222222222,0.5,0.2777777777777778,0.028200000000000003,11725186.0,-0.05111,-0.037536,2581.0,0.004458,-0.005002,0.025269178454745588
CVS,2018-05-02 18:22:01,0.0397,0.0161,0.0136,0.0,0.5714285714285714,0.4285714285714285,0.0236,14322464.0,-0.030294,-0.007206,2635.67,-0.026207,0.002549,0.017772702601961753
CVS,2018-08-08 21:52:02,0.0454,0.0233,0.016,0.0,0.6470588235294118,0.3529411764705882,0.0221,18509163.0,0.041558,-0.000262,2857.7,0.006304,0.002824,0.02042961988986688
CVS,2018-09-13 18:59:07,0.0362,0.0161,0.0094,0.5,0.5,0.0,0.020100000000000003,6847615.0,-0.003104,0.005282,2904.18,0.020996,0.000357,0.014118509696690918
CVS,2018-11-06 17:57:24,0.0319,0.0086,0.0098,0.0,0.6,0.4,0.023299999999999998,12828527.0,0.057131,0.006259,2755.45,0.008209,0.0056,0.026063330255573846
CVS,2018-11-28 18:04:19,0.0365,0.0253,0.007,0.6666666666666666,0.3333333333333333,0.0,0.011199999999999998,19884038.0,0.009685,0.022974,2743.79,0.021326,0.003262,0.019936271504750108
CVS,2019-01-08 20:53:08,0.059,0.0197,0.0037,0.6666666666666666,0.3333333333333333,0.0,0.0393,10335241.0,-0.001166,0.009695,2574.41,0.026788,0.00701,0.0167825332864592
CVS,2019-02-20 19:44:11,0.0563,0.0117,0.0117,0.3888888888888889,0.3333333333333333,0.2777777777777778,0.0446,43365550.0,-0.080996,0.001777,2784.7,0.005034,0.001499,0.030673329258313137
CVS,2019-05-01 15:39:08,0.0441,0.007,0.0104,0.2916666666666667,0.4583333333333333,0.25,0.0371,26243003.0,0.054248,-0.007502,2923.73,0.007224,0.000951,0.019359447346622972
CVS,2019-08-07 17:34:09,0.0416,0.0113,0.0151,0.35,0.45,0.2,0.0303,22891731.0,0.074505,0.000767,2883.98,-0.007705,0.013017,0.02678117509433322
CVS,2019-11-06 15:35:13,0.0513,0.0244,0.0086,0.3888888888888889,0.5,0.1111111111111111,0.026899999999999997,22382065.0,0.053624,0.000703,3076.78,-0.010582,-0.001186,0.01930075223174246
CVS,2020-02-12 18:31:47,0.0447,0.0383,0.0064,0.3529411764705882,0.4117647058823529,0.2352941176470588,0.006399999999999996,13500750.0,-0.001354,0.006463,3379.45,0.008191,0.001688,0.019211140020542493
CVS,2020-05-06 18:52:19,0.0307,0.0346,0.009,0.3333333333333333,0.4444444444444444,0.2222222222222222,-0.0038999999999999972,16385984.0,-0.01307,-0.006979,2848.42,0.021017,0.009041,0.017702039065222615
CVS,2020-08-05 17:03:08,0.0267,0.0163,0.0105,0.4,0.3333333333333333,0.2666666666666666,0.010400000000000003,12908895.0,-0.008926,0.00643,3327.77,0.017538,0.003612,0.01258025970231851
CVS,2020-11-06 19:28:10,0.0469,0.0141,0.007,0.3529411764705882,0.4117647058823529,0.2352941176470588,0.032799999999999996,24526887.0,0.057645,-0.000288,3509.44,0.017227,0.01946,0.027124333586283765
CVS,2021-02-16 17:44:25,0.0427,0.0104,0.015,0.3846153846153846,0.3846153846153846,0.2307692307692307,0.0323,18932649.0,-0.049589,-0.000569,3932.59,0.008288,0.004711,0.019051285211822946
CVX,2006-10-29 23:58:52,0.0342,0.0235,0.0171,0.2307692307692307,0.4615384615384615,0.3076923076923077,0.010700000000000001,8888200.0,0.002667,-0.008452,1377.34,-0.001184,0.004963,0.00893076445900473
CVX,2007-04-27 18:23:00,0.0234,0.0351,0.0106,0.1428571428571428,0.4285714285714285,0.4285714285714285,-0.011699999999999999,8119623.0,-0.001279,-0.00012,1494.07,-0.001788,-0.000782,0.011248076825247358
CVX,2007-07-27 18:17:51,0.0266,0.0266,0.0096,0.25,0.4166666666666667,0.3333333333333333,0.0,17066450.0,-0.02584,-0.015992,1458.95,-0.039429,-0.023339,0.01928889719905096
CVX,2007-11-02 21:23:21,0.0181,0.0245,0.0053,0.3076923076923077,0.4615384615384615,0.2307692307692307,-0.0063999999999999994,12374730.0,-0.006289,0.000802,1509.65,-0.026992,-0.026423,0.01693358400109742
CVX,2008-02-01 20:06:54,0.0175,0.0257,0.0113,0.1818181818181818,0.3636363636363636,0.4545454545454545,-0.008199999999999999,16063300.0,-0.009129,0.012238,1395.42,0.00024,0.016772,0.01607359879360494
CVX,2008-05-02 21:52:11,0.0167,0.0209,0.0115,0.2222222222222222,0.5555555555555556,0.2222222222222222,-0.004199999999999999,10312000.0,0.004002,0.003236,1413.9,-0.012584,0.017141,0.01366550330048461
CVX,2008-08-02 00:13:18,0.0136,0.0293,0.0146,0.1818181818181818,0.6363636363636364,0.1818181818181818,-0.0157,13089300.0,-0.002956,-0.005578,1260.31,-0.030942,-0.013144,0.02457807180665997
CVX,2008-10-31 21:26:22,0.0246,0.0297,0.0102,0.2727272727272727,0.5454545454545454,0.1818181818181818,-0.0051,20507200.0,0.005662,0.015365,968.75,0.044789,0.025804,0.0721137002660074
CVX,2009-01-30 23:11:30,0.0122,0.0224,0.0163,0.2142857142857142,0.5714285714285714,0.2142857142857142,-0.010199999999999999,17880100.0,-0.001416,-0.022789,825.88,-0.04296,-0.03312,0.028581889447690457
CVX,2009-05-01 20:28:25,0.0187,0.0259,0.0135,0.1666666666666666,0.4166666666666667,0.4166666666666667,-0.007199999999999998,12003500.0,0.011649,0.005396,877.52,-0.02161,-0.00095,0.021588473952551597
CVX,2009-07-31 21:10:16,0.0164,0.0216,0.0144,0.2727272727272727,0.5454545454545454,0.1818181818181818,-0.0052,16304500.0,0.026145,0.00074,987.48,0.008641,0.011896,0.014323293026085523
CVX,2009-10-30 22:05:10,0.0308,0.0159,0.0138,0.1538461538461538,0.6153846153846154,0.2307692307692307,0.0149,19335300.0,-0.018088,-0.028065,1036.19,0.027145,0.02252,0.014533222180385311
CVX,2010-01-30 00:29:18,0.034,0.0206,0.0103,0.1818181818181818,0.4545454545454545,0.3636363636363636,0.013400000000000002,15267500.0,-0.015292,-0.009829,1073.87,-0.006242,-0.011818,0.009877656017497228
CVX,2010-05-03 22:08:12,0.0358,0.0137,0.0116,0.1538461538461538,0.5384615384615384,0.3076923076923077,0.022099999999999998,11650700.0,0.017068,0.013121,1202.26,-0.010329,-0.016648,0.015341639408268345
CVX,2010-07-30 21:06:26,0.0375,0.0276,0.0079,0.1666666666666666,0.5833333333333334,0.25,0.009899999999999999,16958000.0,0.002499,6.4e-05,1101.6,0.006088,-0.004159,0.00883840649287711
CVX,2010-10-29 21:06:20,0.0255,0.0255,0.0123,0.2,0.5,0.3,0.0,12463000.0,-0.021791,-0.000439,1183.26,0.001542,0.001125,0.012183559608021841
CVX,2011-01-28 21:06:22,0.0346,0.0112,0.0112,0.1538461538461538,0.4615384615384615,0.3846153846153846,0.023399999999999997,12448000.0,-0.014565,-0.017852,1276.34,0.001162,0.002244,0.007319683314339579
CVX,2011-04-29 19:41:36,0.0311,0.0241,0.01,0.1666666666666666,0.4166666666666667,0.4166666666666667,0.006999999999999999,6755800.0,0.00579,0.002301,1363.61,-0.001468,0.003555,0.01101396473371667
CVX,2011-07-29 19:21:15,0.0354,0.0118,0.0088,0.1818181818181818,0.4545454545454545,0.3636363636363636,0.023600000000000003,9698900.0,-0.009616,-0.006451,1292.28,-0.00568,-0.003234,0.011252652787972519
CVX,2011-10-28 19:11:14,0.0299,0.0113,0.0041,0.1333333333333333,0.6666666666666666,0.2,0.0186,10341900.0,0.006148,0.000389,1285.09,0.020605,0.034291,0.019276409759369343
CVX,2012-01-27 19:51:13,0.0357,0.0252,0.0073,0.1666666666666666,0.6666666666666666,0.1666666666666666,0.010500000000000002,10582000.0,-0.024674,-0.001593,1316.33,-0.010582,-0.005746,0.01033721235579921
CVX,2012-04-27 19:51:06,0.0201,0.0169,0.0127,0.0666666666666666,0.8,0.1333333333333333,0.0032000000000000015,5143500.0,-0.000188,0.002414,1403.36,0.022821,0.00668,0.009996174268744516
CVX,2012-07-27 19:51:08,0.0293,0.0166,0.0127,0.1428571428571428,0.7142857142857143,0.1428571428571428,0.0127,8340200.0,0.009144,0.019081,1385.97,0.020837,0.016541,0.010476942813202243
CVX,2012-11-02 19:51:45,0.0136,0.0303,0.0125,0.1666666666666666,0.6666666666666666,0.1666666666666666,-0.0167,8375400.0,-0.027723,-0.009379,1414.2,0.01106,0.010927,0.014187282960062797
CVX,2013-02-01 20:19:07,0.0393,0.0165,0.0083,0.2142857142857142,0.7142857142857143,0.0714285714285714,0.0228,6418200.0,0.011724,0.010053,1513.17,-0.011164,-0.002563,0.007828790469939874
CVX,2013-03-12 19:49:06,0.0336,0.0174,0.0058,0.3333333333333333,0.3888888888888889,0.2777777777777778,0.0162,4626500.0,-0.004043,-0.002403,1552.48,0.001349,0.003249,0.005139709745371408
CVX,2013-04-26 18:20:07,0.0308,0.0175,0.0041,0.1428571428571428,0.6428571428571429,0.2142857142857142,0.0133,6012600.0,0.01291,-0.001842,1582.24,0.001945,0.004035,0.013002061111822031
CVX,2013-08-02 18:16:18,0.0223,0.0132,0.0081,0.25,0.5833333333333334,0.1666666666666666,0.0091,7480600.0,-0.011784,0.00164,1709.67,0.004369,0.012541,0.006992291588281684
CVX,2013-09-11 20:16:28,0.0351,0.0176,0.007,0.5,0.5,0.0,0.017499999999999998,4996900.0,0.007398,0.003052,1689.13,0.006464,0.007346,0.00936468646268755
CVX,2013-11-01 18:28:07,0.0186,0.029,0.0134,0.2727272727272727,0.4545454545454545,0.2727272727272727,-0.010400000000000003,9344500.0,-0.016255,0.002903,1761.64,-0.002826,-0.003839,0.00716349509356674
CVX,2014-01-31 18:18:07,0.0247,0.0165,0.0021,0.2307692307692307,0.6923076923076923,0.0769230769230769,0.008199999999999999,15531700.0,-0.041391,-0.006465,1782.59,0.003879,0.011267,0.015334165339745949
CVX,2014-05-02 20:48:12,0.0193,0.0334,0.0081,0.1666666666666666,0.5,0.3333333333333333,-0.014099999999999998,5406091.0,-0.001761,-0.001348,1881.14,-0.004621,-0.000143,0.005790043140311299
CVX,2014-08-01 22:21:15,0.0228,0.0268,0.0079,0.25,0.5833333333333334,0.1666666666666666,-0.004,7377853.0,-0.010368,-0.002859,1925.15,-0.024825,-0.019999,0.011137451438477467
CVX,2014-10-31 19:37:08,0.0303,0.0161,0.003,0.2142857142857142,0.5714285714285714,0.2142857142857142,0.0142,10671453.0,0.023464,0.011731,2018.05,0.000512,0.00623,0.01471554507806094
CVX,2014-11-11 23:26:08,0.0187,0.0053,0.0053,0.5,0.5,0.0,0.013400000000000002,3957455.0,0.00441,0.000697,2039.68,-0.007407,0.00312,0.014267143007624172
CVX,2015-01-30 21:50:09,0.0289,0.0258,0.0041,0.2307692307692307,0.5384615384615384,0.2307692307692307,0.0030999999999999986,20584736.0,-0.004563,-0.012992,1994.99,-0.006846,0.009535,0.020067341681891428
CVX,2015-05-01 18:06:06,0.0272,0.0293,0.0199,0.1875,0.6875,0.125,-0.002100000000000001,10362711.0,-0.018188,0.010923,2108.29,-0.005997,-0.010129,0.009026081716645087
CVX,2015-07-31 21:34:09,0.0201,0.0321,0.016,0.2142857142857142,0.7142857142857143,0.0714285714285714,-0.011999999999999997,19063381.0,-0.048909,-0.002272,2103.84,-0.002359,2.8e-05,0.022705464120632565
CVX,2015-10-30 20:02:06,0.0232,0.019,0.0074,0.1538461538461538,0.6923076923076923,0.1538461538461538,0.004199999999999999,11559260.0,0.011013,-0.00481,2079.36,0.001114,-0.00045,0.01662113095496878
CVX,2016-01-29 20:42:11,0.0271,0.0271,0.0177,0.2,0.6,0.2,0.0,20248924.0,0.006401,0.02476,1940.24,0.031576,0.005529,0.02870680043396607
CVX,2016-03-10 02:01:45,0.0356,0.0178,0.0033,0.3529411764705882,0.5882352941176471,0.0588235294117647,0.0178,12090872.0,0.012066,0.000156,1989.57,0.045977,0.005052,0.02150343844959578
CVX,2016-04-29 18:34:15,0.0222,0.0243,0.019,0.1875,0.625,0.1875,-0.0020999999999999977,8826940.0,-0.002148,-0.005063,2065.3,-0.013962,-0.009231,0.010583307897607168
CVX,2016-07-29 21:53:10,0.0156,0.0198,0.0135,0.2,0.6,0.2,-0.004200000000000002,10157617.0,0.006779,0.001631,2173.6,-0.004596,0.001606,0.00829554775098594
CVX,2016-10-29 08:11:10,0.0184,0.0194,0.0092,0.2,0.6666666666666666,0.1333333333333333,-0.0010000000000000009,17435396.0,0.039031,-0.003108,2126.41,-0.012551,-0.002987,0.01397423829170421
CVX,2017-01-27 22:37:08,0.0286,0.0167,0.0158,0.1875,0.5,0.3125,0.0119,11698850.0,-0.023681,-0.000866,2294.69,-0.005885,-0.000735,0.008871592770059767
CVX,2017-03-07 21:35:10,0.0341,0.0114,0.0083,0.2272727272727272,0.5909090909090909,0.1818181818181818,0.022699999999999998,6660335.0,-0.012017,-0.002913,2368.39,-0.003347,-0.003277,0.009643251872567506
CVX,2017-04-28 19:10:23,0.0189,0.0084,0.0168,0.0,0.5882352941176471,0.4117647058823529,0.0105,6848413.0,0.011662,-0.001913,2384.2,-0.00575,0.000553,0.008211482789362644
CVX,2017-07-28 20:10:42,0.0263,0.0122,0.0101,0.0,0.7857142857142857,0.2142857142857142,0.0141,7812602.0,0.018943,-0.001341,2472.1,0.009418,-0.000973,0.00919606456890959
CVX,2017-10-27 20:12:01,0.0186,0.0134,0.0093,0.0,0.6,0.4,0.005199999999999998,14534096.0,-0.041371,0.008073,2581.07,0.0,0.001271,0.014614358343385722
CVX,2018-02-02 21:30:09,0.0267,0.0181,0.0085,0.2307692307692307,0.5384615384615384,0.2307692307692307,0.0086,13182551.0,-0.055666,-0.021209,2762.13,0.001755,-0.000648,0.019610254583876358
CVX,2018-03-06 21:29:10,0.0619,0.0126,0.0138,0.2777777777777778,0.5,0.2222222222222222,0.0493,7957870.0,0.004419,0.002639,2728.12,0.013526,0.011032,0.013868538481036807
CVX,2018-04-27 20:48:12,0.0255,0.0133,0.0123,0.25,0.5625,0.1875,0.012199999999999999,8836646.0,0.019321,0.001114,2669.91,0.012223,0.010434,0.010484234886511946
CVX,2018-07-27 21:47:07,0.0243,0.0101,0.0152,0.2727272727272727,0.7272727272727273,0.0,0.014199999999999999,7581126.0,0.016297,-0.006562,2818.82,-0.007606,-0.003032,0.010772460536014914
CVX,2018-11-02 20:22:12,0.0142,0.0142,0.0131,0.0,0.6153846153846154,0.3846153846153846,0.0,9890750.0,0.032023,-0.006317,2723.06,-0.004299,0.010558,0.020924428947205833
CVX,2019-02-01 21:27:31,0.0272,0.0073,0.0073,0.2,0.6,0.2,0.019899999999999998,10934318.0,0.032447,0.000899,2706.53,0.014512,0.008597,0.016205773163358205
CVX,2019-04-12 17:51:11,0.0726,0.0089,0.0112,0.2727272727272727,0.3636363636363636,0.3636363636363636,0.06369999999999999,42693707.0,-0.049448,0.006609,2907.41,0.003984,3.8e-05,0.018170591522506267
CVX,2019-04-26 19:51:21,0.0203,0.0304,0.0135,0.1428571428571428,0.5714285714285714,0.2857142857142857,-0.010100000000000001,11626677.0,-0.006785,0.004685,2939.88,-0.003213,-0.000369,0.019365608956773493
CVX,2019-08-02 18:10:09,0.0339,0.0465,0.0101,0.2142857142857142,0.5,0.2857142857142857,-0.0126,9026153.0,-8.3e-05,-0.007283,2932.05,-0.019251,-0.008999,0.008837404053227338
CVX,2019-09-04 16:27:32,0.0443,0.0291,0.0111,1.0,0.0,0.0,0.015199999999999998,4609783.0,0.008429,0.010842,2937.78,-0.012317,-0.006899,0.01078524631151273
CVX,2019-11-01 19:05:07,0.0231,0.0321,0.009,0.2142857142857142,0.5714285714285714,0.2142857142857142,-0.008999999999999998,7684675.0,0.000603,0.009662,3066.91,-0.001891,-0.003023,0.008769416466713482
CVX,2020-01-31 19:16:54,0.0271,0.0348,0.009,0.2,0.6666666666666666,0.1333333333333333,-0.0076999999999999985,13699563.0,-0.038241,-0.017706,3225.52,0.009332,0.003134,0.013831936348738548
CVX,2020-05-01 22:02:57,0.013,0.0691,0.0052,0.2307692307692307,0.6153846153846154,0.1538461538461538,-0.0561,13250095.0,-0.027826,-0.028059,2830.71,-0.02769,-0.009212,0.032254200797208935
CVX,2020-08-01 00:27:10,0.0238,0.0281,0.0065,0.2142857142857142,0.6428571428571429,0.1428571428571428,-0.004299999999999998,19120651.0,-0.027008,0.00767,3271.12,-0.042189,-0.00375,0.03128406983398714
CVX,2020-10-30 21:53:05,0.0389,0.0178,0.0044,0.1764705882352941,0.5882352941176471,0.2352941176470588,0.021099999999999997,17198460.0,0.010174,-0.01213,3269.96,0.028708,0.011947,0.023845091499556662
CVX,2021-01-29 23:14:12,0.0247,0.0337,0.0079,0.1875,0.5625,0.25,-0.009000000000000001,14699838.0,-0.042912,-0.019312,3714.24,0.009297,0.009761,0.022440167032701935
DIS,2006-02-09 13:25:48,0.0626,0.0106,0.0035,0.2142857142857142,0.6428571428571429,0.1428571428571428,0.052000000000000005,13862500.0,-0.006691,-0.001478,1263.78,0.007491,0.008663,0.023227177646742474
DIS,2006-05-10 03:46:21,0.073,0.0093,0.007,0.2,0.5333333333333333,0.2666666666666666,0.06369999999999999,21112900.0,0.017918,-0.001728,1322.85,0.028154,0.000362,0.013251693143393669
DIS,2006-08-09 14:49:12,0.0484,0.0079,0.0068,0.2142857142857142,0.6428571428571429,0.1428571428571428,0.040499999999999994,18687100.0,-0.005176,-0.004349,1265.95,-0.01395,-0.003363,0.011727062545904478
DIS,2006-11-10 02:55:45,0.0541,0.0011,0.0077,0.2,0.6666666666666666,0.1333333333333333,0.053000000000000005,25028200.0,-0.03514,0.001865,1380.9,0.014502,-0.005333,0.015646140128905063
DIS,2007-02-08 03:27:27,0.0385,0.0125,0.0091,0.75,0.25,0.0,0.026,20463200.0,-0.005355,-0.001179,1448.31,0.008241,0.001395,0.00666586820551782
DIS,2007-05-09 00:25:59,0.0672,0.0056,0.0045,0.2142857142857142,0.5714285714285714,0.2142857142857142,0.061599999999999995,13918630.0,-0.011765,0.003223,1512.58,0.013588,-0.001166,0.00824199343538253
DIS,2007-08-01 23:46:22,0.061,0.0067,0.0067,0.1764705882352941,0.5882352941176471,0.2352941176470588,0.0543,15046040.0,0.025152,0.007243,1465.81,-0.029697,-0.012647,0.017475399056324226
DIS,2007-11-09 04:26:58,0.0463,0.0055,0.0066,0.2142857142857142,0.5714285714285714,0.2142857142857142,0.0408,14932190.0,-0.026464,-0.014287,1453.7,0.003881,-0.000576,0.013742986206708411
DIS,2008-02-06 08:45:15,0.066,0.0045,0.0078,0.1764705882352941,0.4705882352941176,0.3529411764705882,0.061500000000000006,31179000.0,0.047556,-0.007624,1326.45,-0.026861,-0.031995,0.024358181483162215
DIS,2008-05-07 03:41:14,0.0678,0.0092,0.0092,0.1764705882352941,0.5294117647058824,0.2941176470588235,0.0586,30879100.0,0.028758,-0.018114,1392.57,0.013217,0.007652,0.01242380002879777
DIS,2008-07-31 00:56:26,0.0615,0.0078,0.0101,0.1764705882352941,0.4705882352941176,0.3529411764705882,0.0537,25578200.0,-0.04168,-0.013144,1267.38,0.024256,0.016672,0.020311166196892223
DIS,2008-11-07 00:52:11,0.067,0.028,0.011,0.2142857142857142,0.5714285714285714,0.2142857142857142,0.03900000000000001,28706600.0,0.024112,0.028855,930.99,-0.058605,-0.050264,0.0596823216558583
DIS,2009-02-04 03:29:17,0.0477,0.0291,0.0128,0.2142857142857142,0.5,0.2857142857142857,0.0186,48826600.0,-0.078565,-0.007489,832.23,0.020792,0.015834,0.03682728538356067
DIS,2009-05-06 01:21:39,0.0489,0.0244,0.0128,0.2,0.6,0.2,0.024499999999999997,49777100.0,0.117495,0.017404,919.53,0.012686,-0.003792,0.04269954913748439
DIS,2009-07-31 00:56:35,0.0536,0.016,0.0103,0.2,0.5333333333333333,0.2666666666666666,0.0376,25057200.0,-0.041953,0.00074,987.48,0.012746,0.011896,0.027353098367054806
DIS,2009-11-13 02:39:10,0.0695,0.0216,0.006,0.2142857142857142,0.5,0.2857142857142857,0.047900000000000005,29085600.0,0.047849,0.005739,1093.48,-0.008194,-0.010259,0.01879212264664813
DIS,2010-02-10 01:16:21,0.0567,0.0131,0.0044,0.1875,0.5,0.3125,0.0436,24191900.0,0.006367,-0.002233,1068.13,0.012212,0.01304,0.016105181112852356
DIS,2010-05-12 03:26:25,0.0651,0.0065,0.0043,0.1764705882352941,0.4705882352941176,0.3529411764705882,0.058600000000000006,25533300.0,-0.017617,0.01374,1171.67,0.013318,-0.003397,0.030328535367794365
DIS,2011-02-09 09:21:34,0.0669,0.0065,0.0022,0.2,0.6,0.2,0.0604,35806100.0,0.052938,-0.002786,1320.88,0.005862,0.004185,0.018585325413406694
DIS,2011-05-11 02:21:15,0.0238,0.0124,0.0093,0.2,0.5333333333333333,0.2666666666666666,0.011400000000000002,38474400.0,-0.05443,-0.011111,1342.08,0.018794,0.008074,0.01998997272773411
DIS,2011-08-10 01:11:11,0.0461,0.0033,0.0022,0.2142857142857142,0.5714285714285714,0.2142857142857142,0.042800000000000005,87060500.0,-0.091066,-0.044152,1120.76,0.05056,0.047407,0.040961199360695776
DIS,2011-11-11 01:51:14,0.0442,0.0021,0.0053,0.2307692307692307,0.7692307692307693,0.0,0.042100000000000005,22392200.0,0.059469,0.019489,1263.85,0.025155,0.008616,0.03304688177523963
DIS,2012-02-08 02:31:09,0.0602,0.0045,0.0033,0.2,0.7333333333333333,0.0666666666666666,0.0557,21692100.0,0.007077,0.00216,1349.96,0.012852,0.002023,0.011865421350387043
DIS,2012-05-09 01:31:09,0.0701,0.0034,0.0023,0.2,0.7333333333333333,0.0666666666666666,0.0667,21351200.0,0.016253,-0.006702,1354.58,0.010954,-0.004279,0.012984505270599299
DIS,2012-08-08 03:58:06,0.0631,0.0046,0.0046,0.125,0.6875,0.1875,0.0585,14725300.0,0.013652,0.000621,1402.22,0.003223,0.005107,0.012328626930846708
DIS,2012-11-09 02:21:09,0.0611,0.0044,0.0044,0.2142857142857142,0.7142857142857143,0.0714285714285714,0.0567,34221200.0,-0.059552,0.001699,1379.85,-0.000799,-0.012205,0.020589664099575092
DIS,2013-02-06 01:43:04,0.0471,0.0067,0.0011,0.2,0.6666666666666666,0.1333333333333333,0.040400000000000005,26838600.0,0.004236,0.000549,1512.12,0.007236,0.010416,0.007590893069988428
DIS,2013-03-06 21:00:06,0.0659,0.0084,0.0036,0.5,0.0,0.5,0.0575,5572600.0,-0.002125,0.001085,1541.46,0.012186,0.009566,0.00863687028963608
DIS,2013-05-08 00:29:06,0.05,0.0109,0.0011,0.2,0.6666666666666666,0.1333333333333333,0.0391,17807600.0,-0.001211,0.004139,1632.69,0.015524,0.00523,0.007825745849438156
DIS,2013-05-30 22:42:05,0.0199,0.0106,0.0066,1.0,0.0,0.0,0.009300000000000001,13053800.0,-0.024298,0.00367,1654.41,-0.006448,-0.007048,0.011586587295949769
DIS,2013-08-07 00:09:05,0.0274,0.0179,0.0032,0.2307692307692307,0.6923076923076923,0.0769230769230769,0.009500000000000001,16971800.0,-0.017002,-0.003806,1690.91,0.015601,-0.005723,0.011320408611097944
DIS,2013-11-08 00:13:08,0.0546,0.0067,0.0022,0.2,0.5333333333333333,0.2666666666666666,0.047900000000000005,16183600.0,0.021296,0.013428,1770.61,-0.026812,-0.013183,0.011907112263031806
DIS,2013-12-10 20:31:11,0.0332,0.0055,0.0097,1.0,0.0,0.0,0.027700000000000002,7112200.0,0.006469,-0.00318,1802.62,-0.004898,0.001817,0.010634975628661326
DIS,2014-02-06 04:48:07,0.0612,0.0133,0.0044,0.125,0.6875,0.1875,0.0479,19822900.0,0.052954,0.01244,1773.43,0.009993,-0.002028,0.026925410662503226
DIS,2014-05-07 01:02:26,0.0513,0.0131,0.0044,0.2307692307692307,0.6923076923076923,0.0769230769230769,0.0382,11907798.0,-0.009132,0.005616,1878.21,-0.002339,-0.008988,0.009609057873231333
DIS,2014-05-15 05:43:12,0.0342,0.0085,0.0043,0.5,0.0,0.5,0.0257,7688663.0,-0.009516,-0.009362,1870.85,-0.014133,-0.004701,0.01013665760221003
DIS,2014-08-06 03:34:08,0.0446,0.012,0.0,0.1875,0.625,0.1875,0.032600000000000004,9793689.0,-0.001844,1.6e-05,1920.24,-0.005617,-0.009685,0.011842568994943535
DIS,2014-09-10 22:09:07,0.025,0.0053,0.0066,0.5,0.5,0.0,0.019700000000000002,5078620.0,-0.000893,0.003646,1995.69,-0.010601,-0.006545,0.006860853737772651
DIS,2014-11-07 04:20:07,0.0518,0.0068,0.0056,0.2307692307692307,0.6153846153846154,0.1538461538461538,0.045,16176328.0,-0.021739,0.00035,2031.92,0.010989,0.003776,0.01237967119873896
DIS,2015-02-04 04:31:10,0.0721,0.0114,0.0023,0.2307692307692307,0.5384615384615384,0.2307692307692307,0.0607,32640456.0,0.076302,-0.004156,2041.51,0.023605,0.014439,0.027828405972035886
DIS,2015-05-06 00:03:11,0.0628,0.0121,0.0,0.3333333333333333,0.5,0.1666666666666666,0.050699999999999995,8975283.0,-0.009837,-0.004456,2080.15,-0.001981,-0.011837,0.008337979910559092
DIS,2015-08-05 01:28:13,0.0599,0.0106,0.0047,0.3076923076923077,0.5384615384615384,0.1538461538461538,0.049300000000000004,61011209.0,-0.091708,0.003115,2099.84,0.004706,-0.00225,0.030174296420776518
DIS,2015-09-11 01:06:10,0.0517,0.0066,0.0053,1.0,0.0,0.0,0.0451,9529778.0,0.018324,0.004487,1961.05,0.006771,0.005278,0.01794012868280364
DIS,2015-11-06 03:48:09,0.0631,0.0046,0.0046,0.2857142857142857,0.5,0.2142857142857142,0.0585,16803396.0,0.023628,-0.000348,2099.2,-0.002208,-0.001132,0.011837867495644758
DIS,2016-02-10 04:54:07,0.0462,0.0079,0.0034,0.2666666666666666,0.6666666666666666,0.0666666666666666,0.0383,32649818.0,-0.037587,-0.000189,1851.86,0.002171,-0.000664,0.019299839315393214
DIS,2016-03-10 01:57:24,0.0421,0.016,0.0029,0.5,0.5,0.0,0.026099999999999998,5453451.0,-0.006349,0.000156,1989.57,-0.001636,0.005052,0.011916797741004004
DIS,2016-05-11 02:30:48,0.0451,0.0161,0.0021,0.2307692307692307,0.3846153846153846,0.3846153846153846,0.029,27068133.0,-0.040431,-0.009562,2064.46,0.011961,0.012484,0.01573286084601265
DIS,2016-08-10 01:07:45,0.0679,0.0092,0.0012,0.2,0.5333333333333333,0.2666666666666666,0.0587,27181275.0,0.01231,-0.002865,2175.49,0.009608,0.00039,0.007884203757443555
DIS,2016-09-21 19:21:09,0.0342,0.0096,0.0192,0.5,0.5,0.0,0.024600000000000004,12049468.0,-0.006025,0.010917,2163.12,0.003455,0.000299,0.008601425249470013
DIS,2016-11-11 03:22:18,0.0532,0.0155,0.0055,0.0,0.5714285714285714,0.4285714285714285,0.0377,23008062.0,0.028644,-0.001398,2164.45,0.003381,0.001951,0.01362506299312649
DIS,2017-02-08 02:56:32,0.0594,0.0179,0.0011,0.0,0.6153846153846154,0.3846153846153846,0.0415,13615543.0,0.0,0.000693,2294.67,-0.005202,0.000227,0.007505948930311378
DIS,2017-05-10 02:30:27,0.0586,0.009,0.0045,0.0,0.5454545454545454,0.4545454545454545,0.0496,17061077.0,-0.021504,0.001131,2399.63,0.005834,-0.001025,0.010419903665581454
DIS,2017-05-17 18:11:08,0.0239,0.0014,0.0155,1.0,0.0,0.0,0.022500000000000003,12763221.0,-0.015466,-0.018178,2357.03,-0.010538,-0.000687,0.009055757609265809
DIS,2017-08-09 02:14:40,0.0451,0.0069,0.0023,0.0,0.6153846153846154,0.3846153846153846,0.0382,27877607.0,-0.038792,-0.000364,2474.02,0.005924,-0.002414,0.01797134000104976
DIS,2017-09-07 21:48:09,0.0428,0.0207,0.0041,0.5,0.5,0.0,0.022099999999999998,26419407.0,-0.043744,-0.000178,2465.1,-0.000984,0.003129,0.015223003605289743
DIS,2017-11-10 02:04:26,0.0195,0.0282,0.0076,0.0,0.6153846153846154,0.3846153846153846,-0.0087,16701518.0,0.020452,-0.000898,2582.3,0.014825,-0.003762,0.010378582731332324
DIS,2017-12-15 14:41:06,0.054,0.0057,0.0069,0.3,0.4,0.3,0.048299999999999996,19978625.0,0.006331,0.008974,2675.81,0.027507,-0.004071,0.021769415226158176
DIS,2018-02-07 02:20:08,0.053,0.0068,0.0023,0.0,0.5833333333333334,0.4166666666666667,0.0462,12444982.0,-0.013281,-0.005002,2681.66,0.01404,0.017441,0.016965866456571558
DIS,2018-03-14 00:28:09,0.0073,0.0085,0.0024,0.6666666666666666,0.0,0.3333333333333333,-0.0012000000000000005,6235877.0,0.001639,-0.005724,2749.48,-0.013692,-0.006364,0.008919381785377914
DIS,2018-05-09 00:40:08,0.0532,0.0111,0.0067,0.0,0.6363636363636364,0.3636363636363636,0.0421,18345683.0,-0.01788,0.009682,2697.79,-0.006733,-0.000266,0.013083454534045748
DIS,2018-08-08 01:21:57,0.0714,0.0129,0.0035,0.0,0.4166666666666667,0.5833333333333334,0.0585,11727147.0,-0.022134,-0.000262,2857.7,0.005348,0.002824,0.012721924419415933
DIS,2018-11-09 01:55:24,0.0423,0.0087,0.0033,0.0,0.5454545454545454,0.4545454545454545,0.0336,16878228.0,0.017241,-0.009199,2781.01,-0.008971,-0.002509,0.009144143065372404
DIS,2019-02-06 03:02:22,0.042,0.0122,0.0033,0.2727272727272727,0.6363636363636364,0.0909090909090909,0.0298,14229041.0,-0.011095,-0.002224,2731.61,0.007692,0.004708,0.007228141861271462
DIS,2019-05-09 02:20:12,0.0461,0.0055,0.0011,0.2307692307692307,0.5384615384615384,0.2307692307692307,0.040600000000000004,15297051.0,-0.010371,-0.003021,2870.72,0.011616,-0.001605,0.012032406912168402
DIS,2019-08-07 02:21:12,0.0217,0.0268,0.0051,0.25,0.5,0.25,-0.0051,29084488.0,-0.049411,0.000767,2883.98,0.025813,0.013017,0.021763037839674607
DIS,2019-11-08 02:57:27,0.0336,0.0259,0.0078,0.25,0.5833333333333334,0.1666666666666666,0.0076999999999999985,24187457.0,0.037605,0.002561,3093.08,0.012874,0.00273,0.01480285178230489
DIS,2020-02-05 04:09:43,0.0208,0.0169,0.0117,0.25,0.5833333333333334,0.1666666666666666,0.0039000000000000007,27824121.0,-0.023216,0.011251,3334.69,0.02413,0.01498,0.020070365567173853
DIS,2020-05-06 04:59:34,0.0293,0.0505,0.0093,0.3076923076923077,0.4615384615384615,0.2307692307692307,-0.021200000000000004,51992370.0,-0.001781,-0.006979,2848.42,-0.020547,0.009041,0.030547415018659433
DIS,2020-08-05 03:43:07,0.0742,0.0255,0.0073,0.2727272727272727,0.5454545454545454,0.1818181818181818,0.04870000000000001,53122394.0,0.087987,0.00643,3327.77,0.008079,0.003612,0.0291352596579013
DIS,2020-11-13 02:39:12,0.06,0.0276,0.0132,0.2727272727272727,0.4545454545454545,0.2727272727272727,0.0324,21074457.0,0.020956,0.01361,3585.15,-0.016688,-0.009979,0.04112066959152724
DIS,2021-02-12 03:38:13,0.054,0.018,0.0108,0.25,0.5,0.25,0.036000000000000004,27233775.0,-0.016971,0.004711,3934.83,0.00675,0.001662,0.0200227360645619
DUK,2007-08-07 19:47:51,0.0266,0.0117,0.0181,0.3636363636363636,0.6363636363636364,0.0,0.014899999999999998,19341300.0,0.053631,0.006159,1476.71,0.046172,0.024151,0.03154911603639281
DUK,2007-11-02 18:18:18,0.0304,0.0068,0.0113,0.25,0.5,0.25,0.0236,9819105.0,0.011158,0.000802,1509.65,-0.018258,-0.026423,0.00924420745716532
DUK,2008-02-05 19:55:13,0.0264,0.0106,0.0158,0.2,0.0,0.8,0.0158,9494700.0,-0.037422,-0.031995,1336.64,0.018528,-0.010463,0.02305951122759447
DUK,2008-05-02 19:22:11,0.0342,0.0128,0.0171,0.3571428571428571,0.5714285714285714,0.0714285714285714,0.021400000000000002,9034000.0,0.01714,0.003236,1413.9,0.019661,0.017141,0.012702427939396283
DUK,2008-08-06 02:08:18,0.0315,0.0217,0.0141,0.3,0.5,0.2,0.0098,9090900.0,-0.012457,0.003354,1289.19,0.016695,0.028719,0.013050957945257837
DUK,2008-11-05 21:59:15,0.0176,0.0422,0.0129,0.4,0.4,0.2,-0.0246,17829000.0,-0.076832,-0.052677,952.77,0.014997,0.040826,0.04579936100912814
DUK,2009-02-05 22:58:17,0.0323,0.0161,0.0138,0.3333333333333333,0.4444444444444444,0.2222222222222222,0.016200000000000003,13089200.0,0.007161,0.016366,845.85,0.020598,-0.007489,0.011184488703855376
DUK,2009-05-05 20:26:44,0.0241,0.0264,0.008,0.3333333333333333,0.3333333333333333,0.3333333333333333,-0.0023,10326700.0,-0.002811,-0.003792,903.8,0.008505,0.033868,0.010131642583181416
DUK,2009-08-04 20:29:29,0.0286,0.0198,0.011,0.2727272727272727,0.5454545454545454,0.1818181818181818,0.008799999999999999,8239100.0,0.000642,0.003012,1005.65,0.005814,0.015342,0.009375645199131713
DUK,2009-10-30 19:23:08,0.0271,0.0248,0.0192,1.0,0.0,0.0,0.0023,13358800.0,-0.018001,-0.028065,1036.19,0.017045,0.02252,0.010933421576879737
DUK,2010-05-04 20:41:20,0.0338,0.0146,0.0124,0.3333333333333333,0.6666666666666666,0.0,0.019199999999999995,12430100.0,-0.012995,-0.023838,1173.6,0.008939,0.013121,0.015860468988792422
DUK,2010-08-03 19:06:27,0.0348,0.0196,0.0174,0.25,0.6666666666666666,0.0833333333333333,0.015199999999999998,8205300.0,0.0,-0.004796,1120.46,0.015789,0.022023,0.010875266213344512
DUK,2010-10-28 19:06:18,0.0346,0.0179,0.01,0.2307692307692307,0.6923076923076923,0.0769230769230769,0.0167,9623600.0,0.011192,0.001125,1183.78,0.00056,-0.002691,0.00398066446156381
DUK,2011-02-17 19:01:26,0.0327,0.0142,0.0087,0.4,0.5,0.1,0.0185,24626700.0,0.023729,0.003076,1340.43,-0.01062,0.006257,0.01024116627744242
DUK,2011-05-03 20:22:11,0.0322,0.0144,0.0122,0.3076923076923077,0.4615384615384615,0.2307692307692307,0.0178,9889500.0,-0.001064,-0.003379,1356.62,0.008043,-0.001753,0.004654967053231222
DUK,2011-08-02 20:51:23,0.0351,0.0283,0.0147,0.3636363636363636,0.4545454545454545,0.1818181818181818,0.0068000000000000005,18295500.0,-0.008021,-0.025557,1254.05,0.005376,-0.004132,0.007147173232202553
DUK,2011-08-23 21:01:03,0.0256,0.0098,0.0049,0.5,0.0,0.5,0.0158,21150300.0,0.007629,0.034285,1162.35,0.006031,0.000258,0.020078332560250153
DUK,2011-11-03 18:11:24,0.0283,0.025,0.0131,0.3,0.5,0.2,0.0032999999999999974,41583700.0,0.0186,0.018782,1261.15,0.011386,0.016105,0.012231496868967306
DUK,2012-02-16 19:01:13,0.0605,0.011,0.0143,0.2307692307692307,0.6153846153846154,0.1538461538461538,0.0495,18626900.0,0.011021,0.011026,1358.04,-0.017674,-0.005383,0.00828657788970958
DUK,2012-05-03 21:01:03,0.0129,0.0165,0.0153,0.6,0.0,0.4,-0.0036000000000000008,18605700.0,-0.003724,-0.007659,1391.57,-0.002322,-0.002497,0.005054135737745574
DUK,2012-05-04 18:41:07,0.0273,0.012,0.012,0.2,0.5333333333333333,0.2666666666666666,0.015300000000000001,16252200.0,0.007477,-0.016147,1369.1,-0.003724,-0.007659,0.005130173447360376
DUK,2012-08-02 18:41:24,0.058,0.0078,0.0078,0.2222222222222222,0.5555555555555556,0.2222222222222222,0.0502,4195100.0,-0.000889,-0.007374,1365.0,-0.003836,-0.00303,0.009496335799197111
DUK,2012-11-08 18:31:10,0.0431,0.0155,0.0077,0.3333333333333333,0.5,0.1666666666666666,0.0276,9688500.0,-0.006037,-0.012205,1377.51,-0.017637,-0.023705,0.008919465183892373
DUK,2013-02-13 17:20:08,0.0486,0.0088,0.0121,0.375,0.25,0.375,0.039799999999999995,2639000.0,0.001223,0.000592,1520.33,0.005207,0.001595,0.004076104676444767
DUK,2013-03-01 01:22:05,0.0412,0.0225,0.0188,0.9090909090909092,0.0,0.0909090909090909,0.0187,5228600.0,0.0,0.002324,1518.2,-0.012548,-0.000864,0.007595003310656978
DUK,2013-05-03 17:02:19,0.028,0.0135,0.0078,0.2857142857142857,0.4285714285714285,0.2857142857142857,0.0145,3092600.0,-0.004145,0.010535,1614.42,-0.001469,0.009408,0.0036995502129014784
DUK,2013-05-04 02:34:08,0.0141,0.0059,0.0012,0.125,0.0,0.875,0.008199999999999999,3092600.0,-0.004145,0.010535,1614.42,-0.001469,0.009408,0.0036995502129014784
DUK,2013-08-07 19:07:08,0.044,0.0121,0.0077,0.3076923076923077,0.2307692307692307,0.4615384615384615,0.0319,3032200.0,-0.000984,-0.003806,1690.91,-0.003503,-0.005723,0.0047776871019820765
DUK,2013-09-12 18:09:11,0.0453,0.008,0.0107,0.5,0.5,0.0,0.0373,2332500.0,-0.005206,-0.00338,1683.42,-0.009704,0.003052,0.00652666148195243
DUK,2013-09-24 16:18:05,0.0159,0.0079,0.0066,0.6666666666666666,0.3333333333333333,0.0,0.008,2712800.0,-0.000591,-0.002597,1697.42,0.005493,-0.00472,0.011201942323642971
DUK,2013-11-06 16:57:10,0.0428,0.0113,0.0079,0.2142857142857142,0.5714285714285714,0.2142857142857142,0.0315,2345900.0,0.01049,0.004266,1770.49,-0.000276,-0.002806,0.006586977422662699
DUK,2013-12-12 03:44:04,0.0214,0.0147,0.0134,0.75,0.25,0.0,0.006699999999999999,3530600.0,-0.002049,-0.003771,1775.5,-0.01357,-0.011317,0.006114545373306482
DUK,2014-02-18 18:16:05,0.0356,0.0167,0.0078,0.3333333333333333,0.5,0.1666666666666666,0.0189,4798300.0,0.0007,0.001158,1840.76,0.00028,0.004809,0.005821242292004658
DUK,2014-05-07 21:18:08,0.0338,0.0273,0.0044,0.3333333333333333,0.4166666666666667,0.25,0.006499999999999995,2520169.0,0.010264,0.005616,1878.21,-0.006121,-0.008988,0.010868719726301268
DUK,2014-08-07 20:42:13,0.0333,0.0144,0.0089,0.2727272727272727,0.4545454545454545,0.2727272727272727,0.018900000000000004,3607364.0,0.010882,-0.005557,1909.57,-0.016061,1.6e-05,0.012485625701403874
DUK,2014-11-05 20:21:18,0.0196,0.0087,0.0055,0.25,0.5,0.25,0.0109,5372549.0,0.015444,0.005701,2023.57,-0.001821,-0.00283,0.009266072367633637
DUK,2015-02-18 18:31:18,0.0284,0.0164,0.0055,0.25,0.5,0.25,0.012,4841294.0,0.019902,-0.000314,2099.68,-0.005636,0.001598,0.018198951340057463
DUK,2015-05-01 19:23:07,0.0355,0.0155,0.0022,0.25,0.5833333333333334,0.1666666666666666,0.019999999999999997,2861357.0,0.004254,0.010923,2108.29,-0.010965,-0.010129,0.009702124243919261
DUK,2015-08-06 19:10:07,0.0286,0.0066,0.0022,0.0,0.5833333333333334,0.4166666666666667,0.022,4098965.0,-0.001892,-0.007753,2083.56,0.000812,0.003115,0.008610761226511941
DUK,2015-11-05 21:15:12,0.0357,0.0145,0.0056,0.25,0.6666666666666666,0.0833333333333333,0.021200000000000004,4090104.0,-0.006673,-0.001132,2099.93,-0.004291,-0.003545,0.009369003972319304
DUK,2016-02-18 22:14:13,0.0514,0.0105,0.0035,0.2,0.5333333333333333,0.2666666666666666,0.0409,6529897.0,0.009404,-0.004666,1917.83,-0.010355,0.01648,0.007765554089839539
DUK,2016-05-03 18:54:25,0.0388,0.0133,0.0078,0.2142857142857142,0.5,0.2857142857142857,0.025500000000000002,3026758.0,-0.001267,-0.008677,2063.37,0.002031,0.00781,0.012027464682042474
DUK,2016-08-04 20:06:50,0.0302,0.0151,0.0075,0.25,0.5,0.25,0.0151,2351747.0,0.001057,0.000213,2164.25,-0.004792,0.003134,0.007217360151437431
DUK,2016-11-04 20:44:21,0.0231,0.0154,0.0099,0.3333333333333333,0.3333333333333333,0.3333333333333333,0.0076999999999999985,2849356.0,-0.009105,-0.001666,2085.18,-0.000256,-0.004423,0.009412184033356936
DUK,2017-02-16 19:56:32,0.0561,0.0023,0.0092,0.0,0.5454545454545454,0.4545454545454545,0.0538,6795552.0,0.027611,-0.000864,2347.22,-0.00519,0.004992,0.01123930841140451
DUK,2017-05-09 20:38:25,0.0426,0.0161,0.0058,0.0,0.5,0.5,0.0265,2477977.0,-0.009768,-0.001025,2396.92,-0.000723,3.8e-05,0.005338281351604686
DUK,2017-08-03 19:32:38,0.0398,0.0088,0.0055,0.0,0.5555555555555556,0.4444444444444444,0.031,2915600.0,0.008981,-0.002184,2472.16,0.006692,0.000493,0.006268198025660194
DUK,2017-09-07 19:09:06,0.0322,0.0116,0.0129,0.5,0.5,0.0,0.0206,1943802.0,0.004023,-0.000178,2465.1,-0.004805,0.003129,0.00328932186357974
DUK,2017-11-03 16:52:22,0.0266,0.0111,0.0089,0.0,0.5384615384615384,0.4615384615384615,0.015499999999999998,2405165.0,-0.000452,0.003097,2587.84,0.007967,0.00019,0.004857840495300278
DUK,2018-02-20 21:59:11,0.0404,0.0055,0.0022,0.2727272727272727,0.6363636363636364,0.0909090909090909,0.0349,4016959.0,-0.013168,-0.005841,2716.26,0.006562,0.000373,0.015161622437369123
DUK,2018-05-10 18:02:09,0.0309,0.0064,0.0106,0.0,0.5384615384615384,0.4615384615384615,0.0245,4605267.0,0.006698,0.009371,2723.07,-0.003082,0.009682,0.007921677417764034
DUK,2018-08-02 18:34:15,0.0347,0.0152,0.0022,0.0,0.5555555555555556,0.4444444444444444,0.019500000000000003,4075561.0,-0.007403,0.004926,2827.22,-0.006984,-0.00104,0.007428351577271842
DUK,2018-11-02 20:58:27,0.032,0.021,0.0044,0.0,0.5384615384615384,0.4615384615384615,0.011,7038409.0,0.011389,-0.006317,2723.06,-0.011739,0.010558,0.016240487213545506
DUK,2019-02-14 23:28:09,0.0483,0.0135,0.0,0.25,0.75,0.0,0.034800000000000005,3987400.0,-0.009404,-0.002652,2745.73,-0.007093,0.003024,0.006717257591871647
DUK,2019-05-09 18:17:56,0.0329,0.0057,0.0057,0.3,0.5,0.2,0.0272,3165001.0,-0.011048,-0.003021,2870.72,-0.016357,-0.001605,0.009274698713884725
DUK,2019-08-06 19:16:56,0.0479,0.0264,0.0088,0.2727272727272727,0.6363636363636364,0.0909090909090909,0.0215,3943320.0,0.022539,0.013017,2881.77,-0.013164,-0.029778,0.011292824447901103
DUK,2019-11-08 21:43:45,0.0403,0.0196,0.0208,0.2727272727272727,0.5454545454545454,0.1818181818181818,0.020700000000000003,6147135.0,-0.028408,0.002561,3093.08,-0.008355,0.00273,0.009968533326311322
DUK,2020-02-13 21:29:46,0.0312,0.0187,0.0212,0.3333333333333333,0.4444444444444444,0.2222222222222222,0.012499999999999997,5132660.0,0.032016,-0.00163,3373.94,0.009589,0.006463,0.011781508845550279
DUK,2020-05-12 21:12:02,0.0296,0.0228,0.0121,0.3,0.5,0.2,0.0068000000000000005,3524704.0,0.002694,-0.020544,2870.12,-0.001467,0.000177,0.01677085801455746
DUK,2020-08-10 19:42:01,0.0316,0.0214,0.0147,0.0,0.4,0.6,0.010200000000000004,4323253.0,-0.02136,0.002742,3360.47,0.0285,0.000633,0.019083398240355452
DUK,2020-11-05 20:13:07,0.0438,0.0067,0.0045,0.2727272727272727,0.5454545454545454,0.1818181818181818,0.0371,2531931.0,0.007162,0.01946,3510.45,-0.020624,0.022047,0.014910664193045842
EBAY,2006-01-19 09:25:00,0.044,0.0022,0.0143,0.2857142857142857,0.4285714285714285,0.2857142857142857,0.0418,46614968.0,0.05243,0.005564,1285.04,-0.021361,-0.003897,0.024609710342780457
EBAY,2006-04-19 23:08:20,0.0476,0.0042,0.0137,0.2857142857142857,0.3571428571428571,0.3571428571428571,0.0434,26389110.0,0.037809,0.001744,1309.93,0.022351,0.017365,0.017911483909306143
EBAY,2006-07-20 00:38:03,0.0412,0.0189,0.0189,0.1333333333333333,0.7333333333333333,0.1333333333333333,0.0223,42141373.0,-0.048978,-0.008477,1249.13,-0.024821,0.018555,0.028696253186319156
EBAY,2006-10-18 23:27:44,0.0456,0.0137,0.0137,0.2142857142857142,0.5714285714285714,0.2142857142857142,0.0319,24985847.0,-0.010076,0.0014,1365.96,-0.012693,-0.003652,0.017390775859313708
EBAY,2007-01-25 01:33:04,0.0461,0.0127,0.015,0.2142857142857142,0.6428571428571429,0.1428571428571428,0.0334,94400436.0,0.081667,-0.01127,1423.9,0.048218,0.008501,0.03309907663700336
EBAY,2007-04-18 23:46:10,0.0513,0.0082,0.0117,0.1428571428571428,0.6428571428571429,0.2142857142857142,0.0431,35929836.0,-0.021307,0.000693,1472.5,0.002849,0.00205,0.012134563156079772
EBAY,2007-07-18 23:54:05,0.0384,0.0023,0.0113,0.1666666666666666,0.5833333333333334,0.25,0.03609999999999999,29294340.0,-0.005839,-0.002065,1546.17,-0.004071,-9.7e-05,0.016416723040173924
EBAY,2007-10-18 00:36:10,0.0298,0.0071,0.0155,0.1666666666666666,0.4166666666666667,0.4166666666666667,0.022699999999999998,50722451.0,-0.061576,-0.000753,1540.08,0.051813,0.001761,0.030794245064080822
EBAY,2008-01-24 03:34:45,0.0461,0.0046,0.0138,0.25,0.625,0.125,0.0415,53356409.0,-0.060815,0.010063,1352.07,0.066716,0.021442,0.03677570141471736
EBAY,2008-04-17 03:42:16,0.0673,0.012,0.018,0.2727272727272727,0.6363636363636364,0.0909090909090909,0.0553,25643725.0,-0.034558,0.000623,1365.56,0.017099,0.022691,0.023960201062270817
EBAY,2008-07-17 00:15:14,0.054,0.008,0.0138,0.2727272727272727,0.7272727272727273,0.0,0.046,79875630.0,-0.13879,0.012013,1260.32,0.044998,0.025064,0.053859835944895997
EBAY,2008-10-16 00:18:17,0.0412,0.0141,0.0153,0.25,0.6666666666666666,0.0833333333333333,0.0271,48852940.0,-0.023483,0.042507,946.43,-0.135851,-0.09035,0.06447583551903593
EBAY,2009-01-22 04:35:17,0.0409,0.0187,0.014,0.2307692307692307,0.4615384615384615,0.3076923076923077,0.022199999999999998,43677045.0,-0.121235,-0.015162,827.5,0.058167,0.043491,0.05491515438494387
EBAY,2009-04-23 03:01:34,0.0362,0.0136,0.0124,0.25,0.5,0.25,0.022600000000000002,61167248.0,0.124493,0.009922,851.92,0.03429,-0.007682,0.04818351578900077
EBAY,2009-07-23 00:11:44,0.0448,0.0078,0.0146,0.2307692307692307,0.6153846153846154,0.1538461538461538,0.037,58415284.0,0.106427,0.02329,976.29,0.02747,-0.000534,0.030546430110389114
EBAY,2009-10-22 00:40:11,0.0442,0.0055,0.0121,0.2307692307692307,0.4615384615384615,0.3076923076923077,0.038700000000000005,53129357.0,-0.042349,0.010644,1092.91,-0.001197,-0.008854,0.02102659701320101
EBAY,2010-01-21 00:57:10,0.0504,0.0056,0.0112,0.2142857142857142,0.6428571428571429,0.1428571428571428,0.0448,65730514.0,0.08547,-0.018945,1116.48,-0.044282,-0.010598,0.03706982514061206
EBAY,2010-04-21 23:35:15,0.0515,0.0078,0.0134,0.25,0.6666666666666666,0.0833333333333333,0.043699999999999996,27059312.0,-0.004167,-0.001019,1205.94,0.00304,0.008058,0.010683482994791462
EBAY,2010-07-22 03:42:16,0.0502,0.0103,0.0114,0.25,0.5833333333333334,0.1666666666666666,0.039900000000000005,25133561.0,0.038176,0.022513,1093.67,-0.029822,-0.01282,0.02713309151079788
EBAY,2011-01-20 07:06:17,0.0728,0.0033,0.0143,0.3,0.5,0.2,0.0695,28064436.0,0.057646,-0.001295,1280.26,-0.011885,-0.010116,0.02308325048456851
EBAY,2011-04-28 02:21:27,0.0543,0.0033,0.0111,0.2,0.4,0.4,0.051000000000000004,19098746.0,-0.000882,0.003555,1360.48,0.028718,0.00625,0.014967381766138398
EBAY,2011-07-21 02:51:16,0.053,0.0011,0.011,0.2,0.5,0.3,0.0519,26961524.0,0.007989,0.013546,1343.8,-0.017476,-0.000671,0.016633903792488903
EBAY,2011-10-20 00:31:15,0.0454,0.0011,0.0144,0.1666666666666666,0.75,0.0833333333333333,0.044300000000000006,26258584.0,-0.031043,0.004554,1215.39,-0.020372,-0.012649,0.022895977977947686
EBAY,2012-01-19 02:11:14,0.0398,0.0033,0.0133,0.1818181818181818,0.6363636363636364,0.1818181818181818,0.036500000000000005,25133588.0,0.038563,0.004939,1314.5,-0.006223,0.011108,0.018934410664478298
EBAY,2012-04-19 01:01:49,0.0458,0.0011,0.0112,0.1538461538461538,0.6923076923076923,0.1538461538461538,0.044700000000000004,61236786.0,0.132423,-0.005934,1376.92,-0.00582,-0.004055,0.044320227736578933
EBAY,2012-04-27 11:51:10,0.007,0.0128,0.0152,1.0,0.0,0.0,-0.0058000000000000005,10955779.0,0.004385,0.002414,1403.36,0.029854,0.00668,0.04427298518108355
EBAY,2012-07-19 00:51:07,0.0482,0.0056,0.0112,0.1818181818181818,0.6363636363636364,0.1818181818181818,0.0426,35553006.0,0.086258,0.002717,1376.51,0.035577,0.006681,0.03447662959229691
EBAY,2012-10-18 01:11:10,0.0495,0.0011,0.0101,0.1818181818181818,0.7272727272727273,0.0909090909090909,0.048400000000000006,35018939.0,0.054564,-0.002444,1457.34,-0.000829,0.004117,0.024724963557101517
EBAY,2013-01-17 01:31:08,0.0532,0.0011,0.0078,0.1666666666666666,0.75,0.0833333333333333,0.0521,24542076.0,0.024007,0.005643,1480.94,0.007523,0.000197,0.012682357949354432
EBAY,2013-04-17 23:44:08,0.0494,0.0023,0.0103,0.2727272727272727,0.5454545454545454,0.1818181818181818,0.0471,14903999.0,-0.015962,-0.014328,1552.01,0.020953,0.014307,0.015124251452551227
EBAY,2013-04-18 17:31:15,0.011,0.0061,0.011,1.0,0.0,0.0,0.004899999999999999,25661635.0,-0.058467,-0.006701,1541.61,-0.015962,-0.014328,0.024023819086712857
EBAY,2013-05-30 19:05:05,0.0296,0.0094,0.0067,0.5,0.5,0.0,0.020200000000000003,8906335.0,0.000908,0.00367,1654.41,-0.008644,-0.007048,0.012332933366937946
EBAY,2013-07-18 00:48:05,0.0586,0.0043,0.0098,0.2142857142857142,0.6428571428571429,0.1428571428571428,0.0543,43057737.0,-0.067271,0.005033,1689.37,0.010033,0.002774,0.025731944056841927
EBAY,2013-09-04 19:46:09,0.0362,0.0107,0.0121,0.5,0.5,0.0,0.025500000000000002,9578281.0,0.022456,0.008117,1653.08,0.006601,0.004164,0.015963328476368662
EBAY,2013-10-01 23:15:10,0.0352,0.0135,0.0095,1.0,0.0,0.0,0.021700000000000004,5912185.0,0.003137,0.007999,1695.0,0.000269,-0.006029,0.01718567841611789
EBAY,2013-10-16 23:42:10,0.0436,0.0033,0.012,0.25,0.5,0.25,0.0403,19356370.0,-0.008338,0.013828,1721.54,-0.014607,-0.007064,0.016997857348631993
EBAY,2014-01-23 00:34:08,0.0335,0.0108,0.0108,0.2727272727272727,0.4545454545454545,0.2727272727272727,0.0227,61195530.0,0.009741,-0.00889,1828.46,0.004801,0.000575,0.008838263464429232
EBAY,2014-03-05 23:51:08,0.0307,0.0214,0.0067,0.5,0.5,0.0,0.009300000000000003,9559510.0,-0.003386,-5.3e-05,1873.81,0.012862,0.015268,0.013139645335988086
EBAY,2014-04-30 01:56:08,0.045,0.0104,0.0115,0.1818181818181818,0.5454545454545454,0.2727272727272727,0.0346,32517780.0,-0.049688,0.002992,1883.95,0.016779,0.004761,0.01961669036645405
EBAY,2014-07-17 03:55:08,0.0307,0.0182,0.0125,0.2727272727272727,0.5454545454545454,0.1818181818181818,0.0125,21712475.0,0.006509,-0.011834,1958.12,-0.002263,0.004201,0.011636877826786421
EBAY,2014-09-04 18:52:07,0.0309,0.0197,0.0084,0.5,0.0,0.5,0.011200000000000002,13083635.0,-0.002017,-0.001534,1997.65,-0.006013,-0.000779,0.017146227774320705
EBAY,2014-10-16 01:00:10,0.0408,0.0139,0.0139,0.1666666666666666,0.5,0.3333333333333333,0.026900000000000004,38203641.0,-0.046975,0.000145,1862.76,-0.006918,-0.0081,0.020484713482388603
EBAY,2015-01-22 09:11:10,0.0499,0.0159,0.0159,0.2,0.7,0.1,0.034,29893308.0,0.070532,0.01527,2063.15,-0.005589,0.004732,0.027293099360868125
EBAY,2015-03-04 21:00:06,0.0297,0.0155,0.0168,0.5,0.5,0.0,0.0142,5791024.0,0.000944,-0.004389,2098.53,-0.002141,-0.004539,0.006544331447901895
EBAY,2015-04-23 01:58:19,0.0406,0.0045,0.0135,0.5,0.1,0.4,0.0361,15701968.0,0.037709,0.002358,2112.93,0.005938,0.005088,0.014788813429976873
EBAY,2015-07-16 19:44:09,0.028,0.0101,0.0145,0.4666666666666667,0.3333333333333333,0.2,0.0179,31025297.0,0.03389,0.008015,2124.29,-0.002359,-0.000735,0.01437606172156408
EBAY,2015-10-22 02:48:10,0.0375,0.0036,0.0133,0.2,0.6,0.2,0.0339,44605862.0,0.139199,0.016628,2052.51,-0.0086,-0.005825,0.045607667529825605
EBAY,2016-01-28 03:12:09,0.0462,0.0095,0.013,0.25,0.5,0.25,0.036699999999999997,55880811.0,-0.124527,0.005529,1893.36,-0.00863,-0.010863,0.0433629143368949
EBAY,2016-04-27 02:26:58,0.0577,0.0058,0.0081,0.2307692307692307,0.5384615384615384,0.2307692307692307,0.0519,29283741.0,0.03185,0.001649,2095.15,0.011148,0.001873,0.018784888036515977
EBAY,2016-07-21 01:54:34,0.0557,0.0059,0.0142,0.2,0.4,0.4,0.0498,44958977.0,0.108929,-0.003612,2165.17,0.018491,0.00427,0.0324991052191355
EBAY,2016-10-20 01:15:19,0.0466,0.0058,0.0082,0.2,0.4666666666666667,0.3333333333333333,0.0408,52625158.0,-0.107626,-0.001376,2141.34,0.027813,0.002192,0.03687285249430349
EBAY,2017-01-26 04:47:10,0.0551,0.0034,0.0149,0.25,0.4166666666666667,0.3333333333333333,0.0517,32044354.0,0.04995,-0.000735,2296.68,0.008003,0.008026,0.017442551775917203
EBAY,2017-04-20 02:58:10,0.0355,0.0046,0.0126,0.2307692307692307,0.5384615384615384,0.2307692307692307,0.030899999999999997,28093762.0,-0.039138,0.007557,2355.84,-0.00485,-0.001716,0.014253500628890251
EBAY,2017-05-19 00:17:11,0.0067,0.0034,0.0056,1.0,0.0,0.0,0.0033000000000000004,8489183.0,0.002965,0.006767,2381.73,0.004467,0.003687,0.014755027282251866
EBAY,2017-07-21 02:40:10,0.0569,0.007,0.0105,0.25,0.5,0.25,0.0499,22245837.0,-0.015331,-0.000368,2472.54,0.002697,-0.000154,0.012703594426163064
EBAY,2017-10-19 02:50:28,0.0555,0.0034,0.0113,0.2142857142857142,0.5714285714285714,0.2142857142857142,0.0521,29099346.0,-0.017909,0.000328,2562.1,0.012803,0.000742,0.009988171424239637
EBAY,2017-11-29 02:41:07,0.0224,0.0118,0.0118,0.5,0.5,0.0,0.0106,22063002.0,-0.031549,-0.000369,2626.07,-0.013615,0.009848,0.01242089176481828
EBAY,2017-12-05 15:59:11,0.0296,0.0081,0.0148,0.5,0.5,0.0,0.021500000000000002,19264542.0,0.031092,-0.003739,2629.57,0.014205,-0.001052,0.017290368405560277
EBAY,2018-02-01 03:18:06,0.0389,0.0057,0.0149,0.2727272727272727,0.6363636363636364,0.0909090909090909,0.03319999999999999,33290010.0,0.138245,-0.000648,2821.98,0.004455,0.000489,0.043812446351972185
EBAY,2018-04-26 00:28:09,0.0409,0.0022,0.0099,0.0,0.5833333333333334,0.4166666666666667,0.0387,21420126.0,-0.055895,0.010434,2666.94,-0.0051,0.001837,0.022431794216889695
EBAY,2018-05-30 20:36:10,0.0095,0.006,0.0095,1.0,0.0,0.0,0.0034999999999999996,7895818.0,0.008527,0.012696,2724.01,-0.010807,-0.011564,0.007728507417347605
EBAY,2018-07-19 03:00:15,0.0296,0.0114,0.0171,0.2,0.6,0.2,0.0182,50935806.0,-0.101186,-0.003953,2804.49,0.003703,0.00216,0.034553055211434515
EBAY,2018-10-31 02:50:25,0.0411,0.0094,0.0094,0.0,0.6428571428571429,0.3571428571428571,0.0317,28492653.0,0.058716,0.010851,2711.74,0.022371,0.015667,0.03979446289735403
EBAY,2019-01-30 05:07:15,0.042,0.0082,0.014,0.2142857142857142,0.7142857142857143,0.0714285714285714,0.033800000000000004,27335480.0,0.011576,0.015549,2681.05,-0.0097,-0.001456,0.022667280526981734
EBAY,2019-04-24 01:05:15,0.0261,0.0045,0.0102,0.25,0.5,0.25,0.0216,21193162.0,0.05045,-0.002192,2927.25,0.014384,0.008841,0.02179552431858933
EBAY,2019-05-30 19:02:02,0.0072,0.0024,0.0143,0.375,0.0,0.625,0.0048000000000000004,6445799.0,0.011634,0.002098,2788.86,-0.003313,-0.006912,0.007699083885617457
EBAY,2019-07-18 01:22:27,0.0339,0.0244,0.0122,0.2307692307692307,0.4615384615384615,0.3076923076923077,0.009499999999999998,27055738.0,0.01896,0.003582,2995.11,-0.022295,-0.006531,0.012261917117191972
EBAY,2019-10-24 01:07:23,0.018,0.0257,0.0051,0.2142857142857142,0.6428571428571429,0.1428571428571428,-0.007700000000000002,19663261.0,-0.091327,0.00192,3010.29,0.006677,0.002847,0.031245892210728137
EBAY,2020-01-29 04:31:35,0.023,0.0115,0.0077,0.2307692307692307,0.6923076923076923,0.0769230769230769,0.0115,21391631.0,-0.045015,-0.000867,3273.4,0.020575,0.010054,0.017784267975751205
EBAY,2020-04-30 03:53:39,0.0422,0.023,0.0179,0.4444444444444444,0.4444444444444444,0.1111111111111111,0.019200000000000002,18235075.0,0.020497,-0.009212,2912.43,-0.00128,0.026584,0.015147126065509584
EBAY,2020-07-29 02:37:13,0.0489,0.0095,0.0143,0.25,0.6666666666666666,0.0833333333333333,0.0394,14220920.0,-0.032298,0.012428,3258.44,-0.015377,-0.006473,0.020921002765429464
EBAY,2020-10-29 05:12:10,0.0241,0.0207,0.0092,0.25,0.5833333333333334,0.1666666666666666,0.0034000000000000002,22353245.0,-0.074554,0.011947,3310.11,-0.005602,-0.035288,0.027425188102464335
EL,2005-11-01 18:47:01,0.029,0.0412,0.0134,0.3076923076923077,0.6923076923076923,0.0,-0.012199999999999999,,,,,,,
EL,2006-02-09 13:31:29,0.0465,0.0077,0.0055,0.25,0.625,0.125,0.0388,1792800.0,-0.007684,-0.001478,1263.78,0.027498,0.008663,0.011700575289275306
EL,2006-05-04 21:58:50,0.0604,0.0205,0.0068,0.3333333333333333,0.4,0.2666666666666666,0.039900000000000005,2681600.0,0.060215,0.003364,1312.25,-0.01457,-0.004082,0.020496004640471324
EL,2006-08-16 17:39:07,0.0683,0.0147,0.0063,0.2941176470588235,0.4705882352941176,0.2352941176470588,0.0536,3293700.0,-0.011565,0.007662,1295.43,0.005952,0.013696,0.021999809110535486
EL,2006-10-25 17:16:16,0.0404,0.0101,0.0067,0.1764705882352941,0.5294117647058824,0.2941176470588235,0.0303,4694700.0,0.049185,0.003514,1382.22,0.002264,0.000261,0.01924981644241489
EL,2007-01-31 19:37:24,0.0397,0.0139,0.0075,0.2666666666666666,0.4666666666666667,0.2666666666666666,0.0258,7785800.0,0.149286,0.006593,1438.24,0.013984,0.005772,0.048059114446111516
EL,2007-05-03 17:39:20,0.0509,0.0078,0.0166,0.2666666666666666,0.5333333333333333,0.2,0.0431,7217400.0,-0.072549,0.004325,1502.39,0.002753,0.006472,0.02493717579572047
EL,2007-08-16 19:41:46,0.0493,0.0131,0.0175,0.1666666666666666,0.6666666666666666,0.1666666666666666,0.036199999999999996,4651200.0,-0.066049,0.003249,1411.27,-0.022207,-0.013908,0.023236032015671988
EL,2007-10-25 23:41:55,0.0451,0.0068,0.0056,0.2857142857142857,0.5714285714285714,0.1428571428571428,0.0383,3704000.0,0.032318,-0.000976,1514.4,-0.022343,-0.002441,0.019897207505074677
EL,2008-02-01 20:36:24,0.0467,0.012,0.013,0.2666666666666666,0.6,0.1333333333333333,0.034699999999999995,5321200.0,0.061819,0.012238,1395.42,0.038878,0.016772,0.03205644448642286
EL,2008-05-06 17:24:12,0.0477,0.0108,0.0065,0.3333333333333333,0.6,0.0666666666666666,0.0369,5829300.0,0.072026,0.007652,1418.26,0.024137,-0.004534,0.026827986019784957
EL,2008-08-14 18:14:13,0.0567,0.0064,0.0075,0.2941176470588235,0.4705882352941176,0.2352941176470588,0.0503,11936500.0,0.139902,0.005522,1292.93,-0.00991,-0.002916,0.04594453542164847
EL,2008-10-28 19:13:12,0.0645,0.0211,0.01,0.2941176470588235,0.4705882352941176,0.2352941176470588,0.0434,5435700.0,0.085302,0.10789,940.51,0.004624,-0.031764,0.042451405978679524
EL,2009-02-05 21:34:15,0.0364,0.0386,0.0154,0.3333333333333333,0.5333333333333333,0.1333333333333333,-0.0022000000000000006,6067800.0,0.024055,0.016366,845.85,0.000382,-0.007489,0.025017389936024717
EL,2009-05-04 21:46:29,0.0605,0.0198,0.0093,0.2941176470588235,0.5882352941176471,0.1176470588235294,0.0407,11435700.0,0.184709,0.033868,907.24,0.041137,0.005396,0.058368569694942266
EL,2009-08-13 23:04:26,0.0781,0.022,0.0143,0.2222222222222222,0.5555555555555556,0.2222222222222222,0.056100000000000004,2707000.0,0.004251,0.00688,1012.73,0.017847,0.011525,0.011669899365937637
EL,2009-11-01 15:58:10,0.0657,0.0138,0.0127,0.1538461538461538,0.6153846153846154,0.2307692307692307,0.051899999999999995,10052600.0,0.033058,-0.028065,1036.19,0.027729,0.02252,0.019685133955461023
EL,2010-01-28 17:53:12,0.0558,0.019,0.0078,0.2222222222222222,0.3888888888888889,0.3888888888888889,0.0368,2652100.0,-0.011186,-0.011818,1084.53,0.001681,0.00488,0.030896483425212718
EL,2010-04-27 19:13:14,0.064,0.0064,0.0064,0.2666666666666666,0.6666666666666666,0.0666666666666666,0.0576,6417600.0,-0.041726,-0.023382,1183.71,0.006907,-0.004296,0.01837697134066316
EL,2010-08-12 22:30:16,0.084,0.0067,0.009,0.2222222222222222,0.6111111111111112,0.1666666666666666,0.07730000000000001,9067900.0,-0.025684,-0.005379,1083.61,-0.041455,-0.028179,0.017915207867432982
EL,2010-10-29 20:06:22,0.0728,0.011,0.0044,0.2222222222222222,0.5,0.2777777777777778,0.06180000000000001,6023300.0,0.104953,-0.000439,1183.26,-0.005558,0.001125,0.0358386719565766
EL,2011-02-04 00:01:21,0.0812,0.0054,0.0032,0.3076923076923077,0.4615384615384615,0.2307692307692307,0.07579999999999999,2016500.0,0.011529,0.002884,1310.87,0.141261,0.002354,0.047266827534869625
EL,2011-05-05 20:31:22,0.0816,0.0079,0.0034,0.2666666666666666,0.4666666666666667,0.2666666666666666,0.0737,2873000.0,0.01242,-0.00907,1335.1,-0.003847,-0.006855,0.008269720046987884
EL,2011-08-15 21:11:11,0.0738,0.0065,0.0033,0.2666666666666666,0.5333333333333333,0.2,0.0673,7130300.0,-0.065245,0.021785,1204.49,0.026986,0.005262,0.050096951036188025
EL,2011-11-03 21:31:14,0.067,0.0045,0.0101,0.2857142857142857,0.4285714285714285,0.2857142857142857,0.0625,4677500.0,0.179411,0.018782,1261.15,0.031403,0.016105,0.06039127673725364
EL,2012-02-03 20:21:08,0.0753,0.0054,0.0054,0.2666666666666666,0.5333333333333333,0.2,0.0699,9904600.0,-0.02328,0.014605,1344.9,-0.000849,0.001095,0.014323879907343491
EL,2012-05-04 18:41:05,0.0749,0.0054,0.0086,0.3076923076923077,0.5384615384615384,0.1538461538461538,0.06949999999999999,4374900.0,-0.053468,-0.016147,1369.1,-0.006966,-0.007659,0.02551132177768222
EL,2012-08-14 20:41:09,0.0756,0.006,0.0081,0.1875,0.5,0.3125,0.0696,8770300.0,0.093074,-0.000128,1403.93,-0.010967,-0.001252,0.03345745355937561
EL,2012-11-01 19:31:08,0.061,0.0182,0.0032,0.2666666666666666,0.5333333333333333,0.2,0.0428,3455200.0,-0.007303,0.010927,1427.59,0.013654,0.000156,0.008554348072439117
EL,2013-02-05 19:11:12,0.0657,0.0115,0.0063,0.25,0.6875,0.0625,0.0542,6229500.0,0.059951,0.010416,1511.29,-0.026626,-0.011539,0.026773007981920862
EL,2013-02-22 19:41:15,0.068,0.0033,0.0067,1.0,0.0,0.0,0.06470000000000001,1561600.0,0.004442,0.008773,1515.6,-0.010673,-0.006303,0.009671342345644946
EL,2013-05-02 18:41:09,0.0735,0.0138,0.0043,0.25,0.5,0.25,0.059699999999999996,4388000.0,0.026312,0.009408,1597.59,-0.008075,-0.009308,0.01668434300274757
EL,2013-06-11 12:51:10,0.0809,0.0034,0.0091,1.0,0.0,0.0,0.0775,1443900.0,0.002219,-0.010153,1626.13,-0.007634,-0.000347,0.016566807436021607
EL,2013-08-15 17:02:11,0.0848,0.0117,0.0085,0.1428571428571428,0.6190476190476191,0.238095238095238,0.0731,6230400.0,0.034239,-0.014282,1661.32,-0.019865,-0.005177,0.014577187185233358
EL,2013-10-31 18:11:19,0.0915,0.0067,0.0112,0.25,0.625,0.125,0.0848,3044400.0,-0.005884,-0.003839,1756.54,-0.01964,-0.004876,0.011352437044284496
EL,2014-02-05 19:11:47,0.0672,0.0076,0.0011,0.3076923076923077,0.5384615384615384,0.1538461538461538,0.05959999999999999,8099600.0,-0.055355,-0.002028,1751.64,0.013328,0.007641,0.021670609797347366
EL,2014-05-02 18:51:12,0.0848,0.0079,0.009,0.2222222222222222,0.6666666666666666,0.1111111111111111,0.0769,7079442.0,0.047514,-0.001348,1881.14,-0.005236,-0.000143,0.01629927421322116
EL,2014-08-15 23:17:07,0.0958,0.0075,0.0065,0.2666666666666666,0.5333333333333333,0.2,0.08829999999999999,3093686.0,0.003426,-6.1e-05,1955.06,0.00998,0.004346,0.009294704229350696
EL,2014-11-04 22:11:16,0.0655,0.0106,0.0032,0.1875,0.75,0.0625,0.054900000000000004,4669899.0,-0.052133,-0.00283,2012.1,0.010375,-0.000119,0.01771474117507785
EL,2015-05-05 18:51:11,0.0595,0.0077,0.0055,0.2,0.8,0.0,0.0518,5943765.0,0.04022,-0.011837,2089.46,0.009303,0.002941,0.015503672707888671
EL,2015-08-18 14:45:07,0.0626,0.0078,0.0123,0.1764705882352941,0.5294117647058824,0.2941176470588235,0.0548,6233717.0,0.012319,-0.002626,2096.92,-0.067777,0.005211,0.023627569909371156
EL,2015-11-02 20:40:09,0.0662,0.0149,0.0107,0.1764705882352941,0.6470588235294118,0.1764705882352941,0.0513,8552270.0,0.08091,0.011874,2104.05,-0.021644,-0.00481,0.028502191242078187
EL,2016-02-05 20:46:14,0.0495,0.0146,0.0191,0.25,0.5,0.25,0.0349,4459912.0,0.045742,-0.018481,1880.05,0.006361,0.001527,0.01982411641410528
EL,2016-05-03 19:44:33,0.0702,0.01,0.0056,0.2307692307692307,0.5384615384615384,0.2307692307692307,0.0602,3521600.0,-0.039535,-0.008677,2063.37,0.013143,0.00781,0.017781113746207076
EL,2016-08-19 18:33:32,0.0583,0.013,0.0108,0.1764705882352941,0.5294117647058824,0.2941176470588235,0.0453,5640769.0,-0.035436,-0.00144,2183.87,0.022361,0.0022,0.014601510255221278
EL,2016-11-02 19:56:42,0.0731,0.0142,0.0098,0.0,0.5833333333333334,0.4166666666666667,0.058899999999999994,6825094.0,-0.054461,-0.006525,2097.94,-0.009526,-0.006787,0.01814287682719214
EL,2017-02-02 21:38:20,0.0628,0.0121,0.0088,0.0,0.5833333333333334,0.4166666666666667,0.050699999999999995,5021826.0,0.026026,0.00057,2280.85,-0.015885,0.000298,0.012749804896546401
EL,2017-05-03 19:56:21,0.0552,0.0044,0.0011,0.0,0.6666666666666666,0.3333333333333333,0.0508,5116225.0,0.043667,-0.001271,2388.13,0.003441,0.001189,0.014971320642778561
EL,2017-08-18 21:08:06,0.0757,0.011,0.0055,0.2222222222222222,0.6111111111111112,0.1666666666666666,0.06470000000000001,8925828.0,0.077299,-0.001835,2425.55,-0.027209,-0.015437,0.030368100727389713
EL,2017-11-01 19:28:40,0.061,0.0067,0.0044,0.0,0.6428571428571429,0.3571428571428571,0.0543,7620652.0,0.09221,0.001592,2579.36,0.00866,0.000944,0.029381860795017326
EL,2018-02-02 22:32:19,0.0721,0.0067,0.0055,0.2307692307692307,0.6923076923076923,0.0769230769230769,0.0654,3279624.0,-0.001263,-0.021209,2762.13,-0.002964,-0.000648,0.007420804505652325
EL,2018-05-02 20:14:25,0.068,0.0121,0.0055,0.0,0.5,0.5,0.055900000000000005,7249255.0,-0.085145,-0.007206,2635.67,-0.021338,0.002549,0.026934058134636875
EL,2018-08-20 20:01:11,0.066,0.0106,0.0074,0.2,0.5333333333333333,0.2666666666666666,0.055400000000000005,6274466.0,0.033986,0.002428,2857.05,0.017743,0.003323,0.013745449726283117
EL,2018-10-31 18:30:27,0.0736,0.0095,0.0053,0.0,0.6153846153846154,0.3846153846153846,0.0641,5467249.0,0.047401,0.010851,2711.74,0.03764,0.015667,0.02136687437652547
EL,2019-02-05 20:13:07,0.098,0.0111,0.01,0.1538461538461538,0.5384615384615384,0.3076923076923077,0.0869,10521345.0,0.116399,0.004708,2737.7,-0.004023,0.006776,0.037529285903885164
EL,2019-05-01 20:02:25,0.0582,0.0121,0.0099,0.2307692307692307,0.6923076923076923,0.0769230769230769,0.0461,3355144.0,-0.008789,-0.007502,2923.73,-0.003769,0.000951,0.006153135753418655
EL,2019-08-19 19:20:09,0.055,0.0275,0.0156,0.2,0.6,0.2,0.0275,5316346.0,0.125153,0.012106,2923.65,0.021604,0.014426,0.0445415315409238
EL,2019-10-31 20:29:07,0.0851,0.015,0.0163,0.3,0.5,0.2,0.0701,4411206.0,-0.036219,-0.003023,3037.56,0.014754,0.003253,0.017308010169026063
EL,2020-02-06 18:41:46,0.0497,0.034,0.0157,0.2727272727272727,0.6363636363636364,0.0909090909090909,0.0157,4056338.0,0.050715,0.003326,3345.78,0.004491,0.011251,0.024447210626845177
EL,2020-05-01 19:19:48,0.0264,0.0383,0.0132,0.3333333333333333,0.4444444444444444,0.2222222222222222,-0.0119,2190309.0,-0.021882,-0.028059,2830.71,-0.002601,-0.009212,0.029706693235513244
EL,2020-08-20 22:14:10,0.0473,0.0099,0.0055,0.2142857142857142,0.6428571428571429,0.1428571428571428,0.0374,4320600.0,-0.066965,0.003159,3385.51,-0.003704,-0.004404,0.02543611869763151
EL,2020-11-02 18:06:09,0.0516,0.0123,0.0034,0.2727272727272727,0.5454545454545454,0.1818181818181818,0.0393,2442349.0,0.019075,0.012318,3310.24,-0.015596,-0.01213,0.02184381440260731
EL,2020-11-02 21:27:11,0.0522,0.01,0.0033,0.2727272727272727,0.5454545454545454,0.1818181818181818,0.0422,2442349.0,0.019075,0.012318,3310.24,-0.015596,-0.01213,0.02184381440260731
EL,2021-02-05 19:01:47,0.0484,0.0097,0.0065,0.25,0.6666666666666666,0.0833333333333333,0.0387,3129817.0,0.078087,0.003897,3886.83,0.017818,0.010853,0.035047422083038654
F,2006-10-23 19:39:27,0.0345,0.0333,0.0238,0.0,0.8,0.2,0.0011999999999999997,36187000.0,-0.013733,0.006152,1377.02,-0.002491,0.0012,0.0067556624224916284
F,2007-01-25 21:19:45,0.0293,0.0397,0.0073,0.4375,0.5,0.0625,-0.0104,99693500.0,0.002439,-0.01127,1423.9,-0.012048,0.008501,0.01102255459450702
F,2007-02-01 20:52:24,0.019,0.0203,0.0152,0.0666666666666666,0.5333333333333333,0.4,-0.001299999999999999,27922600.0,0.01968,0.005354,1445.94,-0.008537,0.006593,0.015606661543855023
F,2007-04-27 02:36:22,0.0403,0.0218,0.0055,0.1818181818181818,0.3181818181818182,0.5,0.018500000000000003,37976420.0,-0.018293,-0.00012,1494.07,0.040609,-0.000782,0.017553567242396397
F,2007-07-26 20:28:19,0.0433,0.0166,0.0089,0.32,0.32,0.36,0.026699999999999998,163787300.0,0.015057,-0.023339,1482.66,-0.035109,0.004666,0.015875026447571966
F,2007-11-09 01:40:10,0.0386,0.0182,0.0064,0.375,0.5,0.125,0.0204,49724940.0,-0.033019,-0.014287,1453.7,0.029126,-0.000576,0.03244335074214401
F,2007-12-04 16:13:29,0.0156,0.0096,0.0084,0.0,0.625,0.375,0.006,55417800.0,-0.038621,-0.00654,1462.79,-0.034621,-0.005887,0.0310205541466729
F,2008-01-25 00:48:08,0.021,0.019,0.01,0.4444444444444444,0.5555555555555556,0.0,0.0020000000000000018,87012200.0,0.051118,-0.015872,1330.61,-0.006349,0.010063,0.033504099559440295
F,2008-04-01 20:17:08,0.0074,0.0161,0.0161,0.1666666666666666,0.4166666666666667,0.4166666666666667,-0.0087,55328500.0,0.043706,0.035896,1370.18,0.023256,0.005687,0.031441476134416946
F,2008-04-25 06:04:08,0.0316,0.0126,0.0084,0.3529411764705882,0.5294117647058824,0.1176470588235294,0.019000000000000003,227269700.0,-0.107143,0.006495,1397.84,0.117021,0.006442,0.05629179481367105
F,2008-06-03 19:50:19,0.0204,0.0132,0.0084,0.1818181818181818,0.4545454545454545,0.3636363636363636,0.0072000000000000015,56053200.0,0.006024,-0.005788,1377.65,-0.023529,-0.010504,0.027566007764193087
F,2008-07-25 14:42:13,0.0302,0.0259,0.0054,0.2,0.35,0.45,0.004300000000000002,66476200.0,-0.011742,0.004168,1257.76,-0.15257,-0.023125,0.08351585821839799
F,2008-09-03 21:28:15,0.0247,0.0321,0.0049,0.3333333333333333,0.6666666666666666,0.0,-0.007399999999999997,83817500.0,0.013304,-0.002035,1274.98,0.011211,-0.004093,0.0236072876603344
F,2008-10-01 23:16:30,0.022,0.0404,0.0098,0.125,0.875,0.0,-0.0184,38111500.0,-0.125,-0.004544,1161.06,0.247002,0.054203,0.10848807659543871
F,2008-11-07 23:21:23,0.0329,0.036,0.0051,0.2727272727272727,0.3181818181818182,0.4090909090909091,-0.0030999999999999986,93936400.0,0.020202,0.028855,930.99,-0.052632,-0.050264,0.03861994374298229
F,2009-01-06 00:45:16,0.0176,0.0314,0.0126,0.1428571428571428,0.8571428571428571,0.0,-0.013799999999999996,58984200.0,0.069767,0.007817,934.7,0.04878,-0.004668,0.08295060718611073
F,2009-01-29 23:34:23,0.0197,0.0447,0.0083,0.2941176470588235,0.1764705882352941,0.5294117647058824,-0.024999999999999998,30993300.0,-0.039409,-0.03312,845.14,0.030457,0.033558,0.04576677036599079
F,2009-01-30 00:18:17,0.0126,0.0293,0.0126,0.4,0.5,0.1,-0.0167,35479900.0,-0.041026,-0.022789,825.88,-0.039409,-0.03312,0.046572177274038236
F,2009-04-02 00:31:19,0.0348,0.018,0.0132,0.2857142857142857,0.7142857142857143,0.0,0.0168,68130400.0,0.062044,0.028727,834.38,0.041825,0.016557,0.05190293723822919
F,2009-04-24 20:59:18,0.0344,0.0294,0.0051,0.2352941176470588,0.3529411764705882,0.4117647058823529,0.005000000000000001,287772600.0,0.113586,0.016797,866.23,0.049065,0.009922,0.06734838865019549
F,2009-07-23 20:02:01,0.0498,0.0199,0.006,0.1666666666666666,0.3333333333333333,0.5,0.029899999999999996,269099700.0,0.094044,0.02329,976.29,0.029032,-0.000534,0.028541521839048657
F,2009-11-03 12:16:17,0.0396,0.0091,0.0061,0.2,0.35,0.45,0.030500000000000003,193783100.0,-0.01847,0.002426,1045.41,0.082857,0.006456,0.04070259795639584
F,2010-01-28 17:57:08,0.0433,0.0121,0.006,0.2352941176470588,0.4117647058823529,0.3529411764705882,0.0312,203466700.0,-0.012121,-0.011818,1084.53,0.032172,0.00488,0.03132317835795793
F,2010-04-27 21:50:12,0.0429,0.0052,0.0063,0.15,0.35,0.5,0.0377,292667400.0,-0.061549,-0.023382,1183.71,0.017593,-0.004296,0.030073751030868557
F,2010-07-23 19:51:37,0.0367,0.0071,0.0051,0.3333333333333333,0.3888888888888889,0.2777777777777778,0.0296,161608200.0,0.052109,0.00822,1102.66,0.046753,0.022513,0.030503129994040562
F,2010-10-26 19:06:09,0.0199,0.0109,0.005,0.625,0.25,0.125,0.009000000000000001,214814400.0,0.014841,1.7e-05,1185.64,0.014337,0.002147,0.019135003460499685
F,2011-01-28 21:37:30,0.0286,0.0064,0.0074,0.4,0.6,0.0,0.0222,480879400.0,-0.134114,-0.017852,1276.34,0.022863,0.002244,0.046676938724718335
F,2011-04-26 19:41:19,0.0405,0.0106,0.0064,0.2,0.4,0.4,0.029900000000000003,166852700.0,0.007722,0.00898,1347.24,0.007129,-0.001593,0.012680294693386
F,2011-07-26 20:11:11,0.0378,0.006,0.007,0.2105263157894736,0.5263157894736842,0.2631578947368421,0.0318,109165800.0,-0.017464,-0.004105,1331.94,-0.010518,-0.005643,0.012383906456454806
F,2011-08-03 00:01:01,0.0393,0.0164,0.0066,0.0714285714285714,0.4285714285714285,0.5,0.0229,127291400.0,-0.016878,0.005016,1260.34,-0.040486,-0.025557,0.019611636494693628
F,2011-10-03 19:51:09,0.0391,0.0145,0.0056,0.0625,0.5,0.4375,0.024600000000000004,72828100.0,-0.031024,-0.028451,1099.23,-0.033,-0.024974,0.024748832070310804
F,2011-10-20 16:31:15,0.0503,0.0109,0.0044,0.3076923076923077,0.3076923076923077,0.3846153846153846,0.0394,62145700.0,0.012111,0.004554,1215.39,-0.018676,-0.012649,0.023650935461884483
F,2011-10-26 18:51:56,0.0312,0.0071,0.005,0.25,0.45,0.3,0.024099999999999996,159678600.0,-0.045052,0.010537,1242.0,-0.006395,-0.020045,0.027398311817417635
F,2011-11-01 21:11:21,0.0426,0.0022,0.0055,0.0625,0.5,0.4375,0.0404,108259900.0,-0.05137,-0.027942,1218.28,-0.026667,-0.024738,0.031015860957652703
F,2012-01-27 20:11:08,0.048,0.0102,0.0071,0.3076923076923077,0.5384615384615384,0.1538461538461538,0.0378,142155200.0,-0.041439,-0.001593,1316.33,-0.010828,-0.005746,0.01935192730453486
F,2012-02-01 17:51:06,0.0449,0.0079,0.0079,0.1111111111111111,0.6666666666666666,0.2222222222222222,0.037000000000000005,71669000.0,-0.007246,0.0089,1324.09,0.010578,-0.000457,0.017591234486717195
F,2012-03-01 17:01:39,0.0375,0.0129,0.0118,0.125,0.625,0.25,0.024599999999999997,68263200.0,0.022617,0.006158,1374.09,0.010612,-0.004737,0.01647617966810138
F,2012-03-09 22:11:35,0.0299,0.0199,0.0155,0.3636363636363636,0.6363636363636364,0.0,0.009999999999999998,36162800.0,0.009631,0.003631,1370.87,0.017974,0.009818,0.016593781513968876
F,2012-04-03 16:11:05,0.0427,0.0056,0.0056,0.1666666666666666,0.5,0.3333333333333333,0.0371,97034500.0,0.001585,-0.003989,1413.38,0.011623,0.007505,0.010965550764401593
F,2012-04-27 19:01:06,0.0311,0.015,0.006,0.2727272727272727,0.6363636363636364,0.0909090909090909,0.0161,79459400.0,-0.022746,0.002414,1403.36,0.011935,0.00668,0.015717899610882463
F,2012-05-01 16:41:05,0.0309,0.0064,0.0096,0.125,0.5,0.375,0.0245,44020300.0,-0.004433,0.005658,1405.82,-0.023276,-0.003884,0.01684861612648881
F,2012-05-10 19:31:01,0.0221,0.0159,0.0074,0.6,0.0,0.4,0.006200000000000001,42526100.0,0.001871,0.002517,1357.99,0.00754,-0.006702,0.011231353010904601
F,2012-06-01 17:21:05,0.0388,0.0111,0.0078,0.125,0.5,0.375,0.027700000000000002,68237500.0,-0.041667,-0.024643,1278.04,-0.009381,-0.002277,0.020339615899355998
F,2012-07-25 18:50:06,0.0176,0.0167,0.0059,0.3333333333333333,0.3809523809523809,0.2857142857142857,0.0009000000000000015,44341600.0,-0.009934,-0.000314,1337.89,-0.011996,-0.009041,0.011229178440810209
F,2012-09-04 18:48:03,0.0281,0.0166,0.0073,0.0666666666666666,0.6,0.3333333333333333,0.0115,37965000.0,0.007495,-0.001166,1404.94,0.003222,0.005073,0.005965274358969523
F,2012-10-02 17:32:02,0.0345,0.0044,0.0167,0.1428571428571428,0.5714285714285714,0.2857142857142857,0.030100000000000002,63638400.0,-0.014099,0.000872,1445.75,0.007099,0.002652,0.011673555861671138
F,2012-10-25 17:11:09,0.0388,0.0171,0.0046,0.3333333333333333,0.6666666666666666,0.0,0.0217,59298100.0,0.021632,0.002996,1412.97,0.017,-0.003085,0.014254984701656002
F,2012-11-01 19:43:07,0.0237,0.0144,0.0072,0.2105263157894736,0.3157894736842105,0.4736842105263157,0.0093,88770100.0,0.008065,0.010927,1427.59,0.082046,0.000156,0.029055835040104783
F,2012-12-03 18:02:05,0.0313,0.0121,0.0111,0.0769230769230769,0.6153846153846154,0.3076923076923077,0.019200000000000002,47749000.0,-0.003493,-0.004745,1409.46,-0.006938,0.000162,0.012730853354046043
F,2013-01-03 19:29:02,0.0386,0.003,0.0051,0.1818181818181818,0.4545454545454545,0.3636363636363636,0.0356,121284700.0,0.019697,-0.002086,1459.37,0.019305,0.025403,0.01470038063037083
F,2013-01-29 23:41:15,0.0364,0.0071,0.0051,0.2631578947368421,0.3684210526315789,0.3684210526315789,0.0293,131148800.0,-0.046444,0.005106,1507.84,0.01462,-0.00185,0.019120875071792935
F,2013-03-15 19:10:04,0.0249,0.0282,0.0314,0.4444444444444444,0.5555555555555556,0.0,-0.003300000000000001,63020600.0,0.001489,-0.001618,1560.7,0.002239,0.005603,0.009069871771726348
F,2013-04-02 16:02:53,0.039,0.0042,0.0116,0.0833333333333333,0.4166666666666667,0.5,0.0348,35197500.0,0.008527,0.005172,1570.25,-0.019011,-0.004474,0.009571660834057168
F,2013-04-24 16:29:18,0.036,0.0113,0.0072,0.238095238095238,0.3809523809523809,0.3809523809523809,0.0247,46035800.0,-0.002245,6e-06,1578.79,0.022971,0.010419,0.02183538873175078
F,2013-05-01 20:00:04,0.0268,0.0093,0.0124,0.0666666666666666,0.4666666666666667,0.4666666666666667,0.0175,39354000.0,-0.016776,-0.009308,1582.7,0.00366,0.002485,0.012731738499164738
F,2013-05-10 04:06:05,0.0159,0.0147,0.0073,0.8,0.0,0.2,0.0012000000000000014,30887500.0,-0.006338,0.004322,1633.7,-0.000704,-0.003687,0.013199196379578155
F,2013-06-14 19:28:03,0.0289,0.0223,0.0105,0.4,0.0,0.6,0.006599999999999998,27188900.0,-0.013479,-0.005885,1626.73,0.013663,0.014784,0.016471715825080998
F,2013-07-02 17:10:03,0.0347,0.0102,0.0112,0.0769230769230769,0.5384615384615384,0.3846153846153846,0.0245,70277400.0,0.027954,-0.000545,1614.08,0.017453,0.005404,0.022758902655883973
F,2013-07-24 18:21:10,0.0431,0.006,0.002,0.3809523809523809,0.238095238095238,0.3809523809523809,0.0371,78609300.0,0.025384,-0.003811,1685.94,-0.005869,-0.001852,0.01607087145393465
F,2013-08-03 02:18:04,0.0329,0.0062,0.0082,0.1818181818181818,0.3636363636363636,0.4545454545454545,0.026699999999999998,32234800.0,0.018034,0.00164,1709.67,0.018365,0.012541,0.014849277297790274
F,2013-09-04 21:28:05,0.0462,0.005,0.011,0.1818181818181818,0.3636363636363636,0.4545454545454545,0.0412,69543400.0,0.034884,0.008117,1653.08,0.009265,0.004164,0.020144306221748075
F,2013-09-10 15:44:02,0.0567,0.0145,0.0048,0.1666666666666666,0.0,0.8333333333333334,0.0422,45861800.0,0.013865,0.007346,1683.99,0.018235,0.009993,0.022475583137905274
F,2013-09-17 17:19:04,0.0403,0.0,0.007,1.0,0.0,0.0,0.0403,23176300.0,0.005187,0.004218,1704.76,0.0,0.005693,0.0157694371945652
F,2013-10-01 18:16:03,0.04,0.0076,0.0119,0.1,0.3,0.6,0.0324,41817000.0,0.018969,0.007999,1695.0,-0.010557,-0.006029,0.011226069261619068
F,2013-10-24 16:46:03,0.0423,0.0052,0.001,0.4210526315789473,0.1578947368421052,0.4210526315789473,0.037099999999999994,71402600.0,0.013699,0.003258,1752.07,-0.004545,-0.004725,0.009174933523222838
F,2013-11-01 20:12:08,0.0498,0.0119,0.0098,0.1111111111111111,0.6666666666666666,0.2222222222222222,0.037899999999999996,52493000.0,-0.012858,0.002903,1761.64,-0.013264,-0.003839,0.00863561643170637
F,2013-12-03 19:19:04,0.04,0.0116,0.0137,0.0833333333333333,0.5833333333333334,0.3333333333333333,0.0284,74867000.0,-0.029308,-0.003193,1795.15,-0.001171,-0.002719,0.011089068913925072
F,2013-12-18 19:17:05,0.037,0.0101,0.0078,0.1176470588235294,0.5294117647058824,0.3529411764705882,0.0269,220362800.0,-0.062874,0.016648,1810.65,-0.00949,-0.003101,0.021881784359751553
F,2014-01-28 17:46:09,0.0346,0.0096,0.0029,0.3333333333333333,0.25,0.4166666666666667,0.025,57854600.0,0.000637,0.006141,1792.5,-0.007581,-0.004876,0.016077425382608215
F,2014-02-03 18:30:06,0.0371,0.0349,0.0067,0.0833333333333333,0.4166666666666667,0.5,0.0022000000000000006,92459000.0,-0.027406,-0.022832,1741.89,-0.019016,-0.006465,0.013961018376178734
F,2014-03-03 19:21:05,0.0377,0.021,0.0144,0.0769230769230769,0.4615384615384615,0.4615384615384615,0.016699999999999996,42914671.0,-0.012346,-0.007379,1845.73,0.0,0.002783,0.007572327815437355
F,2014-04-25 18:08:10,0.0273,0.0131,0.004,0.3636363636363636,0.2727272727272727,0.3636363636363636,0.0142,53874192.0,-0.033088,-0.008096,1863.4,0.005545,0.001717,0.013196662212679296
F,2014-06-03 17:28:05,0.04,0.0086,0.013,0.0833333333333333,0.4166666666666667,0.5,0.0314,32581740.0,0.006691,-0.000379,1924.24,0.0,0.000728,0.007490243324930712
F,2014-06-04 23:55:06,0.0635,0.0068,0.0011,0.5,0.5,0.0,0.0567,33699592.0,0.014502,0.001892,1927.88,0.006691,-0.000379,0.006514636048502417
F,2014-07-24 19:29:07,0.0444,0.0114,0.0021,0.3684210526315789,0.3684210526315789,0.2631578947368421,0.033,53837956.0,0.003375,0.000488,1987.98,-0.002245,0.001754,0.00594558775339626
F,2014-09-03 19:58:05,0.049,0.0064,0.0107,0.0833333333333333,0.3333333333333333,0.5833333333333334,0.0426,25723888.0,-0.007386,-0.000779,2000.72,0.010913,-0.000544,0.007305589389106408
F,2014-09-16 01:47:07,0.0415,0.0052,0.0,1.0,0.0,0.0,0.0363,23772607.0,0.003036,0.007484,1998.98,-0.007233,-0.00071,0.006870399164370202
F,2014-10-01 16:49:03,0.0413,0.0141,0.0065,0.2222222222222222,0.3333333333333333,0.4444444444444444,0.027200000000000002,55948262.0,-0.013523,-0.013249,1946.16,-0.021178,-0.002786,0.02507626843673339
F,2014-10-25 01:57:11,0.0254,0.0254,0.002,0.2666666666666666,0.5333333333333333,0.2,0.0,91944005.0,-0.043056,0.007053,1964.58,0.019108,0.012303,0.020926240359892694
F,2014-11-19 20:57:06,0.055,0.0026,0.0013,0.5,0.5,0.0,0.0524,22633528.0,-0.003871,-0.001501,2048.72,-0.002574,0.005134,0.014140959418967737
F,2014-12-02 19:36:06,0.033,0.0154,0.0121,0.2,0.5,0.3,0.0176,32313044.0,0.008243,0.006384,2066.55,0.002543,-0.006829,0.0064066287971480534
F,2015-01-29 19:15:06,0.0414,0.0135,0.0021,0.3333333333333333,0.2857142857142857,0.3809523809523809,0.0279,40731076.0,0.026971,0.009535,2021.25,-0.016162,-0.013496,0.014238214699260017
F,2015-03-03 20:45:02,0.0581,0.0108,0.0065,0.0833333333333333,0.5,0.4166666666666667,0.047299999999999995,37688950.0,-0.02414,-0.004539,2107.78,0.014076,0.006125,0.011353398252407944
F,2015-04-01 17:05:07,0.0447,0.0142,0.0076,0.2,0.3,0.5,0.030499999999999996,27365883.0,-0.01425,-0.003965,2059.69,-0.001238,-0.008796,0.01063024535151164
F,2015-04-01 21:58:05,0.0454,0.0134,0.008,0.5,0.5,0.0,0.032,27365883.0,-0.01425,-0.003965,2059.69,-0.001238,-0.008796,0.01063024535151164
F,2015-04-28 19:50:06,0.0508,0.0108,0.0011,0.4117647058823529,0.2941176470588235,0.2941176470588235,0.039999999999999994,56634179.0,0.010063,0.002769,2114.76,0.008243,-0.004141,0.008446552249290954
F,2015-06-04 01:22:04,0.0426,0.0069,0.0041,0.5,0.5,0.0,0.035699999999999996,23428404.0,-0.009868,-0.008623,2095.84,-0.003932,0.002119,0.009890276835244781
F,2015-07-28 19:24:12,0.0637,0.0086,0.0049,0.1875,0.5,0.3125,0.05510000000000001,56398516.0,0.019244,0.012386,2093.25,0.011119,-0.005775,0.011781567355171654
F,2015-09-01 18:31:21,0.0634,0.0023,0.0069,0.1111111111111111,0.5555555555555556,0.3333333333333333,0.0611,50482920.0,-0.010815,-0.029576,1913.85,0.009461,-0.008392,0.02589455826917224
F,2015-09-16 17:20:10,0.0541,0.0092,0.0106,0.5,0.5,0.0,0.0449,41674972.0,0.023061,0.008705,1995.31,0.038462,0.012831,0.016738524322319807
F,2015-10-01 19:05:03,0.0535,0.0043,0.0096,0.1111111111111111,0.6666666666666666,0.2222222222222222,0.0492,33326894.0,0.007369,0.001974,1923.82,0.031939,0.019076,0.01896300918484314
F,2015-10-27 19:03:04,0.053,0.0035,0.0012,0.25,0.5,0.25,0.049499999999999995,64579703.0,-0.050383,-0.002554,2065.89,0.000638,-0.001913,0.018134534068395016
F,2015-11-30 20:04:03,0.0495,0.0223,0.0074,0.2857142857142857,0.238095238095238,0.4761904761904761,0.027200000000000002,27860262.0,-0.013765,-0.004641,2080.41,-0.001375,0.000594,0.009392982679166042
F,2015-12-01 19:12:07,0.0576,0.0082,0.0092,0.1,0.5,0.4,0.0494,29142177.0,0.01605,0.010681,2102.63,-0.013765,-0.004641,0.010154560389850138
F,2016-01-28 20:27:04,0.0771,0.0048,0.0036,0.3157894736842105,0.3157894736842105,0.3684210526315789,0.0723,75699795.0,-0.011814,0.005529,1893.36,-0.000816,-0.010863,0.012492128562063111
F,2016-03-23 17:06:09,0.0535,0.0219,0.0261,1.0,0.0,0.0,0.0316,31535467.0,-0.024283,-0.006386,2036.71,-0.005124,-0.000877,0.012152345342909546
F,2016-04-29 05:36:19,0.0552,0.0082,0.0106,0.25,0.625,0.125,0.047,69695145.0,-0.037615,-0.005063,2065.3,0.031479,-0.009231,0.018980279672743457
F,2016-06-01 18:10:33,0.0441,0.0065,0.0011,0.0909090909090909,0.4545454545454545,0.4545454545454545,0.0376,58219591.0,-0.028169,0.00113,2099.33,0.002974,-0.001,0.01238271286422243
F,2016-07-28 17:52:13,0.0104,0.0346,0.0081,0.0,0.0,1.0,-0.0242,142168574.0,-0.081647,0.001606,2170.06,-0.001443,-0.001199,0.02758496223770402
F,2016-09-16 02:07:04,0.064,0.0123,0.0095,0.4090909090909091,0.2727272727272727,0.3181818181818182,0.0517,26271568.0,0.0,-0.003772,2139.16,-0.002471,0.010109,0.01698036009989847
F,2016-10-27 17:20:29,0.0459,0.0115,0.0046,0.0,0.6153846153846154,0.3846153846153846,0.0344,48402031.0,-0.011785,-0.002987,2133.04,0.002532,-0.00174,0.008978402000851328
F,2016-12-01 20:37:08,0.0431,0.0084,0.0084,0.1538461538461538,0.5384615384615384,0.3076923076923077,0.0347,95143559.0,0.039298,-0.003516,2191.08,0.003356,-0.002653,0.014698865906366251
F,2017-01-11 09:21:08,0.0501,0.0084,0.0111,0.5,0.2222222222222222,0.2777777777777778,0.0417,49718725.0,-0.014008,0.00283,2275.32,0.017419,0.0,0.024087512126503376
F,2017-01-26 22:50:07,0.0429,0.0104,0.0104,0.375,0.375,0.25,0.0325,55672778.0,-0.032838,-0.000735,2296.68,0.014274,0.008026,0.014810863708027967
F,2017-04-27 22:12:32,0.0449,0.0173,0.0127,0.0,0.6666666666666666,0.3333333333333333,0.027600000000000003,50203741.0,-0.011207,0.000553,2388.77,0.010453,-0.000486,0.012095284142544642
F,2017-06-01 21:36:38,0.0373,0.0181,0.0128,0.0833333333333333,0.5833333333333334,0.3333333333333333,0.0192,76707185.0,0.026079,0.007571,2430.06,0.00361,-0.00046,0.011785064881733573
F,2017-07-27 00:02:21,0.0556,0.0076,0.0038,0.0,0.4666666666666667,0.5333333333333333,0.047999999999999994,38687497.0,0.01085,-0.000973,2475.42,-0.018634,0.000283,0.011455636392429592
F,2017-10-03 17:36:05,0.0434,0.0076,0.0076,0.1818181818181818,0.5454545454545454,0.2727272727272727,0.0358,65641714.0,0.020678,0.002159,2534.58,0.010025,0.003874,0.007001959256760673
F,2017-10-26 21:08:45,0.0502,0.0167,0.0024,0.0,0.7058823529411765,0.2941176470588235,0.0335,49003126.0,0.019103,0.001271,2560.4,-0.012305,-0.004663,0.01005175859461652
F,2017-11-14 20:59:07,0.0216,0.0135,0.0175,0.5,0.5,0.0,0.008100000000000001,25893421.0,-0.011513,-0.00231,2578.87,0.01249,0.000984,0.00828714150221773
F,2017-11-15 23:22:14,0.0204,0.0095,0.0054,0.5,0.5,0.0,0.010900000000000002,28441307.0,-0.001664,-0.005526,2564.62,-0.011513,-0.00231,0.0077351847992003
F,2017-12-01 19:56:07,0.0508,0.0065,0.0108,0.1,0.7,0.2,0.0443,52458736.0,0.004792,-0.002024,2642.22,-0.003185,0.008191,0.009755440841454273
F,2018-01-25 04:05:08,0.0491,0.0234,0.0035,0.3125,0.4375,0.25,0.025699999999999997,114886820.0,-0.039834,0.000603,2839.25,0.007525,-0.00056,0.024978035974075746
F,2018-04-26 02:02:11,0.0364,0.0106,0.0071,0.0,0.5,0.5,0.025800000000000003,80676755.0,0.028803,0.010434,2666.94,0.013686,0.001837,0.015145459620699023
F,2018-05-15 21:17:12,0.0298,0.0122,0.0081,0.0,0.5,0.5,0.017599999999999998,26950114.0,0.003578,-0.006842,2711.45,-0.000894,0.000884,0.009502973956141988
F,2018-06-01 00:47:04,0.0225,0.004,0.004,1.0,0.0,0.0,0.0185,35406189.0,0.013853,0.010849,2734.62,0.0,-0.00688,0.01074784679676208
F,2018-06-01 21:39:06,0.0535,0.0093,0.0081,0.3333333333333333,0.5,0.1666666666666666,0.0442,35406189.0,0.013853,0.010849,2734.62,0.0,-0.00688,0.01074784679676208
F,2018-07-26 01:50:08,0.035,0.0181,0.0048,0.0,0.5555555555555556,0.4444444444444444,0.016900000000000002,103893039.0,-0.059886,-0.003032,2837.44,-0.00473,0.009102,0.018804694663242416
F,2018-09-04 21:58:05,0.0637,0.0044,0.0055,0.1111111111111111,0.6666666666666666,0.2222222222222222,0.059300000000000005,54111109.0,-0.001055,-0.001654,2896.72,-0.02268,0.000134,0.017650368696495364
F,2018-09-12 19:23:15,0.0245,0.0136,0.0095,0.5,0.5,0.0,0.010900000000000002,25450013.0,0.003222,0.000357,2888.92,-0.007463,0.00374,0.012186820195969467
F,2018-10-02 17:27:04,0.03,0.0111,0.0056,0.125,0.5,0.375,0.0189,41806359.0,-0.012876,-0.000397,2923.43,0.007568,0.003641,0.014327612868164778
F,2018-10-25 02:21:49,0.0562,0.0149,0.0069,0.0,0.5454545454545454,0.4545454545454545,0.0413,90399170.0,0.099022,0.018625,2705.57,-0.04773,-0.030864,0.039424388252845645
F,2018-11-14 23:52:11,0.0219,0.0102,0.0044,1.0,0.0,0.0,0.011699999999999999,46677594.0,0.0,-0.007567,2701.58,0.005269,-0.001482,0.013253449234905757
F,2018-12-03 19:04:07,0.0278,0.0107,0.0053,0.125,0.625,0.25,0.017099999999999997,64643017.0,0.020191,0.010941,2790.37,0.004269,0.008186,0.01584545821924317
F,2019-01-16 00:43:09,0.0521,0.0068,0.0055,0.2,0.6,0.2,0.0453,73869859.0,-0.062217,0.002222,2616.1,-0.016685,0.010722,0.03128615309703503
F,2019-01-16 19:38:08,0.0358,0.0128,0.0051,0.5555555555555556,0.2222222222222222,0.2222222222222222,0.023,73869859.0,-0.062217,0.002222,2616.1,-0.016685,0.010722,0.03128615309703503
F,2019-01-24 01:39:09,0.04,0.016,0.0057,0.5833333333333334,0.4166666666666667,0.0,0.024,79516367.0,0.031175,0.001376,2642.33,-0.018824,0.002203,0.027927431374108812
F,2019-04-04 19:36:06,0.0573,0.0046,0.008,0.2,0.4,0.4,0.0527,39483120.0,0.012048,0.002085,2879.39,0.013319,0.002148,0.015609525620594733
F,2019-04-26 01:50:14,0.0462,0.0104,0.0046,0.4,0.4,0.2,0.0358,156136698.0,0.107447,0.004685,2939.88,-0.017764,-0.000369,0.035117974911400895
F,2019-06-06 16:30:09,0.041,0.0351,0.0117,0.5,0.0,0.5,0.0059000000000000025,28291063.0,-0.003067,0.006136,2843.49,-0.014113,0.008162,0.015052051711385508
F,2019-07-12 21:49:07,0.0363,0.0256,0.0067,0.3333333333333333,0.1666666666666666,0.5,0.010699999999999998,40761563.0,0.029441,0.00462,3013.77,0.007913,0.002285,0.010708624292285893
F,2019-07-25 03:21:51,0.0447,0.0348,0.0037,0.4615384615384615,0.4615384615384615,0.0769230769230769,0.009899999999999999,133898570.0,-0.07454,-0.005262,3003.67,0.015733,0.004688,0.028268982453093953
F,2019-10-02 16:56:09,0.0392,0.0261,0.0037,0.3333333333333333,0.6666666666666666,0.0,0.013099999999999997,68290414.0,-0.032584,-0.017903,2887.61,-0.028384,-0.012258,0.01485180046286944
F,2019-10-24 03:16:09,0.036,0.0261,0.005,0.5454545454545454,0.3636363636363636,0.0909090909090909,0.009899999999999996,121123977.0,-0.066232,0.00192,3010.29,0.015436,0.002847,0.02652670684926172
F,2019-11-22 02:47:21,0.0265,0.0153,0.0153,0.6666666666666666,0.3333333333333333,0.0,0.0112,34966746.0,0.020666,0.002175,3110.29,-0.002291,-0.001583,0.01424455936723449
F,2019-12-04 18:36:06,0.0525,0.0124,0.0014,0.5,0.5,0.0,0.0401,29994673.0,0.006749,0.006324,3112.76,-0.013319,-0.006638,0.012111031168135817
F,2019-12-10 19:44:05,0.0274,0.0096,0.0068,0.5,0.5,0.0,0.017800000000000003,34233141.0,0.006659,-0.001097,3132.52,-0.001109,-0.003163,0.0075972512982585075
F,2020-02-05 05:41:41,0.0414,0.0305,0.0073,0.4444444444444444,0.4444444444444444,0.1111111111111111,0.0109,145792527.0,-0.094771,0.011251,3334.69,0.022272,0.01498,0.03290034102305526
F,2020-04-29 02:25:09,0.0332,0.042,0.0052,0.5555555555555556,0.3333333333333333,0.1111111111111111,-0.008800000000000002,126393015.0,-0.022305,0.026584,2939.51,0.040619,-0.005242,0.034181571764134416
F,2020-06-26 22:45:13,0.0363,0.0138,0.01,0.6,0.0,0.4,0.0225,118435386.0,-0.019901,-0.024227,3009.05,0.013445,0.010959,0.01777323217681899
F,2020-07-31 04:36:49,0.0521,0.0185,0.0046,0.3571428571428571,0.4285714285714285,0.2142857142857142,0.033600000000000005,115394121.0,-0.019288,0.00767,3271.12,-0.026012,-0.00375,0.01813044402226398
F,2020-10-29 11:25:39,0.047,0.0108,0.0048,0.3076923076923077,0.5384615384615384,0.1538461538461538,0.036199999999999996,118999898.0,0.025974,0.011947,3310.11,-0.027778,-0.035288,0.02266805989370173
FDX,2007-03-21 17:05:48,0.029,0.0186,0.0174,0.3636363636363636,0.5,0.1363636363636363,0.010400000000000003,5472500.0,-0.011577,0.017081,1435.04,-0.001689,0.006334,0.01084172526041046
FDX,2007-06-20 17:16:33,0.0551,0.0154,0.0099,0.3809523809523809,0.5238095238095238,0.0952380952380952,0.0397,6009200.0,0.016102,-0.013601,1512.84,-0.016921,0.001731,0.015669567058119026
FDX,2007-09-20 16:07:28,0.0297,0.0132,0.0099,0.45,0.45,0.1,0.0165,7241000.0,-0.028463,-0.006723,1518.75,-0.013579,0.006086,0.012462967811346808
FDX,2007-12-20 18:57:26,0.0277,0.0181,0.0096,0.391304347826087,0.391304347826087,0.217391304347826,0.009599999999999997,2781800.0,-0.010567,0.0049,1460.12,-0.022013,-0.001361,0.01511611020512001
FDX,2008-03-21 04:10:11,0.0351,0.0238,0.0125,0.4285714285714285,0.4285714285714285,0.1428571428571428,0.011299999999999998,4250000.0,0.009161,0.023944,1329.51,-0.007938,-0.024287,0.027491862704969425
FDX,2008-06-18 22:13:13,0.0286,0.0263,0.0137,0.4285714285714285,0.3333333333333333,0.238095238095238,0.0023,11801900.0,-0.020515,-0.009712,1337.81,-0.019761,-0.006771,0.024018669073359485
FDX,2008-09-18 18:31:34,0.0373,0.0213,0.0075,0.4090909090909091,0.4090909090909091,0.1818181818181818,0.016,6119100.0,0.034745,0.043342,1206.51,-0.042717,-0.047133,0.025093197415722954
FDX,2008-12-18 19:12:15,0.0414,0.0356,0.0149,0.4285714285714285,0.238095238095238,0.3333333333333333,0.0058,4110900.0,-0.021416,-0.021163,885.28,0.00915,-0.009593,0.05816418104536313
FDX,2009-03-19 19:24:20,0.0345,0.0367,0.0122,0.391304347826087,0.3478260869565217,0.2608695652173913,-0.0022000000000000006,11259500.0,0.047619,-0.012979,784.04,0.025488,0.020858,0.04920620657611305
FDX,2009-06-17 16:48:30,0.0315,0.0326,0.0163,0.391304347826087,0.3478260869565217,0.2608695652173913,-0.0010999999999999968,9120100.0,-0.014002,-0.001382,910.71,-0.009229,-0.01272,0.01810922820645139
FDX,2009-12-17 19:47:11,0.0429,0.0182,0.0107,0.28,0.48,0.24,0.0247,8400200.0,-0.060923,-0.011811,1096.08,-0.015433,0.001128,0.026609582716048432
FDX,2010-03-31 04:37:11,0.0513,0.019,0.0089,0.4444444444444444,0.3888888888888889,0.1666666666666666,0.032299999999999995,4168500.0,0.006249,-0.003273,1169.43,0.006397,4.3e-05,0.016142417442529783
FDX,2010-06-16 17:32:15,0.0577,0.0203,0.0085,0.3333333333333333,0.4583333333333333,0.2083333333333333,0.0374,15062100.0,-0.059511,-0.000556,1114.61,0.020376,0.023494,0.03389163938544924
FDX,2011-03-17 19:51:40,0.0389,0.0195,0.0097,0.25,0.5,0.25,0.019399999999999997,6610200.0,0.030605,0.013398,1273.72,-0.027224,-0.019495,0.018378010321819124
FDX,2011-06-22 17:51:17,0.0574,0.0104,0.0157,0.2333333333333333,0.5666666666666667,0.2,0.047,6025900.0,0.025917,-0.006468,1287.14,0.018629,0.013423,0.011544006193210816
FDX,2011-09-22 16:11:14,0.0317,0.0296,0.0106,0.2413793103448276,0.6206896551724138,0.1379310344827586,0.0020999999999999977,11371100.0,-0.081655,-0.031883,1129.56,-0.036161,-0.02939,0.029914815230547214
FDX,2011-12-15 23:31:10,0.0291,0.0114,0.0052,0.2142857142857142,0.5357142857142857,0.25,0.0177,9175900.0,0.079959,0.003243,1215.75,-0.02115,-0.011348,0.03216788321723672
FDX,2012-06-19 16:11:09,0.0443,0.0184,0.0194,0.2608695652173913,0.6086956521739131,0.1304347826086956,0.0259,4691900.0,0.028245,0.009816,1357.98,0.010042,0.001445,0.016492027260332717
FDX,2012-09-18 16:21:13,0.0331,0.0134,0.0083,0.2727272727272727,0.6363636363636364,0.0909090909090909,0.019699999999999995,6413400.0,-0.030578,-0.00128,1459.32,-0.009651,-0.003125,0.01579126966994393
FDX,2012-12-19 17:41:09,0.0372,0.0138,0.0064,0.28,0.64,0.08,0.023399999999999997,5325900.0,0.009095,-0.007589,1435.81,0.014722,0.011487,0.007245429728839937
FDX,2013-03-20 17:11:07,0.0379,0.0162,0.0054,0.2608695652173913,0.5652173913043478,0.1739130434782608,0.021700000000000004,11581900.0,-0.068852,0.006697,1558.71,-0.007736,-0.002423,0.023330299654217006
FDX,2013-06-20 08:58:05,0.0417,0.0139,0.0128,0.2222222222222222,0.4444444444444444,0.3333333333333333,0.027800000000000002,4946100.0,-0.048041,-0.02501,1588.19,0.010655,-0.013851,0.021736758287390665
FDX,2013-09-18 15:18:08,0.0416,0.0186,0.0098,0.2413793103448276,0.4827586206896552,0.2758620689655172,0.023,6671600.0,0.050325,0.012178,1725.52,0.010131,0.004218,0.019298669106673935
FDX,2013-12-18 16:06:06,0.0406,0.0146,0.0062,0.2758620689655172,0.4827586206896552,0.2413793103448276,0.025999999999999995,4825600.0,0.004529,0.016648,1810.65,-0.005434,-0.003101,0.009083134224729188
FDX,2014-03-19 18:59:07,0.0257,0.0375,0.0043,0.3,0.45,0.25,-0.011799999999999998,3110365.0,-0.001371,-0.006132,1860.77,0.007196,0.00722,0.004631688198342886
FDX,2014-06-18 16:34:09,0.0431,0.0273,0.0116,0.3103448275862069,0.3793103448275862,0.3103448275862069,0.015799999999999998,5656236.0,0.061578,0.007719,1956.98,0.007601,0.002173,0.022268269942279397
FDX,2014-09-17 18:08:05,0.0351,0.0106,0.0064,0.3043478260869565,0.4347826086956521,0.2608695652173913,0.0245,4342795.0,0.032652,0.001296,2001.57,0.004025,0.007484,0.01147520539879118
FDX,2014-12-17 19:01:06,0.0282,0.0152,0.0043,0.2592592592592592,0.4444444444444444,0.2962962962962963,0.013,8748500.0,-0.037186,0.020352,2012.89,-0.011403,-0.008489,0.013253220328156812
FDX,2015-03-18 16:44:09,0.0329,0.0181,0.0085,0.2666666666666666,0.4,0.3333333333333333,0.014799999999999997,4244328.0,-0.013716,0.012158,2099.5,-0.00908,-0.00332,0.012457507903090316
FDX,2015-06-18 00:55:06,0.0418,0.0219,0.0084,0.3333333333333333,0.4814814814814814,0.1851851851851851,0.019899999999999998,2986586.0,0.009393,0.009903,2121.24,-0.029649,0.00198,0.013995601747612704
FDX,2015-09-16 16:50:13,0.0289,0.0257,0.0086,0.4090909090909091,0.2727272727272727,0.3181818181818182,0.003199999999999998,6205399.0,-0.028377,0.008705,1995.31,0.025095,0.012831,0.02001765976026618
FDX,2015-12-17 02:27:11,0.0328,0.0208,0.0077,0.3461538461538461,0.3461538461538461,0.3076923076923077,0.012000000000000004,5864998.0,0.020224,-0.015041,2041.89,0.028613,0.014515,0.01986638741861914
FDX,2016-03-17 01:46:09,0.0265,0.0201,0.0063,0.4090909090909091,0.3636363636363636,0.2272727272727272,0.0063999999999999994,8891686.0,0.11832,0.006595,2040.59,0.008387,0.0056,0.03855307082970178
FDX,2016-06-22 06:01:24,0.0237,0.0151,0.0086,0.3461538461538461,0.4615384615384615,0.1923076923076923,0.008599999999999998,4839056.0,-0.04538,-0.001652,2085.45,-0.003162,0.002712,0.017144144235148012
FDX,2016-09-21 03:46:12,0.0222,0.0095,0.0032,0.45,0.3,0.25,0.012700000000000001,5308138.0,0.068921,0.010917,2163.12,0.00862,0.000299,0.02611758570516558
FDX,2016-12-21 03:53:10,0.0234,0.0117,0.0096,0.45,0.25,0.3,0.0117,6405992.0,-0.03331,-0.002457,2265.18,0.005667,0.003638,0.014050712572282307
FDX,2017-03-22 02:40:07,0.034,0.0085,0.0074,0.5,0.1818181818181818,0.3181818181818182,0.025500000000000002,6132660.0,0.021268,0.00189,2348.45,-0.002236,-0.012408,0.009934521324933509
FDX,2017-06-21 01:33:24,0.0298,0.0103,0.0062,1.0,0.0,0.0,0.0195,3534252.0,0.016033,-0.000583,2435.61,-0.007111,-0.006697,0.007118373179471929
FDX,2017-09-20 03:55:30,0.0308,0.0365,0.0137,0.44,0.28,0.28,-0.005699999999999997,4275855.0,0.020833,0.000634,2508.24,0.004277,0.00111,0.009503190802742851
FDX,2017-12-20 03:25:05,0.0349,0.0434,0.0072,0.4074074074074074,0.3703703703703703,0.2222222222222222,-0.0085,5898126.0,0.03517,-0.000828,2679.25,0.002604,-0.00323,0.01323137724459898
FDX,2018-03-21 02:14:07,0.0322,0.0161,0.0161,1.0,0.0,0.0,0.0161,4843693.0,-0.011786,-0.001844,2711.93,0.009535,0.001482,0.014956786107538938
FDX,2018-06-20 03:34:07,0.043,0.0187,0.0176,1.0,0.0,0.0,0.024299999999999995,3906190.0,-0.026936,0.001712,2767.32,-0.020025,-0.004023,0.013277174404886809
FDX,2018-09-17 23:19:07,0.0395,0.0192,0.0158,1.0,0.0,0.0,0.020300000000000002,2226450.0,0.001135,-0.00557,2888.8,0.008966,0.000275,0.008191779874429877
FDX,2018-12-19 02:20:11,0.033,0.0253,0.0121,1.0,0.0,0.0,0.007700000000000002,15288476.0,-0.121615,-0.015396,2506.96,0.015478,8.6e-05,0.03951116906732414
FDX,2019-03-20 02:44:11,0.037,0.0208,0.0116,0.4117647058823529,0.2941176470588235,0.2941176470588235,0.0162,9287776.0,-0.034948,-0.002944,2824.23,-0.005428,-0.000131,0.020352721144849508
FDX,2019-06-26 04:17:30,0.0321,0.0321,0.0173,0.3684210526315789,0.2631578947368421,0.3684210526315789,0.0,6247649.0,0.02526,-0.001234,2913.78,-0.030578,-0.009496,0.020251670338792195
FDX,2019-09-18 02:01:12,0.0333,0.0272,0.0136,0.375,0.375,0.25,0.006100000000000005,22942064.0,-0.129198,0.000343,3006.73,-0.001556,0.002582,0.04706346353075935
FDX,2019-12-18 02:34:11,0.0261,0.0335,0.0174,0.4761904761904761,0.3333333333333333,0.1904761904761904,-0.0074,21550315.0,-0.100288,-0.000432,3191.14,-0.005302,0.000335,0.036595261806383936
FDX,2020-03-18 03:44:34,0.0319,0.0332,0.0159,0.3333333333333333,0.3333333333333333,0.3333333333333333,-0.0013000000000000025,6997651.0,0.049705,-0.051831,2398.1,0.049398,0.059955,0.08549546215482243
FDX,2020-07-01 06:25:08,0.0323,0.0167,0.0089,0.3333333333333333,0.2916666666666667,0.375,0.015600000000000003,17967540.0,0.117244,0.005022,3115.86,0.04214,0.01541,0.04374932965327712
FDX,2020-09-16 04:49:08,0.0386,0.0182,0.0102,0.3636363636363636,0.3181818181818182,0.3181818181818182,0.0204,17082179.0,0.057591,-0.004619,3385.49,0.001396,0.005219,0.02606312253314596
FDX,2020-12-18 03:18:09,0.0435,0.0179,0.0112,0.4166666666666667,0.3333333333333333,0.25,0.025599999999999998,15457128.0,-0.057107,-0.003511,3709.41,0.011946,0.005758,0.02166591927531458
GM,2006-10-25 20:06:50,0.0292,0.0303,0.0112,0.0,0.8888888888888888,0.1111111111111111,-0.0011000000000000003,25764200.0,-0.040895,0.003514,1382.22,0.028417,0.000261,0.025646188317391537
GM,2007-02-01 23:17:03,0.0186,0.0426,0.0107,0.0588235294117647,0.4117647058823529,0.5294117647058824,-0.024,6794600.0,0.005786,0.005354,1445.94,0.006744,0.006593,0.014720169762004165
GM,2007-03-15 04:45:30,0.0374,0.0341,0.0066,0.1538461538461538,0.6153846153846154,0.2307692307692307,0.0033000000000000043,16444150.0,-0.02876,0.003684,1392.28,-0.008522,0.006691,0.017659950805266805
GM,2007-05-03 20:26:19,0.0326,0.0128,0.0047,0.1578947368421052,0.4736842105263157,0.3684210526315789,0.019799999999999998,26533040.0,-0.053946,0.004325,1502.39,0.036422,0.006472,0.030302895797816632
GM,2007-07-31 20:48:15,0.0439,0.0139,0.0081,0.1764705882352941,0.5294117647058824,0.2941176470588235,0.030000000000000002,27436200.0,-0.00644,-0.012647,1455.27,0.048553,0.010254,0.025611217716721944
GM,2007-11-08 01:48:01,0.018,0.0338,0.0011,0.3333333333333333,0.3333333333333333,0.3333333333333333,-0.015799999999999998,29265100.0,-0.023564,-0.000576,1474.77,-0.061117,-0.02937,0.027297657310147005
GM,2008-02-13 00:42:10,0.0316,0.0383,0.0011,0.1428571428571428,0.5,0.3571428571428571,-0.006699999999999998,13169500.0,0.004135,0.013604,1367.21,-0.019174,0.007266,0.03352240943077399
GM,2008-04-30 19:31:14,0.0157,0.0302,0.0101,0.2,0.4666666666666667,0.3333333333333333,-0.014500000000000002,50322700.0,0.09434,-0.003846,1385.59,-0.033728,-0.003889,0.04412365446736656
GM,2008-06-03 22:01:22,0.0081,0.0116,0.0081,0.2857142857142857,0.7142857142857143,0.0,-0.0034999999999999996,40116200.0,0.008027,-0.005788,1377.65,0.019883,-0.010504,0.02473456609775972
GM,2008-07-23 17:37:11,0.0286,0.0242,0.0099,0.4,0.6,0.0,0.004400000000000001,33583700.0,0.02095,0.004064,1282.19,0.093965,0.013492,0.07273587552966328
GM,2008-08-01 21:23:18,0.0222,0.0311,0.0133,0.3,0.6,0.1,-0.008899999999999998,42114400.0,-0.075881,-0.005578,1260.31,-0.028947,-0.013144,0.07018240751237685
GM,2008-10-29 19:22:14,0.0357,0.0492,0.0086,0.3333333333333333,0.3333333333333333,0.3333333333333333,-0.013499999999999998,51519400.0,0.0816,-0.011079,930.09,0.146789,0.10789,0.06582987402902873
GM,2008-11-08 04:05:14,0.0223,0.0557,0.0099,0.3076923076923077,0.3846153846153846,0.3076923076923077,-0.0334,83908300.0,-0.091667,0.028855,930.99,-0.136691,-0.050264,0.08757534389084641
GM,2009-01-06 04:46:33,0.0337,0.0325,0.005,0.0,0.5454545454545454,0.4545454545454545,0.0011999999999999997,26740700.0,0.061995,0.007817,934.7,0.016438,-0.004668,0.126155983380364
GM,2009-01-21 23:10:16,0.0272,0.0392,0.0087,0.2307692307692307,0.1538461538461538,0.6153846153846154,-0.012,13450800.0,0.008571,0.043491,840.24,-0.109415,-0.052816,0.044528538261808435
GM,2009-04-02 01:30:09,0.0403,0.0164,0.0101,0.2307692307692307,0.3846153846153846,0.3846153846153846,0.0239,30665500.0,0.082902,0.028727,834.38,-0.005155,0.016557,0.14563572876354514
GM,2009-05-12 08:10:20,0.0308,0.028,0.0098,0.0714285714285714,0.0,0.9285714285714286,0.0028000000000000004,100536200.0,-0.201389,-0.000979,908.35,-0.10559,-0.021512,0.07740582245405629
GM,2011-08-04 22:21:16,0.0347,0.0079,0.004,0.2727272727272727,0.6363636363636364,0.0909090909090909,0.0268,38839400.0,-0.04343,-0.04782,1200.07,0.004436,0.005016,0.01939395031790419
GM,2011-10-03 21:18:37,0.0311,0.0156,0.0144,0.0476190476190476,0.3809523809523809,0.5714285714285714,0.0155,13952100.0,-0.022299,-0.028451,1099.23,-0.027938,-0.024974,0.029548952465170256
GM,2011-11-01 19:01:08,0.0309,0.021,0.0124,0.0555555555555555,0.4444444444444444,0.5,0.009899999999999999,25371100.0,-0.097486,-0.027942,1218.28,-0.022684,-0.024738,0.04429320851326992
GM,2011-11-09 20:46:02,0.0304,0.0147,0.0031,0.5,0.5,0.0,0.0157,32918200.0,-0.109026,-0.036695,1229.1,0.042899,0.011736,0.05531306084752702
GM,2012-02-01 19:52:04,0.035,0.0277,0.0036,0.1818181818181818,0.3636363636363636,0.4545454545454545,0.007300000000000004,13337400.0,0.014571,0.0089,1324.09,-0.008667,-0.000457,0.009775490922029072
GM,2012-02-16 23:23:06,0.0291,0.0156,0.0031,0.3571428571428571,0.4285714285714285,0.2142857142857142,0.013500000000000002,35328500.0,0.089852,0.011026,1358.04,-0.018504,-0.005383,0.03957716884153187
GM,2012-03-01 22:18:04,0.0396,0.018,0.012,0.3076923076923077,0.5384615384615384,0.1538461538461538,0.021600000000000005,8898200.0,0.017294,0.006158,1374.09,-0.004591,-0.004737,0.03274069591400497
GM,2012-05-01 19:10:07,0.0332,0.0178,0.0059,0.3125,0.3125,0.375,0.0154,10152800.0,0.013478,0.005658,1405.82,-0.022524,-0.003884,0.01640897789118319
GM,2012-05-03 19:51:07,0.0368,0.013,0.0033,0.3333333333333333,0.5833333333333334,0.0833333333333333,0.0238,22817000.0,-0.024422,-0.007659,1391.57,-0.016302,-0.002497,0.01776781721853068
GM,2012-08-02 18:41:22,0.0444,0.0114,0.0011,0.3076923076923077,0.6923076923076923,0.0,0.033,10881200.0,-0.02645,-0.007374,1365.0,-0.002537,-0.00303,0.021154773038778434
GM,2012-09-05 00:44:08,0.0318,0.0176,0.0035,0.2857142857142857,0.3809523809523809,0.3333333333333333,0.0142,7933000.0,0.021117,-0.001068,1403.44,-0.001874,-0.001166,0.013024170566467971
GM,2012-10-31 20:02:30,0.0266,0.0139,0.0023,0.3846153846153846,0.5384615384615384,0.0769230769230769,0.0127,24707700.0,0.095361,0.000156,1412.16,-0.014812,-0.000729,0.036824236830894204
GM,2012-12-03 19:51:08,0.0324,0.0167,0.0067,0.4166666666666667,0.5,0.0833333333333333,0.0157,11333100.0,-0.014297,-0.004745,1409.46,-0.008049,0.000162,0.02067731837894973
GM,2013-01-03 20:20:06,0.0407,0.0209,0.007,0.3333333333333333,0.4444444444444444,0.2222222222222222,0.0198,22905000.0,0.023687,-0.002086,1459.37,0.010406,0.025403,0.02134105455480403
GM,2013-02-14 17:18:06,0.0375,0.0182,0.0043,0.25,0.5833333333333334,0.1666666666666666,0.019299999999999998,19233300.0,-0.032089,0.000691,1521.38,0.004203,0.000592,0.013456595082379386
GM,2013-03-01 20:30:07,0.0475,0.0151,0.0046,0.3809523809523809,0.3333333333333333,0.2857142857142857,0.0324,9018700.0,0.00221,0.002324,1518.2,-0.009124,-0.000864,0.018645910878796072
GM,2013-04-02 20:13:05,0.0343,0.0142,0.0059,0.3,0.2,0.5,0.020099999999999996,16188400.0,0.004676,0.005172,1570.25,-0.000719,-0.004474,0.015750664761985462
GM,2013-05-02 16:40:06,0.0328,0.0192,0.0045,0.2857142857142857,0.6428571428571429,0.0714285714285714,0.013600000000000004,19125900.0,0.032472,0.009408,1597.59,-0.021401,-0.009308,0.015097076444354223
GM,2013-06-06 17:47:04,0.0371,0.0067,0.0034,0.5,0.0,0.5,0.0304,79855000.0,0.012346,0.00849,1622.56,-0.026888,-0.01378,0.018952217044451755
GM,2013-07-02 20:59:06,0.0338,0.0152,0.0058,0.4117647058823529,0.2352941176470588,0.3529411764705882,0.0186,15172300.0,0.002941,-0.000545,1614.08,0.020714,0.005404,0.019267190851000968
GM,2013-07-25 17:17:03,0.0351,0.0128,0.0011,0.3076923076923077,0.5384615384615384,0.1538461538461538,0.0223,18098600.0,-0.001615,0.002556,1690.25,0.014477,-0.003811,0.00783332164821869
GM,2013-08-03 02:44:04,0.025,0.0125,0.0046,0.3333333333333333,0.2222222222222222,0.4444444444444444,0.0125,11913000.0,0.013161,0.00164,1709.67,0.016727,0.012541,0.011462613479385252
GM,2013-09-04 20:12:08,0.0334,0.0215,0.0072,0.3888888888888889,0.2222222222222222,0.3888888888888889,0.0119,23040700.0,0.050088,0.008117,1653.08,0.00176,0.004164,0.021879176620705067
GM,2013-10-01 19:41:07,0.0268,0.0198,0.0058,0.3157894736842105,0.2631578947368421,0.4210526315789473,0.006999999999999999,21890700.0,-0.001668,0.007999,1695.0,-0.010998,-0.006029,0.012068772717223812
GM,2013-10-30 16:34:08,0.0359,0.0127,0.0032,0.3076923076923077,0.5384615384615384,0.1538461538461538,0.023200000000000002,42130000.0,0.032446,-0.004876,1763.31,0.007263,0.005584,0.013184097281279075
GM,2013-12-03 21:40:06,0.0325,0.0168,0.006,0.4666666666666667,0.2666666666666666,0.2666666666666666,0.015700000000000002,44844000.0,-0.024802,-0.003193,1795.15,0.009812,-0.002719,0.015929997754411698
GM,2014-02-06 18:42:03,0.0337,0.0109,0.0033,0.2727272727272727,0.5454545454545454,0.1818181818181818,0.0228,53696300.0,-0.000284,0.01244,1773.43,-0.016192,-0.002028,0.017682590314581668
GM,2014-04-24 19:49:05,0.03,0.0381,0.0069,0.3571428571428571,0.5,0.1428571428571428,-0.008100000000000003,33352352.0,-0.006397,0.001717,1878.61,0.004674,-0.002213,0.018852923853403463
GM,2014-06-10 20:32:17,0.0227,0.0361,0.0027,0.8571428571428571,0.0,0.1428571428571428,-0.013399999999999999,8460743.0,-0.00274,-0.000246,1950.79,-0.001368,0.000939,0.013148504489949834
GM,2014-07-24 18:06:08,0.0358,0.0369,0.0058,0.3846153846153846,0.4615384615384615,0.1538461538461538,-0.0011000000000000038,35694105.0,-0.04464,0.000488,1987.98,-0.009269,0.001754,0.01539119334951735
GM,2014-10-23 20:45:11,0.0401,0.0111,0.0089,0.3846153846153846,0.4615384615384615,0.1538461538461538,0.028999999999999998,25443605.0,-0.012137,0.012303,1950.82,0.01524,-0.007299,0.01484760719068549
GM,2014-11-20 23:57:12,0.0305,0.0235,0.0069,1.0,0.0,0.0,0.006999999999999999,8052949.0,-0.000622,0.001967,2052.75,-0.003719,-0.001501,0.008350952374164458
GM,2014-12-04 16:38:06,0.0413,0.0168,0.0065,0.5,0.5,0.0,0.024500000000000004,11686711.0,-0.01635,-0.001162,2071.92,0.011425,0.003765,0.016482736706762383
GM,2015-02-04 20:42:11,0.0414,0.0131,0.0033,0.3571428571428571,0.3571428571428571,0.2857142857142857,0.0283,49298111.0,0.054444,-0.004156,2041.51,0.026276,0.014439,0.021822206642928558
GM,2015-04-02 01:31:09,0.0457,0.0383,0.0136,0.5,0.5,0.0,0.007399999999999997,16517696.0,-0.006532,0.00353,2066.96,-0.020267,-0.003965,0.00978539014211179
GM,2015-04-23 20:23:09,0.0494,0.0241,0.0048,0.3333333333333333,0.4,0.2666666666666666,0.0253,41820353.0,-0.033369,0.002358,2112.93,0.0,0.005088,0.01362674970824363
GM,2015-06-09 18:35:08,0.0149,0.0352,0.0041,0.75,0.0,0.25,-0.020300000000000002,12900991.0,0.007716,0.000418,2080.15,0.006549,-0.006474,0.010122207768071507
GM,2015-07-23 19:34:28,0.0552,0.0061,0.0074,0.25,0.5833333333333334,0.1666666666666666,0.0491,38967572.0,0.039604,-0.005676,2102.15,-0.002962,-0.002388,0.01708812709619059
GM,2015-08-11 21:06:09,0.0395,0.0316,0.0053,1.0,0.0,0.0,0.007899999999999997,24340252.0,-0.034753,-0.009557,2084.07,0.006301,0.012808,0.014651064090669162
GM,2015-09-08 23:43:06,0.0255,0.0142,0.0113,0.5,0.5,0.0,0.011299999999999998,19298906.0,0.034626,0.025083,1969.41,-0.007901,-0.01533,0.020673228421748416
GM,2015-09-16 17:48:09,0.0448,0.01,0.0037,0.6666666666666666,0.0,0.3333333333333333,0.0348,17076644.0,0.006776,0.008705,1995.31,0.008789,0.012831,0.014511989787758587
GM,2015-10-21 19:42:07,0.0479,0.0103,0.0068,0.0,0.5714285714285714,0.4285714285714285,0.037599999999999995,37243555.0,0.057945,-0.005825,2018.94,0.00722,-0.001421,0.019229573052405156
GM,2015-11-18 21:33:11,0.0591,0.0098,0.0014,0.3333333333333333,0.6666666666666666,0.0,0.0493,14866315.0,0.035501,0.016162,2083.58,0.001137,-0.001339,0.016824654553495362
GM,2016-01-13 19:26:10,0.0642,0.005,0.0025,0.2307692307692307,0.6153846153846154,0.1538461538461538,0.059199999999999996,31586233.0,0.006271,-0.024965,1890.28,0.001653,0.007803,0.01998842321723038
GM,2016-02-03 20:36:14,0.0437,0.0154,0.0059,0.0,0.5,0.5,0.028300000000000002,29069803.0,-0.024621,0.004992,1912.53,-0.015277,-0.018743,0.01526279505347729
GM,2016-03-23 21:47:17,0.0569,0.0136,0.0285,0.5,0.5,0.0,0.0433,9107054.0,-0.018495,-0.006386,2036.71,-0.005611,-0.000877,0.011214420558172556
GM,2016-04-21 19:24:13,0.0472,0.0067,0.0011,0.0,0.6666666666666666,0.3333333333333333,0.0405,22792264.0,0.014601,-0.005194,2091.48,0.006881,0.000762,0.013272532130515467
GM,2016-06-15 16:23:33,0.0492,0.006,0.0048,0.3333333333333333,0.0,0.6666666666666666,0.0432,8479890.0,0.001041,-0.001841,2071.5,-0.008597,-0.001799,0.01013199021581345
GM,2016-07-21 20:10:30,0.0452,0.0075,0.0054,0.0,0.5384615384615384,0.4615384615384615,0.0377,36306348.0,0.017148,-0.003612,2165.17,0.00768,0.00427,0.009756241638049452
GM,2016-09-06 23:12:15,0.0321,0.0116,0.009,0.5,0.0,0.5,0.020499999999999997,16774837.0,-0.001244,0.002982,2186.48,0.011321,0.004201,0.00641310128565012
GM,2016-10-25 18:54:19,0.0366,0.0054,0.0119,0.0,0.6,0.4,0.0312,34069794.0,-0.041844,-0.003798,2143.16,0.029338,0.00475,0.018937560943503143
GM,2017-01-11 02:44:05,0.0599,0.0091,0.0078,0.2307692307692307,0.5384615384615384,0.2307692307692307,0.0508,19553925.0,0.016064,0.00283,2275.32,0.037212,0.0,0.02350620129738837
GM,2017-02-07 20:50:29,0.0443,0.0062,0.0093,0.0,0.75,0.25,0.0381,39477710.0,-0.046973,0.000227,2293.08,0.013763,-0.002115,0.023316564430559884
GM,2017-04-28 20:38:38,0.0355,0.0136,0.0063,0.0,0.7272727272727273,0.2727272727272727,0.021899999999999996,16650689.0,0.002895,-0.001913,2384.2,0.004654,0.000553,0.007617500581629098
GM,2017-05-16 20:54:07,0.0449,0.0158,0.004,0.5,0.0,0.5,0.0291,13551363.0,-0.011827,-0.000687,2400.67,0.005949,0.004776,0.010623170349131862
GM,2017-07-25 20:56:23,0.0324,0.0115,0.0052,0.0,0.75,0.25,0.0209,14540098.0,-0.006979,0.002923,2477.13,-0.006931,-0.001064,0.0073440441659292045
GM,2017-08-10 00:05:06,0.0632,0.0134,0.0073,0.5,0.5,0.0,0.049800000000000004,9628305.0,-0.011338,-0.014474,2438.21,-0.003108,-0.000364,0.012818955450599367
GM,2017-09-07 19:15:09,0.0193,0.0041,0.0069,0.5,0.0,0.5,0.015200000000000002,14327518.0,-0.010088,-0.000178,2465.1,0.011818,0.003129,0.010508683768410458
GM,2017-10-24 16:48:44,0.0318,0.0175,0.0055,0.0,0.7,0.3,0.0143,27909057.0,0.029457,0.001618,2569.13,-0.010085,-0.003972,0.014535153931838173
GM,2017-11-15 20:51:06,0.0532,0.0053,0.0146,1.0,0.0,0.0,0.0479,13620010.0,-0.003256,-0.005526,2564.62,-0.013082,-0.00231,0.011644584272909722
GM,2017-12-02 02:57:21,0.0541,0.0041,0.0162,0.5,0.1666666666666666,0.3333333333333333,0.05,19324718.0,-0.006962,-0.002024,2642.22,-0.016435,0.008191,0.015043141226338425
GM,2018-01-10 01:02:11,0.0286,0.0172,0.0043,0.5,0.5,0.0,0.0114,18281520.0,-0.023837,-0.001112,2748.23,-0.003844,0.001303,0.017293801279007058
GM,2018-02-07 02:38:06,0.0519,0.0061,0.002,0.0,0.7692307692307693,0.2307692307692307,0.0458,19402866.0,0.012661,-0.005002,2681.66,0.058675,0.017441,0.027194392127994287
GM,2018-04-26 19:16:16,0.04,0.0147,0.0021,0.0,0.7692307692307693,0.2307692307692307,0.025300000000000003,16562383.0,0.003674,0.010434,2666.94,0.004746,0.001837,0.011343283871476354
GM,2018-05-31 21:27:53,0.0345,0.0077,0.0051,0.3076923076923077,0.5384615384615384,0.1538461538461538,0.026800000000000004,59937479.0,0.128734,-0.00688,2705.27,0.012039,0.012696,0.04269250208968535
GM,2018-07-25 19:40:11,0.0316,0.0126,0.0105,0.0,0.75,0.25,0.019000000000000003,42414903.0,-0.046353,0.009102,2846.07,0.005348,0.004781,0.01635242982828224
GM,2018-09-06 01:34:05,0.0273,0.0065,0.0143,0.5,0.5,0.0,0.020800000000000003,12913568.0,-0.015018,-0.003652,2878.05,-0.008708,-0.002803,0.019733033089213786
GM,2018-10-31 17:34:25,0.0519,0.0095,0.0042,0.0,0.6363636363636364,0.3636363636363636,0.0424,37775234.0,0.090936,0.010851,2711.74,0.012375,0.015667,0.037910002174155244
GM,2018-11-12 22:57:07,0.0284,0.0085,0.0114,0.0,0.0,1.0,0.0199,10062122.0,-0.00028,-0.019701,2726.22,-0.02379,-0.009199,0.031263063294316724
GM,2018-11-15 17:28:08,0.0109,0.015,0.0068,0.0,0.0,1.0,-0.0040999999999999995,17675609.0,0.009083,0.010594,2730.2,-0.019482,-0.007567,0.01261221067237821
GM,2018-11-27 14:00:08,0.042,0.0204,0.0084,0.3333333333333333,0.4444444444444444,0.2222222222222222,0.0216,25559053.0,-0.025498,0.003262,2682.17,0.047871,0.015532,0.02096635732919678
GM,2019-01-15 21:12:06,0.0569,0.0228,0.0071,0.6666666666666666,0.0,0.3333333333333333,0.0341,11999110.0,-0.002921,0.010722,2610.3,0.01291,-0.005258,0.029759328257241164
GM,2019-01-16 20:13:10,0.0483,0.0179,0.0097,0.2857142857142857,0.5714285714285714,0.1428571428571428,0.030400000000000003,17427441.0,0.003196,0.002222,2616.1,-0.002921,0.010722,0.029828432287370258
GM,2019-02-06 21:43:07,0.0481,0.0073,0.0073,0.2142857142857142,0.5714285714285714,0.2142857142857142,0.040799999999999996,16883022.0,0.015522,-0.002224,2731.61,0.009504,0.004708,0.008542728721615819
GM,2019-04-30 19:45:11,0.0456,0.0096,0.0096,0.25,0.5,0.25,0.036000000000000004,16035509.0,-0.026493,0.000951,2945.83,0.008316,0.001071,0.014154574109924326
GM,2019-08-01 18:57:25,0.0277,0.0229,0.0168,0.2142857142857142,0.5714285714285714,0.2142857142857142,0.004799999999999999,18102916.0,-0.00471,-0.008999,2953.56,-0.002226,-0.010886,0.008564956294239333
GM,2019-10-29 20:54:12,0.0411,0.0345,0.0212,0.25,0.6666666666666666,0.0833333333333333,0.006599999999999995,18562512.0,0.042849,-0.000832,3036.89,-0.002722,0.005581,0.018779088299074938
GM,2019-12-05 19:05:09,0.0371,0.0265,0.0106,0.5,0.5,0.0,0.010600000000000002,6893942.0,-0.003073,0.0015,3117.43,0.007599,0.006324,0.010896424441072744
GM,2020-02-06 14:15:40,0.0317,0.033,0.0165,0.4705882352941176,0.4117647058823529,0.1176470588235294,-0.0013000000000000025,11866307.0,-0.019983,0.003326,3345.78,0.019203,0.011251,0.01594207618745668
GM,2020-05-06 19:53:43,0.0469,0.0287,0.013,0.2857142857142857,0.5714285714285714,0.1428571428571428,0.018199999999999997,34430543.0,0.029633,-0.006979,2848.42,0.024578,0.009041,0.04163024272555823
GM,2020-07-29 19:43:06,0.0397,0.0075,0.0075,0.2142857142857142,0.5714285714285714,0.2142857142857142,0.0322,28792147.0,-0.016711,0.012428,3258.44,0.024514,-0.006473,0.016393571519213192
GM,2020-11-05 19:52:18,0.0322,0.0011,0.0023,0.2307692307692307,0.5384615384615384,0.2307692307692307,0.0311,35075004.0,0.053916,0.01946,3510.45,-0.003112,0.022047,0.02645913850029478
GM,2021-02-10 18:59:07,0.0348,0.0067,0.0045,0.25,0.5625,0.1875,0.028099999999999997,55329757.0,-0.021049,-0.000345,3909.88,-0.014416,-0.001113,0.022237060862193438
GOOG,2006-02-01 05:02:07,0.0296,0.0032,0.0095,0.3333333333333333,0.5555555555555556,0.1111111111111111,0.0264,27151610.0,-0.071373,0.001859,1282.46,0.013683,-0.003984,0.04593359481106032
GOOG,2006-04-21 01:01:13,0.0435,0.0037,0.0124,0.24,0.48,0.28,0.039799999999999995,22598613.0,0.053253,-0.000137,1311.28,0.010962,0.001168,0.02183128448427472
GOOG,2006-07-21 00:12:07,0.0314,0.0078,0.0123,0.3043478260869565,0.4782608695652174,0.217391304347826,0.023599999999999996,11774774.0,0.007719,-0.007077,1240.29,-0.029774,-0.008477,0.01451857724166605
GOOG,2006-10-19 23:15:49,0.0356,0.0092,0.0172,0.3333333333333333,0.3809523809523809,0.2857142857142857,0.0264,11870773.0,0.016098,0.000732,1366.96,-0.003162,0.0014,0.01161193709603283
GOOG,2007-02-01 01:24:27,0.0442,0.0037,0.016,0.2608695652173913,0.5652173913043478,0.1739130434782608,0.0405,15671697.0,-0.039382,0.005354,1445.94,0.014525,0.006593,0.022742007335667558
GOOG,2007-04-19 23:50:03,0.0554,0.0098,0.0172,0.3,0.5,0.2,0.0456,11234429.0,-0.00916,-0.001202,1470.73,0.006789,0.000693,0.007866410035362113
GOOG,2007-07-20 01:36:24,0.0467,0.0082,0.0128,0.3,0.5,0.2,0.0385,17778346.0,-0.051897,-0.012221,1534.1,-0.001656,0.004469,0.017914492148661254
GOOG,2007-10-19 01:30:02,0.0244,0.0046,0.0105,0.2608695652173913,0.5652173913043478,0.1739130434782608,0.0198,15789214.0,0.007958,-0.025616,1500.63,0.009693,-0.000753,0.0174186979577822
GOOG,2008-02-01 02:21:44,0.0385,0.0055,0.011,0.2857142857142857,0.4761904761904761,0.238095238095238,0.033,17603041.0,-0.08577,0.012238,1395.42,0.029237,0.016772,0.03864895880960661
GOOG,2008-04-18 05:08:14,0.0286,0.0011,0.0183,0.3684210526315789,0.5789473684210527,0.0526315789473684,0.0275,18251779.0,0.199915,0.018139,1390.33,-0.012065,0.000623,0.06636335126324537
GOOG,2008-07-18 03:03:18,0.0445,0.008,0.016,0.3888888888888889,0.5,0.1111111111111111,0.0365,11297054.0,-0.097705,0.000286,1260.68,-0.004033,0.012013,0.03624714119623784
GOOG,2008-10-17 03:32:12,0.0308,0.0057,0.0194,0.3333333333333333,0.5,0.1666666666666666,0.0251,14257787.0,0.055294,-0.006213,940.55,0.040835,0.042507,0.0671676055818577
GOOG,2009-01-23 03:55:13,0.0327,0.0101,0.0088,0.3571428571428571,0.5,0.1428571428571428,0.022600000000000002,11497836.0,0.05938,0.005378,831.95,0.011284,-0.015162,0.04070583957888873
GOOG,2009-01-23 06:12:17,0.0188,0.0349,0.0188,0.1,0.5,0.4,-0.0161,11497836.0,0.05938,0.005378,831.95,0.011284,-0.015162,0.04070583957888873
GOOG,2009-04-17 12:32:34,0.038,0.019,0.0083,0.2777777777777778,0.6111111111111112,0.1111111111111111,0.019,11302488.0,0.009003,0.004969,869.6,0.024348,0.015539,0.020242966909247536
GOOG,2009-04-18 02:17:14,0.0174,0.0254,0.012,0.1428571428571428,0.4761904761904761,0.3809523809523809,-0.008,11302488.0,0.009003,0.004969,869.6,0.024348,0.015539,0.020242966909247536
GOOG,2009-07-17 03:35:23,0.0558,0.0133,0.0085,0.2,0.5,0.3,0.0425,7223443.0,-0.027903,-0.000383,940.38,0.01011,0.008642,0.02076095161622205
GOOG,2009-07-17 04:01:44,0.0332,0.0217,0.0166,0.1578947368421052,0.5263157894736842,0.3157894736842105,0.0115,7223443.0,-0.027903,-0.000383,940.38,0.01011,0.008642,0.02076095161622205
GOOG,2009-10-16 03:49:13,0.0398,0.0181,0.0108,0.2272727272727272,0.4545454545454545,0.3181818181818182,0.0217,9414367.0,0.037629,-0.008098,1087.68,-0.010106,0.004157,0.0163419169924734
GOOG,2009-10-16 10:35:13,0.0315,0.0223,0.0131,0.1363636363636363,0.5,0.3636363636363636,0.0092,9414367.0,0.037629,-0.008098,1087.68,-0.010106,0.004157,0.0163419169924734
GOOG,2010-01-22 01:23:12,0.0521,0.0045,0.0091,0.238095238095238,0.4761904761904761,0.2857142857142857,0.0476,7424768.0,-0.056554,-0.022141,1091.76,0.004428,-0.018945,0.020567857295628423
GOOG,2010-01-22 04:52:12,0.0105,0.0327,0.0183,0.1578947368421052,0.3684210526315789,0.4736842105263157,-0.022199999999999998,7424768.0,-0.056554,-0.022141,1091.76,0.004428,-0.018945,0.020567857295628423
GOOG,2010-04-16 00:58:13,0.0463,0.0056,0.0136,0.1666666666666666,0.4583333333333333,0.375,0.0407,12902721.0,-0.075852,-0.016127,1192.13,0.010696,0.000843,0.02725914850488021
GOOG,2010-07-16 04:15:20,0.0346,0.0069,0.0104,0.12,0.44,0.44,0.0277,8453279.0,-0.069663,-0.02882,1064.88,0.005463,0.001196,0.02913611640882996
GOOG,2010-10-15 00:32:22,0.0409,0.007,0.0164,0.2272727272727272,0.5,0.2727272727272727,0.0339,15756835.0,0.111881,0.002028,1176.19,-0.004362,-0.003641,0.03624308805229858
GOOG,2011-01-21 21:06:27,0.0323,0.0253,0.0197,0.3,0.6,0.1,0.007000000000000003,9485122.0,-0.023836,0.002414,1283.35,-0.007883,-0.001295,0.013285522170560159
GOOG,2011-04-15 07:21:29,0.0436,0.0125,0.0125,0.25,0.6,0.15,0.0311,14966576.0,-0.082643,0.003925,1319.68,0.00387,8.4e-05,0.028343895376645452
GOOG,2011-07-15 02:51:16,0.0596,0.0049,0.0134,0.25,0.5625,0.1875,0.0547,14382805.0,0.129845,0.005554,1316.14,-0.017315,-0.006716,0.04333870563621187
GOOG,2011-08-15 21:31:24,0.0656,0.0131,0.0131,0.3125,0.5,0.1875,0.052500000000000005,7701994.0,-0.011601,0.021785,1204.49,0.002918,0.005262,0.03331847598288709
GOOG,2011-10-14 00:31:12,0.0448,0.0094,0.0106,0.2105263157894736,0.7368421052631579,0.0526315789473684,0.0354,9088482.0,0.05848,0.01738,1224.58,0.019125,-0.002974,0.02545933241596621
GOOG,2012-01-20 02:41:11,0.059,0.0047,0.0106,0.2105263157894736,0.7368421052631579,0.0526315789473684,0.054299999999999994,11296200.0,-0.083775,0.000669,1315.38,0.010523,0.004939,0.029883515158398353
GOOG,2012-04-13 02:11:08,0.0528,0.005,0.0138,0.25,0.6875,0.0625,0.0478,8817576.0,-0.040568,-0.012475,1370.26,0.023665,0.013779,0.017424081713727935
GOOG,2012-07-19 22:53:07,0.0226,0.0108,0.0118,0.2105263157894736,0.631578947368421,0.1578947368421052,0.011799999999999998,5083063.0,0.021179,0.002717,1376.51,0.006988,0.006681,0.011952130298728316
GOOG,2012-10-18 23:01:47,0.0504,0.0084,0.012,0.2666666666666666,0.6,0.1333333333333333,0.042,12761459.0,-0.080067,-0.002444,1457.34,0.014489,0.004117,0.02668299705055641
GOOG,2013-01-23 01:49:06,0.0755,0.0085,0.011,0.25,0.5,0.25,0.067,6290537.0,0.05496,0.001507,1494.81,-0.002328,0.004428,0.020804954051058817
GOOG,2013-03-05 23:52:08,0.0234,0.0096,0.0096,0.5,0.5,0.0,0.013800000000000002,4371315.0,0.020815,0.009566,1539.79,0.018996,0.004611,0.01209605875022483
GOOG,2013-04-18 22:40:09,0.0439,0.0071,0.0131,0.25,0.75,0.0,0.0368,3737705.0,-0.021271,-0.006701,1541.61,-0.013625,-0.014328,0.012627960928475875
GOOG,2013-06-07 03:54:07,0.0113,0.0189,0.0101,0.3529411764705882,0.0,0.6470588235294118,-0.007600000000000001,2902557.0,0.017452,0.012832,1643.38,0.005746,0.00849,0.009849993347431574
GOOG,2013-07-19 01:01:12,0.0485,0.0106,0.013,0.1875,0.6875,0.125,0.0379,7775403.0,-0.015463,0.00161,1692.09,-0.008568,0.005033,0.009259077455844892
GOOG,2013-10-18 01:07:06,0.0456,0.0094,0.0129,0.2105263157894736,0.7894736842105263,0.0,0.0362,12422103.0,0.137955,0.006549,1744.5,-0.010284,0.006744,0.04416182429001573
GOOG,2014-01-31 00:58:08,0.0234,0.0106,0.0138,0.1666666666666666,0.6666666666666666,0.1666666666666666,0.0128,5569895.0,0.040141,-0.006465,1782.59,0.025724,0.011267,0.02203814514301162
GOOG,2014-03-06 02:07:09,0.0186,0.0133,0.0146,0.6666666666666666,0.3333333333333333,0.0,0.005299999999999999,1274517.0,0.001108,0.001718,1877.03,0.002757,-5.3e-05,0.005857785281145257
GOOG,2014-04-17 02:37:06,0.027,0.0097,0.0108,0.1666666666666666,0.6666666666666666,0.1666666666666666,0.0173,6795393.0,-0.036727,0.001364,1864.85,0.037469,0.010488,0.02993627492302055
GOOG,2014-07-18 03:35:06,0.0257,0.0096,0.0128,0.1764705882352941,0.5882352941176471,0.2352941176470588,0.016100000000000003,4006389.0,0.037213,0.010265,1978.22,-0.015326,-0.011834,0.016434283212912702
GOOG,2014-10-17 00:42:11,0.0276,0.0066,0.0077,0.125,0.625,0.25,0.020999999999999998,5530674.0,-0.025433,0.012884,1886.76,-0.010415,0.000145,0.01564036780648796
GOOG,2014-12-02 18:59:09,0.0254,0.0229,0.0089,0.3333333333333333,0.3333333333333333,0.3333333333333333,0.0024999999999999988,1522481.0,-9.4e-05,0.006384,2066.55,-0.01482,-0.006829,0.005872678424516345
GOOG,2015-01-30 03:21:17,0.0213,0.0135,0.0112,0.2307692307692307,0.6153846153846154,0.1538461538461538,0.0078,5590977.0,0.046724,-0.012992,1994.99,0.001294,0.009535,0.02313169256068876
GOOG,2015-03-04 03:14:11,0.021,0.0066,0.0079,0.5,0.5,0.0,0.014400000000000001,1871694.0,-0.000471,-0.004389,2098.53,0.004026,-0.004539,0.01150225306479858
GOOG,2015-04-24 02:21:18,0.029,0.0111,0.01,0.2142857142857142,0.5,0.2857142857142857,0.0179,4919031.0,0.033016,0.002253,2117.69,0.014156,0.002358,0.015892449423477163
GOOG,2015-06-03 23:44:11,0.0171,0.0196,0.0073,0.5,0.0,0.5,-0.0024999999999999988,1717036.0,0.002096,0.002119,2114.07,0.009719,-0.001009,0.009327749053228338
GOOG,2015-07-17 00:38:15,0.0193,0.0102,0.0071,0.2142857142857142,0.6428571428571429,0.1428571428571428,0.0091,11164943.0,0.160524,0.001106,2126.64,0.03504,0.008015,0.04978463343687935
GOOG,2015-10-23 02:57:18,0.0165,0.0062,0.0083,0.1764705882352941,0.6470588235294118,0.1764705882352941,0.0103,6653923.0,0.077034,0.01103,2075.15,0.014285,0.016628,0.026721527109554728
GOOG,2016-02-02 02:06:13,0.0201,0.0053,0.0106,0.0,0.6428571428571429,0.3571428571428571,0.0148,6348126.0,0.016822,-0.018743,1903.03,0.012181,-0.000443,0.01952578717975003
GOOG,2016-04-22 01:40:18,0.0285,0.0122,0.0102,0.1875,0.625,0.1875,0.016300000000000002,5953538.0,-0.053179,4.8e-05,2091.58,0.008596,-0.005194,0.019764818071231805
GOOG,2016-06-08 22:02:24,0.0149,0.0186,0.0037,0.7,0.0,0.3,-0.0036999999999999984,1583701.0,0.016228,0.003309,2119.12,0.00014,0.001289,0.008674828915380031
GOOG,2016-07-29 00:50:37,0.0224,0.0061,0.0092,0.2,0.6666666666666666,0.1333333333333333,0.0163,3841482.0,0.030674,0.001631,2173.6,0.005581,0.001606,0.01074328989597185
GOOG,2016-10-28 00:24:15,0.0215,0.0092,0.0072,0.0,0.7333333333333333,0.2666666666666666,0.012299999999999998,4269902.0,2.5e-05,-0.003108,2126.41,-0.004655,-0.002987,0.0101113954685901
GOOG,2016-11-30 02:37:21,0.0207,0.0142,0.0142,0.5,0.5,0.0,0.006499999999999999,2393088.0,-0.016605,-0.002653,2198.81,0.003384,0.001335,0.010086079439284515
GOOG,2017-01-27 04:31:04,0.0174,0.0102,0.0072,0.0,0.6666666666666666,0.3333333333333333,0.007199999999999998,2965771.0,-0.010623,-0.000866,2294.69,-0.004212,-0.000735,0.008794907539151528
GOOG,2017-04-27 23:42:35,0.0272,0.0073,0.0073,0.0,0.75,0.25,0.019899999999999998,2026816.0,0.002891,0.000553,2388.77,-0.000653,-0.000486,0.008268564811649384
GOOG,2017-06-07 22:56:12,0.0188,0.0188,0.0088,0.7272727272727273,0.0909090909090909,0.1818181818181818,0.0,1453874.0,0.004618,0.001568,2433.14,-0.007228,-0.002779,0.007745731796716747
GOOG,2017-07-25 02:19:10,0.0206,0.0051,0.0062,0.1875,0.6875,0.125,0.0155,4683187.0,-0.030234,0.002923,2477.13,0.007627,-0.001064,0.012771898920851467
GOOG,2017-09-07 19:26:12,0.0314,0.0144,0.0052,0.3333333333333333,0.0,0.6666666666666666,0.016999999999999998,1212744.0,0.008773,-0.000178,2465.1,-0.000689,0.003129,0.0074356845608788006
GOOG,2017-10-27 01:22:27,0.0308,0.0051,0.0082,0.0,0.6666666666666666,0.3333333333333333,0.0257,5239700.0,0.048028,0.008073,2581.07,-0.000791,0.001271,0.01737165018579928
GOOG,2017-11-29 01:06:10,0.0233,0.0026,0.0116,0.5,0.5,0.0,0.020700000000000003,2459426.0,-0.024585,-0.000369,2626.07,-0.00645,0.009848,0.01251960507896858
GOOG,2018-02-02 02:51:11,0.0287,0.0082,0.0061,0.2,0.6,0.2,0.020499999999999997,4857943.0,-0.047786,-0.021209,2762.13,-0.001915,-0.000648,0.017812358464155114
GOOG,2018-04-24 03:08:12,0.0258,0.0072,0.0062,0.2,0.7333333333333333,0.0666666666666666,0.0186,4756760.0,-0.04447,-0.013381,2634.56,-0.005135,5.6e-05,0.021003701943546425
GOOG,2018-07-24 01:52:12,0.027,0.0073,0.0083,0.2307692307692307,0.6923076923076923,0.0769230769230769,0.0197,3300625.0,0.035321,0.004781,2820.4,0.017377,0.001838,0.014219014268459975
GOOG,2018-10-26 01:02:28,0.0242,0.0084,0.0084,0.0,0.7142857142857143,0.2857142857142857,0.0158,4184886.0,-0.021998,-0.017327,2658.69,0.042695,0.018625,0.02624304198174362
GOOG,2019-02-05 04:45:23,0.032,0.0072,0.0062,0.2,0.8,0.0,0.024800000000000003,3552194.0,0.011644,0.004708,2737.7,0.019851,0.006776,0.015435534884372108
GOOG,2019-04-30 03:20:13,0.0236,0.0092,0.0051,0.2142857142857142,0.6428571428571429,0.1428571428571428,0.0144,6206910.0,-0.076966,0.000951,2945.83,0.012105,0.001071,0.026840480649778117
GOOG,2019-07-26 00:37:29,0.0317,0.0279,0.0089,0.2142857142857142,0.5,0.2857142857142857,0.003799999999999998,4804852.0,0.104485,0.007388,3025.86,-0.005001,-0.005262,0.034145075178323075
GOOG,2019-10-29 02:17:58,0.0486,0.0162,0.0122,0.2,0.6666666666666666,0.1333333333333333,0.0324,1885780.0,-0.021225,-0.000832,3036.89,0.019658,0.005581,0.01104594709183225
GOOG,2020-02-04 03:59:36,0.0475,0.0347,0.0141,0.1875,0.625,0.1875,0.012799999999999999,3924379.0,-0.026159,0.01498,3297.59,0.036054,0.007255,0.018316127603835972
GOOG,2020-04-29 03:47:52,0.0389,0.0456,0.0094,0.2307692307692307,0.6923076923076923,0.0769230769230769,-0.0067000000000000046,3790263.0,0.08739,0.026584,2939.51,-0.033083,-0.005242,0.036333591050462175
GOOG,2020-07-31 01:04:14,0.0315,0.0045,0.0067,0.2307692307692307,0.7692307692307693,0.0,0.027,3424979.0,-0.031663,0.00767,3271.12,0.006196,-0.00375,0.02118172774953826
GOOG,2020-10-30 03:17:06,0.0486,0.0068,0.0102,0.2307692307692307,0.5384615384615384,0.2307692307692307,0.0418,4314357.0,0.034309,-0.01213,3269.96,0.033377,0.011947,0.029800960718294578
HD,2006-02-21 19:49:37,0.0391,0.0058,0.0081,0.0,0.8333333333333334,0.1666666666666666,0.0333,15236100.0,0.000239,-0.003271,1283.03,0.0,-0.00166,0.014393991329718104
HD,2006-05-16 18:06:38,0.0385,0.0102,0.0091,0.0,0.4285714285714285,0.5714285714285714,0.0283,30902900.0,-0.050617,-0.001869,1292.08,0.0125,0.002525,0.020558281063033132
HD,2006-08-15 18:32:26,0.0366,0.0126,0.0103,0.0,0.625,0.375,0.024,21028600.0,0.035478,0.013696,1285.58,-0.000301,0.00116,0.0164373114011994
HD,2006-11-14 20:10:52,0.0293,0.0246,0.0117,0.3846153846153846,0.4615384615384615,0.1538461538461538,0.004699999999999999,49455900.0,0.042857,0.006356,1393.22,-0.00655,0.002549,0.014955580320104963
HD,2007-02-20 19:42:18,0.0411,0.0293,0.007,0.3333333333333333,0.5,0.1666666666666666,0.011799999999999998,17903900.0,-0.002413,0.002844,1459.68,-0.005281,-0.000872,0.005699213435982944
HD,2007-05-15 18:04:36,0.0381,0.0406,0.0135,0.4615384615384615,0.3846153846153846,0.1538461538461538,-0.0024999999999999953,31391590.0,-0.0182,-0.001304,1501.19,0.00386,-0.001793,0.009615083329505418
HD,2007-08-14 18:26:07,0.0615,0.0296,0.0118,0.2352941176470588,0.4705882352941176,0.2941176470588235,0.0319,42251600.0,-0.048808,-0.018157,1426.54,-0.018931,-0.000495,0.031203380490830723
HD,2007-11-13 18:25:51,0.0485,0.0299,0.005,0.3125,0.5,0.1875,0.018600000000000002,28296430.0,0.023191,0.029093,1481.05,0.014617,-0.009988,0.019274116463104948
HD,2008-02-26 20:30:10,0.0381,0.0344,0.0172,0.3571428571428571,0.5714285714285714,0.0714285714285714,0.003700000000000002,30639200.0,0.000347,0.006918,1381.29,0.037811,0.013813,0.018318676849355453
HD,2008-05-20 18:48:10,0.0603,0.0443,0.0111,0.375,0.5625,0.0625,0.016,39812100.0,-0.051957,-0.009274,1413.4,-0.007904,0.000898,0.022606281202110397
HD,2008-08-19 16:54:16,0.0579,0.0333,0.0148,0.3333333333333333,0.6,0.0666666666666666,0.024599999999999997,30629400.0,-0.037092,-0.009315,1266.69,-0.020705,-0.015098,0.03603578006802561
HD,2008-11-18 20:12:11,0.0516,0.0387,0.0129,0.3888888888888889,0.5,0.1111111111111111,0.012900000000000002,32638500.0,0.0355,0.009838,859.12,-0.02629,-0.02581,0.05684841172412435
HD,2009-02-24 17:09:18,0.0556,0.0447,0.0193,0.3157894736842105,0.4736842105263157,0.2105263157894736,0.0109,37720400.0,0.104757,0.040103,773.14,-0.038541,-0.034699,0.04640280326314113
HD,2009-05-19 19:01:37,0.0499,0.0416,0.0155,0.3684210526315789,0.5263157894736842,0.1052631578947368,0.008300000000000002,39888600.0,-0.05342,-0.001737,908.13,0.066393,0.030389,0.030049510476508275
HD,2009-08-18 16:29:15,0.0618,0.0344,0.0166,0.3888888888888889,0.4444444444444444,0.1666666666666666,0.0274,35350200.0,0.031406,0.010146,989.67,-0.037951,-0.024261,0.02129078542990429
HD,2009-11-18 19:58:09,0.0559,0.028,0.0128,0.2777777777777778,0.5,0.2222222222222222,0.027899999999999998,17841300.0,0.011115,-0.000468,1109.8,-0.02387,0.000919,0.015510059553220518
HD,2010-02-23 19:11:23,0.0602,0.0185,0.0116,0.25,0.5,0.25,0.0417,35771500.0,0.014182,-0.012103,1094.6,0.005638,-0.001046,0.008932361504352981
HD,2010-05-18 20:26:21,0.0572,0.0179,0.0119,0.2631578947368421,0.4210526315789473,0.3157894736842105,0.0393,49092200.0,-0.024164,-0.014196,1120.8,0.01108,0.001109,0.02541064708280112
HD,2010-08-17 17:41:43,0.0501,0.028,0.0163,0.3125,0.4375,0.25,0.022099999999999998,22537900.0,0.033966,0.012192,1092.54,0.002563,0.00012,0.014872375352384858
HD,2010-11-16 19:18:25,0.0595,0.0238,0.0083,0.3157894736842105,0.4736842105263157,0.2105263157894736,0.035699999999999996,25601000.0,0.010194,-0.016205,1178.34,-0.00159,-0.001217,0.008378664057526785
HD,2011-02-22 19:11:25,0.0542,0.0177,0.0153,0.2777777777777778,0.4444444444444444,0.2777777777777778,0.0365,20608300.0,-0.010135,-0.020529,1315.44,0.007857,0.001925,0.006495084005102286
HD,2011-05-17 18:31:18,0.0688,0.0229,0.0097,0.2941176470588235,0.4705882352941176,0.2352941176470588,0.045899999999999996,17442400.0,0.011358,-0.000369,1328.98,-0.000811,-0.006204,0.00579889331300013
HD,2011-08-16 17:11:10,0.0529,0.0188,0.0118,0.2727272727272727,0.3636363636363636,0.3636363636363636,0.034100000000000005,28972900.0,0.052765,-0.009739,1192.76,0.028777,0.021785,0.043951223245396354
HD,2011-11-15 18:41:51,0.0604,0.0178,0.0142,0.2631578947368421,0.5789473684210527,0.1578947368421052,0.0426,15283100.0,-0.004706,0.004817,1257.81,0.004992,-0.00955,0.014075041164731647
HD,2012-02-21 17:41:22,0.0586,0.0147,0.0169,0.2631578947368421,0.5789473684210527,0.1578947368421052,0.0439,20476600.0,0.004496,0.00072,1362.21,0.016982,0.002349,0.0075369046254636215
HD,2012-05-15 17:41:09,0.0596,0.0179,0.0131,0.2941176470588235,0.6470588235294118,0.0588235294117647,0.0417,28828800.0,-0.024258,-0.005746,1330.66,-0.009138,-0.011113,0.010058968747673303
HD,2012-08-14 17:21:07,0.0449,0.0213,0.0094,0.2941176470588235,0.6470588235294118,0.0588235294117647,0.023600000000000003,19530200.0,0.035782,-0.000128,1403.93,-0.004523,-0.001252,0.013712400966521812
HD,2012-11-13 18:21:05,0.0501,0.0226,0.0143,0.25,0.65,0.1,0.0275,21443400.0,0.036298,-0.003985,1374.53,0.003281,0.00013,0.015722566168833094
HD,2013-02-26 17:31:34,0.0472,0.0138,0.0127,0.2222222222222222,0.3888888888888889,0.3888888888888889,0.0334,22796700.0,0.056946,0.006109,1496.94,-0.025313,-0.01831,0.025022042962378446
HD,2013-03-20 18:50:04,0.0351,0.004,0.0013,0.5,0.0,0.5,0.0311,6112200.0,0.001308,0.006697,1558.71,-0.008075,-0.002423,0.008623248847028555
HD,2013-05-21 16:31:16,0.0554,0.0165,0.0177,0.2631578947368421,0.4736842105263157,0.2631578947368421,0.0389,14113800.0,0.025404,0.001722,1669.16,-0.001301,-0.000708,0.009947679039744861
HD,2013-05-23 19:54:03,0.0271,0.0436,0.0082,1.0,0.0,0.0,-0.0165,9634800.0,-0.009788,-0.002924,1650.51,0.012451,-0.008274,0.011323900029485391
HD,2013-05-29 23:59:07,0.0402,0.0168,0.0142,0.5,0.5,0.0,0.0234,7128700.0,-0.004134,-0.007048,1648.36,0.010508,0.006341,0.01160096783749822
HD,2013-08-20 16:24:05,0.064,0.0163,0.0116,0.2941176470588235,0.3529411764705882,0.3529411764705882,0.047700000000000006,17038000.0,-0.012232,0.003821,1652.35,-0.002255,-0.0059,0.01416185687134445
HD,2013-09-11 21:28:07,0.0372,0.0146,0.0066,0.5,0.0,0.5,0.022599999999999995,6445400.0,0.005898,0.003052,1689.13,0.013862,0.007346,0.009554468683407969
HD,2013-11-19 17:30:08,0.0633,0.0092,0.015,0.3,0.35,0.35,0.054099999999999995,12236700.0,0.008912,-0.002043,1787.87,-0.004498,-0.003698,0.010166497321540497
HD,2013-12-12 02:46:09,0.0476,0.0159,0.0134,0.36,0.28,0.36,0.031700000000000006,8535200.0,-0.005949,-0.003771,1775.5,0.004961,-0.011317,0.008598156521410159
HD,2014-02-25 16:34:05,0.0503,0.0145,0.0101,0.2222222222222222,0.3888888888888889,0.3888888888888889,0.0358,13425900.0,0.039938,-0.001348,1845.12,0.001672,0.006187,0.014054233201739968
HD,2014-03-03 16:18:05,0.0528,0.0096,0.0048,0.5,0.5,0.0,0.0432,8360932.0,-0.000366,-0.007379,1845.73,0.000732,0.002783,0.014303451656467054
HD,2014-05-20 19:53:04,0.0459,0.023,0.0103,0.2105263157894736,0.4210526315789473,0.3684210526315789,0.022900000000000004,15432815.0,0.019085,-0.006498,1872.83,-0.011117,0.003845,0.011358376887175052
HD,2014-05-22 17:31:04,0.02,0.0153,0.0118,0.3333333333333333,0.0,0.6666666666666666,0.004700000000000001,5266571.0,0.008965,0.002362,1892.49,0.001539,0.008116,0.011440788842752308
HD,2014-06-04 18:55:06,0.0335,0.0168,0.0077,0.5,0.5,0.0,0.016700000000000003,4961627.0,-0.001611,0.001892,1927.88,0.003711,-0.000379,0.003345353228318859
HD,2014-08-19 18:26:06,0.05,0.0216,0.0136,0.2727272727272727,0.4090909090909091,0.3181818181818182,0.0284,18244640.0,0.055509,0.005001,1981.6,-0.001195,0.008532,0.017779343620242784
HD,2014-09-04 20:33:10,0.0342,0.0246,0.0041,0.6666666666666666,0.3333333333333333,0.0,0.009600000000000001,8453181.0,0.010449,-0.001534,1997.65,-0.023588,-0.000779,0.011951689803352367
HD,2014-11-18 20:10:08,0.0612,0.0147,0.0102,0.2608695652173913,0.4347826086956521,0.3043478260869565,0.0465,10387062.0,-0.020912,0.005134,2051.8,-0.002138,0.000735,0.009622739506560101
HD,2015-02-24 18:55:03,0.0335,0.0097,0.013,0.3684210526315789,0.4210526315789473,0.2105263157894736,0.0238,12775465.0,0.039811,0.002759,2115.48,0.000356,-0.000303,0.014882815078696234
HD,2015-03-03 19:35:10,0.0406,0.0101,0.0101,0.5,0.5,0.0,0.0305,3784761.0,-0.000431,-0.004539,2107.78,0.011939,0.006125,0.014629645382274738
HD,2015-05-19 19:44:07,0.0506,0.0124,0.0112,0.2608695652173913,0.5217391304347826,0.217391304347826,0.0382,11133206.0,-0.017406,-0.000643,2127.83,0.008646,0.003048,0.012334588361370066
HD,2015-06-18 17:20:07,0.0287,0.0012,0.0087,0.5,0.5,0.0,0.0275,7222590.0,0.012492,0.009903,2121.24,0.002177,0.00198,0.007732260572145583
HD,2015-08-18 18:34:06,0.0473,0.0132,0.0132,0.2631578947368421,0.4736842105263157,0.2631578947368421,0.034100000000000005,11021859.0,0.025898,-0.002626,2096.92,-0.000418,0.005211,0.009704841088057333
HD,2015-09-10 16:16:06,0.0547,0.0109,0.0027,0.6666666666666666,0.3333333333333333,0.0,0.0438,5259120.0,0.004563,0.005278,1952.29,-0.021129,-0.013898,0.01800028580050888
HD,2015-11-17 20:06:07,0.0478,0.0103,0.0148,0.2352941176470588,0.4705882352941176,0.2941176470588235,0.037500000000000006,10517133.0,0.044191,-0.001339,2050.44,0.007,0.014903,0.018882055854405538
HD,2016-02-23 18:56:14,0.05,0.0074,0.0106,0.3684210526315789,0.4736842105263157,0.1578947368421052,0.0426,11168725.0,0.013675,-0.012454,1921.27,0.009532,0.014454,0.012885345198670075
HD,2016-03-10 02:18:30,0.0539,0.0039,0.0,0.5,0.5,0.0,0.05,4503668.0,-0.001111,0.000156,1989.57,-0.005445,0.005052,0.009496527795872506
HD,2016-05-17 19:30:20,0.0433,0.0125,0.0171,0.35,0.35,0.3,0.030799999999999998,15989556.0,-0.024679,-0.009411,2047.21,0.0166,0.009797,0.013560817284859151
HD,2016-06-01 15:49:12,0.0276,0.0315,0.0066,0.5,0.5,0.0,-0.0039000000000000007,4744329.0,-0.002195,0.00113,2099.33,-0.008437,-0.001,0.006233099624852358
HD,2016-08-16 19:49:28,0.0522,0.0078,0.0144,0.2857142857142857,0.5714285714285714,0.1428571428571428,0.0444,7286139.0,-0.006056,-0.005479,2178.15,0.003588,0.002793,0.005825162621478301
HD,2016-09-08 17:58:05,0.0337,0.0121,0.0108,0.6666666666666666,0.3333333333333333,0.0,0.0216,5019625.0,-0.011522,-0.002223,2181.3,-0.009769,-0.000146,0.006719836112419642
HD,2016-11-15 20:15:08,0.0592,0.0171,0.0114,0.2631578947368421,0.5263157894736842,0.2105263157894736,0.0421,13445388.0,-0.025613,0.007481,2180.39,-0.016789,-0.000116,0.01571759837323194
HD,2017-02-21 18:28:34,0.0463,0.011,0.011,0.0,0.4,0.6,0.0353,9275897.0,0.014126,0.006048,2365.38,0.010315,0.001679,0.005671743608058867
HD,2017-03-07 19:44:08,0.0391,0.004,0.004,0.6666666666666666,0.3333333333333333,0.0,0.035100000000000006,3996289.0,-0.001495,-0.002913,2368.39,-0.0046,-0.003277,0.006218267568668683
HD,2017-05-16 19:24:07,0.0682,0.0067,0.0123,0.1666666666666666,0.6111111111111112,0.2222222222222222,0.0615,10120878.0,0.005911,-0.000687,2400.67,0.002613,0.004776,0.005657368434175126
HD,2017-05-18 18:07:22,0.0206,0.0218,0.0085,1.0,0.0,0.0,-0.0011999999999999997,4858557.0,-0.002499,0.003687,2365.72,-0.013712,-0.018178,0.007627175930695381
HD,2017-06-21 19:30:08,0.0342,0.0192,0.015,0.6666666666666666,0.0,0.3333333333333333,0.015000000000000003,4071298.0,-0.00685,-0.000583,2435.61,-0.007178,-0.006697,0.009839496250091095
HD,2017-08-15 18:59:26,0.0527,0.0069,0.016,0.2105263157894736,0.5263157894736842,0.2631578947368421,0.045799999999999993,13528650.0,-0.026514,-0.000499,2464.61,-0.004003,0.010044,0.011554387218714851
HD,2017-11-14 19:40:28,0.0391,0.0195,0.0195,0.0,0.35,0.65,0.019600000000000003,10284002.0,0.016389,-0.00231,2578.87,0.007556,0.000984,0.009107528649419721
HD,2017-12-09 03:03:06,0.0388,0.0088,0.0075,0.3225806451612903,0.3548387096774194,0.3225806451612903,0.03,5092113.0,0.007747,0.005506,2651.5,0.006637,0.002932,0.011106263636144984
HD,2018-02-20 19:58:08,0.0523,0.0125,0.017,0.3,0.4,0.3,0.0398,8922129.0,-0.001391,-0.005841,2716.26,0.009176,0.000373,0.02353141050595992
HD,2018-03-06 16:52:06,0.0338,0.0084,0.0109,0.4,0.2,0.4,0.0254,5306777.0,-0.00055,0.002639,2728.12,0.018379,0.011032,0.014420150407984307
HD,2018-05-15 20:27:09,0.0476,0.0215,0.0125,0.2692307692307692,0.4615384615384615,0.2692307692307692,0.026100000000000005,10147044.0,-0.016224,-0.006842,2711.45,0.004046,0.000884,0.010999627731579564
HD,2018-05-17 20:44:06,0.0229,0.0193,0.006,0.6,0.0,0.4,0.003599999999999999,4227660.0,-0.005634,-0.000856,2720.13,-0.008511,0.004061,0.010277946630204605
HD,2018-05-30 19:43:07,0.0386,0.0193,0.0069,0.5,0.25,0.25,0.0193,3976000.0,0.016865,0.012696,2724.01,-0.009901,-0.011564,0.010648783865879856
HD,2018-05-31 19:45:05,0.0296,0.0202,0.0121,1.0,0.0,0.0,0.009400000000000002,4839948.0,-0.002886,-0.00688,2705.27,0.016865,0.012696,0.010284218994275798
HD,2018-08-14 18:06:12,0.0509,0.0133,0.0144,0.35,0.45,0.2,0.0376,11487974.0,-0.005357,0.006389,2839.96,-0.011004,-0.004006,0.005788921952987342
HD,2018-09-05 22:25:09,0.0344,0.0086,0.0129,0.6666666666666666,0.3333333333333333,0.0,0.0258,3667119.0,-0.004535,-0.002803,2888.6,0.021467,-0.001654,0.009150042732747861
HD,2018-11-13 19:49:56,0.053,0.0127,0.0184,0.3333333333333333,0.3888888888888889,0.2777777777777778,0.0403,14274029.0,-0.002396,-0.001482,2722.18,-0.035271,-0.019701,0.018330374973736317
HD,2019-02-26 19:45:08,0.0435,0.0195,0.0172,0.3333333333333333,0.4166666666666667,0.25,0.023999999999999997,13635082.0,-0.008843,-0.00079,2793.9,-0.012527,0.001232,0.011749856322525868
HD,2019-05-21 19:01:08,0.0331,0.0236,0.013,0.4,0.3333333333333333,0.2666666666666666,0.009499999999999998,8555840.0,0.002618,0.008496,2864.36,-0.008464,-0.006749,0.008134350401572147
HD,2019-08-20 19:59:09,0.0346,0.0269,0.0102,0.4117647058823529,0.3529411764705882,0.2352941176470588,0.0076999999999999985,12455056.0,0.043953,-0.007915,2900.51,0.021115,0.012106,0.02100318626727333
HD,2019-09-05 17:00:08,0.0366,0.0235,0.0078,0.6666666666666666,0.3333333333333333,0.0,0.0131,3373539.0,0.017845,0.01301,2976.0,0.006427,0.010842,0.013566874814537598
HD,2019-11-19 18:41:07,0.0317,0.0317,0.0073,0.3529411764705882,0.4117647058823529,0.2352941176470588,0.0,14984830.0,-0.054386,-0.000593,3120.18,0.006574,0.000503,0.018811795583268176
HD,2019-12-12 05:12:21,0.0538,0.0262,0.0052,0.3333333333333333,0.2857142857142857,0.3809523809523809,0.0276,9916525.0,0.000189,0.008575,3168.57,-0.018064,0.002908,0.010209134654807992
HD,2020-02-25 20:56:09,0.0364,0.0226,0.0063,0.3125,0.4375,0.25,0.013800000000000003,8061529.0,-0.009679,-0.03028,3128.21,-0.022989,-0.033514,0.0106207342412012
HD,2020-05-19 19:38:09,0.0352,0.0548,0.0157,0.2857142857142857,0.4285714285714285,0.2857142857142857,-0.0196,9386987.0,-0.02955,-0.010484,2922.94,0.025154,0.031501,0.01996661429152834
HD,2020-05-27 21:31:45,0.0323,0.0202,0.0027,0.5,0.5,0.0,0.012100000000000003,4664800.0,0.020125,0.014827,3036.13,0.002481,0.012289,0.0170478203168485
HD,2020-05-28 23:50:10,0.0389,0.0348,0.0056,0.5,0.0,0.5,0.0040999999999999995,5261750.0,-0.008975,-0.002108,3029.73,0.020125,0.014827,0.01671037288000737
HD,2020-08-18 18:49:05,0.0327,0.0201,0.0126,0.2666666666666666,0.4,0.3333333333333333,0.0126,6934290.0,-0.011241,0.002303,3389.78,0.02741,0.00271,0.012193640988008524
HD,2020-11-17 17:29:12,0.0448,0.0121,0.0121,0.3333333333333333,0.4,0.2666666666666666,0.0327,8532219.0,-0.025396,-0.004792,3609.53,0.008659,0.011648,0.021797079467977598
HD,2021-02-23 18:30:13,0.0467,0.0204,0.018,0.3333333333333333,0.3333333333333333,0.3333333333333333,0.026299999999999997,12111045.0,-0.031213,0.001256,3881.37,-0.013553,-0.007733,0.014273661084902646
HON,2007-07-19 20:03:12,0.0351,0.0064,0.0096,0.2727272727272727,0.6363636363636364,0.0909090909090909,0.0287,7558028.0,0.007268,0.004469,1553.08,-0.004931,-0.002065,0.012704522636971962
HON,2007-10-19 17:53:39,0.0593,0.0034,0.0068,0.375,0.5,0.125,0.0559,7963867.0,-0.039051,-0.025616,1500.63,-0.000165,-0.000753,0.015326173201059964
HON,2007-10-21 07:42:14,0.0593,0.0034,0.0068,0.375,0.5,0.125,0.0559,7963867.0,-0.039051,-0.025616,1500.63,-0.000165,-0.000753,0.015326173201059964
HON,2008-01-25 18:52:18,0.0693,0.0047,0.0047,0.3333333333333333,0.4444444444444444,0.2222222222222222,0.0646,8600100.0,0.036477,-0.015872,1330.61,-0.00531,0.010063,0.027388696386161444
HON,2008-04-18 17:52:10,0.0622,0.0033,0.0044,0.3333333333333333,0.5555555555555556,0.1111111111111111,0.0589,9694800.0,0.062544,0.018139,1390.33,-0.008293,0.000623,0.026003671829613252
HON,2008-07-22 01:04:15,0.067,0.0057,0.0091,0.2222222222222222,0.5555555555555556,0.2222222222222222,0.06130000000000001,8599700.0,0.049759,0.013492,1277.0,-0.016186,-0.000539,0.031242124655485395
HON,2008-10-17 18:29:15,0.0525,0.0103,0.008,0.3333333333333333,0.5555555555555556,0.1111111111111111,0.0422,16462600.0,-0.050436,-0.006213,940.55,0.063618,0.042507,0.05854341430881302
HON,2008-12-15 21:45:22,0.0455,0.0222,0.0133,0.2,0.7,0.1,0.023299999999999998,15232700.0,0.063212,-0.012686,868.57,0.015433,0.007028,0.02989724575646096
HON,2009-01-30 20:23:16,0.0615,0.0165,0.0044,0.2,0.5,0.3,0.045,8155300.0,0.004285,-0.022789,825.88,-0.058773,-0.03312,0.03037120995449474
HON,2009-04-24 20:14:26,0.0348,0.03,0.0132,0.2,0.6,0.2,0.004799999999999999,17018400.0,-0.028721,0.016797,866.23,0.021773,0.009922,0.029411926247886442
HON,2009-07-27 18:30:25,0.047,0.0195,0.0115,0.3333333333333333,0.5555555555555556,0.1111111111111111,0.0275,8152500.0,0.007355,0.002982,982.18,-0.006721,0.003042,0.016465356878070467
HON,2009-10-23 20:54:13,0.0457,0.012,0.0065,0.3333333333333333,0.6666666666666666,0.0,0.033699999999999994,6835400.0,-0.007008,-0.012179,1079.6,0.042478,0.010644,0.019086983034984285
HON,2010-01-29 21:03:22,0.0558,0.0221,0.0081,0.375,0.625,0.0,0.0337,15229000.0,-0.029633,-0.009829,1073.87,-0.010929,-0.011818,0.016092153446460943
HON,2010-04-23 18:36:22,0.044,0.0099,0.011,0.2727272727272727,0.4545454545454545,0.2727272727272727,0.0341,7685200.0,0.005902,0.007124,1217.28,0.016063,0.002264,0.009694695267115026
HON,2010-07-23 18:34:18,0.045,0.0033,0.0099,0.3333333333333333,0.5555555555555556,0.1111111111111111,0.0417,8147900.0,0.019691,0.00822,1102.66,0.037199,0.022513,0.021537978679532586
HON,2010-10-22 21:22:18,0.0514,0.0098,0.012,0.3333333333333333,0.5555555555555556,0.1111111111111111,0.0416,7119700.0,0.012642,0.002389,1183.08,0.005602,0.001774,0.01050696868009249
HON,2011-01-28 20:06:22,0.0612,0.0056,0.0044,0.1818181818181818,0.6363636363636364,0.1818181818181818,0.0556,9267700.0,-0.01073,-0.017852,1276.34,0.00269,0.002244,0.008026394981559284
HON,2011-04-22 03:51:21,0.0385,0.011,0.0055,0.1818181818181818,0.5454545454545454,0.2727272727272727,0.0275,9645400.0,0.033708,0.005277,1337.38,0.022276,0.013515,0.014367619653234147
HON,2011-07-22 18:21:12,0.0426,0.0112,0.0056,0.2222222222222222,0.5555555555555556,0.2222222222222222,0.0314,10736600.0,-0.031094,0.000908,1345.02,0.015173,0.013546,0.015558839090154935
HON,2011-10-21 17:11:47,0.057,0.0091,0.0068,0.25,0.625,0.125,0.0479,8955900.0,0.058192,0.018809,1238.25,-0.007374,0.004554,0.028990746395090337
HON,2011-12-07 03:16:03,0.0551,0.0096,0.0014,0.3333333333333333,0.3333333333333333,0.3333333333333333,0.045500000000000006,4422400.0,-0.012088,0.002018,1261.01,-0.001828,0.001106,0.026382826747084285
HON,2011-12-15 18:21:44,0.0341,0.0153,0.0153,0.125,0.625,0.25,0.018799999999999997,5195200.0,0.016683,0.003243,1215.75,-0.014529,-0.011348,0.01506023682269156
HON,2012-01-27 19:51:11,0.0406,0.0085,0.0075,0.1818181818181818,0.6363636363636364,0.1818181818181818,0.0321,6107900.0,0.007608,-0.001593,1316.33,-0.004647,-0.005746,0.010463837037891732
HON,2012-03-07 22:31:03,0.0371,0.0129,0.0043,0.4,0.25,0.35,0.0242,5826200.0,-0.000519,0.006901,1352.63,-0.022504,-0.01537,0.009319908855062153
HON,2012-04-20 19:11:05,0.0569,0.0111,0.0178,0.1538461538461538,0.6153846153846154,0.2307692307692307,0.0458,8429600.0,0.023966,0.001169,1378.53,-0.01243,-0.005934,0.019321578261104845
HON,2012-07-18 17:21:09,0.0395,0.0237,0.0203,0.2222222222222222,0.5555555555555556,0.2222222222222222,0.0158,8396200.0,0.06674,0.006681,1372.78,0.001101,0.00741,0.025543117904176564
HON,2012-10-19 17:51:09,0.0528,0.0153,0.0106,0.25,0.5,0.25,0.0375,9848600.0,0.017421,-0.016571,1433.19,-0.007594,-0.002444,0.009200456495920868
HON,2013-01-25 18:51:09,0.0489,0.0128,0.0186,0.2,0.6,0.2,0.0361,5636600.0,0.001319,0.005445,1502.96,-0.000439,7e-06,0.004569199983464076
HON,2013-02-20 22:01:13,0.0279,0.0265,0.0119,0.3333333333333333,0.3333333333333333,0.3333333333333333,0.001400000000000002,4208900.0,-0.008177,-0.012404,1511.95,0.011696,0.007337,0.005965613282247903
HON,2013-03-07 01:11:23,0.045,0.0169,0.0014,0.35,0.45,0.2,0.0281,4218000.0,0.012628,0.001816,1544.26,0.008347,0.001085,0.009749726063957975
HON,2013-03-21 12:31:08,0.0434,0.0064,0.0038,0.3333333333333333,0.3333333333333333,0.3333333333333333,0.037,4088900.0,-0.001473,-0.008282,1545.8,0.00905,0.006697,0.007663609126543686
HON,2013-04-19 17:07:07,0.0476,0.0232,0.0093,0.2727272727272727,0.4545454545454545,0.2727272727272727,0.024400000000000005,6563900.0,0.037918,0.008848,1555.25,-0.005842,-0.006701,0.018104410484434123
HON,2013-05-20 14:51:26,0.0432,0.0115,0.0043,0.5,0.5,0.0,0.031700000000000006,2528400.0,-0.002724,-0.000708,1666.29,0.025657,0.0103,0.010085223329207896
HON,2013-05-29 19:49:08,0.0428,0.0147,0.0054,0.5,0.5,0.0,0.0281,3285900.0,-0.01216,-0.007048,1648.36,0.006054,0.006341,0.011125969269136827
HON,2013-07-19 17:50:07,0.0502,0.0114,0.0148,0.2727272727272727,0.5454545454545454,0.1818181818181818,0.0388,3182900.0,0.007232,0.00161,1692.09,0.006429,0.005033,0.006433702325341943
HON,2013-09-17 20:59:06,0.0415,0.0239,0.0075,0.6666666666666666,0.3333333333333333,0.0,0.0176,1993300.0,0.004113,0.004218,1704.76,0.012493,0.005693,0.0071063301116367225
HON,2013-10-18 17:34:08,0.0516,0.0235,0.0153,0.3,0.6,0.1,0.0281,7040200.0,-0.024902,0.006549,1744.5,0.011545,0.006744,0.01782762007703525
HON,2013-11-19 18:45:08,0.0198,0.0146,0.0053,0.5,0.0,0.5,0.0052000000000000015,1777700.0,-0.004172,-0.002043,1787.87,0.000677,-0.003698,0.01110922327967968
HON,2013-12-17 19:51:10,0.0357,0.0167,0.0119,0.1538461538461538,0.6923076923076923,0.1538461538461538,0.019000000000000003,3659200.0,-0.010187,-0.003101,1781.0,0.008775,0.00632,0.009192778531120034
HON,2014-01-24 17:38:08,0.0542,0.0147,0.0068,0.3333333333333333,0.5555555555555556,0.1111111111111111,0.0395,5029600.0,-0.014811,-0.020875,1790.29,-0.014162,-0.00889,0.009073648316844608
HON,2014-04-18 01:45:08,0.0586,0.021,0.0088,0.2727272727272727,0.5454545454545454,0.1818181818181818,0.037599999999999995,3931456.0,-0.002144,0.001364,1864.85,0.017337,0.010488,0.012590596180394991
HON,2014-06-05 08:40:05,0.0346,0.0026,0.0026,0.5,0.25,0.25,0.032,3344173.0,0.011721,0.006525,1940.46,0.006326,0.001892,0.0035076275125311717
HON,2014-07-18 20:12:04,0.0544,0.017,0.0113,0.2727272727272727,0.5454545454545454,0.1818181818181818,0.037399999999999996,4488206.0,0.017337,0.010265,1978.22,-0.012657,-0.011834,0.00827486896572985
HON,2014-10-18 02:29:04,0.057,0.0068,0.0034,0.25,0.5833333333333334,0.1666666666666666,0.0502,7843117.0,0.042482,0.012884,1886.76,0.015039,0.000145,0.022415774143570297
HON,2015-01-23 21:47:08,0.0592,0.0091,0.0103,0.3,0.5,0.2,0.050100000000000006,5882370.0,0.031291,-0.005492,2051.82,0.001411,0.01527,0.014016387671024347
HON,2015-04-17 22:07:07,0.0588,0.0249,0.0136,0.2727272727272727,0.5454545454545454,0.1818181818181818,0.0339,6716311.0,-0.021363,-0.011311,2081.18,0.001253,-0.000778,0.009334872330853401
HON,2015-07-17 19:33:08,0.0451,0.0187,0.0077,0.25,0.5,0.25,0.0264,5442485.0,0.019021,0.001106,2126.64,-0.0026,0.008015,0.010412369054798835
HON,2015-07-28 19:02:52,0.036,0.0081,0.0209,0.25,0.625,0.125,0.027899999999999998,3928774.0,0.025187,0.012386,2093.25,-0.010995,-0.005775,0.013122640433828653
HON,2015-10-16 18:24:12,0.041,0.0133,0.0078,0.3333333333333333,0.4444444444444444,0.2222222222222222,0.027700000000000002,12646102.0,-0.014924,0.00457,2033.11,0.002442,0.014853,0.013097389148223363
HON,2016-01-29 19:22:11,0.0531,0.0111,0.0077,0.2727272727272727,0.6363636363636364,0.0909090909090909,0.042,6639924.0,0.053384,0.02476,1940.24,0.010417,0.005529,0.02147284879433661
HON,2016-04-22 20:14:18,0.0466,0.0174,0.0098,0.3333333333333333,0.5,0.1666666666666666,0.029200000000000004,4900252.0,-0.006526,4.8e-05,2091.58,-0.002257,-0.005194,0.006949312199379384
HON,2016-07-22 19:26:34,0.0463,0.0143,0.0088,0.2727272727272727,0.7272727272727273,0.0,0.032,9167374.0,-0.025704,0.004554,2175.03,-0.010177,-0.003612,0.009156537594042299
HON,2016-10-21 19:05:06,0.0296,0.0208,0.0055,0.25,0.5,0.25,0.008800000000000002,3373386.0,0.007583,-8.4e-05,2141.16,-0.001201,-0.001376,0.007882737193104577
HON,2017-01-28 00:32:08,0.0434,0.0152,0.0054,0.2857142857142857,0.5,0.2142857142857142,0.028200000000000003,3873847.0,0.003815,-0.000866,2294.69,0.000764,-0.000735,0.004242351587137443
HON,2017-04-21 21:06:27,0.0603,0.0145,0.0078,0.1538461538461538,0.6153846153846154,0.2307692307692307,0.0458,6281886.0,0.026743,-0.003035,2348.69,0.008392,0.007557,0.010311529676909067
HON,2017-07-21 20:16:07,0.0415,0.0197,0.012,0.1666666666666666,0.5833333333333334,0.25,0.021800000000000003,3548102.0,0.010374,-0.000368,2472.54,-0.008814,-0.000154,0.0058101003854397855
HON,2017-10-20 18:24:08,0.0521,0.0211,0.0067,0.25,0.5,0.25,0.031,3369519.0,0.012046,0.005117,2575.21,0.001255,0.000328,0.004441893189970888
HON,2017-12-13 20:05:27,0.0332,0.0204,0.0064,0.1818181818181818,0.4545454545454545,0.3636363636363636,0.012799999999999999,5064191.0,0.013399,-0.000473,2662.85,0.003459,0.001549,0.008394859832063822
HON,2018-01-26 19:10:10,0.0628,0.0149,0.0064,0.25,0.3333333333333333,0.4166666666666667,0.0479,5019817.0,0.019464,0.011841,2872.87,0.01169,0.000603,0.007738035703228759
HON,2018-04-20 18:40:09,0.0452,0.0099,0.011,0.25,0.4166666666666667,0.3333333333333333,0.0353,5270202.0,0.016472,-0.008537,2670.14,-0.008301,-0.005726,0.010384488303875731
HON,2018-07-20 18:34:16,0.0389,0.0086,0.0065,0.3333333333333333,0.5,0.1666666666666666,0.030299999999999997,6453322.0,0.037888,-0.000948,2801.83,-0.010795,-0.003953,0.017762693164482517
HON,2018-09-13 19:43:13,0.0498,0.0062,0.0112,1.0,0.0,0.0,0.0436,2092854.0,0.011105,0.005282,2904.18,0.00509,0.000357,0.007622986585904983
HON,2018-10-19 17:00:09,0.0506,0.0065,0.0108,0.2307692307692307,0.4615384615384615,0.3076923076923077,0.0441,6791579.0,-0.011083,-0.000361,2767.78,-0.018096,-0.014392,0.01677104726604748
HON,2019-02-02 02:17:12,0.0498,0.0068,0.0102,0.2142857142857142,0.4285714285714285,0.3571428571428571,0.043,5536461.0,0.007519,0.000899,2706.53,0.002443,0.008597,0.00874754813203223
HON,2019-02-20 23:12:18,0.0301,0.0164,0.011,0.5,0.25,0.25,0.013699999999999997,2622435.0,0.008481,0.001777,2784.7,-0.000261,0.001499,0.00787472202613446
HON,2019-03-08 04:29:09,0.046,0.0122,0.0162,0.6666666666666666,0.3333333333333333,0.0,0.0338,2920740.0,-0.005837,-0.002132,2743.07,-0.008196,-0.008126,0.006167484350293031
HON,2019-04-18 20:54:22,0.0479,0.0065,0.0076,0.2,0.5333333333333333,0.2666666666666666,0.0414,6376881.0,0.037878,0.001579,2905.03,0.000184,-0.002274,0.01275286710247275
HON,2019-07-18 16:59:10,0.0284,0.0284,0.0322,0.25,0.5,0.25,0.0,4128122.0,0.031194,0.003582,2995.11,-0.035244,-0.006531,0.01729459378630593
HON,2019-09-12 18:27:30,0.0333,0.02,0.0133,0.5,0.5,0.0,0.013300000000000003,2777459.0,-0.015472,0.002879,3009.57,0.009846,0.00723,0.013763931576567894
HON,2019-10-17 18:15:12,0.0535,0.0162,0.0212,0.3,0.5,0.2,0.0373,3593919.0,0.023773,0.002763,2997.95,-6.1e-05,-0.002,0.014039456888830557
HON,2020-01-31 20:23:08,0.0451,0.022,0.0195,0.3,0.3,0.4,0.023100000000000002,5500076.0,-0.028709,-0.017706,3225.52,0.015199,0.003134,0.013919230208998969
HON,2020-05-01 20:49:08,0.035,0.0312,0.015,0.2857142857142857,0.4285714285714285,0.2857142857142857,0.0038000000000000048,3681089.0,-0.03277,-0.028059,2830.71,-0.029146,-0.009212,0.0242733484445618
HON,2020-06-10 20:11:51,0.033,0.041,0.0145,0.5,0.5,0.0,-0.008,3309841.0,-0.025174,-0.005313,3190.14,-0.029585,-0.007799,0.022358667098018155
HON,2020-07-24 18:48:07,0.0415,0.0224,0.0067,0.3333333333333333,0.3333333333333333,0.3333333333333333,0.019100000000000002,4368458.0,-0.027971,-0.00619,3215.63,-0.005692,-0.01232,0.017413551013506678
HON,2020-10-30 17:20:08,0.0528,0.0191,0.0067,0.3,0.4,0.3,0.0337,4390007.0,0.002126,-0.01213,3269.96,0.021345,0.011947,0.02011249422760774
HON,2021-01-29 20:52:06,0.0411,0.0178,0.0089,0.2727272727272727,0.3636363636363636,0.3636363636363636,0.023299999999999998,4635405.0,-0.036827,-0.019312,3714.24,0.017354,0.009761,0.014706387002856178
INTC,2006-04-20 01:23:44,0.0171,0.0032,0.0224,0.1578947368421052,0.5263157894736842,0.3157894736842105,0.013900000000000001,128036880.0,-0.005624,0.001168,1311.46,0.008767,0.001744,0.010121979956181184
INTC,2006-07-20 04:05:41,0.0352,0.0088,0.0165,0.1764705882352941,0.6470588235294118,0.1764705882352941,0.0264,136241652.0,-0.074959,-0.008477,1249.13,0.015376,0.018555,0.03122392447040144
INTC,2006-10-18 03:50:12,0.033,0.0138,0.0149,0.1,0.55,0.35,0.019200000000000002,115266269.0,0.010048,0.0014,1365.96,-0.032855,-0.003652,0.01576521942054022
INTC,2007-01-17 04:17:19,0.0288,0.0171,0.0182,0.1,0.65,0.25,0.011699999999999999,194990839.0,-0.056502,-0.000894,1430.62,0.007682,0.000818,0.025253155983185782
INTC,2007-04-18 03:25:25,0.0334,0.0111,0.0156,0.1578947368421052,0.5263157894736842,0.3157894736842105,0.0223,112681454.0,0.017636,0.000693,1472.5,0.014016,0.00205,0.012329088666419968
INTC,2007-07-18 01:31:55,0.038,0.0078,0.0168,0.1111111111111111,0.5,0.3888888888888889,0.030199999999999998,134436229.0,-0.04823,-0.002065,1546.17,0.01464,-9.7e-05,0.026409496617063107
INTC,2007-10-17 02:14:33,0.0422,0.007,0.0129,0.1333333333333333,0.5333333333333333,0.3333333333333333,0.0352,188292203.0,0.048666,0.001761,1541.24,-0.010485,-0.006573,0.017885605841632072
INTC,2008-01-16 07:30:52,0.0402,0.0185,0.0196,0.1578947368421052,0.4736842105263157,0.3684210526315789,0.0217,310130574.0,-0.123843,-0.005612,1373.2,-0.016898,-0.024925,0.04959234026081493
INTC,2008-04-16 02:42:14,0.0414,0.0123,0.0179,0.1764705882352941,0.5882352941176471,0.2352941176470588,0.0291,109144082.0,0.058345,0.022691,1364.71,0.010633,0.0046,0.029471051492005584
INTC,2008-07-16 03:23:17,0.0245,0.0167,0.0134,0.1578947368421052,0.6842105263157895,0.1578947368421052,0.007800000000000001,87310870.0,0.009657,0.025064,1245.36,0.011724,-0.010901,0.025524137657432333
INTC,2008-10-15 03:50:13,0.0261,0.025,0.0239,0.1666666666666666,0.6111111111111112,0.2222222222222222,0.0011000000000000003,141131125.0,-0.059008,-0.09035,907.84,-0.06239,-0.005322,0.05635889940974519
INTC,2009-01-16 03:26:30,0.0306,0.0453,0.0215,0.1578947368421052,0.631578947368421,0.2105263157894736,-0.014700000000000001,84331373.0,0.03386,0.007562,850.12,0.016055,0.001329,0.03137477260847216
INTC,2009-04-15 03:47:13,0.0214,0.0259,0.0192,0.1578947368421052,0.5789473684210527,0.2631578947368421,-0.0045000000000000005,155282448.0,-0.02436,0.012549,852.06,0.001877,-0.020065,0.02508710778002654
INTC,2009-07-15 00:58:26,0.0381,0.0207,0.0109,0.1764705882352941,0.6470588235294118,0.1764705882352941,0.017400000000000002,186477105.0,0.07249,0.02963,932.68,0.020619,0.005316,0.029219918127499588
INTC,2009-10-14 01:45:12,0.0422,0.0133,0.0133,0.1363636363636363,0.5454545454545454,0.3181818181818182,0.028900000000000002,164885238.0,0.016642,0.017546,1092.02,0.004412,-0.002788,0.016040136692407343
INTC,2010-01-15 01:48:11,0.0593,0.0108,0.0097,0.1904761904761904,0.5238095238095238,0.2857142857142857,0.0485,198269702.0,-0.031657,-0.010823,1136.03,0.024809,0.002427,0.01809715067351767
INTC,2010-04-14 01:15:14,0.0355,0.0149,0.0149,0.1578947368421052,0.6842105263157895,0.1578947368421052,0.020599999999999997,160173548.0,0.032943,0.01115,1210.65,0.010244,0.000685,0.011799077269007134
INTC,2011-01-14 02:43:37,0.0528,0.008,0.0126,0.2,0.4666666666666667,0.3333333333333333,0.0448,155048683.0,-0.009864,0.007385,1293.24,-0.000587,-0.001711,0.010637284572045066
INTC,2011-04-20 02:21:20,0.0359,0.0185,0.0174,0.1764705882352941,0.5882352941176471,0.2352941176470588,0.017400000000000002,174698234.0,0.078046,0.013515,1330.36,0.012232,0.005731,0.026411681047092295
INTC,2011-07-21 02:11:10,0.0432,0.0068,0.0091,0.1666666666666666,0.6111111111111112,0.2222222222222222,0.0364,80293398.0,-0.00783,0.013546,1343.8,-0.003036,-0.000671,0.014307490608457958
INTC,2011-10-19 04:21:14,0.0287,0.0074,0.0138,0.1764705882352941,0.7647058823529411,0.0588235294117647,0.0213,140270943.0,0.035897,-0.012649,1209.88,0.005155,0.020419,0.012564332604197072
INTC,2012-01-20 02:21:11,0.0288,0.0117,0.0106,0.125,0.75,0.125,0.017099999999999997,101490969.0,0.029263,0.000669,1315.38,0.009453,0.004939,0.014023687177217175
INTC,2012-03-06 22:01:06,0.044,0.005,0.0063,0.2,0.0,0.8,0.039,37325339.0,0.002449,-0.01537,1343.36,-0.013933,-0.00387,0.009536404286848555
INTC,2012-04-18 01:31:36,0.0333,0.0156,0.0122,0.1176470588235294,0.7647058823529411,0.1176470588235294,0.017700000000000004,72446617.0,-0.018265,-0.004055,1385.14,0.002288,0.015487,0.013689456634375435
INTC,2012-07-17 22:55:07,0.0251,0.0159,0.0182,0.2142857142857142,0.5,0.2857142857142857,0.0092,63247187.0,0.009948,0.00741,1363.67,-0.004753,-0.002314,0.014774831950538995
INTC,2012-10-16 23:06:09,0.0344,0.0149,0.0218,0.1875,0.5625,0.25,0.0195,80098622.0,0.028532,0.01027,1454.92,0.011625,0.008078,0.015287968335335588
INTC,2012-12-12 03:20:04,0.0355,0.0037,0.011,0.625,0.0,0.375,0.031799999999999995,47877603.0,0.000969,0.000448,1428.48,0.028386,0.006549,0.015906567915312385
INTC,2013-01-18 01:18:08,0.0293,0.0054,0.0098,0.125,0.625,0.25,0.023899999999999998,142121925.0,-0.063051,0.003403,1485.98,0.02578,0.005643,0.02470124299076647
INTC,2013-04-17 00:08:09,0.0498,0.0036,0.0158,0.1333333333333333,0.6666666666666666,0.2,0.0462,78794894.0,0.000684,-0.014328,1552.01,0.025023,0.014307,0.01745809932030914
INTC,2013-05-17 19:47:06,0.0132,0.0096,0.0168,0.7142857142857143,0.0,0.2857142857142857,0.0036000000000000008,35992022.0,0.004177,0.0103,1667.47,-0.010744,-0.00501,0.010157479799526005
INTC,2013-07-18 01:09:05,0.0308,0.0071,0.0095,0.1666666666666666,0.6666666666666666,0.1666666666666666,0.0237,77272653.0,-0.037516,0.005033,1689.37,-0.004124,0.002774,0.021321408740460346
INTC,2013-09-04 19:43:09,0.0494,0.0274,0.0096,0.5,0.0,0.5,0.022,37573756.0,0.02574,0.008117,1653.08,0.003958,0.004164,0.011565939722113226
INTC,2013-10-15 23:58:06,0.0152,0.0163,0.0098,0.1764705882352941,0.6470588235294118,0.1764705882352941,-0.0010999999999999985,42706290.0,-0.002559,-0.007064,1698.06,0.008385,0.004075,0.010939527217084579
INTC,2014-01-17 01:02:06,0.0301,0.0107,0.0129,0.2,0.5333333333333333,0.2666666666666666,0.0194,111494375.0,-0.025999,-0.003895,1838.7,-0.004874,-0.001347,0.017053522425652223
INTC,2014-04-16 03:43:07,0.0277,0.0117,0.0064,0.2142857142857142,0.7142857142857143,0.0714285714285714,0.016,59016351.0,0.005977,0.010488,1862.31,0.007907,0.006757,0.013198853576479066
INTC,2014-07-16 04:06:06,0.0176,0.0073,0.0124,0.2,0.7333333333333333,0.0666666666666666,0.0103,135892428.0,0.092715,0.004201,1981.57,0.006986,-0.001932,0.02907276418154208
INTC,2014-09-03 18:18:07,0.042,0.0118,0.0118,0.5,0.0,0.5,0.030200000000000005,26668973.0,0.0,-0.000779,2000.72,-0.010023,-0.000544,0.008157414680318022
INTC,2014-10-15 00:42:09,0.0299,0.0096,0.0128,0.2142857142857142,0.7142857142857143,0.0714285714285714,0.0203,92310475.0,-0.026913,-0.0081,1862.49,0.02129,0.001579,0.023617887544307537
INTC,2014-12-03 18:29:09,0.0143,0.0057,0.0043,1.0,0.0,0.0,0.0086,30661141.0,-0.004521,0.003765,2074.33,0.011568,0.006384,0.017113071396515106
INTC,2015-01-16 02:03:11,0.0324,0.0115,0.0136,0.2,0.7333333333333333,0.0666666666666666,0.0209,62812193.0,0.007184,0.013424,2019.42,-0.004402,-0.009248,0.012370973785438293
INTC,2015-04-15 00:33:11,0.032,0.0176,0.0134,0.2142857142857142,0.6428571428571429,0.1428571428571428,0.0144,61100058.0,0.042553,0.005148,2106.63,-0.007564,0.00163,0.016582491195032627
INTC,2015-05-21 20:15:11,0.0206,0.017,0.0097,0.75,0.0,0.25,0.003599999999999999,21269786.0,0.005394,0.002338,2130.82,0.006636,-0.000931,0.009841889938760137
INTC,2015-07-16 01:00:06,0.0243,0.0127,0.0158,0.2,0.5333333333333333,0.2666666666666666,0.0116,81166689.0,0.007073,0.008015,2124.29,0.001349,-0.000735,0.012916988497065983
INTC,2015-08-04 04:06:14,0.046,0.023,0.0162,0.2222222222222222,0.2222222222222222,0.5555555555555556,0.023,25758261.0,0.002754,-0.00225,2093.32,0.003454,-0.002757,0.010278429387151915
INTC,2015-09-08 19:17:06,0.0325,0.0038,0.005,0.5,0.5,0.0,0.0287,28760796.0,0.034362,0.025083,1969.41,-0.019257,-0.01533,0.02574322145968183
INTC,2015-10-14 01:26:10,0.0454,0.0133,0.0122,0.2142857142857142,0.5,0.2857142857142857,0.032100000000000004,75954805.0,0.02372,-0.004716,1994.24,-0.005278,-0.006825,0.012873484465278966
INTC,2015-12-02 00:20:14,0.0217,0.0257,0.0244,0.5,0.5,0.0,-0.004,18688180.0,-0.007409,-0.010996,2079.51,0.009203,0.010681,0.012378433806872027
INTC,2016-01-15 03:59:10,0.0287,0.0085,0.0138,0.1428571428571428,0.7142857142857143,0.1428571428571428,0.0202,76373920.0,-0.09102,-0.021599,1880.33,0.026011,0.016696,0.03406462700417157
INTC,2016-04-20 02:52:17,0.0282,0.0188,0.0115,0.2,0.6666666666666666,0.1333333333333333,0.009399999999999999,57629791.0,0.012658,0.000762,2102.4,-0.00158,0.003085,0.009471325916798742
INTC,2016-06-01 17:09:09,0.0401,0.0348,0.0321,0.5,0.5,0.0,0.005299999999999999,17753532.0,0.002216,0.00113,2099.33,0.000634,-0.001,0.010766678224968055
INTC,2016-07-21 01:44:35,0.0305,0.0158,0.0063,0.2,0.5333333333333333,0.2666666666666666,0.014699999999999998,63708507.0,-0.039787,-0.003612,2165.17,0.015363,0.00427,0.017433993161828077
INTC,2016-09-07 04:53:21,0.0565,0.0124,0.0055,1.0,0.0,0.0,0.0441,18495645.0,-0.003008,-0.000146,2186.16,0.013581,0.002982,0.005880223277129055
INTC,2016-10-19 04:10:18,0.0399,0.0074,0.0126,0.2666666666666666,0.6,0.1333333333333333,0.0325,74827816.0,-0.059338,0.002192,2144.29,0.012336,0.00616,0.020723007588453777
INTC,2016-11-29 21:47:09,0.0382,0.0158,0.0145,0.5,0.5,0.0,0.022399999999999996,19581040.0,-0.005632,0.001335,2204.66,0.001975,-0.005254,0.007316749190119389
INTC,2016-12-07 22:44:09,0.024,0.0051,0.0126,0.5,0.5,0.0,0.0189,21710373.0,0.022465,0.013163,2241.35,0.009596,0.003411,0.014753123045647033
INTC,2017-01-27 05:01:04,0.0515,0.0053,0.0084,0.0,0.5833333333333334,0.4166666666666667,0.0462,44368566.0,0.011182,-0.000866,2294.69,-0.006349,-0.000735,0.00919094137603866
INTC,2017-04-28 01:18:33,0.0432,0.0067,0.0055,0.0,0.6666666666666666,0.3333333333333333,0.036500000000000005,56769258.0,-0.034197,-0.001913,2384.2,0.013539,0.000553,0.013471266328333448
INTC,2017-07-28 01:44:24,0.055,0.0054,0.0065,0.0,0.6,0.4,0.0496,36291484.0,0.009723,-0.001341,2472.1,0.006331,-0.000973,0.005230007585505587
INTC,2017-08-08 00:24:11,0.0593,0.0317,0.0083,0.5,0.5,0.0,0.0276,22820119.0,-0.000549,-0.002414,2474.92,0.003581,0.001647,0.007943496843330492
INTC,2017-09-13 03:48:28,0.0192,0.0154,0.0167,0.6666666666666666,0.3333333333333333,0.0,0.003799999999999998,15509787.0,0.00665,0.000757,2498.37,0.008946,0.003364,0.009556402821610775
INTC,2017-10-27 01:18:30,0.0519,0.0122,0.0055,0.0,0.5,0.5,0.0397,90038800.0,0.073761,0.008073,2581.07,0.013977,0.001271,0.022736718684639737
INTC,2017-11-14 21:26:08,0.0289,0.0039,0.0052,0.5,0.0,0.5,0.024999999999999998,22168770.0,0.002404,-0.00231,2578.87,0.00373,0.000984,0.01314347658050274
INTC,2017-11-28 19:08:09,0.0272,0.0161,0.0186,0.5,0.5,0.0,0.011099999999999999,20194062.0,0.005394,0.009848,2627.04,-0.00581,-0.000384,0.008884801530328924
INTC,2017-12-07 02:22:20,0.0342,0.0205,0.026,0.5,0.5,0.0,0.0137,32708441.0,-0.008516,0.002932,2636.98,0.00023,-0.000114,0.012107895775071814
INTC,2018-01-10 03:36:08,0.0153,0.0223,0.0167,0.3333333333333333,0.3333333333333333,0.3333333333333333,-0.007000000000000001,45794901.0,-0.025676,-0.001112,2748.23,-0.025034,0.001303,0.01641392730308969
INTC,2018-01-26 04:10:11,0.045,0.0135,0.0112,0.3,0.6,0.1,0.0315,86860309.0,0.105519,0.011841,2872.87,-0.004614,0.000603,0.03412405173953152
INTC,2018-04-27 01:00:15,0.0437,0.0098,0.0076,0.0,0.6,0.4,0.0339,69813627.0,-0.006032,0.001114,2669.91,0.032503,0.010434,0.017027169226791053
INTC,2018-05-15 21:19:11,0.0488,0.0113,0.0163,0.5,0.5,0.0,0.037500000000000006,21654770.0,-0.017851,-0.006842,2711.45,0.004207,0.000884,0.012438479954024487
INTC,2018-05-17 22:36:10,0.0172,0.0275,0.0092,0.5,0.0,0.5,-0.0103,16802411.0,0.003111,-0.000856,2720.13,0.013353,0.004061,0.010315998244905394
INTC,2018-06-06 22:52:08,0.0226,0.024,0.0141,0.5,0.5,0.0,-0.001400000000000002,22891699.0,0.008845,0.008567,2772.35,-0.005279,0.000703,0.013362175415037196
INTC,2018-07-27 00:44:13,0.0329,0.0085,0.0074,0.0,0.6111111111111112,0.3888888888888889,0.024399999999999998,67302275.0,-0.08589,-0.006562,2818.82,-0.00515,-0.003032,0.02749687074094881
INTC,2018-09-05 20:33:09,0.0274,0.0112,0.0062,0.3333333333333333,0.0,0.6666666666666666,0.0162,20821353.0,-0.005004,-0.002803,2888.6,-0.009705,-0.001654,0.00967587672513464
INTC,2018-10-26 00:10:16,0.0455,0.01,0.0089,0.0,0.6923076923076923,0.3076923076923077,0.0355,67267859.0,0.031144,-0.017327,2658.69,0.044555,0.018625,0.02921144447719843
INTC,2018-11-12 21:26:09,0.0228,0.0054,0.0187,0.5,0.0,0.5,0.0174,24406243.0,-0.030347,-0.019701,2726.22,-0.017963,-0.009199,0.02769687826051485
INTC,2018-11-27 18:35:10,0.032,0.0154,0.0243,0.5,0.5,0.0,0.0166,27386725.0,0.013066,0.003262,2682.17,0.019553,0.015532,0.01512233603390113
INTC,2018-12-04 13:56:12,0.049,0.0204,0.0122,0.5,0.5,0.0,0.0286,35380222.0,-0.047477,-0.032365,2700.06,0.016629,0.010941,0.024457992354465923
INTC,2019-01-08 21:46:58,0.0312,0.0065,0.0143,0.5,0.5,0.0,0.0247,22721240.0,0.006324,0.009695,2574.41,0.004659,0.00701,0.03469227821224138
INTC,2019-01-25 02:15:23,0.0387,0.0125,0.0073,0.2857142857142857,0.4285714285714285,0.2857142857142857,0.026199999999999998,86450198.0,-0.054662,0.008489,2664.76,0.037964,0.001376,0.024337219750141328
INTC,2019-04-26 02:13:10,0.0526,0.0137,0.0091,0.2,0.7333333333333333,0.0666666666666666,0.038900000000000004,72324044.0,-0.089915,0.004685,2939.88,-0.018903,-0.000369,0.03232132868212228
INTC,2019-07-26 02:44:11,0.0234,0.0345,0.0172,0.2307692307692307,0.4615384615384615,0.3076923076923077,-0.011100000000000002,36319303.0,-0.010928,0.007388,3025.86,-0.014361,-0.005262,0.014171314383092586
INTC,2019-09-04 20:02:34,0.0364,0.0175,0.0162,1.0,0.0,0.0,0.0189,23430699.0,0.041294,0.010842,2937.78,-0.00907,-0.006899,0.02143938910924889
INTC,2019-10-25 02:36:08,0.0171,0.0477,0.0171,0.2307692307692307,0.6153846153846154,0.1538461538461538,-0.0306,59744213.0,0.080988,0.004073,3022.55,0.009861,0.00192,0.027685401945790892
INTC,2020-01-07 06:57:16,0.0614,0.0113,0.0063,0.8,0.0,0.2,0.050100000000000006,21935685.0,-0.016686,-0.002803,3237.18,-0.002829,0.003533,0.009887092809427072
INTC,2020-01-07 22:41:45,0.02,0.04,0.02,1.0,0.0,0.0,-0.02,21935685.0,-0.016686,-0.002803,3237.18,-0.002829,0.003533,0.009887092809427072
INTC,2020-01-08 01:58:36,0.0163,0.0041,0.0177,0.5,0.5,0.0,0.012199999999999999,23090282.0,0.000679,0.004902,3253.05,-0.016686,-0.002803,0.009753142484462355
INTC,2020-01-24 04:40:11,0.0324,0.0276,0.0144,0.25,0.5833333333333334,0.1666666666666666,0.004799999999999999,84605685.0,0.081333,-0.009042,3295.47,0.009405,0.001141,0.026770096952466318
INTC,2020-04-24 02:23:36,0.0251,0.0274,0.0107,0.2142857142857142,0.5,0.2857142857142857,-0.0023,50177178.0,0.003726,0.013918,2836.74,-0.017637,-0.000539,0.035039389092848115
INTC,2020-07-24 00:24:11,0.0334,0.0178,0.0111,0.2727272727272727,0.5454545454545454,0.1818181818181818,0.0156,181851620.0,-0.162417,-0.00619,3215.63,-0.010647,-0.01232,0.053012212157095395
INTC,2020-10-23 01:21:08,0.0432,0.0044,0.0044,0.2727272727272727,0.2727272727272727,0.4545454545454545,0.0388,97480544.0,-0.105751,0.003446,3465.39,0.007477,0.005219,0.03577391754337234
INTC,2021-01-22 05:59:10,0.0761,0.0059,0.007,0.3571428571428571,0.4285714285714285,0.2142857142857142,0.0702,85392250.0,-0.092859,-0.003011,3841.47,0.064599,0.000317,0.047842824335526044
ISRG,2007-07-20 02:26:05,0.0122,0.0091,0.0102,0.4615384615384615,0.3846153846153846,0.1538461538461538,0.0031000000000000003,8908185.0,0.323228,-0.012221,1534.1,0.011185,0.004469,0.10140124869163211
ISRG,2007-10-19 02:12:07,0.0154,0.0061,0.0072,0.3846153846153846,0.3076923076923077,0.3076923076923077,0.0093,5357446.0,0.050304,-0.025616,1500.63,0.083305,-0.000753,0.03913668764670253
ISRG,2008-02-01 02:32:07,0.009,0.007,0.006,0.4545454545454545,0.4545454545454545,0.0909090909090909,0.001999999999999999,3992665.0,0.203189,0.012238,1395.42,0.080851,0.016772,0.08323921046404623
ISRG,2008-04-18 02:26:13,0.007,0.009,0.008,0.5,0.4,0.1,-0.001999999999999999,5100752.0,-0.172166,0.018139,1390.33,0.007255,0.000623,0.06538359156895222
ISRG,2008-07-23 01:48:17,0.0059,0.0059,0.0059,0.3636363636363636,0.3636363636363636,0.2727272727272727,0.0,2647331.0,0.181636,0.004064,1282.19,-0.015735,0.013492,0.057433515968852614
ISRG,2008-10-17 03:02:13,0.01,0.012,0.006,0.4615384615384615,0.3076923076923077,0.2307692307692307,-0.002,3613384.0,-0.119507,-0.006213,940.55,0.129813,0.042507,0.12118800929153202
ISRG,2009-01-23 12:08:20,0.0131,0.008,0.008,0.4166666666666667,0.3333333333333333,0.25,0.0051,3326904.0,-0.02833,0.005378,831.95,-0.010206,-0.015162,0.03278701961718666
ISRG,2009-04-18 02:18:28,0.0234,0.0128,0.0138,0.4166666666666667,0.4166666666666667,0.1666666666666666,0.0106,4524872.0,0.104661,0.004969,869.6,0.005025,0.015539,0.045303466179507534
ISRG,2009-07-23 12:41:48,0.0227,0.0165,0.0093,0.4615384615384615,0.3846153846153846,0.1538461538461538,0.006200000000000001,6126254.0,0.268449,0.02329,976.29,0.014217,-0.000534,0.08153510171290239
ISRG,2009-10-21 04:08:14,0.0203,0.0128,0.0117,0.4166666666666667,0.4166666666666667,0.1666666666666666,0.007499999999999998,3689364.0,-0.056609,-0.008854,1081.4,0.011536,-0.006239,0.027277795591327137
ISRG,2010-01-22 03:41:31,0.0105,0.0115,0.0126,0.4166666666666667,0.5,0.0833333333333333,-0.0009999999999999992,2868723.0,0.117771,-0.022141,1091.76,-0.014564,-0.018945,0.039239432457244726
ISRG,2010-04-16 02:37:12,0.0194,0.0129,0.0108,0.3636363636363636,0.4545454545454545,0.1818181818181818,0.006500000000000001,2616370.0,-0.071184,-0.016127,1192.13,0.010574,0.000843,0.03486483527073604
ISRG,2011-01-21 16:40:35,0.0242,0.0147,0.0168,0.4545454545454545,0.3636363636363636,0.1818181818181818,0.0095,3387699.0,0.126798,0.002414,1283.35,-0.002135,-0.001295,0.04184396554250358
ISRG,2011-04-20 04:41:17,0.0104,0.0073,0.0114,0.3636363636363636,0.3636363636363636,0.2727272727272727,0.0030999999999999995,1109187.0,-0.004771,0.013515,1330.36,0.022744,0.005731,0.013265914937245297
ISRG,2011-07-20 04:12:36,0.0175,0.0072,0.0103,0.3333333333333333,0.3333333333333333,0.3333333333333333,0.010300000000000002,1426152.0,0.060203,-0.000671,1325.84,0.034835,0.016309,0.0269509779711239
ISRG,2011-10-19 02:21:16,0.0207,0.0104,0.0124,0.3636363636363636,0.6363636363636364,0.0,0.0103,1566689.0,0.091075,-0.012649,1209.88,-0.013581,0.020419,0.03339587321078934
ISRG,2012-01-20 02:41:12,0.0164,0.0113,0.0144,0.2727272727272727,0.6363636363636364,0.0909090909090909,0.005100000000000002,1773116.0,-0.061034,0.000669,1315.38,0.008049,0.004939,0.023690276772690373
ISRG,2012-04-18 01:21:07,0.0136,0.0105,0.0084,0.2727272727272727,0.6363636363636364,0.0909090909090909,0.0030999999999999986,1560021.0,0.071472,-0.004055,1385.14,0.008206,0.015487,0.025169240307477726
ISRG,2012-07-20 02:01:11,0.0103,0.0113,0.0113,0.3,0.6,0.1,-0.0009999999999999992,1657950.0,-0.083993,-0.010062,1362.66,-0.009374,0.002717,0.029737055470312638
ISRG,2012-10-17 01:11:08,0.0053,0.0158,0.0158,0.2727272727272727,0.6363636363636364,0.0909090909090909,-0.010500000000000002,1806698.0,-0.001351,0.004117,1460.91,0.040193,0.01027,0.020424060550678552
ISRG,2013-01-23 00:06:09,0.0146,0.0083,0.0125,0.2727272727272727,0.5454545454545454,0.1818181818181818,0.0063,1855141.0,0.093676,0.001507,1494.81,0.019987,0.004428,0.032435304262827994
ISRG,2013-04-18 22:59:10,0.0198,0.0154,0.0121,0.3636363636363636,0.5454545454545454,0.0909090909090909,0.004400000000000001,803463.0,-0.028111,-0.006701,1541.61,-0.005369,-0.014328,0.0144837736599734
ISRG,2013-07-18 23:30:08,0.0225,0.0268,0.0203,0.4,0.5,0.1,-0.004300000000000002,840196.0,0.014271,0.005033,1689.37,-0.015611,0.002774,0.052478256469280324
ISRG,2013-09-11 20:21:12,0.0184,0.0171,0.0158,0.3333333333333333,0.3333333333333333,0.3333333333333333,0.001299999999999999,583449.0,-0.001247,0.003052,1689.13,-0.020603,0.007346,0.007821006775914104
ISRG,2013-10-17 22:15:09,0.0205,0.0172,0.0097,0.4,0.5,0.1,0.003300000000000001,1098331.0,-0.005477,0.006744,1733.15,0.028492,0.013828,0.021521894156881383
ISRG,2014-01-24 01:12:07,0.0195,0.0163,0.0173,0.4,0.4,0.2,0.0032000000000000015,1472985.0,-0.064328,-0.020875,1790.29,-0.000273,-0.00889,0.04953518312887433
ISRG,2014-04-23 04:14:06,0.0218,0.0163,0.0109,0.5,0.375,0.125,0.005500000000000001,2203632.0,-0.114602,-0.002213,1875.39,0.027292,0.004092,0.03986702830660954
ISRG,2014-06-11 23:19:07,0.0259,0.0136,0.0163,0.6666666666666666,0.3333333333333333,0.0,0.0123,430950.0,0.012659,-0.003537,1943.89,0.007363,-0.000246,0.011104956679089322
ISRG,2014-07-23 03:36:24,0.0271,0.0108,0.013,0.3636363636363636,0.3636363636363636,0.2727272727272727,0.0163,2846794.0,0.177147,0.001754,1987.01,0.00885,0.005016,0.05628900858772425
ISRG,2014-10-22 01:06:10,0.0309,0.0128,0.017,0.3076923076923077,0.5384615384615384,0.1538461538461538,0.018099999999999998,899977.0,-0.028158,-0.007299,1927.11,0.021658,0.019574,0.021976733394155363
ISRG,2015-01-23 04:34:12,0.0177,0.0125,0.0177,0.3333333333333333,0.5833333333333334,0.0833333333333333,0.0052,506273.0,-0.014865,-0.005492,2051.82,0.014012,0.01527,0.01688343012180237
ISRG,2015-04-22 01:06:14,0.0125,0.0115,0.0083,0.3076923076923077,0.5384615384615384,0.1538461538461538,0.0010000000000000009,709471.0,-0.054506,0.005088,2107.96,-0.011302,-0.001481,0.02530089494332837
ISRG,2015-07-21 23:48:09,0.0169,0.0085,0.0169,0.2727272727272727,0.5454545454545454,0.1818181818181818,0.008399999999999998,487672.0,0.015032,-0.004262,2119.21,0.015925,0.000771,0.010640647015102317
ISRG,2015-10-21 03:02:09,0.014,0.0108,0.0173,0.3076923076923077,0.5384615384615384,0.1538461538461538,0.0031999999999999997,1133624.0,0.055813,-0.005825,2018.94,-0.011349,-0.001421,0.02155419589494778
ISRG,2016-01-22 03:22:07,0.0197,0.0104,0.0177,0.3076923076923077,0.5384615384615384,0.1538461538461538,0.0093,747760.0,0.018917,0.020284,1906.9,0.001875,0.005195,0.007910822463211427
ISRG,2016-04-20 02:08:16,0.0224,0.0075,0.0213,0.2666666666666666,0.5333333333333333,0.2,0.0149,697495.0,0.033429,0.000762,2102.4,-0.005215,0.003085,0.013295415551150843
ISRG,2016-07-20 04:08:17,0.0168,0.0063,0.0189,0.3076923076923077,0.6153846153846154,0.0769230769230769,0.010499999999999999,1160040.0,0.046361,0.00427,2173.02,0.002028,-0.001435,0.01545514519325038
ISRG,2016-10-19 02:16:26,0.0195,0.0087,0.013,0.3333333333333333,0.5,0.1666666666666666,0.0108,1228185.0,-0.05563,0.002192,2144.29,0.017323,0.00616,0.02029436133072998
ISRG,2017-01-25 03:57:07,0.0247,0.0086,0.0171,0.25,0.5,0.25,0.0161,1134313.0,0.050972,0.008026,2298.37,0.016824,0.006565,0.01996349529210213
ISRG,2017-04-19 02:29:09,0.032,0.0155,0.0122,0.3076923076923077,0.6923076923076923,0.0,0.0165,1132074.0,0.063687,-0.001716,2338.17,-0.011636,-0.002903,0.020806934181768596
ISRG,2017-07-21 01:41:10,0.0316,0.012,0.0131,0.2857142857142857,0.5714285714285714,0.1428571428571428,0.019600000000000003,1024610.0,-0.045548,-0.000368,2472.54,0.00511,-0.000154,0.01801861733781682
ISRG,2017-10-20 03:57:11,0.0267,0.0075,0.016,0.2857142857142857,0.5714285714285714,0.1428571428571428,0.019200000000000002,2021021.0,0.033906,0.005117,2575.21,0.00872,0.000328,0.016316694157620885
ISRG,2018-01-26 03:31:46,0.0347,0.0087,0.0206,0.3333333333333333,0.4444444444444444,0.2222222222222222,0.026000000000000002,1819885.0,-0.021276,0.011841,2872.87,0.028184,0.000603,0.014817005598298403
ISRG,2018-04-18 01:36:10,0.0391,0.0123,0.0179,0.2727272727272727,0.6363636363636364,0.0909090909090909,0.026800000000000004,3469148.0,0.081709,0.000831,2708.64,0.0408,0.010662,0.030294325612599933
ISRG,2018-07-20 01:42:13,0.028,0.014,0.0226,0.25,0.6666666666666666,0.0833333333333333,0.014,2248783.0,-0.008652,-0.000948,2801.83,-0.01254,-0.003953,0.015573369706364698
ISRG,2018-10-19 02:49:07,0.0285,0.011,0.0153,0.2307692307692307,0.7692307692307693,0.0,0.0175,2144173.0,-0.034521,-0.000361,2767.78,-0.037981,-0.014392,0.03317515585310466
ISRG,2019-01-25 01:47:17,0.0304,0.013,0.0163,0.3,0.6,0.1,0.0174,2022710.0,-0.03932,0.008489,2664.76,0.011643,0.001376,0.022940768007341704
ISRG,2019-04-19 00:30:11,0.032,0.0099,0.021,0.2307692307692307,0.6153846153846154,0.1538461538461538,0.0221,2423847.0,0.005829,0.001579,2905.03,-0.064888,-0.002274,0.023016740288562085
ISRG,2019-07-19 03:24:08,0.0181,0.0133,0.0254,0.25,0.5833333333333334,0.1666666666666666,0.004800000000000002,1413401.0,-0.014572,-0.006177,2976.61,0.025081,0.003582,0.015556182679779531
ISRG,2019-10-18 02:40:12,0.0325,0.0135,0.0122,0.2307692307692307,0.6153846153846154,0.1538461538461538,0.019000000000000003,2329741.0,0.069607,-0.003919,2986.2,-0.001584,0.002763,0.02611051358042081
ISRG,2020-01-24 02:47:16,0.0249,0.0336,0.0124,0.3333333333333333,0.5555555555555556,0.1111111111111111,-0.0087,2079363.0,-0.041951,-0.009042,3295.47,0.0078,0.001141,0.017197486281430963
ISRG,2020-04-17 02:55:14,0.0155,0.0297,0.0271,0.1818181818181818,0.6363636363636364,0.1818181818181818,-0.0142,1359249.0,0.03113,0.026794,2874.56,-0.001096,0.005817,0.03282298454521713
ISRG,2020-07-22 02:59:11,0.0152,0.0176,0.0176,0.3636363636363636,0.6363636363636364,0.0,-0.002400000000000001,1125629.0,0.035235,0.005747,3276.02,-0.014067,0.001679,0.029115162647665338
ISRG,2020-10-16 03:18:08,0.0327,0.027,0.0113,0.3333333333333333,0.6666666666666666,0.0,0.0057,1026010.0,0.015762,0.000135,3483.81,-0.013421,-0.001528,0.01560632700043322
ISRG,2021-01-22 00:54:08,0.0312,0.0267,0.0156,0.3333333333333333,0.5555555555555556,0.1111111111111111,0.004499999999999997,1757444.0,-0.068351,-0.003011,3841.47,0.000125,0.000317,0.02908193813730832
JNJ,2007-07-17 16:38:34,0.0233,0.0074,0.0032,0.1428571428571428,0.7142857142857143,0.1428571428571428,0.0159,27568320.0,-0.016614,-9.7e-05,1549.37,0.005833,-0.001919,0.008572763304015027
JNJ,2007-10-16 18:53:28,0.0133,0.0055,0.01,0.375,0.25,0.375,0.0078,14314900.0,-0.008835,-0.006573,1538.53,-0.004398,-0.008381,0.0040568546436864075
JNJ,2008-01-22 20:49:31,0.0191,0.0074,0.0095,0.2727272727272727,0.4545454545454545,0.2727272727272727,0.011699999999999999,29488900.0,-0.015387,-0.011085,1310.5,-0.022704,-0.006045,0.010489456450275304
JNJ,2008-04-15 18:12:12,0.0274,0.0131,0.012,0.1666666666666666,0.5833333333333334,0.25,0.0143,17362000.0,-0.001369,0.0046,1334.43,-0.003939,-0.003384,0.004834077363422671
JNJ,2008-07-15 20:06:27,0.0239,0.0076,0.0109,0.1428571428571428,0.5714285714285714,0.2857142857142857,0.016300000000000002,24203400.0,0.019425,-0.010901,1214.91,0.002264,-0.009028,0.00856151395230747
JNJ,2008-10-14 21:06:29,0.0225,0.0068,0.0068,0.4444444444444444,0.4444444444444444,0.1111111111111111,0.0157,38920500.0,0.021059,-0.005322,998.01,0.122292,0.1158,0.05203712565253559
JNJ,2009-01-20 22:33:13,0.0219,0.0142,0.0055,0.25,0.4166666666666667,0.3333333333333333,0.0076999999999999985,23154400.0,-0.012013,-0.052816,805.22,-0.003124,0.007562,0.007038152747702986
JNJ,2009-04-14 20:11:48,0.0169,0.0203,0.009,0.1538461538461538,0.4615384615384615,0.3846153846153846,-0.0034000000000000002,20773100.0,0.004301,-0.020065,841.5,-0.005057,0.002533,0.008042682803503872
JNJ,2009-07-14 18:53:15,0.0121,0.011,0.0066,0.1428571428571428,0.6428571428571429,0.2142857142857142,0.0011000000000000003,20434000.0,0.008836,0.005316,905.84,0.013877,0.024934,0.010984998364436194
JNJ,2009-10-13 21:36:16,0.0123,0.0101,0.0067,0.2307692307692307,0.6153846153846154,0.1538461538461538,0.0022000000000000006,23508200.0,-0.024308,-0.002788,1073.19,0.012796,0.004386,0.01233901096162534
JNJ,2010-01-26 18:25:18,0.0198,0.0132,0.0033,0.2307692307692307,0.5384615384615384,0.2307692307692307,0.006600000000000002,15630200.0,-0.006802,-0.004203,1092.17,0.000316,0.004598,0.0092538848304674
JNJ,2010-04-20 20:53:14,0.0255,0.0144,0.0089,0.1333333333333333,0.6666666666666666,0.2,0.011099999999999999,11916300.0,-0.000606,0.008058,1207.17,0.015534,0.004521,0.006699155565359565
JNJ,2010-07-20 18:11:46,0.0143,0.0253,0.0055,0.1333333333333333,0.7333333333333333,0.1333333333333333,-0.011,22305300.0,-0.016619,0.011417,1083.48,0.002187,0.005982,0.013214623164846135
JNJ,2010-10-19 21:05:30,0.0145,0.0256,0.0044,0.1875,0.625,0.1875,-0.0111,17235400.0,-0.008926,-0.015877,1165.9,0.004562,0.007244,0.004380199127893528
JNJ,2011-01-26 00:06:15,0.0107,0.0289,0.0107,0.2142857142857142,0.6428571428571429,0.1428571428571428,-0.0182,20266900.0,-0.007859,0.004221,1296.63,-0.018322,0.000263,0.008191171402457868
JNJ,2011-04-19 19:31:22,0.0178,0.0166,0.0067,0.1428571428571428,0.7142857142857143,0.1428571428571428,0.0011999999999999997,26100000.0,0.036884,0.005731,1312.62,-0.001651,-0.011018,0.012281492319746783
JNJ,2011-07-19 13:21:22,0.0202,0.0138,0.0043,0.1875,0.6875,0.125,0.0063999999999999994,13677500.0,-0.005515,0.016309,1326.73,-0.005337,-0.00813,0.004958513374882441
JNJ,2011-10-18 19:31:15,0.0229,0.0076,0.0076,0.1333333333333333,0.8,0.0666666666666666,0.015300000000000001,11705400.0,0.009876,0.020419,1225.38,-0.01437,-0.01937,0.009628165770280413
JNJ,2012-01-24 19:51:09,0.018,0.0127,0.0042,0.1875,0.75,0.0625,0.005299999999999999,12367900.0,0.0,-0.001026,1314.65,-0.004137,0.000471,0.002404824724497597
JNJ,2012-04-17 19:21:10,0.0197,0.0197,0.0066,0.1176470588235294,0.8235294117647058,0.0588235294117647,0.0,18322900.0,0.003751,0.015487,1390.78,0.006925,-0.000504,0.005839509988004074
JNJ,2012-04-26 21:01:03,0.0248,0.0087,0.005,0.5,0.0,0.5,0.0161,9139800.0,0.004967,0.00668,1399.98,0.01035,0.013645,0.008795980585219305
JNJ,2012-07-17 20:57:08,0.015,0.0182,0.0053,0.1764705882352941,0.7058823529411765,0.1176470588235294,-0.0032000000000000015,24204000.0,0.008035,0.00741,1363.67,-0.002332,-0.002314,0.005359718741584141
JNJ,2012-10-16 17:08:05,0.0143,0.0154,0.0022,0.2857142857142857,0.5714285714285714,0.1428571428571428,-0.0011000000000000003,13690000.0,0.013848,0.01027,1454.92,0.009269,0.008078,0.007929713000270946
JNJ,2013-01-22 18:41:06,0.0161,0.0172,0.0032,0.3,0.6,0.1,-0.0011000000000000003,11471500.0,-0.007374,0.004428,1492.56,0.004527,0.003403,0.00410625009927272
JNJ,2013-04-16 17:34:08,0.028,0.0172,0.0097,0.1538461538461538,0.6923076923076923,0.1538461538461538,0.0108,12620600.0,0.021172,0.014307,1574.57,-0.012449,-0.022966,0.010104194431576945
JNJ,2013-04-26 22:53:09,0.0315,0.0053,0.0066,0.2,0.0,0.8,0.0262,6785900.0,-0.001173,-0.001842,1582.24,0.009835,0.004035,0.011512543449550027
JNJ,2013-07-16 18:47:08,0.0215,0.0151,0.0097,0.2222222222222222,0.6666666666666666,0.1111111111111111,0.006399999999999998,11413000.0,0.0,-0.003709,1676.26,0.004556,0.001375,0.003834299537652729
JNJ,2013-10-15 16:25:06,0.0252,0.0154,0.0088,0.2,0.7333333333333333,0.0666666666666666,0.0098,11032700.0,0.001448,-0.007064,1698.06,0.003913,0.004075,0.01106408465662155
JNJ,2014-01-21 19:49:05,0.0209,0.0125,0.0063,0.25,0.6666666666666666,0.0833333333333333,0.008399999999999998,16368700.0,-0.010835,0.002774,1843.8,0.004438,-0.003895,0.008213956134395732
JNJ,2014-03-04 19:11:06,0.0594,0.0092,0.0106,0.5,0.5,0.0,0.0502,8796989.0,0.019441,0.015268,1873.91,-0.006079,-0.007379,0.007987814792962223
JNJ,2014-04-15 17:45:09,0.0243,0.0127,0.0116,0.1176470588235294,0.7647058823529411,0.1176470588235294,0.0116,14005235.0,0.021206,0.006757,1842.98,0.002787,0.008217,0.011403532357709729
JNJ,2014-07-15 19:35:09,0.025,0.0094,0.0104,0.2941176470588235,0.6470588235294118,0.0588235294117647,0.015600000000000001,14224802.0,-0.019928,-0.001932,1973.28,0.002664,0.004844,0.009162137339192291
JNJ,2014-09-10 19:04:07,0.0268,0.0255,0.0153,0.6666666666666666,0.3333333333333333,0.0,0.0013000000000000025,7406861.0,0.011464,0.003646,1995.69,-0.002403,-0.006545,0.005328031527267362
JNJ,2014-10-14 16:33:10,0.0289,0.0139,0.0129,0.1538461538461538,0.8461538461538461,0.0,0.015,20808277.0,-0.021287,0.001579,1877.7,-0.020844,-0.016468,0.017093843443051496
JNJ,2015-01-20 20:17:09,0.0173,0.0133,0.0133,0.2307692307692307,0.7692307692307693,0.0,0.004,20467800.0,-0.026432,0.00155,2022.55,0.015123,0.013424,0.014567304952072153
JNJ,2015-04-14 19:18:07,0.0198,0.0177,0.0135,0.2,0.8,0.0,0.002100000000000001,9322175.0,-0.000298,0.00163,2095.84,-0.014795,-0.004581,0.00960833929227912
JNJ,2015-06-11 20:51:18,0.0308,0.0176,0.0088,0.6666666666666666,0.3333333333333333,0.0,0.0132,6175188.0,0.003641,0.001739,2108.86,0.006822,0.012042,0.005667742828204714
JNJ,2015-07-14 22:43:10,0.0219,0.0156,0.0125,0.2857142857142857,0.7142857142857143,0.0,0.0063,9890556.0,-0.004887,0.004453,2108.95,0.007435,0.011066,0.007553890667875831
JNJ,2015-09-10 21:32:10,0.0273,0.0104,0.0117,0.5,0.5,0.0,0.016900000000000002,8359464.0,0.005422,0.005278,1952.29,-0.01831,-0.013898,0.01633969799836512
JNJ,2015-09-18 00:11:16,0.0338,0.0135,0.0095,0.3333333333333333,0.3333333333333333,0.3333333333333333,0.0203,14211147.0,-0.015289,-0.016164,1958.03,0.002431,-0.002561,0.01411719027757764
JNJ,2015-10-13 19:46:08,0.0255,0.0128,0.0074,0.1875,0.75,0.0625,0.012699999999999998,12761886.0,-0.005626,-0.006825,2003.69,0.006501,0.001276,0.00853313523272656
JNJ,2016-01-26 20:30:11,0.0219,0.0167,0.0125,0.2307692307692307,0.6923076923076923,0.0769230769230769,0.0052,17266649.0,0.049585,0.014144,1903.63,-0.003618,-0.015638,0.02024260012943
JNJ,2016-03-17 19:13:09,0.0472,0.0112,0.0062,0.4,0.4,0.2,0.036,8571060.0,-0.006238,0.006595,2040.59,-0.003248,0.0056,0.0041029449315230435
JNJ,2016-04-19 16:20:17,0.017,0.018,0.0149,0.1538461538461538,0.7692307692307693,0.0769230769230769,-0.0009999999999999974,10526437.0,0.015776,0.003085,2100.8,0.006807,0.006541,0.005313986477003619
JNJ,2016-05-23 15:38:09,0.0223,0.0098,0.0084,0.6666666666666666,0.0,0.3333333333333333,0.0125,6462321.0,-0.004261,-0.002085,2048.04,0.005228,0.006019,0.005666881305738883
JNJ,2016-06-08 20:22:20,0.0427,0.0065,0.0142,0.6666666666666666,0.3333333333333333,0.0,0.0362,5863782.0,0.000605,0.003309,2119.12,-0.000345,0.001289,0.005789616518676594
JNJ,2016-07-19 19:20:34,0.0159,0.019,0.0127,0.2,0.7333333333333333,0.0666666666666666,-0.0030999999999999986,11325700.0,0.017135,-0.001435,2163.78,0.001138,0.002382,0.005367287811879957
JNJ,2016-09-08 20:14:18,0.0438,0.0192,0.0233,0.6666666666666666,0.3333333333333333,0.0,0.0246,4833010.0,-0.00117,-0.002223,2181.3,-0.001169,-0.000146,0.003454369336233556
JNJ,2016-09-14 19:43:09,0.0388,0.0107,0.008,0.75,0.25,0.0,0.0281,6124894.0,0.002126,-0.000588,2125.77,-0.013008,-0.014831,0.006246190230852684
JNJ,2016-10-18 23:36:20,0.0222,0.0222,0.0095,0.3636363636363636,0.5454545454545454,0.0909090909090909,0.0,12598255.0,-0.025994,0.00616,2139.6,0.007911,-0.003038,0.011016172457396924
JNJ,2017-01-10 02:01:13,0.0593,0.0074,0.0148,0.5,0.5,0.0,0.0519,5312812.0,-0.001032,0.0,2268.9,-0.000172,-0.003549,0.005078872687691367
JNJ,2017-01-24 23:32:05,0.0241,0.0142,0.0131,0.2727272727272727,0.6363636363636364,0.0909090909090909,0.009899999999999999,12450307.0,-0.018875,0.006565,2280.07,-0.002102,-0.00269,0.006550274621045335
JNJ,2017-01-26 19:28:09,0.0696,0.018,0.0142,0.5,0.5,0.0,0.05159999999999999,10164341.0,-0.008511,-0.000735,2296.68,0.009306,0.008026,0.007332699488516381
JNJ,2017-03-14 16:37:05,0.0419,0.0108,0.0284,0.6666666666666666,0.3333333333333333,0.0,0.0311,7679707.0,0.002921,-0.003379,2365.45,0.003724,0.000367,0.005674865907373166
JNJ,2017-04-18 19:15:10,0.0199,0.0321,0.0166,0.2,0.6,0.2,-0.012199999999999996,13485682.0,-0.031021,-0.002903,2342.19,0.00584,0.008613,0.01092524572060304
JNJ,2017-06-08 17:47:07,0.0387,0.0304,0.0152,1.0,0.0,0.0,0.008299999999999998,8101669.0,-0.00153,0.000267,2433.79,-0.000611,0.001568,0.004699255261327133
JNJ,2017-06-15 21:33:24,0.0346,0.0101,0.0159,0.5,0.5,0.0,0.0245,5264996.0,0.002034,-0.00224,2432.46,0.005681,-0.000996,0.003583023651734457
JNJ,2017-07-18 18:30:09,0.0261,0.0283,0.0207,0.2,0.6666666666666666,0.1333333333333333,-0.002199999999999997,10255960.0,0.01748,0.000598,2460.61,-0.003394,-5.3e-05,0.007910153997658091
JNJ,2017-09-05 21:01:37,0.0585,0.0247,0.0052,0.5,0.5,0.0,0.033800000000000004,5154935.0,-0.008624,-0.007551,2457.85,-0.010123,0.001982,0.008275241343241199
JNJ,2017-09-14 01:19:31,0.0191,0.0368,0.0163,0.5,0.5,0.0,-0.0177,6274510.0,0.013062,-0.001101,2495.62,-0.001357,0.000757,0.010292259369707554
JNJ,2017-10-17 20:18:08,0.0292,0.0216,0.013,0.3125,0.625,0.0625,0.007599999999999999,11717348.0,0.034308,0.000672,2559.36,-0.002272,0.001751,0.011799946209387742
JNJ,2017-12-07 21:25:08,0.0302,0.0245,0.0144,0.25,0.0,0.75,0.0057,4713177.0,-0.007444,0.002932,2636.98,0.009952,-0.000114,0.007147023548303142
JNJ,2017-12-14 23:16:10,0.02,0.02,0.0114,0.6666666666666666,0.3333333333333333,0.0,0.0,5337934.0,-0.008678,-0.004071,2652.01,0.002034,-0.000473,0.006973398552913594
JNJ,2018-01-09 01:02:14,0.0485,0.018,0.0083,0.6666666666666666,0.3333333333333333,0.0,0.030500000000000003,8897002.0,0.015857,0.001303,2751.29,0.00127,0.001662,0.006590355798859058
JNJ,2018-01-23 22:40:05,0.027,0.0184,0.0086,0.2142857142857142,0.7857142857142857,0.0,0.0086,17473631.0,-0.042595,0.002174,2839.13,0.005293,0.008067,0.01577344618021058
JNJ,2018-03-13 19:11:08,0.0396,0.0115,0.014,0.5,0.5,0.0,0.028100000000000003,9152306.0,0.012968,-0.006364,2765.31,-0.008744,-0.001274,0.014519198354056743
JNJ,2018-03-13 20:15:09,0.0349,0.0134,0.0108,0.25,0.5,0.25,0.0215,9152306.0,0.012968,-0.006364,2765.31,-0.008744,-0.001274,0.014519198354056743
JNJ,2018-04-17 20:34:08,0.0218,0.0229,0.0109,0.25,0.75,0.0,-0.0011000000000000003,11008695.0,-0.009259,0.010662,2706.39,0.008728,0.008109,0.01057982747653916
JNJ,2018-05-21 17:30:07,0.0366,0.007,0.0085,0.3333333333333333,0.3333333333333333,0.3333333333333333,0.0296,5558662.0,-0.004185,0.007387,2733.01,0.003149,-0.002632,0.009887994255661742
JNJ,2018-06-12 22:13:10,0.0455,0.0026,0.0117,0.8,0.2,0.0,0.0429,5227303.0,-0.000978,0.001743,2786.85,-0.011285,0.001069,0.009201818262954561
JNJ,2018-07-17 20:59:08,0.0295,0.0197,0.0142,0.2142857142857142,0.7857142857142857,0.0,0.0098,12858746.0,0.035448,0.003974,2809.55,-0.009847,-0.001028,0.014892815325593141
JNJ,2018-09-06 18:19:07,0.0372,0.0146,0.012,0.5,0.25,0.25,0.022599999999999995,6562238.0,0.007434,-0.003652,2878.05,0.016004,-0.002803,0.006678128200825907
JNJ,2018-09-06 21:51:10,0.0477,0.0079,0.0199,0.5,0.5,0.0,0.0398,6562238.0,0.007434,-0.003652,2878.05,0.016004,-0.002803,0.006678128200825907
JNJ,2018-09-13 21:31:43,0.0663,0.011,0.0098,0.3846153846153846,0.5384615384615384,0.0769230769230769,0.0553,6456132.0,0.003803,0.005282,2904.18,0.006137,0.000357,0.006538457855046697
JNJ,2018-10-16 19:18:11,0.0563,0.0152,0.0152,0.2941176470588235,0.6470588235294118,0.0588235294117647,0.041100000000000005,9592783.0,0.019485,0.021496,2809.92,0.000598,-0.005905,0.012176759133237725
JNJ,2018-12-05 20:11:09,0.0407,0.0281,0.0169,0.25,0.0,0.75,0.0126,9803458.0,-0.001231,-0.032365,2700.06,-0.004697,0.010941,0.014031434077337432
JNJ,2019-01-22 19:45:21,0.0385,0.0187,0.0062,0.2727272727272727,0.6363636363636364,0.0909090909090909,0.019799999999999998,10568128.0,-0.014462,-0.014157,2632.9,0.012395,0.013183,0.012251323524419709
JNJ,2019-02-19 19:53:09,0.047,0.0104,0.0013,1.0,0.0,0.0,0.0366,5935948.0,-0.005059,0.001499,2779.76,0.015412,0.010879,0.007885217478153505
JNJ,2019-03-01 23:02:26,0.0346,0.0284,0.0086,0.6666666666666666,0.0,0.3333333333333333,0.006199999999999997,5641586.0,0.012515,0.006895,2803.69,0.005667,-0.002826,0.007314315367065373
JNJ,2019-03-14 18:26:17,0.0343,0.0105,0.0198,0.5,0.3333333333333333,0.1666666666666666,0.023799999999999995,8493603.0,-0.009971,-0.000868,2808.48,0.001653,0.00695,0.006065400022532154
JNJ,2019-04-16 18:22:23,0.037,0.0191,0.0034,0.3333333333333333,0.5333333333333333,0.1333333333333333,0.0179,10745724.0,0.010987,0.000509,2907.06,0.003971,-0.000629,0.006368843597284076
JNJ,2019-07-16 20:11:43,0.0505,0.0479,0.0117,0.3076923076923077,0.6153846153846154,0.0769230769230769,0.002600000000000005,10214538.0,-0.016406,-0.003404,3004.04,0.003053,0.000176,0.015664351575046646
JNJ,2019-09-05 20:00:08,0.041,0.0103,0.0051,0.6666666666666666,0.3333333333333333,0.0,0.0307,4754074.0,-0.002173,0.01301,2976.0,0.000932,0.010842,0.010863966781163399
JNJ,2019-09-05 21:15:24,0.1087,0.0217,0.0,0.5,0.5,0.0,0.08700000000000001,4754074.0,-0.002173,0.01301,2976.0,0.000932,0.010842,0.010863966781163399
JNJ,2019-09-10 20:24:10,0.0326,0.0339,0.0169,0.75,0.25,0.0,-0.0013000000000000025,8239733.0,0.020481,0.000322,2979.39,-0.009828,-9.4e-05,0.009391254040624988
JNJ,2019-10-15 19:48:06,0.0464,0.0464,0.0138,0.3333333333333333,0.6,0.0666666666666666,0.0,10048879.0,0.016218,0.009956,2995.68,-0.004645,-0.001387,0.013675172440919658
JNJ,2020-01-22 19:44:09,0.0452,0.0297,0.009,0.25,0.5833333333333334,0.1666666666666666,0.015499999999999996,10305334.0,-0.006833,0.000289,3321.75,0.00067,-0.002652,0.004491167218985356
JNJ,2020-04-14 20:38:12,0.0331,0.0357,0.0102,0.4545454545454545,0.3636363636363636,0.1818181818181818,-0.002600000000000005,13838016.0,0.044788,0.030573,2846.06,-0.010338,-0.010105,0.027578363769850865
JNJ,2020-07-16 19:57:10,0.0274,0.0384,0.0055,0.3846153846153846,0.5384615384615384,0.0769230769230769,-0.010999999999999996,9304669.0,0.006677,-0.003406,3215.57,0.002299,0.009082,0.008660461060988011
JNJ,2020-10-13 20:21:06,0.0341,0.0203,0.0096,0.4615384615384615,0.4615384615384615,0.0769230769230769,0.0138,11057570.0,-0.022919,-0.006307,3511.93,0.005763,0.016419,0.013301018709941843
JNJ,2021-01-26 19:03:23,0.0532,0.0106,0.0095,0.25,0.5833333333333334,0.1666666666666666,0.0426,14205687.0,0.027112,-0.001489,3849.62,0.014858,0.003616,0.011791687149098845
JPM,2007-07-18 17:33:05,0.0422,0.0169,0.0072,0.1818181818181818,0.5454545454545454,0.2727272727272727,0.025300000000000003,35536400.0,-0.023638,-0.002065,1546.17,0.001806,-9.7e-05,0.01678499697812173
JPM,2007-10-17 19:49:31,0.0212,0.0224,0.0059,0.2,0.5,0.3,-0.0011999999999999997,34659600.0,0.027932,0.001761,1541.24,-0.02507,-0.006573,0.014363527636962223
JPM,2008-01-16 19:57:53,0.0255,0.0093,0.0093,0.2,0.5,0.3,0.0162,63183700.0,0.057697,-0.005612,1373.2,-0.05295,-0.024925,0.03255136437147366
JPM,2008-03-18 05:03:11,0.0281,0.0089,0.014,0.2727272727272727,0.2727272727272727,0.4545454545454545,0.019200000000000002,76994200.0,0.059539,0.04241,1330.74,0.103175,-0.008959,0.048960795429268365
JPM,2008-04-16 19:23:19,0.0328,0.0194,0.0121,0.25,0.375,0.375,0.013400000000000002,52572600.0,0.067426,0.022691,1364.71,0.01494,0.0046,0.027746252636066802
JPM,2008-07-17 18:51:32,0.0226,0.0131,0.0155,0.1818181818181818,0.4545454545454545,0.3636363636363636,0.009499999999999998,132121400.0,0.135225,0.012013,1260.32,0.158607,0.025064,0.07443470218094962
JPM,2008-10-15 19:51:25,0.0207,0.0149,0.0057,0.1538461538461538,0.5384615384615384,0.3076923076923077,0.0058,84755600.0,-0.054532,-0.09035,907.84,-0.030484,-0.005322,0.0676277553622278
JPM,2009-01-21 19:27:20,0.0221,0.0302,0.0197,0.25,0.375,0.375,-0.0081,136495300.0,0.250967,0.043491,840.24,-0.207274,-0.052816,0.1158554813149171
JPM,2009-04-17 12:32:38,0.0168,0.0503,0.0378,0.1666666666666666,0.3333333333333333,0.5,-0.0335,104962000.0,0.000602,0.004969,869.6,0.020885,0.015539,0.07522624579552592
JPM,2009-07-16 18:16:43,0.0244,0.0268,0.0171,0.1052631578947368,0.5263157894736842,0.3684210526315789,-0.0023999999999999994,71465100.0,-0.003585,0.008642,940.74,0.044957,0.02963,0.035306434135217286
JPM,2009-10-14 22:18:10,0.0177,0.0307,0.0012,0.125,0.5625,0.3125,-0.013000000000000001,70368600.0,0.032852,0.017546,1092.02,-0.009115,-0.002788,0.02826515955671679
JPM,2010-01-15 19:41:27,0.022,0.0244,0.0012,0.1052631578947368,0.4210526315789473,0.4736842105263157,-0.002400000000000003,69741600.0,-0.0226,-0.010823,1136.03,0.009943,0.002427,0.017945700496838073
JPM,2010-04-14 17:59:14,0.0348,0.0273,0.0062,0.0952380952380952,0.3809523809523809,0.5238095238095238,0.007499999999999996,72533100.0,0.040549,0.01115,1210.65,-0.005852,0.000685,0.013759659716399343
JPM,2010-07-15 16:18:16,0.0332,0.0418,0.0025,0.0555555555555555,0.3888888888888889,0.5555555555555556,-0.008599999999999997,81876100.0,0.002726,0.001196,1096.48,-0.003211,-0.000155,0.019313563193028453
JPM,2010-10-13 21:33:25,0.0207,0.037,0.0044,0.1176470588235294,0.5882352941176471,0.2941176470588235,-0.0163,69607700.0,-0.013861,0.007121,1178.1,0.016864,0.003819,0.012528571657969695
JPM,2011-01-20 11:06:30,0.0119,0.0269,0.0022,0.1052631578947368,0.5263157894736842,0.3684210526315789,-0.015,46977700.0,0.023793,-0.001295,1280.26,-0.02324,-0.010116,0.01612381253681075
JPM,2011-04-15 07:21:26,0.0212,0.0312,0.0111,0.1176470588235294,0.6470588235294118,0.2352941176470588,-0.009999999999999998,32483900.0,-0.001779,0.003925,1319.68,-0.027676,8.4e-05,0.013042697481732578
JPM,2011-07-14 20:11:30,0.0181,0.0362,0.0074,0.0909090909090909,0.5,0.4090909090909091,-0.0181,65336300.0,0.018425,-0.006716,1308.87,0.005839,0.003106,0.017887800903284578
JPM,2011-10-17 21:02:51,0.0106,0.033,0.0053,0.1,0.55,0.35,-0.022400000000000003,40869700.0,-0.026654,-0.01937,1200.86,0.009177,0.01738,0.04142879572900409
JPM,2011-12-08 00:26:03,0.0215,0.0139,0.0088,0.25,0.25,0.5,0.007599999999999999,47788900.0,-0.052353,-0.021142,1234.35,0.023172,0.002018,0.04085391173994905
JPM,2012-01-13 19:51:09,0.0123,0.0236,0.0031,0.0869565217391304,0.7391304347826086,0.1739130434782608,-0.0113,61577100.0,-0.025237,-0.004948,1289.09,0.005183,0.002337,0.02115635105168692
JPM,2012-02-28 20:31:03,0.0152,0.0117,0.0117,0.5294117647058824,0.1764705882352941,0.2941176470588235,0.0034999999999999996,37905500.0,0.00384,0.003356,1372.18,0.020376,0.001355,0.0121230526023767
JPM,2012-04-13 19:31:03,0.0271,0.0163,0.0076,0.1333333333333333,0.7333333333333333,0.1333333333333333,0.0108,58183900.0,-0.036351,-0.012475,1370.26,0.018859,0.013779,0.01896722729692788
JPM,2012-07-13 14:57:06,0.0225,0.0476,0.0238,0.1578947368421052,0.4736842105263157,0.3684210526315789,-0.025100000000000004,83001200.0,0.059636,0.016497,1356.78,-0.015901,-0.004987,0.026163661493886128
JPM,2012-10-12 15:16:09,0.0265,0.0188,0.0033,0.1333333333333333,0.4,0.4666666666666667,0.0076999999999999985,44570600.0,-0.011401,-0.002966,1428.59,0.0079,0.000195,0.010232362206363442
JPM,2013-01-16 19:19:03,0.0389,0.0126,0.0011,0.1176470588235294,0.4705882352941176,0.4117647058823529,0.026299999999999997,43459500.0,0.01014,0.000197,1472.63,0.010244,0.001129,0.007889788376263003
JPM,2013-03-06 01:29:06,0.0232,0.0232,0.0219,1.0,0.0,0.0,0.0,19611200.0,0.010911,0.001085,1541.46,0.007943,0.009566,0.015863685089606852
JPM,2013-04-12 15:09:08,0.029,0.0248,0.0052,0.1333333333333333,0.5333333333333333,0.3333333333333333,0.004200000000000002,37808400.0,-0.006084,-0.002837,1588.85,0.001218,0.003552,0.011468558962077983
JPM,2013-05-21 23:57:04,0.0318,0.033,0.0073,0.0526315789473684,0.0,0.9473684210526316,-0.0011999999999999997,37122000.0,0.013961,0.001722,1669.16,-0.000191,-0.000708,0.011978193459133847
JPM,2013-06-11 22:57:09,0.0466,0.0282,0.0123,1.0,0.0,0.0,0.018400000000000003,17604000.0,-0.016004,-0.010153,1626.13,0.001658,-0.000347,0.013220572011914433
JPM,2013-07-12 16:59:04,0.0377,0.0111,0.0166,0.0952380952380952,0.4761904761904761,0.4285714285714285,0.0266,32571800.0,-0.003083,0.003087,1680.19,0.005654,0.013554,0.009675475960729756
JPM,2013-09-09 21:53:06,0.0213,0.0125,0.005,0.5,0.5,0.0,0.008799999999999999,19936300.0,0.005708,0.009993,1671.71,0.008636,5.4e-05,0.011154265412836152
JPM,2013-10-11 16:36:06,0.0199,0.0292,0.0199,0.1333333333333333,0.5333333333333333,0.3333333333333333,-0.0093,32498800.0,-0.00019,0.006286,1703.2,0.034877,0.02183,0.01578099481479027
JPM,2013-12-11 19:33:05,0.036,0.0161,0.0099,0.5,0.5,0.0,0.019899999999999998,17836100.0,-0.011111,-0.011317,1782.22,0.003362,-0.00318,0.009781432253679745
JPM,2014-01-14 18:14:07,0.0412,0.0123,0.0145,0.1052631578947368,0.5789473684210527,0.3157894736842105,0.028900000000000002,30318900.0,0.000693,0.010818,1838.88,-0.013507,-0.012576,0.008224845906019802
JPM,2014-04-11 17:30:08,0.0386,0.0236,0.0139,0.1333333333333333,0.4666666666666667,0.4,0.015000000000000003,47248387.0,-0.036585,-0.009487,1815.69,-0.031551,-0.020885,0.016192816743852607
JPM,2014-05-21 21:45:07,0.0279,0.0474,0.0042,1.0,0.0,0.0,-0.019499999999999997,13210922.0,0.007446,0.008116,1888.03,-0.002043,-0.006498,0.008503045368833298
JPM,2014-06-11 18:36:08,0.0289,0.0133,0.0048,0.5,0.5,0.0,0.0156,14232171.0,-0.010881,-0.003537,1943.89,0.00836,-0.000246,0.007749897100391681
JPM,2014-07-15 22:02:06,0.0382,0.0084,0.0084,0.1176470588235294,0.4705882352941176,0.4117647058823529,0.0298,36219126.0,0.035175,-0.001932,1973.28,0.008781,0.004844,0.014281210322580175
JPM,2014-10-14 20:49:06,0.0477,0.0145,0.0166,0.1428571428571428,0.3571428571428571,0.5,0.0332,29096840.0,-0.002923,0.001579,1877.7,-0.006152,-0.016468,0.014426938567985844
JPM,2014-11-13 00:36:16,0.0287,0.0235,0.0091,0.5,0.5,0.0,0.0052,12240366.0,-0.005449,0.00053,2039.33,-0.013199,-0.000701,0.010792416388886401
JPM,2014-12-10 20:55:05,0.0183,0.0113,0.0268,0.5,0.5,0.0,0.007000000000000001,29620579.0,-0.028343,-0.016351,2026.14,-0.00351,-0.000238,0.013651025587844774
JPM,2015-01-15 15:06:05,0.0359,0.009,0.014,0.1,0.45,0.45,0.0269,42458146.0,-0.032037,-0.009248,1992.67,-0.0345,-0.005813,0.019157815162196407
JPM,2015-04-14 17:20:08,0.0301,0.012,0.005,0.1333333333333333,0.4666666666666667,0.4,0.018099999999999998,33775406.0,0.015628,0.00163,2095.84,0.005997,-0.004581,0.006432717508521352
JPM,2015-06-02 17:16:09,0.0351,0.0267,0.007,0.5,0.5,0.0,0.008399999999999998,12784152.0,-0.000908,-0.001009,2109.6,0.004561,0.002059,0.007310506576154149
JPM,2015-07-14 21:29:07,0.0402,0.0049,0.0059,0.1052631578947368,0.631578947368421,0.2631578947368421,0.0353,20185118.0,0.013952,0.004453,2108.95,0.015511,0.011066,0.012365745558238852
JPM,2015-09-19 03:02:16,0.023,0.0474,0.0203,0.5,0.5,0.0,-0.024399999999999998,31008001.0,-0.027295,-0.016164,1958.03,-0.02323,-0.002561,0.01842637816374467
JPM,2015-10-14 04:03:05,0.0319,0.0077,0.0058,0.1176470588235294,0.6470588235294118,0.2352941176470588,0.0242,28989352.0,-0.025345,-0.004716,1994.24,-0.002754,-0.006825,0.011178767008634108
JPM,2015-11-17 22:26:09,0.0294,0.0103,0.0308,0.5,0.5,0.0,0.0191,12354839.0,-0.005713,-0.001339,2050.44,0.014491,0.014903,0.014822153629692792
JPM,2015-12-08 21:55:06,0.024,0.0311,0.0198,0.5,0.5,0.0,-0.007099999999999999,13084484.0,-0.015522,-0.00649,2063.59,-0.013109,-0.00699,0.015062776081748075
JPM,2016-01-14 20:09:08,0.0279,0.0129,0.0139,0.125,0.5,0.375,0.015000000000000001,31296332.0,0.014998,0.016696,1921.84,-0.027476,-0.024965,0.017381976522631914
JPM,2016-04-14 00:58:18,0.0342,0.0278,0.0128,0.1578947368421052,0.5789473684210527,0.2631578947368421,0.006400000000000003,24249920.0,0.012947,0.000173,2082.78,0.042341,0.01004,0.018391854377232487
JPM,2016-05-17 19:31:42,0.0451,0.0183,0.0097,0.125,0.0,0.875,0.0268,12180930.0,0.0,-0.009411,2047.21,0.007516,0.009797,0.008650418707913225
JPM,2016-06-01 18:07:10,0.0284,0.0227,0.017,1.0,0.0,0.0,0.0057,14031018.0,0.006435,0.00113,2099.33,-0.002445,-0.001,0.0143118916678091
JPM,2016-06-03 04:03:13,0.0388,0.0263,0.0175,0.5,0.5,0.0,0.0125,20261681.0,-0.017778,-0.002912,2099.13,0.001827,0.002825,0.01024627683058005
JPM,2016-06-14 18:29:23,0.0245,0.0233,0.0155,0.5,0.5,0.0,0.0011999999999999997,19509322.0,-0.018808,-0.001799,2075.32,-0.008929,-0.008115,0.010128117039541935
JPM,2016-07-14 19:42:12,0.0386,0.0219,0.0115,0.1052631578947368,0.5263157894736842,0.3684210526315789,0.016700000000000003,28985935.0,0.0152,0.005259,2163.75,-0.000633,0.000135,0.014286852013496467
JPM,2016-09-12 21:10:05,0.0231,0.0051,0.0013,0.5,0.5,0.0,0.018,16452983.0,0.006151,0.014677,2159.04,-0.008922,-0.024522,0.006195885915490252
JPM,2016-10-14 18:14:08,0.0369,0.0133,0.0103,0.0833333333333333,0.5833333333333334,0.3333333333333333,0.023600000000000003,24163776.0,-0.003248,0.000202,2132.98,-0.005724,-0.003099,0.007078009027182823
JPM,2016-11-15 21:51:23,0.0374,0.024,0.0093,0.5,0.5,0.0,0.013400000000000002,28126307.0,-0.001887,0.007481,2180.39,0.036771,-0.000116,0.022766988637059404
JPM,2016-12-06 19:29:12,0.0254,0.0174,0.0174,0.5,0.5,0.0,0.008,16130043.0,0.005165,0.003411,2212.23,0.020343,0.005821,0.009224074626275721
JPM,2017-01-13 22:06:17,0.0421,0.0086,0.0077,0.125,0.5625,0.3125,0.0335,28295985.0,0.005334,0.00185,2274.64,-0.009646,-0.002145,0.006604962646878438
JPM,2017-04-13 19:15:07,0.0342,0.0101,0.0101,0.1538461538461538,0.5384615384615384,0.3076923076923077,0.024100000000000003,30529763.0,-0.01171,-0.006815,2328.95,-0.003849,-0.00376,0.0060838429229479705
JPM,2017-05-16 22:47:13,0.0372,0.0124,0.0112,0.75,0.0,0.25,0.024799999999999996,9794968.0,0.003091,-0.000687,2400.67,0.004832,0.004776,0.0040622611875097666
JPM,2017-06-01 02:09:08,0.0304,0.0406,0.0217,0.5,0.5,0.0,-0.010199999999999997,17123490.0,0.011077,0.007571,2430.06,-0.020858,-0.00046,0.01113275153968853
JPM,2017-06-14 03:08:08,0.0304,0.0228,0.0152,0.5,0.5,0.0,0.007599999999999999,16175654.0,-0.002063,-0.000996,2437.92,0.003334,0.004511,0.008621188964792456
JPM,2017-07-14 17:59:08,0.0348,0.0149,0.0099,0.1666666666666666,0.5833333333333334,0.25,0.019899999999999998,22235168.0,-0.00913,0.004674,2459.27,0.006378,0.001875,0.008957535546491535
JPM,2017-09-13 00:23:05,0.023,0.0365,0.0189,1.0,0.0,0.0,-0.013499999999999998,12485428.0,0.002861,0.000757,2498.37,0.012251,0.003364,0.012597790529824114
JPM,2017-10-12 16:49:08,0.0274,0.0112,0.0071,0.125,0.5625,0.3125,0.0162,18251616.0,-0.008777,-0.001687,2550.93,-0.002986,0.001803,0.008583297374681538
JPM,2017-12-05 23:49:10,0.0484,0.0052,0.0131,1.0,0.0,0.0,0.0432,17193948.0,-0.011501,-0.003739,2629.57,0.020613,-0.001052,0.014851188996919229
JPM,2017-12-08 04:27:15,0.0235,0.0301,0.0131,0.5,0.5,0.0,-0.006599999999999998,13506869.0,0.012521,0.005506,2651.5,-0.002954,0.002932,0.015118607506792314
JPM,2018-01-12 20:09:07,0.0251,0.012,0.0076,0.1333333333333333,0.6666666666666666,0.2,0.0131,18884229.0,0.01651,0.00675,2786.24,0.005351,0.007034,0.008156171657094561
JPM,2018-04-13 18:51:10,0.0204,0.0269,0.0183,0.0769230769230769,0.6153846153846154,0.3076923076923077,-0.006499999999999999,39152760.0,-0.027079,-0.002887,2656.3,0.02486,0.008251,0.02032035206415243
JPM,2018-05-15 22:05:07,0.0349,0.0048,0.0036,0.6,0.2,0.2,0.030100000000000002,11536212.0,-0.007638,-0.006842,2711.45,0.000351,0.000884,0.0104185988314698
JPM,2018-05-29 18:09:08,0.0468,0.0227,0.0284,0.5,0.5,0.0,0.0241,30643840.0,-0.042744,-0.011564,2689.86,-0.005125,-0.002357,0.01481194082901412
JPM,2018-06-01 18:37:11,0.0272,0.0505,0.0181,1.0,0.0,0.0,-0.023300000000000005,13594185.0,0.012989,0.010849,2734.62,-0.012367,-0.00688,0.018536714228794517
JPM,2018-06-13 02:13:08,0.033,0.03,0.003,0.5,0.5,0.0,0.0030000000000000027,14979749.0,-0.001997,-0.004026,2775.63,-0.005775,0.001743,0.010238924698857876
JPM,2018-07-13 19:19:07,0.0406,0.0089,0.005,0.1538461538461538,0.5384615384615384,0.3076923076923077,0.0317,21303844.0,-0.004586,0.001079,2801.31,0.004324,0.008749,0.012334477244698818
JPM,2018-09-14 01:36:52,0.0503,0.0252,0.0305,1.0,0.0,0.0,0.025099999999999997,10337948.0,-0.000176,0.000275,2904.98,0.003891,0.005282,0.005773576158287753
JPM,2018-10-12 18:34:18,0.0347,0.0077,0.0039,0.125,0.4375,0.4375,0.027000000000000003,32075740.0,-0.010913,0.014206,2767.13,-0.029963,-0.020573,0.014355378164065433
JPM,2018-12-04 20:52:11,0.0363,0.0444,0.0135,1.0,0.0,0.0,-0.008100000000000003,23555940.0,-0.044636,-0.032365,2700.06,0.009443,0.010941,0.019704311576685552
JPM,2019-01-15 23:33:12,0.0294,0.0176,0.0098,0.1176470588235294,0.4117647058823529,0.4705882352941176,0.011799999999999998,26504852.0,0.007331,0.010722,2610.3,0.010309,-0.005258,0.014132947815496531
JPM,2019-04-12 22:23:11,0.0382,0.011,0.011,0.1176470588235294,0.4117647058823529,0.4705882352941176,0.0272,25834073.0,0.046879,0.006609,2907.41,0.008449,3.8e-05,0.016816984431751437
JPM,2019-05-28 18:19:11,0.017,0.0628,0.0288,0.5,0.5,0.0,-0.045799999999999993,11665579.0,-0.010847,-0.008376,2802.39,0.009849,0.001354,0.01036233474603488
JPM,2019-07-16 16:39:09,0.0385,0.0257,0.0154,0.1538461538461538,0.5384615384615384,0.3076923076923077,0.012799999999999999,16944998.0,0.010711,-0.003404,3004.04,-0.012142,0.000176,0.007598519990395309
JPM,2019-10-16 00:10:08,0.0161,0.0403,0.0067,0.1538461538461538,0.6153846153846154,0.2307692307692307,-0.024200000000000003,11632039.0,-0.002334,-0.002,2989.69,0.030142,0.009956,0.014959205547829564
JPM,2019-12-10 21:20:11,0.0446,0.0122,0.0149,0.5,0.5,0.0,0.0324,7533000.0,0.00067,-0.001097,3132.52,-0.004665,-0.003163,0.00939915359368973
JPM,2020-04-14 20:03:08,0.0174,0.0535,0.0187,0.1538461538461538,0.3076923076923077,0.5384615384615384,-0.0361,46151255.0,-0.027396,0.030573,2846.06,-0.044473,-0.010105,0.05177578378654546
JPM,2020-05-28 03:08:08,0.0303,0.0386,0.0331,0.5,0.5,0.0,-0.008300000000000002,24738542.0,-0.014896,-0.002108,3029.73,0.057921,0.014827,0.03615022541254439
JPM,2020-06-09 21:40:09,0.0342,0.0137,0.0096,0.5,0.5,0.0,0.0205,17031144.0,-0.02565,-0.007799,3207.18,0.019959,0.012042,0.030997922288974893
JPM,2020-07-14 21:51:45,0.0208,0.0252,0.0175,0.125,0.375,0.5,-0.004400000000000001,42731666.0,0.005735,0.013406,3197.52,0.014335,-0.009363,0.023588097724629248
JPM,2020-10-14 05:13:05,0.0163,0.0091,0.0122,0.125,0.375,0.5,0.007199999999999998,15214907.0,-0.005557,-0.006623,3488.67,-0.016205,-0.006307,0.013492823541505869
KO,2006-10-19 15:49:02,0.06,0.0136,0.0023,0.2666666666666666,0.5333333333333333,0.2,0.0464,17662500.0,0.021611,0.000732,1366.96,0.003882,0.0014,0.009114388761732739
KO,2007-02-14 17:10:49,0.0412,0.0115,0.0034,0.2666666666666666,0.5333333333333333,0.2,0.0297,16423440.0,-0.006845,0.007644,1455.3,0.006052,0.007597,0.004723806111365908
KO,2007-04-17 17:21:54,0.0563,0.0117,0.0035,0.25,0.4375,0.3125,0.0446,25170960.0,0.02586,0.00205,1471.48,0.007819,0.010751,0.008953567607384227
KO,2007-07-17 16:33:08,0.0678,0.0071,0.0024,0.3076923076923077,0.5384615384615384,0.1538461538461538,0.0607,16514910.0,-0.012628,-9.7e-05,1549.37,0.013933,-0.001919,0.008980547568061891
KO,2007-10-17 17:21:56,0.0466,0.0035,0.0023,0.25,0.4166666666666667,0.3333333333333333,0.0431,16407330.0,0.023026,0.001761,1541.24,0.002082,-0.006573,0.009348472224558058
KO,2008-02-13 18:02:10,0.0681,0.0058,0.0023,0.3333333333333333,0.6666666666666666,0.0,0.062299999999999994,14519800.0,-0.008845,0.013604,1367.21,0.007059,0.007266,0.012788122247704016
KO,2008-04-16 17:38:15,0.0758,0.0078,0.0022,0.2857142857142857,0.5,0.2142857142857142,0.068,11559300.0,0.003446,0.022691,1364.71,-0.000984,0.0046,0.007927395814515648
KO,2008-07-17 16:29:15,0.0592,0.0239,0.0034,0.2941176470588235,0.5294117647058824,0.1764705882352941,0.0353,39607300.0,-0.038212,0.012013,1260.32,0.01062,0.025064,0.016492928506214758
KO,2008-10-15 18:53:21,0.0556,0.0163,0.0033,0.2857142857142857,0.5714285714285714,0.1428571428571428,0.0393,28129500.0,0.010976,-0.09035,907.84,-0.074693,-0.005322,0.06214173666492861
KO,2009-02-12 22:24:06,0.0598,0.015,0.0035,0.25,0.4166666666666667,0.3333333333333333,0.0448,30614400.0,0.0756,0.001739,835.19,0.014753,0.007955,0.033722361267167114
KO,2009-04-21 18:22:26,0.0667,0.0158,0.0079,0.2307692307692307,0.3846153846153846,0.3846153846153846,0.050899999999999994,18764900.0,-0.027972,0.021252,850.08,-0.015326,-0.04279,0.012879225599994585
KO,2009-07-21 19:37:27,0.0607,0.0112,0.0034,0.2857142857142857,0.2857142857142857,0.4285714285714285,0.049499999999999995,14369500.0,-0.013326,0.003627,954.58,0.01411,0.011432,0.012235415261535768
KO,2009-10-20 18:25:10,0.0625,0.017,0.0011,0.2727272727272727,0.6363636363636364,0.0909090909090909,0.0455,13429700.0,-0.013141,-0.006239,1091.06,-0.003999,0.009405,0.005747755558090119
KO,2010-02-09 21:25:10,0.0516,0.0164,0.0035,0.2727272727272727,0.6363636363636364,0.0909090909090909,0.035199999999999995,15748000.0,0.025831,0.01304,1070.52,-0.008288,-0.008863,0.013817028947803676
KO,2010-04-20 19:42:12,0.0609,0.0102,0.0023,0.2142857142857142,0.5,0.2857142857142857,0.0507,16258300.0,-0.015365,0.008058,1207.17,0.006367,0.004521,0.010287486088015448
KO,2010-07-21 19:45:16,0.0691,0.0197,0.0055,0.3,0.4,0.3,0.0494,18181900.0,0.015778,-0.01282,1069.59,0.018558,0.011417,0.009438284340328444
KO,2010-10-19 21:33:23,0.0502,0.0112,0.0011,0.3,0.5,0.2,0.039,17529400.0,0.005667,-0.015877,1165.9,0.001001,0.007244,0.003366764257661495
KO,2011-02-09 19:11:38,0.0623,0.0044,0.0011,0.3333333333333333,0.4444444444444444,0.2222222222222222,0.0579,14997500.0,0.004454,-0.002786,1320.88,0.005598,0.004185,0.005528444241677187
KO,2011-04-26 21:01:20,0.0527,0.011,0.0033,0.3333333333333333,0.4444444444444444,0.2222222222222222,0.0417,16355200.0,-0.011957,0.00898,1347.24,-0.002062,-0.001593,0.008999826905125595
KO,2011-07-19 17:51:11,0.0498,0.0144,0.0022,0.3,0.5,0.2,0.0354,18707700.0,0.032777,0.016309,1326.73,-0.006071,-0.00813,0.011744965978381277
KO,2011-09-22 01:01:02,0.0659,0.0079,0.0105,0.5263157894736842,0.1578947368421052,0.3157894736842105,0.057999999999999996,18170700.0,-0.021074,-0.031883,1129.56,-0.019391,-0.02939,0.014301140374498512
KO,2011-10-18 17:01:27,0.0346,0.0123,0.0078,0.25,0.5833333333333334,0.1666666666666666,0.0223,11825500.0,-0.003881,0.020419,1225.38,-0.012528,-0.01937,0.00807496168824763
KO,2011-12-15 21:11:08,0.0443,0.0156,0.0084,0.5,0.0,0.5,0.0287,6737200.0,0.009508,0.003243,1215.75,-0.003309,-0.011348,0.00729487002701977
KO,2012-02-07 18:31:04,0.0507,0.0115,0.0058,0.3333333333333333,0.5555555555555556,0.1111111111111111,0.0392,12135500.0,0.007644,0.002023,1347.05,-0.000734,-0.000424,0.005331054759092684
KO,2012-04-17 18:01:07,0.0531,0.0196,0.0081,0.3333333333333333,0.6666666666666666,0.0,0.0335,11307300.0,0.020845,0.015487,1390.78,0.00695,-0.000504,0.009109312112094734
KO,2012-04-25 20:31:02,0.0366,0.0094,0.0047,0.6666666666666666,0.0,0.3333333333333333,0.027200000000000002,9298800.0,0.010928,0.013645,1390.69,0.005835,0.00368,0.008085047032090254
KO,2012-07-17 18:11:05,0.042,0.0102,0.0057,0.3,0.5,0.2,0.0318,10605000.0,0.015821,0.00741,1363.67,-0.010352,-0.002314,0.008622844187260836
KO,2012-10-16 16:41:05,0.0399,0.0125,0.0046,0.3,0.6,0.1,0.027399999999999997,25813300.0,-0.006032,0.01027,1454.92,-0.002616,0.008078,0.005208051012081639
KO,2013-02-12 18:28:08,0.0352,0.017,0.0068,0.5,0.3333333333333333,0.1666666666666666,0.0182,30700700.0,-0.027195,0.001595,1519.43,-0.004127,-0.000606,0.013429460947235876
KO,2013-04-16 17:03:06,0.0578,0.0131,0.0011,0.3636363636363636,0.4545454545454545,0.1818181818181818,0.0447,32147500.0,0.056872,0.014307,1574.57,-0.024099,-0.022966,0.02240581577800232
KO,2013-07-16 17:44:05,0.0431,0.0318,0.0057,0.4615384615384615,0.3846153846153846,0.1538461538461538,0.011299999999999998,33581300.0,-0.01902,-0.003709,1676.26,-0.000487,0.001375,0.007544746015900383
KO,2013-09-04 18:28:07,0.0505,0.0027,0.0053,1.0,0.0,0.0,0.0478,19144200.0,0.016887,0.008117,1653.08,-0.007334,0.004164,0.008455513031284532
KO,2013-10-15 17:00:03,0.0349,0.0207,0.0022,0.4285714285714285,0.4285714285714285,0.1428571428571428,0.0142,21676600.0,-0.006595,-0.007064,1698.06,0.003707,0.004075,0.009023802254162182
KO,2014-02-18 20:48:04,0.0406,0.0224,0.0053,0.4545454545454545,0.5454545454545454,0.0,0.018199999999999997,46195700.0,-0.037503,0.001158,1840.76,0.007244,0.004809,0.014699713936747969
KO,2014-02-21 22:36:06,0.0394,0.0108,0.0084,0.8571428571428571,0.0,0.1428571428571428,0.028599999999999997,19440400.0,-0.003217,-0.001919,1836.25,0.005391,0.006031,0.01433025076154947
KO,2014-04-15 19:06:09,0.049,0.01,0.0022,0.5384615384615384,0.3076923076923077,0.1538461538461538,0.039,47529158.0,0.037439,0.006757,1842.98,0.002589,0.008217,0.012834242953044722
KO,2014-07-22 20:15:05,0.0509,0.0141,0.0,0.375,0.5625,0.0625,0.0368,24707572.0,-0.028538,0.005016,1983.53,-0.000707,-0.00232,0.011186985359485082
KO,2014-09-04 20:14:05,0.0669,0.0144,0.0118,0.6666666666666666,0.3333333333333333,0.0,0.052500000000000005,16785311.0,0.002154,-0.001534,1997.65,0.003362,-0.000779,0.0039044813512453145
KO,2014-10-21 19:30:08,0.0402,0.0231,0.0037,0.4,0.4666666666666667,0.1333333333333333,0.0171,55953509.0,-0.060291,0.019574,1941.28,0.009562,0.009143,0.022020909229386716
KO,2014-11-19 20:03:06,0.0391,0.0052,0.0052,0.5,0.5,0.0,0.0339,25402296.0,0.015851,-0.001501,2048.72,0.014213,0.005134,0.005915326290427477
KO,2014-12-16 02:50:07,0.0307,0.0154,0.0047,0.2,0.6,0.2,0.015300000000000001,23475421.0,-0.004437,-0.008489,1972.74,-0.008311,-0.006343,0.007716067251017339
KO,2015-02-10 20:04:09,0.0421,0.014,0.0035,0.3846153846153846,0.3076923076923077,0.3076923076923077,0.0281,32184188.0,0.028377,0.010676,2068.59,-0.005308,-0.004247,0.013508334292000797
KO,2015-02-20 21:06:21,0.0693,0.0146,0.0122,1.0,0.0,0.0,0.0547,15982353.0,-0.003325,0.006126,2110.3,0.009106,-0.001062,0.010823382422637893
KO,2015-04-22 19:05:19,0.0398,0.0141,0.0023,0.3333333333333333,0.4666666666666667,0.2,0.0257,26887158.0,0.012997,0.005088,2107.96,0.002951,-0.001481,0.006721951680873668
KO,2015-07-22 18:16:10,0.0411,0.0137,0.0023,0.3846153846153846,0.6153846153846154,0.0,0.027399999999999997,15528630.0,-0.00704,-0.002388,2114.15,-0.004592,-0.004262,0.0071484202761480705
KO,2015-09-09 21:15:06,0.0555,0.0106,0.0053,1.0,0.0,0.0,0.0449,13764593.0,-0.015424,-0.013898,1942.04,0.009865,0.025083,0.012779979097531174
KO,2015-10-21 17:58:07,0.0378,0.0165,0.0059,0.3076923076923077,0.6923076923076923,0.0,0.0213,19441875.0,-0.002365,-0.005825,2018.94,0.007145,-0.001421,0.005413419335318517
KO,2015-11-17 17:16:15,0.037,0.0092,0.0069,0.6666666666666666,0.3333333333333333,0.0,0.0278,12739365.0,-0.006911,-0.001339,2050.44,0.014016,0.014903,0.008926676863947393
KO,2016-02-09 18:54:10,0.0572,0.0219,0.0061,0.3076923076923077,0.6153846153846154,0.0769230769230769,0.0353,24853835.0,0.01524,-0.000664,1852.21,0.004948,-0.014154,0.00824379297882827
KO,2016-04-20 17:46:06,0.0463,0.0243,0.0023,0.2222222222222222,0.6666666666666666,0.1111111111111111,0.022000000000000002,40360297.0,-0.047854,0.000762,2102.4,0.008221,0.003085,0.017073147578060187
KO,2016-06-16 15:51:35,0.0478,0.007,0.0113,0.6666666666666666,0.3333333333333333,0.0,0.0408,11305429.0,0.006665,0.003133,2077.99,-0.000666,-0.001841,0.005869766386606362
KO,2016-07-27 17:52:33,0.0423,0.0459,0.006,0.3333333333333333,0.6666666666666666,0.0,-0.003600000000000006,37461073.0,-0.032977,-0.001199,2166.58,-0.015142,0.000323,0.011363958438365096
KO,2016-09-07 01:27:18,0.0373,0.0069,0.0055,0.5,0.0,0.5,0.0304,8656580.0,-0.003425,-0.000146,2186.16,0.002978,0.002982,0.005234608533596433
KO,2016-10-26 19:56:16,0.0404,0.0208,0.0023,0.0,0.5333333333333333,0.4666666666666667,0.0196,16886249.0,-0.002351,-0.00174,2139.43,-0.00047,-0.003798,0.004788121988606645
KO,2016-11-15 20:21:05,0.0518,0.0091,0.0052,0.5,0.5,0.0,0.0427,16553962.0,0.006558,0.007481,2180.39,0.003412,-0.000116,0.0138867643303495
KO,2017-02-09 18:05:05,0.0404,0.0285,0.0059,0.2857142857142857,0.5714285714285714,0.1428571428571428,0.011899999999999997,27240268.0,-0.018325,0.005752,2307.87,0.002864,0.000693,0.007961046941200674
KO,2017-04-26 06:26:53,0.0575,0.0216,0.006,0.0,0.625,0.375,0.0359,13626625.0,0.003016,-0.000486,2387.45,-0.003928,0.006091,0.005397056486847518
KO,2017-07-26 18:18:24,0.051,0.022,0.007,0.0,0.5294117647058824,0.4705882352941176,0.028999999999999998,13608926.0,0.011052,0.000283,2477.83,0.008921,0.002923,0.004912506493069005
KO,2017-09-05 23:21:32,0.0412,0.008,0.0053,0.5,0.5,0.0,0.0332,10463902.0,0.003058,-0.007551,2457.85,0.005049,0.001982,0.003034183646386721
KO,2017-10-25 18:35:08,0.0453,0.0244,0.0035,0.0,0.5789473684210527,0.4210526315789473,0.0209,11994174.0,-0.002815,-0.004663,2557.15,-0.003022,0.001618,0.004217738184013974
KO,2017-11-18 01:04:05,0.041,0.0127,0.0042,0.3636363636363636,0.5454545454545454,0.0909090909090909,0.028300000000000002,19720707.0,-0.018045,-0.002626,2578.85,-0.005554,0.008196,0.010899521337094502
KO,2018-02-16 19:01:52,0.043,0.0151,0.0035,0.0,0.6470588235294118,0.3529411764705882,0.027899999999999994,17202302.0,0.004466,0.000373,2732.22,0.01542,0.012069,0.01881974517745777
KO,2018-04-24 19:13:11,0.0493,0.0172,0.0011,0.1764705882352941,0.6470588235294118,0.1764705882352941,0.0321,18523876.0,-0.020691,-0.013381,2634.56,0.005487,5.6e-05,0.009564471832429313
KO,2018-06-13 19:09:09,0.0575,0.0061,0.0086,0.6666666666666666,0.3333333333333333,0.0,0.0514,16745026.0,-0.005179,-0.004026,2775.63,0.006345,0.001743,0.0066308959416423886
KO,2018-07-25 16:52:12,0.0454,0.0193,0.0045,0.0,0.7222222222222222,0.2777777777777778,0.0261,21318606.0,0.018339,0.009102,2846.07,0.006896,0.004781,0.007606590534237806
KO,2018-08-31 18:16:55,0.0444,0.0157,0.0013,0.2307692307692307,0.4615384615384615,0.3076923076923077,0.028700000000000003,19834439.0,-0.008454,0.000134,2901.52,-0.008383,-0.00443,0.004598802481806225
KO,2018-10-30 17:36:27,0.0423,0.0176,0.0035,0.0,0.7058823529411765,0.2941176470588235,0.024699999999999996,20895360.0,0.025183,0.015667,2682.63,0.01176,-0.00656,0.011918503207664619
KO,2018-11-13 23:38:19,0.0403,0.004,0.0215,0.5,0.5,0.0,0.0363,13873127.0,-0.0002,-0.001482,2722.18,0.003824,-0.019701,0.005045610507053587
KO,2019-02-14 19:02:28,0.0493,0.0224,0.0067,0.1875,0.625,0.1875,0.026899999999999997,58905402.0,-0.084354,-0.002652,2745.73,0.002618,0.003024,0.028198559078435204
KO,2019-04-23 18:25:08,0.0446,0.0195,0.0011,0.1875,0.6875,0.125,0.0251,25327963.0,0.017089,0.008841,2933.68,-0.001685,0.001012,0.005575650335760611
KO,2019-06-12 12:00:08,0.0317,0.0141,0.0141,0.5,0.5,0.0,0.017599999999999998,11088124.0,0.006039,-0.002038,2879.84,-0.000973,-0.00035,0.007782595603153427
KO,2019-07-23 16:59:08,0.0481,0.039,0.0156,0.1875,0.6875,0.125,0.009099999999999997,33417948.0,0.060718,0.006848,3005.47,-0.003308,0.002829,0.02002929167910507
KO,2019-09-05 16:30:08,0.0443,0.0086,0.0057,1.0,0.0,0.0,0.035699999999999996,13677162.0,-0.011655,0.01301,2976.0,0.008499,0.010842,0.00894422499282206
KO,2019-10-18 17:13:10,0.0318,0.0268,0.0076,0.15,0.8,0.05,0.005000000000000001,18122505.0,0.018405,-0.003919,2986.2,0.005609,0.002763,0.008434730746542368
KO,2020-01-30 20:00:06,0.0462,0.02,0.0062,0.2,0.6,0.2,0.026199999999999998,20225581.0,0.03245,0.003134,3283.66,0.0,-0.000867,0.011021822033281701
KO,2020-04-21 17:00:07,0.0341,0.0433,0.0184,0.1764705882352941,0.5882352941176471,0.2352941176470588,-0.0092,26863724.0,-0.024715,-0.030675,2736.56,-0.031835,-0.017881,0.029458526093664478
KO,2020-05-27 21:01:58,0.0467,0.0297,0.0127,0.5,0.0,0.5,0.016999999999999998,18447622.0,0.013886,0.014827,3036.13,0.02354,0.012289,0.020818573285783914
KO,2020-07-21 19:33:07,0.058,0.0296,0.0074,0.2,0.6,0.2,0.0284,25686341.0,0.023417,0.001679,3257.3,-0.014951,0.008407,0.017028064669832567
KO,2020-10-22 21:46:59,0.0515,0.0299,0.0036,0.1764705882352941,0.6470588235294118,0.1764705882352941,0.021599999999999998,20189227.0,0.013803,0.005219,3453.49,-0.005174,-0.002196,0.009563787745681345
KO,2021-02-10 18:26:49,0.0378,0.026,0.0106,0.2,0.6666666666666666,0.1333333333333333,0.011800000000000001,22965432.0,-0.002012,-0.000345,3909.88,-0.004407,-0.001113,0.010194269349328905
LLY,2007-07-24 18:13:08,0.051,0.0125,0.0079,0.3076923076923077,0.5384615384615384,0.1538461538461538,0.03849999999999999,10908490.0,0.0,-0.019804,1511.04,0.020346,0.004869,0.009902236616598859
LLY,2007-07-25 01:02:03,0.051,0.0125,0.0079,0.3076923076923077,0.5384615384615384,0.1538461538461538,0.03849999999999999,7315471.0,0.022214,0.004666,1518.09,0.0,-0.019804,0.011609190116742286
LLY,2007-10-18 19:29:12,0.0267,0.0116,0.0105,0.2307692307692307,0.4615384615384615,0.3076923076923077,0.015100000000000002,8366700.0,-0.005268,-0.000753,1540.08,-0.0035,0.001761,0.006516722509564663
LLY,2008-01-29 20:07:06,0.0346,0.0112,0.0134,0.2,0.6666666666666666,0.1333333333333333,0.023399999999999997,9264400.0,0.017704,0.006152,1362.3,0.013007,0.017556,0.01503121131217013
LLY,2008-04-21 17:02:12,0.0488,0.0139,0.007,0.3571428571428571,0.5714285714285714,0.0714285714285714,0.0349,10139500.0,-0.047628,-0.001554,1388.17,0.013232,0.018139,0.019539022521894777
LLY,2008-07-25 00:52:12,0.0288,0.0173,0.0081,0.2666666666666666,0.4666666666666667,0.2666666666666666,0.0115,4200700.0,-0.003958,0.004168,1257.76,0.00798,-0.023125,0.01016773211684888
LLY,2008-10-23 20:38:19,0.0392,0.0115,0.0115,0.3076923076923077,0.6153846153846154,0.0769230769230769,0.0277,8729300.0,0.042666,0.012634,908.11,-0.046615,-0.061013,0.06981136968017618
LLY,2009-01-29 20:53:18,0.027,0.0173,0.013,0.2142857142857142,0.4285714285714285,0.3571428571428571,0.0097,6473800.0,-0.028652,-0.03312,845.14,0.012432,0.033558,0.01857688402558406
LLY,2009-04-20 19:33:23,0.0188,0.0199,0.0099,0.1875,0.5,0.3125,-0.0011000000000000003,9799200.0,-0.022518,-0.04279,832.39,0.014427,0.004969,0.017254169190211527
LLY,2009-07-22 18:58:25,0.0224,0.0117,0.0085,0.4615384615384615,0.3846153846153846,0.1538461538461538,0.0107,9883200.0,-0.019158,-0.000534,954.07,0.021649,0.003627,0.01360203471257968
LLY,2009-10-21 19:13:12,0.0287,0.0138,0.0126,0.4,0.5333333333333333,0.0666666666666666,0.0149,17843300.0,-0.044835,-0.008854,1081.4,-0.001134,-0.006239,0.01998867864817483
LLY,2010-01-28 21:45:15,0.0301,0.0108,0.0043,0.4,0.5333333333333333,0.0666666666666666,0.019299999999999998,9424300.0,-0.017587,-0.011818,1084.53,0.006361,0.00488,0.02062750643329329
LLY,2010-04-19 17:42:12,0.0149,0.0264,0.0115,0.4285714285714285,0.5,0.0714285714285714,-0.0115,11600200.0,0.001095,0.004521,1197.52,-0.004902,-0.016127,0.006155437646684661
LLY,2010-07-22 19:06:42,0.0317,0.0175,0.0131,0.1428571428571428,0.3571428571428571,0.5,0.014199999999999997,8888000.0,0.005722,0.022513,1093.67,-0.008792,-0.01282,0.00915259875906538
LLY,2010-10-21 20:35:19,0.0183,0.0227,0.0065,0.2352941176470588,0.5294117647058824,0.2352941176470588,-0.004400000000000001,10770500.0,-0.014163,0.001774,1180.26,-0.038451,0.010524,0.014656397594755552
LLY,2011-01-27 22:06:38,0.0338,0.0179,0.0084,0.25,0.4166666666666667,0.3333333333333333,0.015899999999999997,9755800.0,0.014878,0.002244,1299.54,0.006335,0.004221,0.005756006289086276
LLY,2011-04-18 23:11:19,0.0163,0.0282,0.0119,0.1764705882352941,0.4705882352941176,0.3529411764705882,-0.0119,11456300.0,-0.01083,-0.011018,1305.14,0.007273,0.003925,0.0081926276214927
LLY,2011-07-21 21:21:18,0.0246,0.015,0.0064,0.1333333333333333,0.5333333333333333,0.3333333333333333,0.009600000000000001,16441000.0,0.030128,0.013546,1343.8,-0.002092,-0.000671,0.013067663752773724
LLY,2011-10-20 18:51:20,0.02,0.0168,0.0084,0.2352941176470588,0.6470588235294118,0.1176470588235294,0.0032000000000000015,8612600.0,-0.002326,0.004554,1215.39,0.005456,-0.012649,0.01144506539032825
LLY,2012-01-11 07:01:03,0.0348,0.0191,0.0045,0.5,0.5,0.0,0.0157,5086400.0,-0.008678,0.00031,1292.48,0.013062,0.008886,0.011215927060806626
LLY,2012-01-31 19:21:09,0.0226,0.0226,0.0054,0.2105263157894736,0.631578947368421,0.1578947368421052,0.0,13419300.0,0.012484,-0.000457,1312.41,0.001275,-0.002522,0.008136154557829504
LLY,2012-04-10 18:01:12,0.0138,0.0116,0.0085,0.0,0.4545454545454545,0.5454545454545454,0.0022000000000000006,6691800.0,-0.007553,-0.017081,1358.59,-0.018775,-0.011358,0.007878366046050194
LLY,2012-04-25 19:21:09,0.0182,0.0182,0.0096,0.2,0.5333333333333333,0.2666666666666666,0.0,8205700.0,0.021021,0.013645,1390.69,0.003768,0.00368,0.009473851710541718
LLY,2012-06-12 06:51:09,0.0366,0.0071,0.0118,0.0833333333333333,0.3333333333333333,0.5833333333333334,0.0295,4674000.0,0.003615,0.011651,1324.18,-0.000963,-0.01262,0.009099889684313082
LLY,2012-07-25 19:21:05,0.0203,0.0192,0.0085,0.2666666666666666,0.5333333333333333,0.2,0.0011000000000000003,12960200.0,0.027156,-0.000314,1337.89,-0.042209,-0.009041,0.01840575137287258
LLY,2012-10-24 18:31:07,0.0168,0.0262,0.0042,0.25,0.5,0.25,-0.009400000000000002,14232700.0,-0.027162,-0.003085,1408.75,-0.007077,-0.014444,0.019571583645683878
LLY,2013-01-04 18:21:06,0.0195,0.013,0.0195,0.1,0.65,0.25,0.006500000000000001,13588000.0,0.037007,0.004865,1466.47,0.004242,-0.002086,0.013270782006598824
LLY,2013-01-29 16:18:10,0.0095,0.0286,0.0074,0.2,0.6,0.2,-0.0191,11004300.0,0.031915,0.005106,1507.84,-0.010712,-0.00185,0.014649866608797366
LLY,2013-03-12 20:09:06,0.0589,0.0196,0.0126,0.6666666666666666,0.3333333333333333,0.0,0.0393,3872700.0,0.000182,-0.002403,1552.48,-0.001632,0.003249,0.006264156309246056
LLY,2013-04-24 15:11:18,0.02,0.0347,0.0095,0.4,0.4,0.2,-0.014700000000000001,6678800.0,-0.039088,6e-06,1578.79,0.013025,0.010419,0.018488204182066422
LLY,2013-06-12 22:02:05,0.0146,0.0225,0.0026,1.0,0.0,0.0,-0.007899999999999999,3507000.0,-0.00308,-0.00837,1612.52,-0.013298,-0.010153,0.009379366785070807
LLY,2013-07-12 17:28:05,0.0165,0.0366,0.0118,0.4444444444444444,0.4444444444444444,0.1111111111111111,-0.0201,4067400.0,-0.001746,0.003087,1680.19,0.002334,0.013554,0.010494968363194088
LLY,2013-07-24 16:36:11,0.0171,0.0192,0.0053,0.3529411764705882,0.4705882352941176,0.1764705882352941,-0.0020999999999999977,8955800.0,0.030594,-0.003811,1685.94,0.00711,-0.001852,0.012927572223739473
LLY,2013-10-23 15:58:08,0.0217,0.0279,0.0041,0.3125,0.5,0.1875,-0.006200000000000001,5754500.0,0.00319,-0.004725,1746.38,0.01007,0.005738,0.009599661689062004
LLY,2014-01-30 19:05:05,0.0295,0.0285,0.0063,0.3157894736842105,0.5263157894736842,0.1578947368421052,0.0009999999999999974,7277600.0,-0.011872,0.011267,1794.19,-0.005901,-0.010209,0.014578067044936619
LLY,2014-03-04 21:41:16,0.0557,0.0139,0.0125,0.5,0.5,0.0,0.041800000000000004,5608220.0,0.013891,0.015268,1873.91,-0.00973,-0.007379,0.016883102566372883
LLY,2014-04-24 22:39:10,0.0378,0.0252,0.0103,0.3181818181818182,0.4545454545454545,0.2272727272727272,0.0126,7854549.0,-0.014775,0.001717,1878.61,-0.007829,-0.002213,0.013275974957292854
LLY,2014-05-29 02:01:51,0.0242,0.0191,0.0166,0.5,0.5,0.0,0.0051,3362085.0,-0.003853,0.005367,1920.03,-0.000502,-0.001114,0.011549797989575413
LLY,2014-06-04 01:35:10,0.0323,0.0108,0.0108,0.5454545454545454,0.0909090909090909,0.3636363636363636,0.021500000000000002,2997436.0,-0.00219,0.001892,1927.88,-0.002353,-0.000379,0.00548177320155929
LLY,2014-07-25 06:21:12,0.0265,0.0055,0.0066,0.3478260869565217,0.4347826086956521,0.217391304347826,0.020999999999999998,2987443.0,-0.009166,-0.004849,1978.34,0.001868,0.000488,0.008235962452021703
LLY,2014-10-24 02:01:59,0.0429,0.0162,0.0104,0.45,0.5,0.05,0.0267,4784720.0,0.026418,0.007053,1964.58,-0.005102,0.012303,0.014509699877821202
LLY,2015-01-07 21:35:09,0.036,0.0169,0.0101,0.4736842105263157,0.4736842105263157,0.0526315789473684,0.0191,9042973.0,-0.007028,0.01163,2025.9,0.005045,-0.008893,0.010885628668621378
LLY,2015-01-30 21:59:05,0.0194,0.0235,0.0133,0.5,0.5,0.0,-0.0040999999999999995,6720105.0,-0.001525,-0.012992,1994.99,0.016063,0.009535,0.009891623498361313
LLY,2015-04-23 21:57:11,0.0245,0.0145,0.01,0.3333333333333333,0.6111111111111112,0.0555555555555555,0.01,5448691.0,0.001383,0.002358,2112.93,0.001246,0.005088,0.008941471144181073
LLY,2015-07-23 23:12:16,0.031,0.0122,0.0122,0.4090909090909091,0.4090909090909091,0.1818181818181818,0.018799999999999997,5258534.0,0.004399,-0.005676,2102.15,0.009466,-0.002388,0.013950408940242588
LLY,2015-10-22 18:18:08,0.036,0.0225,0.0157,0.3,0.6,0.1,0.013499999999999998,10075460.0,-0.00039,0.016628,2052.51,-0.010027,-0.005825,0.02981738103858219
LLY,2016-01-28 21:18:15,0.0204,0.0171,0.0075,0.3461538461538461,0.6153846153846154,0.0384615384615384,0.003300000000000001,10128688.0,-0.060543,0.005529,1893.36,-0.00244,-0.010863,0.027186495655829656
LLY,2016-04-26 22:34:56,0.027,0.0146,0.0045,0.3684210526315789,0.5263157894736842,0.1052631578947368,0.0124,5347814.0,-0.021427,0.001873,2091.7,0.001413,-0.001812,0.010884952986169085
LLY,2016-07-26 21:20:44,0.0485,0.0101,0.009,0.375,0.5416666666666666,0.0833333333333333,0.038400000000000004,5134939.0,0.001342,0.000323,2169.18,0.00478,-0.003011,0.007130779780485291
LLY,2016-10-25 22:46:15,0.0274,0.0098,0.0131,0.0,0.55,0.45,0.0176,8496226.0,0.00232,-0.003798,2143.16,-0.00869,0.00475,0.006221344407226901
LLY,2017-01-31 22:24:19,0.0215,0.0129,0.0086,0.0,0.5909090909090909,0.4090909090909091,0.008599999999999998,6964087.0,0.031191,-0.00089,2278.87,-0.009021,-0.00601,0.01394685842602396
LLY,2017-04-26 06:26:44,0.0257,0.0193,0.0086,0.0,0.6086956521739131,0.391304347826087,0.0063999999999999994,4421743.0,-0.002956,-0.000486,2387.45,-0.026612,0.006091,0.01767541148475915
LLY,2017-07-25 21:54:25,0.0219,0.0219,0.0115,0.0,0.5217391304347826,0.4782608695652174,0.0,13319876.0,-0.030092,0.002923,2477.13,0.000945,-0.001064,0.012047110541536506
LLY,2017-10-24 21:28:41,0.0219,0.0208,0.0042,0.0,0.5555555555555556,0.4444444444444444,0.0011000000000000003,8696104.0,-0.023056,0.001618,2569.13,-0.000573,-0.003972,0.00919588816567251
LLY,2017-12-13 21:30:06,0.0352,0.0275,0.011,0.2666666666666666,0.4666666666666667,0.2666666666666666,0.007700000000000002,5786811.0,0.013609,-0.000473,2662.85,0.000462,0.001549,0.006288594586851492
LLY,2018-01-31 21:34:22,0.0272,0.0084,0.0104,0.28,0.52,0.2,0.018799999999999997,10558541.0,-0.053897,0.000489,2823.81,-0.017237,-0.010899,0.02050035596547317
LLY,2018-04-25 01:23:06,0.0301,0.0155,0.0114,0.3333333333333333,0.5,0.1666666666666666,0.014599999999999998,5379027.0,0.01311,0.001837,2639.4,-0.001372,-0.013381,0.007315838754222086
LLY,2018-07-24 21:54:11,0.0296,0.0173,0.0102,0.2105263157894736,0.5789473684210527,0.2105263157894736,0.012300000000000002,9910179.0,0.050293,0.004781,2820.4,0.004634,0.001838,0.01766668655502025
LLY,2018-09-12 21:55:07,0.0406,0.0149,0.0108,0.5,0.5,0.0,0.025699999999999997,3925971.0,0.003124,0.000357,2888.92,-0.007329,0.00374,0.007897393187347047
LLY,2018-11-06 19:46:12,0.0234,0.0153,0.0092,0.0,0.5263157894736842,0.4736842105263157,0.008100000000000001,6803677.0,-0.038496,0.006259,2755.45,0.031756,0.0056,0.022134317413113162
LLY,2019-01-09 03:26:07,0.0587,0.017,0.0131,0.5,0.5,0.0,0.0417,5820142.0,0.007478,0.004098,2584.96,0.009195,0.009695,0.019456324285720326
LLY,2019-02-06 19:03:07,0.0285,0.0137,0.0074,0.3684210526315789,0.4736842105263157,0.1578947368421052,0.0148,7421020.0,-0.009632,-0.002224,2731.61,0.002164,0.004708,0.014904436960553418
LLY,2019-02-27 23:31:19,0.0287,0.0244,0.0029,0.5,0.5,0.0,0.004299999999999998,32135797.0,0.008101,-0.000544,2792.38,0.006296,-0.00079,0.006204151700452035
LLY,2019-03-11 22:13:11,0.0445,0.007,0.0125,0.5,0.5,0.0,0.0375,61771249.0,-0.025256,0.014666,2783.3,0.002849,-0.002132,0.01319782186785211
LLY,2019-04-30 20:10:10,0.0299,0.0144,0.0103,0.3181818181818182,0.2727272727272727,0.4090909090909091,0.0155,7548382.0,-0.021405,0.000951,2945.83,-0.002252,0.001071,0.01740186299222011
LLY,2019-06-12 23:34:08,0.0418,0.0108,0.0324,0.5,0.5,0.0,0.030999999999999996,3793939.0,0.027003,-0.002038,2879.84,-0.015097,-0.00035,0.016838426301831827
LLY,2019-07-30 20:58:10,0.039,0.0378,0.0106,0.3529411764705882,0.3529411764705882,0.2941176470588235,0.0011999999999999997,4664226.0,-0.000276,-0.002579,3013.18,0.004156,-0.001616,0.009287376775913502
LLY,2019-10-02 19:02:32,0.0393,0.0536,0.0131,0.4166666666666667,0.1666666666666666,0.4166666666666667,-0.0143,4556003.0,-0.035689,-0.017903,2887.61,-0.00778,-0.012258,0.015721387647264322
LLY,2019-10-23 22:27:28,0.0187,0.0432,0.0128,0.375,0.3125,0.3125,-0.0245,9115337.0,-0.022214,0.002847,3004.52,0.017885,-0.003569,0.013449440518722933
LLY,2020-01-15 01:47:35,0.041,0.0369,0.0164,0.5,0.5,0.0,0.0040999999999999995,3676480.0,0.003271,0.00187,3289.29,0.012307,-0.001515,0.006240643913536085
LLY,2020-01-30 21:44:07,0.0358,0.0531,0.0099,0.35,0.25,0.4,-0.017300000000000003,5243822.0,0.019654,0.003134,3283.66,0.004739,-0.000867,0.01052345173040775
LLY,2020-04-23 19:54:10,0.0303,0.0447,0.025,0.35,0.35,0.3,-0.014399999999999996,5692905.0,0.020547,-0.000539,2797.8,0.026462,0.02293,0.022106507413228133
LLY,2020-06-11 00:29:06,0.042,0.0171,0.0197,0.5,0.5,0.0,0.024900000000000002,4547384.0,-0.045828,-0.058944,3002.1,0.012539,-0.005313,0.017376111558688834
LLY,2020-07-30 23:11:46,0.0251,0.0353,0.0103,0.3181818181818182,0.3181818181818182,0.3636363636363636,-0.010199999999999997,6638127.0,-0.054096,-0.00375,3246.22,-0.005533,0.012428,0.01938205220185819
LLY,2020-10-27 15:38:06,0.0443,0.0192,0.0132,0.3888888888888889,0.3333333333333333,0.2777777777777778,0.0251,11374611.0,-0.06916,-0.003026,3390.68,-0.004776,-0.01859,0.021891544981009363
LLY,2020-10-27 19:34:11,0.042,0.0148,0.0125,0.3809523809523809,0.2857142857142857,0.3333333333333333,0.027200000000000002,11374611.0,-0.06916,-0.003026,3390.68,-0.004776,-0.01859,0.021891544981009363
LLY,2021-01-29 20:32:10,0.0294,0.0115,0.0094,0.3333333333333333,0.3333333333333333,0.3333333333333333,0.0179,8401721.0,-0.010232,-0.019312,3714.24,0.012285,0.009761,0.01893465123024744
LMT,2008-01-25 01:20:06,0.0615,0.0116,0.0104,0.2,0.6666666666666666,0.1333333333333333,0.0499,3280100.0,-0.003872,-0.015872,1330.61,0.0414,0.010063,0.019595033481868706
LMT,2008-04-22 21:07:12,0.0581,0.0112,0.0089,0.1428571428571428,0.7857142857142857,0.0714285714285714,0.0469,2116300.0,-0.026086,-0.00881,1375.94,0.003106,-0.001554,0.011940122933016878
LMT,2008-07-23 01:56:22,0.0557,0.0164,0.0076,0.125,0.8125,0.0625,0.0393,2863400.0,0.028494,0.004064,1282.19,0.022542,0.013492,0.013224606896489079
LMT,2008-10-21 22:59:16,0.0474,0.0108,0.0075,0.125,0.6875,0.1875,0.036599999999999994,7339100.0,-0.096868,-0.0308,955.05,0.027218,0.047685,0.058101554611157645
LMT,2009-01-23 02:09:17,0.0569,0.0103,0.0091,0.2727272727272727,0.4545454545454545,0.2727272727272727,0.0466,5824300.0,-0.04819,0.005378,831.95,0.063101,-0.015162,0.03373176665350731
LMT,2009-04-21 20:49:21,0.04,0.013,0.0151,0.0666666666666666,0.6,0.3333333333333333,0.027000000000000003,3159300.0,0.004093,0.021252,850.08,-0.015727,-0.04279,0.01825013287135804
LMT,2009-07-21 22:45:25,0.035,0.0202,0.0117,0.1538461538461538,0.5384615384615384,0.3076923076923077,0.014800000000000004,13750800.0,-0.085008,0.003627,954.58,0.012579,0.011432,0.03125206714034202
LMT,2009-10-20 21:09:12,0.0486,0.0099,0.0133,0.1875,0.5625,0.25,0.0387,12746500.0,-0.064943,-0.006239,1091.06,0.020546,0.009405,0.028823990395540715
LMT,2010-01-28 22:56:22,0.0299,0.0204,0.012,0.15,0.5,0.35,0.009499999999999998,3542300.0,-0.012706,-0.011818,1084.53,0.004558,0.00488,0.012355451985976837
LMT,2010-04-21 16:55:14,0.0533,0.0097,0.0145,0.2,0.5333333333333333,0.2666666666666666,0.0436,2372300.0,0.015064,-0.001019,1205.94,0.009145,0.008058,0.006834009941299402
LMT,2010-07-27 23:06:25,0.0346,0.0173,0.021,0.1875,0.5,0.3125,0.0173,3357900.0,-0.000133,-0.001049,1113.84,0.012576,0.0112,0.010499359530202092
LMT,2010-10-19 23:17:26,0.0421,0.0129,0.014,0.25,0.5833333333333334,0.1666666666666666,0.029199999999999997,6314500.0,-0.008138,-0.015877,1165.9,0.000286,0.007244,0.0066615016291791465
LMT,2011-01-28 03:06:16,0.0427,0.0185,0.0127,0.1578947368421052,0.631578947368421,0.2105263157894736,0.024200000000000003,4376600.0,-0.011378,-0.017852,1276.34,0.009057,0.002244,0.014334686426055315
LMT,2011-04-26 20:21:19,0.0331,0.0187,0.0143,0.1578947368421052,0.5789473684210527,0.2631578947368421,0.014399999999999996,3027900.0,0.020661,0.00898,1347.24,-0.004371,-0.001593,0.013200660330284861
LMT,2011-07-26 21:21:15,0.031,0.0177,0.0188,0.15,0.6,0.25,0.0133,3087800.0,0.019168,-0.004105,1331.94,-0.003769,-0.005643,0.012479532178286566
LMT,2011-10-27 00:41:16,0.0338,0.0214,0.0169,0.15,0.75,0.1,0.012399999999999998,3159400.0,-0.009168,0.034291,1284.59,-0.032197,0.010537,0.016882166226195316
LMT,2012-01-27 01:01:06,0.0342,0.0364,0.0137,0.2,0.6666666666666666,0.1333333333333333,-0.0022000000000000006,1952400.0,-0.005457,-0.001593,1316.33,0.009054,-0.005746,0.008585288797316848
LMT,2012-04-26 22:31:03,0.0278,0.0069,0.0093,1.0,0.0,0.0,0.0209,1976300.0,0.007914,0.00668,1399.98,-0.001646,0.013645,0.006356017489137609
LMT,2012-04-26 22:31:06,0.0584,0.0087,0.0161,0.2222222222222222,0.6666666666666666,0.1111111111111111,0.0497,1976300.0,0.007914,0.00668,1399.98,-0.001646,0.013645,0.006356017489137609
LMT,2012-07-24 19:51:11,0.0437,0.0157,0.0101,0.2105263157894736,0.6842105263157895,0.1052631578947368,0.028000000000000004,2029800.0,0.010125,-0.009041,1338.31,-0.009121,-0.008909,0.00912662579976246
LMT,2012-10-25 02:01:06,0.0468,0.024,0.0084,0.2,0.75,0.05,0.0228,1111600.0,-0.003939,0.002996,1412.97,0.021425,-0.003085,0.010341931414285178
LMT,2012-11-12 16:12:04,0.0474,0.025,0.0066,0.2727272727272727,0.6363636363636364,0.0909090909090909,0.022399999999999996,1550700.0,-0.001889,0.00013,1380.03,0.000667,0.001699,0.014306545591674717
LMT,2013-01-24 22:47:11,0.0605,0.0112,0.0034,0.1666666666666666,0.7222222222222222,0.1111111111111111,0.0493,4129600.0,-0.029354,7e-06,1494.82,0.007762,0.001507,0.012512699419656312
LMT,2013-03-05 21:31:23,0.0177,0.0313,0.0177,0.5,0.5,0.0,-0.013600000000000001,1492500.0,0.008152,0.009566,1539.79,-0.012136,0.004611,0.010409697594070672
LMT,2013-04-23 16:50:12,0.035,0.0197,0.0066,0.2,0.6666666666666666,0.1333333333333333,0.015300000000000005,2489400.0,0.012624,0.010419,1578.78,-0.004466,0.004662,0.010695145744163083
LMT,2013-05-30 23:04:10,0.0169,0.0091,0.0246,0.5,0.5,0.0,0.007799999999999998,2068500.0,0.008107,0.00367,1654.41,-0.004084,-0.007048,0.008172704907869366
LMT,2013-07-23 18:29:07,0.0323,0.0156,0.0111,0.1764705882352941,0.6470588235294118,0.1764705882352941,0.016700000000000003,2645000.0,0.019628,-0.001852,1692.39,0.000865,0.002033,0.011499421183984337
LMT,2013-10-22 17:21:12,0.049,0.014,0.0082,0.2142857142857142,0.5714285714285714,0.2142857142857142,0.035,2787400.0,0.037909,0.005738,1754.67,-0.027929,9.2e-05,0.021005174347712013
LMT,2014-01-23 23:46:07,0.0406,0.0147,0.0124,0.2142857142857142,0.6428571428571429,0.1428571428571428,0.0259,3945500.0,-0.039323,-0.00889,1828.46,0.016548,0.000575,0.015382469063479036
LMT,2014-04-22 21:26:08,0.0454,0.0055,0.01,0.2142857142857142,0.6428571428571429,0.1428571428571428,0.039900000000000005,2674864.0,-0.029723,0.004092,1879.55,0.007738,0.003775,0.01568164771281671
LMT,2014-05-29 23:18:04,0.0466,0.0165,0.006,0.5,0.0,0.5,0.030100000000000002,1489150.0,0.014682,0.005367,1920.03,-0.005216,-0.001114,0.008425446153699492
LMT,2014-07-22 20:35:07,0.0493,0.0149,0.008,0.1764705882352941,0.5294117647058824,0.2941176470588235,0.0344,2174579.0,0.030004,0.005016,1983.53,0.003016,-0.00232,0.009913929515809838
LMT,2014-10-21 20:44:08,0.0492,0.0069,0.0069,0.1666666666666666,0.6666666666666666,0.1666666666666666,0.042300000000000004,4106894.0,-0.016635,0.019574,1941.28,-0.004029,0.009143,0.012063449285617577
LMT,2015-01-27 22:41:10,0.0543,0.0078,0.0122,0.2142857142857142,0.5714285714285714,0.2142857142857142,0.0465,1943283.0,-0.026216,-0.013388,2029.55,-0.008914,0.002568,0.01128158384467557
LMT,2015-04-21 21:11:08,0.0431,0.0102,0.0102,0.1666666666666666,0.5555555555555556,0.2777777777777778,0.0329,1421126.0,-0.002592,-0.001481,2097.29,0.010163,0.009235,0.007738662434670353
LMT,2015-07-20 22:45:07,0.0426,0.0035,0.0095,0.1578947368421052,0.5789473684210527,0.2631578947368421,0.039099999999999996,2051965.0,0.019634,0.000771,2128.28,-0.002182,0.001106,0.00751474229616549
LMT,2015-10-20 22:12:07,0.0336,0.0093,0.0185,0.1875,0.5,0.3125,0.0243,1926488.0,-0.009068,-0.001421,2030.77,0.0041,0.000271,0.0095221172021306
LMT,2016-01-26 21:59:10,0.0518,0.0092,0.0127,0.1875,0.625,0.1875,0.0426,4441492.0,-0.005118,0.014144,1903.63,-0.004858,-0.015638,0.010847857753184897
LMT,2016-04-26 21:36:16,0.0549,0.0103,0.0103,0.1666666666666666,0.5555555555555556,0.2777777777777778,0.0446,1918332.0,0.025895,0.001873,2091.7,-0.002337,-0.001812,0.008712134067558403
LMT,2016-07-19 20:30:40,0.0635,0.0127,0.0081,0.1764705882352941,0.5294117647058824,0.2941176470588235,0.0508,4980017.0,0.010418,-0.001435,2163.78,-0.002685,0.002382,0.004618816226408447
LMT,2016-10-25 20:16:21,0.0432,0.0133,0.0166,0.0,0.4736842105263157,0.5263157894736842,0.029900000000000003,3130924.0,0.073656,-0.003798,2143.16,0.007114,0.00475,0.023506374327214138
LMT,2017-01-24 23:21:09,0.0313,0.0156,0.0145,0.2142857142857142,0.5714285714285714,0.2142857142857142,0.015700000000000002,2984999.0,-0.017749,0.006565,2280.07,-0.00097,-0.00269,0.00841361565559068
LMT,2017-04-26 06:26:56,0.0422,0.0217,0.008,0.0,0.5333333333333333,0.4666666666666667,0.0205,1477178.0,0.001222,-0.000486,2387.45,-0.02241,0.006091,0.009687425684876278
LMT,2017-07-18 22:42:07,0.0331,0.0068,0.016,0.1666666666666666,0.5555555555555556,0.2777777777777778,0.026299999999999997,1811020.0,-0.005893,0.000598,2460.61,0.001249,-5.3e-05,0.006685872668877659
LMT,2017-10-24 19:50:39,0.027,0.0079,0.0146,0.0,0.5,0.5,0.0191,2567774.0,-0.023634,0.001618,2569.13,0.002281,-0.003972,0.009663104288420439
LMT,2018-01-29 22:12:05,0.0382,0.0067,0.0135,0.2142857142857142,0.4285714285714285,0.3571428571428571,0.0315,2881104.0,0.018904,-0.006732,2853.53,0.030413,0.011841,0.014660774098480187
LMT,2018-04-25 00:53:10,0.0377,0.0144,0.0078,0.1666666666666666,0.5,0.3333333333333333,0.023299999999999998,3030826.0,-0.020773,0.001837,2639.4,-0.061656,-0.013381,0.02329775970846412
LMT,2018-07-24 20:26:58,0.0405,0.0175,0.0055,0.1764705882352941,0.5294117647058824,0.2941176470588235,0.023,3253493.0,0.01332,0.004781,2820.4,-0.013083,0.001838,0.011125389226150004
LMT,2018-10-23 19:39:08,0.04,0.0086,0.0076,0.2,0.6,0.2,0.0314,2995685.0,-0.016617,-0.005512,2740.69,-0.004145,-0.004299,0.01649517095024415
LMT,2019-01-29 21:00:06,0.028,0.0112,0.0145,0.2857142857142857,0.3571428571428571,0.3571428571428571,0.016800000000000002,2037401.0,0.01452,-0.001456,2640.0,0.002892,-0.007847,0.012137530615134815
LMT,2019-03-07 23:41:08,0.0262,0.0138,0.0234,0.6666666666666666,0.3333333333333333,0.0,0.012400000000000001,1255490.0,-0.001022,-0.008126,2748.93,-0.00798,-0.006524,0.008205754003543366
LMT,2019-04-23 18:12:17,0.0342,0.0044,0.011,0.1764705882352941,0.4705882352941176,0.3529411764705882,0.0298,3425799.0,0.056588,0.008841,2933.68,0.003182,0.001012,0.01971265703974653
LMT,2019-07-24 01:17:25,0.0376,0.0269,0.0108,0.2,0.4666666666666667,0.3333333333333333,0.010700000000000001,1900584.0,0.031023,0.004688,3019.56,0.000475,0.006848,0.012642234590187556
LMT,2019-10-22 22:00:06,0.0373,0.0236,0.0162,0.2307692307692307,0.4615384615384615,0.3076923076923077,0.0137,2595285.0,-0.000989,-0.003569,2995.99,0.004215,0.006872,0.008352129458341153
LMT,2019-12-05 18:37:27,0.0297,0.0203,0.0149,0.5,0.5,0.0,0.009400000000000002,1203937.0,0.003536,0.0015,3117.43,0.007756,0.006324,0.007863106432362973
LMT,2020-01-28 19:48:07,0.0379,0.0208,0.0098,0.2307692307692307,0.3846153846153846,0.3846153846153846,0.017100000000000004,2063247.0,0.011078,0.010054,3276.24,-0.000277,-0.015731,0.0070484561910945775
LMT,2020-04-21 19:25:37,0.0319,0.0279,0.0146,0.2307692307692307,0.4615384615384615,0.3076923076923077,0.003999999999999997,2041994.0,-0.025495,-0.030675,2736.56,-0.045578,-0.017881,0.03307715515192387
LMT,2020-05-27 17:02:06,0.028,0.0221,0.0147,0.5,0.0,0.5,0.005899999999999999,1986894.0,0.066953,0.014827,3036.13,0.008672,0.012289,0.03054527784999399
LMT,2020-06-02 20:20:11,0.0223,0.0223,0.0288,0.5,0.5,0.0,0.0,1404816.0,0.002082,0.008211,3080.82,0.001339,0.003751,0.02563588343102084
LMT,2020-07-21 21:21:09,0.0243,0.0066,0.011,0.2142857142857142,0.3571428571428571,0.4285714285714285,0.0177,1998090.0,0.026236,0.001679,3257.3,-0.00806,0.008407,0.018005298294606998
LMT,2020-10-20 20:46:09,0.0325,0.0123,0.0146,0.25,0.3333333333333333,0.4166666666666667,0.020200000000000003,1783180.0,-0.029971,0.004727,3443.12,-0.007219,-0.01633,0.013826433600173237
LMT,2021-01-26 22:29:10,0.0449,0.0236,0.0045,0.2,0.3333333333333333,0.4666666666666667,0.021300000000000003,3542394.0,-0.037321,-0.001489,3849.62,0.01068,0.003616,0.015189462632584012
MA,2007-05-02 19:20:00,0.024,0.012,0.0065,0.1176470588235294,0.5882352941176471,0.2941176470588235,0.012,16044500.0,0.100131,0.006472,1495.92,0.028385,0.002651,0.03666731350656724
MA,2007-08-01 18:24:38,0.0176,0.0121,0.0077,0.1111111111111111,0.4444444444444444,0.4444444444444444,0.005500000000000001,12891420.0,-0.067164,0.007243,1465.81,-0.023027,-0.012647,0.038036716342239624
MA,2007-10-31 17:30:23,0.0251,0.0057,0.0103,0.1111111111111111,0.5,0.3888888888888889,0.0194,20267300.0,0.208463,0.011992,1549.38,-0.001271,-0.006463,0.06830768311438731
MA,2008-02-01 02:13:05,0.0256,0.0163,0.014,0.1666666666666666,0.6666666666666666,0.1666666666666666,0.009300000000000003,4538800.0,0.040676,0.012238,1395.42,0.095238,0.016772,0.03766486937068961
MA,2008-04-29 19:01:13,0.0289,0.0089,0.0122,0.1333333333333333,0.6666666666666666,0.2,0.019999999999999997,13133800.0,0.129814,-0.003889,1390.94,0.021526,-0.001052,0.04038094746852229
MA,2008-07-31 19:06:29,0.0145,0.0178,0.0111,0.0833333333333333,0.5833333333333334,0.3333333333333333,-0.003299999999999999,16059100.0,-0.098179,-0.013144,1267.38,0.032926,0.016672,0.04292965958453954
MA,2008-11-04 05:06:22,0.0232,0.0415,0.0085,0.2,0.5333333333333333,0.2666666666666666,-0.018300000000000004,11837100.0,0.183126,0.040826,1005.75,-0.026586,-0.002529,0.07395143060324573
MA,2009-02-05 20:09:17,0.0476,0.0244,0.0104,0.2307692307692307,0.6153846153846154,0.1538461538461538,0.023200000000000002,9489400.0,0.140492,0.016366,845.85,0.003221,-0.007489,0.05132267648472318
MA,2009-05-01 19:29:19,0.0276,0.0392,0.0081,0.2727272727272727,0.5454545454545454,0.1818181818181818,-0.0116,10921200.0,-0.057509,0.005396,877.52,0.029403,-0.00095,0.0524879935790611
MA,2009-07-30 19:14:19,0.0369,0.0369,0.0115,0.2,0.4666666666666667,0.3333333333333333,0.0,6802100.0,0.029488,0.011896,986.75,0.008612,-0.004563,0.01284179239999029
MA,2009-11-03 18:03:53,0.0532,0.0374,0.0147,0.1333333333333333,0.6666666666666666,0.2,0.015799999999999995,5785600.0,-0.015495,0.002426,1045.41,0.016574,0.006456,0.02355829446972397
MA,2010-02-04 17:26:17,0.0442,0.0181,0.0136,0.3076923076923077,0.6923076923076923,0.0,0.0261,10839700.0,-0.102876,-0.031141,1063.11,-0.019718,-0.005474,0.036043950775561724
MA,2010-05-05 00:11:17,0.0612,0.0075,0.0112,0.2,0.6666666666666666,0.1333333333333333,0.0537,2563100.0,-0.052975,-0.006561,1165.9,0.002034,-0.023838,0.02431750951338024
MA,2010-08-03 19:06:27,0.0297,0.0095,0.0071,0.1176470588235294,0.5882352941176471,0.2941176470588235,0.020200000000000003,3165200.0,-0.00795,-0.004796,1120.46,-0.035803,0.022023,0.020667774300694528
MA,2010-11-02 20:06:18,0.0262,0.0071,0.0095,0.1666666666666666,0.5833333333333334,0.25,0.0191,1851600.0,0.029248,0.007759,1193.57,-0.004457,0.000947,0.014753361223426124
MA,2011-02-03 18:51:24,0.035,0.0213,0.0188,0.2,0.5333333333333333,0.2666666666666666,0.013700000000000004,1866200.0,0.025064,0.002354,1307.1,0.005207,-0.002723,0.013470051522214605
MA,2011-05-03 20:51:19,0.0304,0.0152,0.0094,0.1333333333333333,0.4666666666666667,0.4,0.0152,1485100.0,0.025755,-0.003379,1356.62,-0.002175,-0.001753,0.010527806677239954
MA,2011-08-03 19:31:11,0.0392,0.0154,0.0131,0.2,0.4666666666666667,0.3333333333333333,0.023799999999999998,5191300.0,0.133941,0.005016,1260.34,-0.018512,-0.025557,0.045776262181275715
MA,2011-09-16 07:31:43,0.0119,0.0132,0.0172,0.5555555555555556,0.3333333333333333,0.1111111111111111,-0.001299999999999999,5245000.0,-0.002845,0.005707,1216.01,0.031759,0.017187,0.028659604793158
MA,2011-11-02 18:21:19,0.0328,0.0243,0.0085,0.1538461538461538,0.6923076923076923,0.1538461538461538,0.008500000000000004,3075900.0,0.069877,0.016105,1237.9,-0.037265,-0.027942,0.03672551251226991
MA,2012-02-02 20:11:10,0.029,0.0229,0.0121,0.0952380952380952,0.8095238095238095,0.0952380952380952,0.006100000000000001,3502600.0,0.066971,0.001095,1325.54,0.005765,0.0089,0.025202017032152274
MA,2012-05-02 19:51:25,0.0324,0.0127,0.0093,0.1111111111111111,0.6666666666666666,0.2222222222222222,0.0197,2165000.0,-0.009761,-0.002497,1402.31,0.008026,0.005658,0.016396726110890554
MA,2012-05-08 18:31:08,0.04,0.0129,0.0077,0.1818181818181818,0.8181818181818182,0.0,0.0271,1041000.0,-0.010272,-0.004279,1363.72,-0.008119,0.000351,0.01680819837658609
MA,2012-08-01 19:01:13,0.0314,0.0221,0.0081,0.25,0.75,0.0,0.009299999999999996,2172300.0,-0.021463,-0.00303,1375.14,-0.010382,-0.004317,0.01946822479181009
MA,2012-10-31 19:11:34,0.0304,0.0182,0.0146,0.2666666666666666,0.7333333333333333,0.0,0.012199999999999999,1193000.0,0.01755,0.000156,1412.16,0.008056,-0.000729,0.011996548903747467
MA,2013-01-31 18:18:07,0.0325,0.0193,0.012,0.2307692307692307,0.6923076923076923,0.0769230769230769,0.0132,2041300.0,0.004651,-0.002563,1498.11,-0.004783,-0.0039,0.006574877729323941
MA,2013-05-01 15:32:09,0.0328,0.0222,0.0105,0.2,0.5333333333333333,0.2666666666666666,0.010600000000000002,1011200.0,-0.02371,-0.009308,1582.7,0.025825,0.002485,0.013398855024051864
MA,2013-06-12 17:21:07,0.0235,0.0041,0.0083,0.5,0.0,0.5,0.0194,581600.0,-0.004389,-0.00837,1612.52,-0.009438,-0.010153,0.009323593049058332
MA,2013-07-31 16:24:08,0.034,0.0207,0.0134,0.2222222222222222,0.6111111111111112,0.1666666666666666,0.013300000000000003,4009400.0,0.015281,-0.000136,1685.73,0.00737,0.000374,0.010017758066442915
MA,2013-09-12 05:12:03,0.0166,0.0166,0.0138,0.5,0.2142857142857142,0.2857142857142857,0.0,1087200.0,0.013759,-0.00338,1683.42,0.010683,0.003052,0.010543258564915824
MA,2013-09-24 17:11:03,0.0223,0.0126,0.0056,0.5,0.0,0.5,0.0097,607100.0,0.003485,-0.002597,1697.42,-0.00401,-0.00472,0.00690862665561477
MA,2013-10-31 16:20:04,0.0289,0.0113,0.0088,0.1764705882352941,0.5882352941176471,0.2352941176470588,0.017599999999999998,1022100.0,-0.011823,-0.003839,1756.54,-0.009229,-0.004876,0.010566721064528951
MA,2014-01-31 18:41:10,0.0235,0.0212,0.0118,0.15,0.8,0.05,0.0023,23255500.0,-0.051153,-0.006465,1782.59,0.026512,0.011267,0.02955684299033914
MA,2014-05-01 20:37:09,0.0259,0.0123,0.0099,0.1176470588235294,0.5294117647058824,0.3529411764705882,0.0136,9752820.0,0.009109,-0.000143,1883.68,0.021102,0.002992,0.020080217442658546
MA,2014-05-19 17:39:06,0.017,0.0249,0.0066,0.5,0.5,0.0,-0.007899999999999997,3429017.0,0.001492,0.003845,1885.08,0.009168,0.003747,0.008479149918083613
MA,2014-06-11 19:19:06,0.036,0.0245,0.0072,1.0,0.0,0.0,0.011499999999999996,3427470.0,-0.006334,-0.003537,1943.89,0.006505,-0.000246,0.006873823235855123
MA,2014-07-31 18:27:10,0.0326,0.0169,0.0109,0.2,0.6,0.2,0.0157,7394975.0,-0.023185,-0.019999,1930.67,0.000264,6.1e-05,0.012738296090486082
MA,2014-09-18 05:33:10,0.0335,0.004,0.0067,0.3333333333333333,0.4761904761904761,0.1904761904761904,0.029500000000000002,5790199.0,0.020729,0.004891,2011.36,-0.004831,0.001296,0.011065332853356003
MA,2014-10-30 19:39:06,0.0321,0.0167,0.009,0.2307692307692307,0.6153846153846154,0.1538461538461538,0.015399999999999997,16292387.0,0.09396,0.00623,1994.65,-0.000132,-0.001385,0.029956130877594318
MA,2014-11-21 01:02:16,0.0293,0.0102,0.0029,0.5,0.0,0.5,0.0191,4969498.0,0.001418,0.005237,2063.5,0.003797,0.001967,0.00509965016774067
MA,2015-01-30 20:10:04,0.0337,0.0193,0.0096,0.1875,0.375,0.4375,0.0144,13332352.0,0.007987,-0.012992,1994.99,0.007927,0.009535,0.012202827579431641
MA,2015-03-23 20:20:04,0.0462,0.0058,0.0058,0.6666666666666666,0.3333333333333333,0.0,0.0404,3395238.0,-0.005455,-0.001746,2104.42,0.008987,0.009013,0.016375948257870396
MA,2015-04-29 17:56:04,0.035,0.0175,0.0087,0.2142857142857142,0.3571428571428571,0.4285714285714285,0.0175,9364693.0,0.000222,-0.00374,2106.85,0.005348,0.002769,0.015490211481233479
MA,2015-05-28 18:07:05,0.0169,0.0099,0.0028,0.5,0.5,0.0,0.0069999999999999975,1778401.0,0.002484,-0.001267,2120.79,0.007618,0.009163,0.00745959121310751
MA,2015-06-02 18:17:08,0.0366,0.0099,0.0056,0.3333333333333333,0.3333333333333333,0.3333333333333333,0.0267,2796471.0,0.00659,-0.001009,2109.6,0.003252,0.002059,0.006171991780977074
MA,2015-07-29 18:28:08,0.0287,0.0137,0.0112,0.2,0.4666666666666667,0.3333333333333333,0.015,11421718.0,0.016499,0.007319,2108.57,0.008158,0.012386,0.011219172407584941
MA,2015-09-10 08:25:13,0.0157,0.0114,0.0129,0.5652173913043478,0.217391304347826,0.217391304347826,0.004299999999999998,7370031.0,-0.003223,0.005278,1952.29,-0.031539,-0.013898,0.0223478637480186
MA,2015-10-29 20:58:11,0.0334,0.0222,0.0148,0.1764705882352941,0.4705882352941176,0.3529411764705882,0.011199999999999998,4940602.0,0.004996,-0.00045,2089.41,0.016865,0.01184,0.010650211924860863
MA,2016-01-29 20:22:12,0.0362,0.0133,0.006,0.2,0.5333333333333333,0.2666666666666666,0.022900000000000004,16410480.0,0.067122,0.02476,1940.24,-0.016272,0.005529,0.02911547179689107
MA,2016-03-15 19:50:15,0.0233,0.0337,0.0142,0.5,0.5,0.0,-0.0104,4468819.0,0.005514,-0.001837,2015.93,0.003274,-0.001261,0.011088005586117892
MA,2016-04-28 20:28:22,0.0275,0.0188,0.0075,0.1875,0.5,0.3125,0.0087,6261391.0,-0.012198,-0.009231,2075.81,0.011412,0.001649,0.007546608477396647
MA,2016-05-24 18:54:17,0.0288,0.0151,0.0137,0.6666666666666666,0.3333333333333333,0.0,0.013699999999999999,2447023.0,0.014724,0.013681,2076.06,-0.004085,-0.002085,0.008823773887125332
MA,2016-06-15 17:43:22,0.0398,0.0192,0.0177,0.5,0.0,0.5,0.020600000000000004,4025870.0,-0.008182,-0.001841,2071.5,-0.000849,-0.001799,0.009727938799606659
MA,2016-07-28 19:23:06,0.0275,0.0263,0.0125,0.2,0.4666666666666667,0.3333333333333333,0.0011999999999999997,5209419.0,0.024107,0.001606,2170.06,0.003425,-0.001199,0.010161285061447877
MA,2016-09-09 03:44:06,0.0122,0.0108,0.0068,0.6071428571428571,0.2857142857142857,0.1071428571428571,0.0014000000000000002,5458462.0,-0.018304,-0.024522,2127.81,0.004118,-0.002223,0.008611649673552902
MA,2016-10-28 19:40:14,0.0363,0.0254,0.0109,0.2142857142857142,0.4285714285714285,0.3571428571428571,0.0109,9282807.0,0.031853,-0.003108,2126.41,0.003681,-0.002987,0.010002475960703344
MA,2017-01-31 19:22:22,0.0321,0.0173,0.0111,0.0,0.6470588235294118,0.3529411764705882,0.014799999999999997,6470230.0,-0.027173,-0.00089,2278.87,-0.004916,-0.00601,0.01055103035779514
MA,2017-03-16 01:32:05,0.0293,0.0103,0.0103,0.5,0.5,0.0,0.019,2746446.0,0.005803,-0.001627,2381.38,0.013847,0.008375,0.006335535326851342
MA,2017-05-02 18:18:34,0.04,0.0118,0.0071,0.0,0.5714285714285714,0.4285714285714285,0.028200000000000003,6802625.0,0.015038,0.001189,2391.17,0.00043,0.001732,0.008796619807883484
MA,2017-05-22 17:46:06,0.0245,0.0163,0.0095,0.3333333333333333,0.6666666666666666,0.0,0.008200000000000002,2578248.0,0.012077,0.00516,2394.02,0.011528,0.006767,0.008083759702844764
MA,2017-05-31 18:34:04,0.0151,0.0082,0.0069,0.5,0.0,0.5,0.0069,4708509.0,0.010111,-0.00046,2411.8,0.000164,-0.001205,0.008755446508063374
MA,2017-06-14 15:46:06,0.0274,0.015,0.0014,0.3333333333333333,0.0,0.6666666666666666,0.012400000000000001,2939955.0,0.001472,-0.000996,2437.92,0.012918,0.004511,0.010557817346508024
MA,2017-07-27 21:06:20,0.0383,0.0167,0.0048,0.0,0.4666666666666667,0.5333333333333333,0.0216,4914542.0,-0.015726,-0.000973,2475.42,0.007771,0.000283,0.00723893171676619
MA,2017-09-13 21:25:31,0.0224,0.0104,0.0045,0.5,0.5,0.0,0.012,3613812.0,-0.01629,0.000757,2498.37,0.003028,0.003364,0.015186079883308454
MA,2017-10-31 17:44:41,0.0346,0.0191,0.006,0.0,0.6666666666666666,0.3333333333333333,0.0155,7613691.0,-0.001208,0.000944,2575.26,0.002895,-0.003192,0.0052054733427639105
MA,2018-02-01 20:18:08,0.0382,0.0131,0.0095,0.25,0.6666666666666666,0.0833333333333333,0.025099999999999997,6848449.0,0.023254,-0.000648,2821.98,0.010826,0.000489,0.010628402246914899
MA,2018-03-08 23:28:09,0.0495,0.0057,0.0057,0.3333333333333333,0.0,0.6666666666666666,0.043800000000000006,2235312.0,0.000223,0.004463,2738.97,0.009463,-0.000484,0.011367896590838754
MA,2018-03-14 18:12:05,0.018,0.0041,0.0097,1.0,0.0,0.0,0.0139,2820698.0,-0.004917,-0.005724,2749.48,-0.008382,-0.006364,0.012059165340566256
MA,2018-05-02 16:47:29,0.0502,0.0093,0.0047,0.0,0.5833333333333334,0.4166666666666667,0.040900000000000006,10133050.0,0.030902,-0.007206,2635.67,0.011107,0.002549,0.017483118468333423
MA,2018-05-16 19:52:07,0.0404,0.0125,0.0056,0.3333333333333333,0.3333333333333333,0.3333333333333333,0.027899999999999998,2109329.0,0.001979,0.004061,2722.46,-0.000625,-0.006842,0.005408853179947273
MA,2018-05-30 18:05:09,0.0209,0.007,0.0139,0.5,0.0,0.5,0.0139,2764225.0,0.011766,0.012696,2724.01,-0.008579,-0.011564,0.0065892590419732115
MA,2018-06-13 16:33:06,0.0398,0.011,0.0041,0.6666666666666666,0.0,0.3333333333333333,0.028800000000000003,2686503.0,-0.003598,-0.004026,2775.63,0.008262,0.001743,0.01388730038560423
MA,2018-06-14 20:21:57,0.0392,0.0112,0.0042,0.5,0.5,0.0,0.027999999999999997,2846890.0,-0.000502,0.002472,2782.49,-0.003598,-0.004026,0.013299341913543572
MA,2018-07-26 18:18:22,0.037,0.0139,0.0046,0.0,0.3333333333333333,0.6666666666666666,0.0231,7279878.0,-0.031705,-0.003032,2837.44,0.021853,0.009102,0.015251005718749723
MA,2018-09-12 21:34:08,0.0298,0.0081,0.0081,0.5,0.5,0.0,0.0217,2291506.0,0.002717,0.000357,2888.92,0.008409,0.00374,0.010957525450575215
MA,2018-09-20 21:04:07,0.0575,0.0082,0.0041,0.5,0.0,0.5,0.049300000000000004,3108564.0,0.014666,0.007841,2930.75,-0.008453,0.001253,0.009585136053054185
MA,2018-10-30 17:36:29,0.0399,0.0148,0.0057,0.0,0.3571428571428571,0.6428571428571429,0.025099999999999997,9239212.0,-0.017326,0.015667,2682.63,-0.03266,-0.00656,0.023497154187026404
MA,2018-11-13 16:54:35,0.0559,0.0056,0.0042,0.5,0.0,0.5,0.0503,2851971.0,-0.004871,-0.001482,2722.18,-0.031514,-0.019701,0.025965579450067763
MA,2019-01-31 19:27:14,0.0359,0.0093,0.0046,0.2307692307692307,0.3846153846153846,0.3846153846153846,0.026600000000000002,11316235.0,0.03485,0.008597,2704.1,0.023991,0.015549,0.015940633660903022
MA,2019-03-08 01:00:08,0.0253,0.0107,0.004,0.5,0.5,0.0,0.0146,2691837.0,-0.002428,-0.002132,2743.07,-0.009177,-0.008126,0.005793875367815659
MA,2019-04-30 19:24:12,0.0359,0.0104,0.0058,0.2,0.4666666666666667,0.3333333333333333,0.025500000000000002,7179637.0,0.02877,0.000951,2945.83,0.001824,0.001071,0.00842953811111084
MA,2019-05-29 15:09:09,0.0542,0.0149,0.0027,1.0,0.0,0.0,0.0393,4014738.0,0.000513,-0.006912,2783.02,0.007754,-0.008376,0.012343674536647106
MA,2019-06-05 16:19:10,0.0229,0.0243,0.0175,0.5,0.0,0.5,-0.0013999999999999985,4742351.0,0.028413,0.008162,2826.15,0.028564,0.021432,0.02111066966278224
MA,2019-06-12 00:07:45,0.0313,0.0043,0.0043,0.5,0.5,0.0,0.027000000000000003,2295582.0,0.000721,-0.002038,2879.84,-0.009169,-0.00035,0.021063136892052352
MA,2019-06-25 19:00:11,0.0206,0.0347,0.0051,0.5,0.125,0.375,-0.014100000000000001,3137962.0,-0.020995,-0.009496,2917.38,0.003138,-0.001732,0.012315225319813721
MA,2019-07-30 16:24:11,0.0296,0.0193,0.0142,0.1176470588235294,0.4705882352941176,0.4117647058823529,0.0103,3961013.0,-0.011654,-0.002579,3013.18,-0.002234,-0.001616,0.007117437176087953
MA,2019-09-13 11:50:39,0.0416,0.0139,0.0025,0.6538461538461539,0.2692307692307692,0.0769230769230769,0.0277,4631135.0,-0.000289,-0.000724,3007.39,0.023893,0.002879,0.02058551592449849
MA,2019-09-19 18:56:10,0.0297,0.0116,0.0116,0.5,0.0,0.5,0.0181,2625815.0,0.002944,2e-05,3006.79,-0.004163,0.000343,0.017554557834553102
MA,2019-10-29 19:59:12,0.0483,0.0394,0.0076,0.1333333333333333,0.3333333333333333,0.5333333333333333,0.008900000000000005,4706662.0,-0.005943,-0.000832,3036.89,0.021244,0.005581,0.021996651386821053
MA,2020-01-29 20:58:08,0.0169,0.0286,0.013,0.25,0.4166666666666667,0.3333333333333333,-0.011700000000000002,4390644.0,0.000156,-0.000867,3273.4,0.014251,0.010054,0.012558560756622601
MA,2020-03-06 19:23:32,0.0355,0.003,0.0044,0.5,0.5,0.0,0.032499999999999994,7061544.0,-0.012795,-0.017054,2972.37,-0.038464,-0.033922,0.040164482416544245
MA,2020-03-10 22:10:10,0.0216,0.027,0.0121,0.6666666666666666,0.0,0.3333333333333333,-0.0053999999999999986,8131391.0,0.070837,0.049396,2882.23,-0.087105,-0.07597,0.05033417052957169
MA,2020-04-29 22:13:07,0.0174,0.0147,0.0174,0.3076923076923077,0.3846153846153846,0.3076923076923077,0.0026999999999999993,8505034.0,0.072147,0.026584,2939.51,-0.001961,-0.005242,0.03831563618507033
MA,2020-05-29 00:53:07,0.0248,0.016,0.0073,0.5,0.5,0.0,0.008799999999999999,4932889.0,-0.004664,0.004812,3044.31,0.00844,-0.002108,0.018083837566242014
MA,2020-06-03 19:15:09,0.0247,0.0205,0.0041,0.5,0.5,0.0,0.004199999999999999,3429657.0,0.011463,0.013649,3122.87,0.007266,0.008211,0.014636187001933226
MA,2020-06-09 18:35:06,0.0288,0.0144,0.0187,0.5,0.0,0.5,0.0144,3314761.0,0.003479,-0.007799,3207.18,-0.004713,0.012042,0.014670584056009763
MA,2020-07-30 20:18:09,0.0253,0.012,0.0084,0.2666666666666666,0.3333333333333333,0.4,0.0133,3941573.0,-0.00097,-0.00375,3246.22,0.009695,0.012428,0.014064062801654878
MA,2020-10-28 18:22:08,0.0345,0.0036,0.0048,0.2666666666666666,0.4666666666666667,0.2666666666666666,0.030900000000000004,11518248.0,-0.081139,-0.035288,3271.03,-0.002987,-0.003026,0.026190328928399904
MA,2021-01-29 01:40:08,0.0475,0.0081,0.0093,0.25,0.5833333333333334,0.1666666666666666,0.039400000000000004,7627177.0,-0.024639,-0.019312,3714.24,0.027861,0.009761,0.02085821254193291
MCD,2006-01-26 16:45:53,0.0628,0.0107,0.013,0.0,0.5,0.5,0.052099999999999994,12358000.0,-0.006257,0.007235,1273.83,-0.019247,-0.001721,0.011977690581057587
MCD,2006-04-22 23:34:20,0.0552,0.0011,0.0034,0.0,0.9090909090909092,0.0909090909090909,0.0541,6320500.0,-0.013683,-0.000137,1311.28,0.01534,0.001168,0.011326668136158432
MCD,2006-07-25 20:11:30,0.0444,0.0144,0.0048,0.2142857142857142,0.5,0.2857142857142857,0.030000000000000002,8185500.0,-0.002296,0.006321,1268.88,0.004035,0.016625,0.01932140065919998
MCD,2006-10-19 22:22:48,0.0702,0.0083,0.006,0.0,0.6,0.4,0.0619,20305200.0,-0.01688,0.000732,1366.96,-0.003125,0.0014,0.011890951163244536
MCD,2007-01-24 19:10:21,0.0466,0.0034,0.0057,0.1875,0.5,0.3125,0.0432,11019000.0,-0.015385,0.008501,1440.13,0.011274,0.003542,0.009524854261935507
MCD,2007-04-20 20:38:43,0.0497,0.0056,0.0034,0.1666666666666666,0.5555555555555556,0.2777777777777778,0.0441,12583810.0,-0.00861,0.009261,1484.35,-0.002046,-0.001202,0.010425436135827706
MCD,2007-07-24 20:54:32,0.0546,0.0128,0.0046,0.1666666666666666,0.5555555555555556,0.2777777777777778,0.041800000000000004,7149411.0,-0.018095,-0.019804,1511.04,0.007871,0.004869,0.010363838823310378
MCD,2007-10-19 21:27:39,0.0633,0.0035,0.0023,0.1764705882352941,0.2941176470588235,0.5294117647058824,0.05979999999999999,8936895.0,-0.006515,-0.025616,1500.63,-0.002985,-0.000753,0.010341529940541236
MCD,2008-01-28 22:27:32,0.0632,0.0082,0.0035,0.1666666666666666,0.5,0.3333333333333333,0.05500000000000001,49724400.0,-0.056007,0.017556,1353.97,0.001852,-0.015872,0.022688609345024008
MCD,2008-04-22 20:14:11,0.0647,0.0048,0.0036,0.2105263157894736,0.631578947368421,0.1578947368421052,0.059899999999999995,10918600.0,-0.005454,-0.00881,1375.94,0.006346,-0.001554,0.009329859486854246
MCD,2008-07-24 00:24:13,0.0507,0.0035,0.0059,0.15,0.6,0.25,0.0472,8440200.0,-0.021623,-0.023125,1252.54,-0.007651,0.004064,0.01515837302322089
MCD,2008-10-22 20:23:12,0.0469,0.0106,0.0059,0.2105263157894736,0.4736842105263157,0.3157894736842105,0.0363,17950800.0,-0.017232,-0.061013,896.78,-0.030084,-0.0308,0.04836655746093805
MCD,2009-01-26 23:11:34,0.0439,0.0101,0.0034,0.1739130434782608,0.5217391304347826,0.3043478260869565,0.033800000000000004,14136300.0,0.006549,0.005553,836.57,-0.011921,0.005378,0.02388593804568331
MCD,2009-04-22 21:15:18,0.0767,0.0144,0.0022,0.16,0.44,0.4,0.06230000000000001,12703400.0,-0.024807,-0.007682,843.55,0.005422,0.021252,0.017996632990337054
MCD,2009-07-23 21:15:26,0.059,0.0145,0.0067,0.1428571428571428,0.3809523809523809,0.4761904761904761,0.0445,34243400.0,-0.046413,0.02329,976.29,0.003241,-0.000534,0.016547377414227547
MCD,2010-01-22 23:07:12,0.0747,0.0045,0.0023,0.1304347826086956,0.5652173913043478,0.3043478260869565,0.0702,15647200.0,0.003006,-0.022141,1091.76,0.003015,-0.018945,0.007559163372284528
MCD,2010-04-21 21:57:12,0.0625,0.0093,0.0046,0.2352941176470588,0.5294117647058824,0.2352941176470588,0.0532,10738100.0,0.000284,-0.001019,1205.94,0.006007,0.008058,0.006713003438600772
MCD,2010-10-26 09:19:42,0.048,0.0067,0.0056,0.5714285714285714,0.1428571428571428,0.2857142857142857,0.0413,4033100.0,0.000762,1.7e-05,1185.64,0.00191,0.002147,0.006591382198665767
MCD,2011-01-24 22:06:19,0.0551,0.0132,0.0033,0.1363636363636363,0.6363636363636364,0.2272727272727272,0.04190000000000001,16395500.0,0.004933,0.005836,1290.84,-0.001996,0.002414,0.009706297689873489
MCD,2011-04-22 21:41:18,0.0581,0.0105,0.0012,0.15,0.55,0.3,0.047599999999999996,9434200.0,-0.019005,0.005277,1337.38,0.0235,0.013515,0.010629193564581106
MCD,2011-07-22 19:41:16,0.0506,0.0022,0.0011,0.0952380952380952,0.7142857142857143,0.1904761904761904,0.0484,11410100.0,0.023342,0.000908,1345.02,0.00313,0.013546,0.008622230765746003
MCD,2011-10-21 22:31:11,0.0519,0.0081,0.0081,0.0952380952380952,0.8095238095238095,0.0952380952380952,0.043800000000000006,12082800.0,0.037187,0.018809,1238.25,-0.006807,0.004554,0.01496057833255264
MCD,2011-11-10 23:31:03,0.0663,0.0095,0.0027,0.3076923076923077,0.4358974358974359,0.2564102564102564,0.056799999999999996,4190800.0,0.006584,0.008616,1239.69,-0.020613,-0.036695,0.009543997138399448
MCD,2012-01-24 23:21:09,0.056,0.0143,0.0055,0.1578947368421052,0.7894736842105263,0.0526315789473684,0.0417,11656000.0,-0.021793,-0.001026,1314.65,-0.007765,0.000471,0.008915464647329207
MCD,2012-04-20 18:31:10,0.0474,0.0192,0.0068,0.1764705882352941,0.6470588235294118,0.1764705882352941,0.0282,11026400.0,0.006927,0.001169,1378.53,-0.021163,-0.005934,0.009707302003016947
MCD,2012-07-23 17:24:03,0.0496,0.0143,0.0044,0.15,0.65,0.2,0.0353,12132200.0,-0.028827,-0.008909,1350.52,-0.012721,-0.010062,0.014568492604475788
MCD,2012-10-19 17:31:06,0.0381,0.0135,0.0022,0.1578947368421052,0.6842105263157895,0.1578947368421052,0.024600000000000004,19497100.0,-0.044583,-0.016571,1433.19,-0.008757,-0.002444,0.015867076426431592
MCD,2013-01-23 20:48:08,0.0385,0.0209,0.0022,0.1904761904761904,0.7142857142857143,0.0952380952380952,0.0176,9368000.0,0.005702,0.001507,1494.81,0.007479,0.004428,0.004424739320632857
MCD,2013-04-19 16:50:11,0.0437,0.0251,0.0011,0.1818181818181818,0.6363636363636364,0.1818181818181818,0.018600000000000002,8228500.0,-0.019527,0.008848,1555.25,-0.006144,-0.006701,0.010535434421776565
MCD,2013-05-23 20:57:05,0.0227,0.0088,0.0164,1.0,0.0,0.0,0.013900000000000001,13743100.0,-0.006979,-0.002924,1650.51,-0.003916,-0.008274,0.00591853951203796
MCD,2013-05-29 19:46:08,0.0542,0.0084,0.0048,0.5,0.5,0.0,0.0458,8774700.0,-0.021632,-0.007048,1648.36,0.009472,0.006341,0.009454099590477435
MCD,2013-07-22 19:00:05,0.0312,0.0234,0.0022,0.1818181818181818,0.6818181818181818,0.1363636363636363,0.007799999999999998,13210800.0,-0.026828,0.002033,1695.53,0.000898,0.00161,0.010141776757003076
MCD,2013-09-11 16:37:06,0.0498,0.0162,0.0058,0.6666666666666666,0.3333333333333333,0.0,0.0336,3928700.0,0.005883,0.003052,1689.13,0.004562,0.007346,0.0054712398107436
MCD,2013-10-21 17:53:09,0.0442,0.0204,0.0057,0.2222222222222222,0.5555555555555556,0.2222222222222222,0.0238,9137800.0,-0.006408,9.2e-05,1744.66,-0.002828,0.006549,0.008279137888559216
MCD,2014-01-23 18:33:07,0.052,0.0124,0.0057,0.2352941176470588,0.4705882352941176,0.2941176470588235,0.039599999999999996,7150900.0,0.004637,-0.00889,1828.46,-0.002104,0.000575,0.006191213746556854
MCD,2014-04-22 21:30:08,0.0548,0.0179,0.0048,0.1764705882352941,0.5882352941176471,0.2352941176470588,0.0369,8934500.0,-0.003512,0.004092,1879.55,-0.005786,0.003775,0.006618145242857286
MCD,2014-05-23 00:59:08,0.0221,0.0246,0.0111,1.0,0.0,0.0,-0.0024999999999999988,4179128.0,-0.004392,0.004248,1900.53,-0.001073,0.002362,0.0065052474109580745
MCD,2014-05-28 16:58:11,0.0535,0.0025,0.0051,0.6666666666666666,0.3333333333333333,0.0,0.051,8936443.0,-0.010356,-0.001114,1909.78,0.003529,0.005988,0.0068243975362908245
MCD,2014-07-22 21:06:09,0.0604,0.0169,0.0012,0.1764705882352941,0.6470588235294118,0.1764705882352941,0.043500000000000004,12398494.0,-0.013122,0.005016,1983.53,-0.014547,-0.00232,0.00809806185042645
MCD,2014-10-21 21:11:17,0.0402,0.0158,0.0049,0.1666666666666666,0.5,0.3333333333333333,0.024399999999999998,11422211.0,-0.006333,0.019574,1941.28,0.006041,0.009143,0.009843245777350696
MCD,2014-11-20 20:22:08,0.0538,0.0098,0.0037,0.6666666666666666,0.3333333333333333,0.0,0.044,4551916.0,0.000829,0.001967,2052.75,0.001556,-0.001501,0.002865500284030139
MCD,2015-01-23 22:14:06,0.0504,0.0172,0.0037,0.2857142857142857,0.5,0.2142857142857142,0.0332,11495980.0,-0.014633,-0.005492,2051.82,0.006088,0.01527,0.006825236397208284
MCD,2015-03-05 16:39:09,0.0574,0.0256,0.0085,0.8,0.0,0.2,0.031799999999999995,9438793.0,-0.011372,0.001196,2101.04,0.005113,-0.004389,0.014172765346489929
MCD,2015-04-22 21:34:07,0.0537,0.0203,0.0012,0.1904761904761904,0.5714285714285714,0.238095238095238,0.0334,19254300.0,0.031306,0.005088,2107.96,-0.01362,-0.001481,0.014151757879029224
MCD,2015-07-23 21:10:44,0.0567,0.0208,0.0023,0.1764705882352941,0.5882352941176471,0.2352941176470588,0.0359,10380706.0,-0.005022,-0.005676,2102.15,0.002672,-0.002388,0.006860673238749095
MCD,2015-10-22 21:48:11,0.0499,0.0139,0.0012,0.1428571428571428,0.5238095238095238,0.3333333333333333,0.036000000000000004,25286588.0,0.081237,0.016628,2052.51,-0.012519,-0.005825,0.026776758753524366
MCD,2016-01-25 22:49:10,0.0672,0.0171,0.0034,0.1875,0.6875,0.125,0.05009999999999999,15141460.0,0.006757,-0.015638,1877.08,0.004752,0.020284,0.013991491422765928
MCD,2016-03-16 15:52:11,0.022,0.0065,0.0117,0.5,0.5,0.0,0.0155,6716710.0,0.000729,0.0056,2027.22,0.004312,-0.001837,0.008263467044769964
MCD,2016-04-22 19:36:21,0.0722,0.0138,0.0023,0.1875,0.5,0.3125,0.0584,9311250.0,-0.002305,4.8e-05,2091.58,-0.02147,-0.005194,0.00799872538179256
MCD,2016-06-02 00:07:25,0.0422,0.0102,0.0077,0.8,0.2,0.0,0.032,4740240.0,0.000738,0.002825,2105.26,-0.000737,0.00113,0.008640281358587503
MCD,2016-07-26 21:14:36,0.0669,0.0155,0.0072,0.2,0.5333333333333333,0.2666666666666666,0.0514,14563682.0,-0.044662,0.000323,2169.18,-0.006705,-0.003011,0.017606797387183525
MCD,2016-10-21 22:04:22,0.0498,0.0166,0.0059,0.2142857142857142,0.5,0.2857142857142857,0.03319999999999999,10108048.0,0.030388,-8.4e-05,2141.16,-0.006202,-0.001376,0.013891467302708575
MCD,2017-01-23 20:42:06,0.0535,0.007,0.0035,0.2142857142857142,0.4285714285714285,0.3571428571428571,0.0465,7022556.0,-0.007198,-0.00269,2265.2,0.000655,0.003366,0.006121113551561542
MCD,2017-04-26 06:26:35,0.058,0.0047,0.0036,0.0,0.6875,0.3125,0.0533,7132234.0,-0.006069,-0.000486,2387.45,0.055651,0.006091,0.01752397415891217
MCD,2017-05-25 03:10:09,0.0207,0.0182,0.0085,0.2727272727272727,0.0,0.7272727272727273,0.0024999999999999988,3408113.0,0.001873,0.004442,2415.07,0.011365,0.002489,0.0053520018902586996
MCD,2017-06-01 17:23:10,0.0199,0.0142,0.0014,0.5,0.0,0.5,0.0057,4349787.0,0.016171,0.007571,2430.06,0.006403,-0.00046,0.005804765426402253
MCD,2017-07-25 20:14:22,0.0549,0.0069,0.0011,0.0,0.625,0.375,0.048,9511383.0,0.047547,0.002923,2477.13,-0.013448,-0.001064,0.017184041207857152
MCD,2017-10-24 19:58:41,0.0443,0.0057,0.0023,0.0,0.5555555555555556,0.4444444444444444,0.038599999999999995,7855167.0,0.003306,0.001618,2569.13,-0.017799,-0.003972,0.008680765900669223
MCD,2017-11-15 17:26:09,0.0142,0.0026,0.013,1.0,0.0,0.0,0.011600000000000001,2019256.0,-0.004699,-0.005526,2564.62,0.004421,-0.00231,0.009303341873279216
MCD,2018-01-30 23:31:11,0.0487,0.0043,0.0032,0.1666666666666666,0.3333333333333333,0.5,0.0444,9612974.0,-0.029758,-0.010899,2822.43,-0.003308,-0.006732,0.012032717574734838
MCD,2018-03-14 18:31:53,0.0132,0.0118,0.0092,1.0,0.0,0.0,0.0014000000000000002,3878961.0,0.000126,-0.005724,2749.48,0.003043,-0.006364,0.019383860932917
MCD,2018-04-30 21:55:09,0.0614,0.0067,0.0011,0.1052631578947368,0.3684210526315789,0.5263157894736842,0.054700000000000006,12954744.0,0.057738,-0.008188,2648.05,-0.003776,0.001114,0.02116707504304213
MCD,2018-05-25 00:48:07,0.0133,0.0279,0.0085,0.65,0.0,0.35,-0.014600000000000002,2582090.0,0.00505,-0.002357,2721.33,0.004764,-0.002023,0.008161850988320894
MCD,2018-06-01 00:38:07,0.0294,0.0147,0.0147,0.6666666666666666,0.0,0.3333333333333333,0.0147,3203782.0,0.001,0.010849,2734.62,-0.011185,-0.00688,0.009629592543012587
MCD,2018-07-26 20:08:15,0.0628,0.0088,0.0011,0.0,0.6111111111111112,0.3888888888888889,0.05399999999999999,7409782.0,-0.017308,-0.003032,2837.44,0.006015,0.009102,0.007886434204097237
MCD,2018-10-23 21:31:56,0.0619,0.0046,0.0011,0.1666666666666666,0.3333333333333333,0.5,0.0573,12918331.0,0.063134,-0.005512,2740.69,-0.005135,-0.004299,0.024118146110115677
MCD,2019-01-30 23:28:28,0.0549,0.0099,0.0011,0.1538461538461538,0.4615384615384615,0.3846153846153846,0.045,9489921.0,-0.002196,0.015549,2681.05,-0.007789,-0.001456,0.00984960540439166
MCD,2019-03-15 18:35:07,0.031,0.0062,0.0037,0.5,0.5,0.0,0.0248,6010520.0,0.014173,0.004985,2822.48,0.003735,-0.000868,0.010666927921800544
MCD,2019-04-30 22:03:13,0.0626,0.0046,0.0058,0.1538461538461538,0.4615384615384615,0.3846153846153846,0.058,6162285.0,0.002283,0.000951,2945.83,-0.00152,0.001071,0.007046632153810095
MCD,2019-07-26 23:00:12,0.0373,0.0244,0.0206,0.1666666666666666,0.3333333333333333,0.5,0.012899999999999998,5029324.0,0.005316,0.007388,3025.86,0.007802,-0.005262,0.006637278643306161
MCD,2019-10-22 21:31:43,0.0325,0.0213,0.0088,0.1428571428571428,0.4285714285714285,0.4285714285714285,0.011200000000000002,10332747.0,-0.050417,-0.003569,2995.99,0.006475,0.006872,0.01734315009865404
MCD,2020-01-29 21:54:07,0.0404,0.0091,0.0078,0.1333333333333333,0.3333333333333333,0.5333333333333333,0.031299999999999994,5735460.0,0.01925,-0.000867,3273.4,0.005016,0.010054,0.009209121396745682
MCD,2020-04-30 16:17:24,0.037,0.0329,0.0096,0.1428571428571428,0.7142857142857143,0.1428571428571428,0.0040999999999999995,7127221.0,-0.001384,-0.009212,2912.43,0.010165,0.026584,0.0249719807437589
MCD,2020-06-16 19:20:09,0.0322,0.028,0.0168,0.6666666666666666,0.3333333333333333,0.0,0.004199999999999999,5434776.0,0.00438,0.018962,3124.74,0.001692,0.008312,0.02251249694947228
MCD,2020-07-28 17:22:07,0.046,0.0261,0.0199,0.125,0.375,0.5,0.019899999999999998,6051015.0,-0.024894,-0.006473,3218.44,0.012731,0.007395,0.013838545260732138
MCD,2020-11-09 15:06:13,0.0536,0.014,0.0105,0.5,0.0,0.5,0.0396,7981211.0,-0.015423,0.0117,3550.5,0.001156,-0.000288,0.014974316578357998
MCD,2021-01-28 18:45:11,0.0444,0.03,0.0096,0.125,0.5,0.375,0.014400000000000003,5401592.0,-0.00087,0.009761,3787.38,-0.038908,-0.025678,0.016222331035403652
MCO,2007-10-25 14:01:36,0.0217,0.0238,0.0104,0.4,0.6,0.0,-0.002100000000000001,8050800.0,-0.056608,-0.000976,1514.4,-0.030604,-0.002441,0.020873920507284816
MCO,2008-02-08 03:33:10,0.0202,0.0232,0.0081,0.3333333333333333,0.5,0.1666666666666666,-0.002999999999999999,5702100.0,-0.025946,-0.004204,1331.29,0.104148,0.007886,0.0420855123640481
MCO,2008-04-23 23:08:09,0.0135,0.0198,0.0094,0.3846153846153846,0.4615384615384615,0.1538461538461538,-0.006300000000000002,6290200.0,0.02602,0.0029,1379.93,-0.022752,-0.00881,0.02463191085292954
MCO,2008-07-30 21:06:28,0.0218,0.0179,0.0129,0.4,0.4,0.2,0.0039000000000000007,8569300.0,-0.025173,0.016672,1284.26,0.077496,0.023356,0.03961543917450481
MCO,2008-10-29 21:50:17,0.0179,0.0294,0.0126,0.3636363636363636,0.5454545454545454,0.0909090909090909,-0.0115,5315200.0,0.021349,-0.011079,930.09,0.14755,0.10789,0.07797067988167802
MCO,2009-02-05 22:35:27,0.0154,0.042,0.0092,0.3636363636363636,0.3636363636363636,0.2727272727272727,-0.026600000000000002,5836600.0,0.048372,0.016366,845.85,0.016544,-0.007489,0.03710887118990403
MCO,2009-04-29 21:04:21,0.0064,0.0244,0.0053,0.4545454545454545,0.2727272727272727,0.2727272727272727,-0.018000000000000002,4725200.0,0.04729,0.02161,873.64,-0.071911,-0.00274,0.055560635340039896
MCO,2009-07-29 21:53:26,0.0132,0.0253,0.0061,0.3333333333333333,0.3333333333333333,0.3333333333333333,-0.0121,6948300.0,-0.076032,-0.004563,975.15,0.032523,-0.002606,0.03756942955663706
MCO,2009-10-30 03:21:24,0.0176,0.0248,0.0041,0.4285714285714285,0.4285714285714285,0.1428571428571428,-0.007199999999999998,7103700.0,-0.02431,-0.028065,1036.19,-0.014216,0.02252,0.02023231043680163
MCO,2010-02-04 23:43:10,0.0189,0.0159,0.0099,0.3,0.5,0.2,0.002999999999999999,5817400.0,-0.060854,-0.031141,1063.11,-0.009517,-0.005474,0.03767715931377467
MCO,2010-04-21 21:45:12,0.0262,0.0199,0.0115,0.3636363636363636,0.4545454545454545,0.1818181818181818,0.0063,11091900.0,-0.052729,-0.001019,1205.94,0.002959,0.008058,0.02987198126375659
MCO,2010-07-31 04:53:15,0.0162,0.0192,0.0121,0.4444444444444444,0.4444444444444444,0.1111111111111111,-0.002999999999999999,1742400.0,-0.003807,6.4e-05,1101.6,0.04417,-0.004159,0.017681577804470865
MCO,2010-10-28 22:59:19,0.0194,0.0113,0.0082,0.3,0.4,0.3,0.008100000000000001,5029800.0,-0.020641,0.001125,1183.78,-0.008406,-0.002691,0.016898417634336235
MCO,2011-02-03 23:15:42,0.0196,0.0108,0.0108,0.2727272727272727,0.3636363636363636,0.3636363636363636,0.008799999999999999,3305500.0,0.003707,0.002354,1307.1,0.003721,-0.002723,0.007723814210321012
MCO,2011-04-27 18:32:58,0.0173,0.0092,0.0081,0.4545454545454545,0.4545454545454545,0.0909090909090909,0.0081,6938700.0,0.067446,0.00625,1355.66,0.005038,0.00898,0.02189545882800564
MCO,2011-07-28 00:32:41,0.0201,0.009,0.007,0.2727272727272727,0.4545454545454545,0.2727272727272727,0.0111,3394400.0,-0.005924,-0.003234,1300.67,-0.052646,-0.020309,0.023314961088203558
MCO,2011-10-27 23:44:57,0.0175,0.0155,0.0093,0.3333333333333333,0.5,0.1666666666666666,0.0020000000000000018,5843500.0,0.091476,0.034291,1284.59,0.049236,0.010537,0.03868876592328407
MCO,2012-02-08 22:34:03,0.0167,0.0118,0.0089,0.4,0.4,0.2,0.0049,3530000.0,-0.017188,0.00216,1349.96,0.008799,0.002023,0.013714447327949872
MCO,2012-03-23 01:28:04,0.0205,0.0115,0.0064,0.6666666666666666,0.3333333333333333,0.0,0.009000000000000001,716600.0,0.003376,0.003109,1397.11,-0.006707,-0.007207,0.016774023361535335
MCO,2012-04-26 20:47:04,0.0147,0.0094,0.0126,0.4285714285714285,0.1428571428571428,0.4285714285714285,0.005299999999999999,2613800.0,-0.008578,0.00668,1399.98,0.008409,0.013645,0.016487551976499672
MCO,2012-05-15 19:34:05,0.0295,0.0067,0.0201,0.3333333333333333,0.6666666666666666,0.0,0.022799999999999997,1585200.0,0.0,-0.005746,1330.66,-0.012513,-0.011113,0.006386044785311223
MCO,2012-07-27 19:54:06,0.0147,0.0137,0.0098,0.5555555555555556,0.2222222222222222,0.2222222222222222,0.0009999999999999992,2628100.0,0.020454,0.019081,1385.97,0.112067,0.016541,0.03733932672130015
MCO,2012-09-13 18:34:07,0.0338,0.0169,0.0195,0.9230769230769232,0.0769230769230769,0.0,0.0169,2400500.0,0.004131,0.01631,1459.99,0.025176,0.002093,0.011309931645829389
MCO,2012-10-26 20:52:07,0.0231,0.006,0.008,0.4545454545454545,0.4545454545454545,0.0909090909090909,0.017099999999999997,5208900.0,0.047463,-0.000729,1411.94,0.011728,0.002996,0.018394800214553385
MCO,2012-11-14 23:51:10,0.0287,0.0096,0.0024,0.5,0.5,0.0,0.0191,1399500.0,-0.007594,-0.013852,1355.49,-0.007109,-0.003985,0.014465926511019711
MCO,2012-12-05 20:04:05,0.0296,0.0121,0.0135,1.0,0.0,0.0,0.0175,2143400.0,0.015724,0.001585,1409.28,-0.000204,-0.00171,0.010434123133045512
MCO,2013-02-08 19:41:13,0.0203,0.0078,0.0087,0.3846153846153846,0.3846153846153846,0.2307692307692307,0.012499999999999999,16212800.0,-0.077038,0.005658,1517.93,-0.010529,-0.001805,0.05140377646837937
MCO,2013-05-03 19:11:13,0.0202,0.0151,0.0081,0.3,0.6,0.1,0.005099999999999999,3729000.0,0.036334,0.010535,1614.42,-0.004112,0.009408,0.028014538243363724
MCO,2013-07-24 19:51:14,0.0134,0.0048,0.0115,0.3846153846153846,0.4615384615384615,0.1538461538461538,0.0086,3195600.0,0.038036,-0.003811,1685.94,0.006786,-0.001852,0.01437386655975969
MCO,2013-10-25 20:01:13,0.0128,0.0177,0.0059,0.3846153846153846,0.4615384615384615,0.1538461538461538,-0.0049,2964300.0,-0.022404,0.004395,1759.77,0.017373,0.003258,0.014058067221350182
MCO,2014-02-07 20:51:08,0.0144,0.0183,0.0067,0.3125,0.5625,0.125,-0.0039000000000000007,3931500.0,0.042334,0.013302,1797.02,0.029779,0.01244,0.023000250739937597
MCO,2014-04-25 22:16:14,0.0118,0.0157,0.0079,0.3571428571428571,0.5,0.1428571428571428,-0.003899999999999999,2297144.0,-0.006529,-0.008096,1863.4,-0.002879,0.001717,0.015603310090775261
MCO,2014-07-25 21:18:09,0.0163,0.0096,0.0057,0.3125,0.375,0.3125,0.006699999999999999,1495021.0,-0.009299,-0.004849,1978.34,0.009497,0.000488,0.008232166519209886
MCO,2014-10-24 21:24:05,0.0158,0.0069,0.0059,0.3333333333333333,0.2666666666666666,0.4,0.008900000000000002,1550577.0,0.025278,0.007053,1964.58,0.006815,0.012303,0.014327600236761377
MCO,2015-02-06 22:55:08,0.0171,0.0104,0.0066,0.2941176470588235,0.3529411764705882,0.3529411764705882,0.006700000000000001,2490768.0,0.051142,-0.003418,2055.47,0.011386,0.010291,0.0258214891945105
MCO,2015-05-01 20:58:07,0.0145,0.0107,0.0058,0.3125,0.25,0.4375,0.0038000000000000013,1429848.0,-0.00279,0.010923,2108.29,0.000651,-0.010129,0.0059780096985163995
MCO,2015-07-24 18:15:08,0.0153,0.0192,0.0077,0.3333333333333333,0.3333333333333333,0.3333333333333333,-0.003899999999999999,994421.0,0.000537,-0.010703,2079.65,-0.005429,-0.005676,0.00436442791974702
MCO,2015-10-30 20:57:15,0.0163,0.0115,0.0077,0.3333333333333333,0.3333333333333333,0.3333333333333333,0.004799999999999999,1724542.0,-0.052891,-0.00481,2079.36,0.011356,-0.00045,0.02143028161893043
MCO,2015-12-09 20:57:08,0.012,0.0173,0.0306,0.6666666666666666,0.3333333333333333,0.0,-0.005299999999999999,1250529.0,-0.021184,-0.007739,2047.62,-0.024604,-0.00649,0.014905780692216201
MCO,2016-02-05 23:55:17,0.0144,0.0086,0.0077,0.2631578947368421,0.4736842105263157,0.2631578947368421,0.0058,2488792.0,-0.039146,-0.018481,1880.05,0.017759,0.001527,0.0205343035701509
MCO,2016-04-30 00:51:35,0.0142,0.0172,0.0091,0.2631578947368421,0.4736842105263157,0.2631578947368421,-0.002999999999999999,4467346.0,-0.034107,-0.005063,2065.3,-0.007014,-0.009231,0.013941729384596944
MCO,2016-07-22 19:34:30,0.0158,0.0138,0.0079,0.2941176470588235,0.4117647058823529,0.2941176470588235,0.0020000000000000018,1343208.0,0.009395,0.004554,2175.03,0.000767,-0.003612,0.007836104091532521
MCO,2016-10-21 21:09:08,0.0147,0.0176,0.0069,0.2777777777777778,0.5,0.2222222222222222,-0.0029000000000000015,3985071.0,-0.054122,-8.4e-05,2141.16,-0.00286,-0.001376,0.019285133975278593
MCO,2017-02-18 00:14:32,0.0146,0.0195,0.0088,0.0,0.8823529411764706,0.1176470588235294,-0.0049,2024112.0,0.024315,0.001679,2351.16,0.003368,-0.000864,0.007144282606081245
MCO,2017-05-05 22:24:34,0.0118,0.0108,0.0098,0.0,0.8235294117647058,0.1764705882352941,0.0009999999999999992,1168400.0,-0.009799,0.004089,2399.29,0.006321,0.000582,0.009679008739420451
MCO,2017-07-21 22:10:08,0.0205,0.0107,0.0049,0.3125,0.4375,0.25,0.009800000000000001,2559392.0,0.042463,-0.000368,2472.54,0.004502,-0.000154,0.01325301674043392
MCO,2017-09-12 15:53:30,0.0219,0.0064,0.0129,0.5,0.5,0.0,0.0155,389072.0,0.003242,0.003364,2496.48,0.002734,0.010839,0.005371710715508686
MCO,2017-11-04 02:14:13,0.0246,0.0069,0.0098,0.2777777777777778,0.5,0.2222222222222222,0.0177,1953539.0,0.019229,0.003097,2587.84,0.000279,0.00019,0.012137503843688594
MCO,2018-02-09 21:18:08,0.0183,0.0068,0.0087,0.0,0.7777777777777778,0.2222222222222222,0.0115,2309643.0,0.016432,0.014936,2619.55,-0.036967,-0.037536,0.028359214790101495
MCO,2018-04-28 21:58:09,0.0199,0.0109,0.0109,0.2352941176470588,0.5294117647058824,0.2352941176470588,0.009000000000000001,1318489.0,-0.010019,0.001114,2669.91,0.013166,0.010434,0.010507870172716594
MCO,2018-07-27 22:36:13,0.0228,0.0085,0.0104,0.2857142857142857,0.4285714285714285,0.2857142857142857,0.0143,2120018.0,-0.049106,-0.006562,2818.82,-0.006951,-0.003032,0.01819592863161062
MCO,2018-10-26 20:48:09,0.0154,0.0115,0.0077,0.3125,0.5,0.1875,0.0039000000000000007,4445008.0,-0.086671,-0.017327,2658.69,0.006817,0.018625,0.030785102006760795
MCO,2019-02-15 22:27:26,0.0387,0.0279,0.0086,0.2777777777777778,0.4444444444444444,0.2777777777777778,0.010799999999999997,2228820.0,0.033775,0.010879,2775.6,-0.005346,-0.002652,0.011971232847028633
MCO,2019-04-24 22:28:11,0.0271,0.013,0.0076,0.3571428571428571,0.4285714285714285,0.2142857142857142,0.0141,1607325.0,0.030375,-0.002192,2927.25,0.002924,0.008841,0.01217485160484511
MCO,2019-07-31 22:19:12,0.037,0.0281,0.0217,0.2941176470588235,0.5882352941176471,0.1176470588235294,0.008899999999999998,2159029.0,0.05983,-0.010886,2980.38,0.003822,-0.002579,0.02110681038722387
MCO,2019-10-31 00:06:08,0.0421,0.0223,0.0235,0.3125,0.4375,0.25,0.019799999999999998,669654.0,0.011226,-0.003023,3037.56,-0.0098,0.003253,0.014154179158663892
MCO,2020-02-13 00:42:14,0.0323,0.0161,0.0099,0.2666666666666666,0.5333333333333333,0.2,0.016200000000000003,910874.0,-0.002341,-0.00163,3373.94,0.00893,0.006463,0.014283450134100411
MCO,2020-05-01 00:37:16,0.0203,0.0367,0.0165,0.375,0.4375,0.1875,-0.016400000000000005,780656.0,-0.008446,-0.028059,2830.71,-0.043454,-0.009212,0.03137869830332534
MCO,2020-07-31 06:36:49,0.0278,0.0232,0.0116,0.3076923076923077,0.4615384615384615,0.2307692307692307,0.0046,925639.0,-0.008704,0.00767,3271.12,-0.02605,-0.00375,0.017308439638254892
MCO,2020-10-30 07:42:45,0.0568,0.0116,0.0127,0.25,0.5625,0.1875,0.045200000000000004,1152162.0,-0.00038,-0.01213,3269.96,0.004354,0.011947,0.010410808014324039
MCO,2021-02-12 22:31:46,0.0348,0.0081,0.0162,0.1875,0.5,0.3125,0.026699999999999998,910685.0,3.6e-05,0.004711,3934.83,0.006465,0.001662,0.014295333667941418
MET,2008-02-07 20:18:11,0.0402,0.0161,0.0253,0.4545454545454545,0.5454545454545454,0.0,0.0241,10364500.0,0.066193,0.007886,1336.91,-0.006173,-0.007624,0.035060856982142105
MET,2008-05-02 17:52:11,0.0397,0.0261,0.0216,0.45,0.4,0.15,0.013599999999999998,3855400.0,0.003713,0.003236,1413.9,0.017913,0.017141,0.0120707928217017
MET,2008-07-30 21:20:14,0.0224,0.0314,0.0258,0.375,0.4375,0.1875,-0.008999999999999998,13798300.0,-0.019504,0.016672,1284.26,0.050109,0.023356,0.027618593810249586
MET,2008-10-08 22:37:20,0.0236,0.0189,0.0355,0.2857142857142857,0.2857142857142857,0.4285714285714285,0.004699999999999999,24121200.0,-0.267697,-0.011333,984.94,-0.168096,-0.057395,0.16067108283560755
MET,2008-10-31 01:32:11,0.0284,0.0273,0.0261,0.3571428571428571,0.3571428571428571,0.2857142857142857,0.0011000000000000003,19140900.0,0.1,0.015365,968.75,0.021997,0.025804,0.08767591737941621
MET,2009-02-04 19:48:14,0.0292,0.0313,0.0238,0.3333333333333333,0.4,0.2666666666666666,-0.002100000000000001,10845100.0,0.037868,-0.007489,832.23,-0.018582,0.015834,0.08575275681509537
MET,2009-05-01 21:44:19,0.0368,0.0402,0.0212,0.4615384615384615,0.3076923076923077,0.2307692307692307,-0.0034000000000000002,15330900.0,-0.077311,0.005396,877.52,0.002358,-0.00095,0.06974539145460114
MET,2009-07-31 19:18:15,0.0473,0.0266,0.0242,0.4285714285714285,0.3571428571428571,0.2142857142857142,0.020700000000000003,7242700.0,0.01132,0.00074,987.48,0.039963,0.011896,0.027748555890552338
MET,2009-10-30 16:07:11,0.0369,0.0257,0.019,0.3846153846153846,0.3076923076923077,0.3076923076923077,0.011200000000000002,14517900.0,-0.076276,-0.028065,1036.19,0.078454,0.02252,0.04250033996779049
MET,2010-02-03 21:10:20,0.0426,0.0213,0.0224,0.3125,0.3125,0.375,0.0213,15040900.0,-0.043167,-0.005474,1097.28,0.011964,0.012973,0.02318725942432833
MET,2010-04-30 15:26:24,0.0479,0.0234,0.0223,0.3571428571428571,0.4285714285714285,0.2142857142857142,0.024499999999999997,11632300.0,-0.000877,-0.016648,1186.69,0.038943,0.012943,0.024800834040634705
MET,2010-07-30 17:06:17,0.0565,0.0244,0.0188,0.3333333333333333,0.4,0.2666666666666666,0.032100000000000004,11496800.0,0.046269,6.4e-05,1101.6,0.022901,-0.004159,0.02722561555696309
MET,2010-10-29 17:06:17,0.0468,0.0202,0.0181,0.3846153846153846,0.3076923076923077,0.3076923076923077,0.026600000000000002,8503400.0,-0.003213,-0.000439,1183.26,0.001981,0.001125,0.012350647560620454
MET,2011-02-10 19:21:19,0.0424,0.0201,0.0159,0.3333333333333333,0.4,0.2666666666666666,0.0223,9922700.0,-0.006933,0.00075,1321.87,-0.017949,-0.002786,0.02029892674229063
MET,2011-05-05 19:31:17,0.0531,0.0173,0.0138,0.5333333333333333,0.3333333333333333,0.1333333333333333,0.0358,13571500.0,-0.030336,-0.00907,1335.1,-0.006031,-0.006855,0.01497351527048838
MET,2011-07-29 18:31:12,0.0522,0.0116,0.0255,0.5,0.3571428571428571,0.1428571428571428,0.040600000000000004,17077800.0,0.035167,-0.006451,1292.28,0.005557,-0.003234,0.022062401250392622
MET,2011-10-28 20:06:03,0.0293,0.0124,0.0316,0.3157894736842105,0.6842105263157895,0.0,0.0169,15973400.0,0.03224,0.000389,1285.09,0.074721,0.034291,0.043010325336675405
MET,2011-10-28 20:41:14,0.0293,0.0124,0.0316,0.3157894736842105,0.6842105263157895,0.0,0.0169,15973400.0,0.03224,0.000389,1285.09,0.074721,0.034291,0.043010325336675405
MET,2011-12-05 20:01:03,0.0445,0.0132,0.0241,0.3846153846153846,0.6153846153846154,0.0,0.031299999999999994,13791700.0,0.036524,0.010287,1257.08,0.020238,-0.000241,0.040565585982455556
MET,2012-02-15 17:01:09,0.018,0.0224,0.0258,0.5,0.5,0.0,-0.004400000000000001,13586900.0,0.015273,-0.005383,1343.23,-0.009554,-0.00094,0.01493601022473295
MET,2012-04-27 17:31:10,0.0239,0.016,0.016,0.2941176470588235,0.5882352941176471,0.1176470588235294,0.0079,11600700.0,-0.004387,0.002414,1403.36,0.0139,0.00668,0.012744993792335095
MET,2012-05-23 19:01:03,0.0489,0.0201,0.0115,0.2631578947368421,0.6842105263157895,0.0526315789473684,0.0288,15022100.0,-0.00354,0.001694,1318.86,0.005176,0.000486,0.022292551417706818
MET,2012-08-03 08:11:13,0.0267,0.0078,0.0222,0.4545454545454545,0.5454545454545454,0.0,0.0189,13281800.0,0.047003,0.01904,1390.99,0.041735,-0.007374,0.02386393389755054
MET,2012-09-12 21:01:08,0.0473,0.0189,0.0122,0.1052631578947368,0.4736842105263157,0.4210526315789473,0.0284,17108200.0,-0.020645,0.002093,1436.56,0.010863,0.003135,0.013069567263090137
MET,2012-11-01 16:41:11,0.0242,0.0219,0.0207,0.4,0.6,0.0,0.0023,15108300.0,-0.000282,0.010927,1427.59,0.007666,0.000156,0.01851670511517139
MET,2012-12-13 17:11:06,0.0262,0.0175,0.0393,0.2666666666666666,0.6,0.1333333333333333,0.0087,23948600.0,-0.023207,-0.006321,1419.45,0.012045,0.000448,0.010105581812927455
MET,2013-02-14 17:51:16,0.0283,0.0068,0.0441,0.2941176470588235,0.6470588235294118,0.0588235294117647,0.0215,20884300.0,-0.0216,0.000691,1521.38,0.009965,0.000592,0.01465018342281811
MET,2013-02-15 00:36:03,0.0231,0.0167,0.0231,1.0,0.0,0.0,0.0063999999999999994,13015000.0,-0.006814,-0.001045,1519.79,-0.0216,0.000691,0.011968079036893309
MET,2013-05-02 17:21:12,0.0282,0.0259,0.036,0.2777777777777778,0.7222222222222222,0.0,0.0023,18050700.0,0.040885,0.009408,1597.59,-0.015132,-0.009308,0.021839312035358903
MET,2013-05-21 20:01:56,0.0344,0.0172,0.0252,0.2083333333333333,0.7083333333333334,0.0833333333333333,0.0172,6532700.0,-0.011085,0.001722,1669.16,0.000462,-0.000708,0.014114558395894091
MET,2013-08-01 16:21:08,0.0324,0.0168,0.0268,0.5333333333333333,0.4666666666666667,0.0,0.0156,11860200.0,0.062991,0.012541,1706.87,0.003939,-0.000136,0.021153832669807516
MET,2013-09-18 20:29:05,0.0259,0.0191,0.015,0.5,0.5,0.0,0.0068000000000000005,13742500.0,-0.02506,0.012178,1725.52,0.01074,0.004218,0.01378768519609652
MET,2013-09-25 15:10:09,0.0215,0.0134,0.0376,0.5,0.0,0.5,0.008099999999999998,7588900.0,0.015708,-0.002739,1692.77,-0.005279,-0.002597,0.015740712161285336
MET,2013-10-31 16:21:09,0.0279,0.0201,0.0502,0.4285714285714285,0.5,0.0714285714285714,0.007800000000000001,10198200.0,-0.03449,-0.003839,1756.54,-0.004065,-0.004876,0.013638143383336167
MET,2013-12-12 17:41:15,0.0191,0.0158,0.0327,0.3888888888888889,0.5555555555555556,0.0555555555555555,0.0032999999999999974,4814600.0,-0.004667,-0.003771,1775.5,-0.0081,-0.011317,0.007487056798976689
MET,2014-02-13 17:51:10,0.0284,0.0219,0.0404,0.4615384615384615,0.4615384615384615,0.0769230769230769,0.006500000000000002,6625400.0,0.002606,0.00581,1829.83,0.002412,-0.000269,0.01979133401853765
MET,2014-05-01 18:16:04,0.0354,0.0251,0.0445,0.4166666666666667,0.4166666666666667,0.1666666666666666,0.0103,8656889.0,-0.0149,-0.000143,1883.68,0.009838,0.002992,0.011723356233509683
MET,2014-07-31 19:11:17,0.0327,0.0327,0.0214,0.4117647058823529,0.5882352941176471,0.0,0.0,10021781.0,-0.033799,-0.019999,1930.67,0.006471,6.1e-05,0.012852839971945347
MET,2014-10-30 16:31:07,0.0302,0.0246,0.0269,0.3571428571428571,0.5714285714285714,0.0714285714285714,0.005600000000000001,5486684.0,0.013382,0.00623,1994.65,0.00326,-0.001385,0.010000974085890868
MET,2015-02-12 19:07:07,0.0295,0.0175,0.0295,0.4375,0.4375,0.125,0.011999999999999997,6869501.0,-0.001587,0.009645,2088.48,0.007595,-2.9e-05,0.012039082580403357
MET,2015-05-07 16:48:04,0.0235,0.0291,0.0291,0.3125,0.3125,0.375,-0.005600000000000001,9756544.0,0.012843,0.003774,2088.0,-0.006333,-0.004456,0.013518013070631742
MET,2015-07-30 17:57:09,0.0348,0.0267,0.0186,0.3157894736842105,0.4210526315789473,0.2631578947368421,0.008099999999999996,6703371.0,-0.006816,2.8e-05,2108.63,0.016883,0.007319,0.009404747031271738
MET,2015-11-05 21:12:06,0.009,0.0303,0.028,0.3529411764705882,0.4705882352941176,0.1764705882352941,-0.0213,9761549.0,-0.011685,-0.001132,2099.93,-0.010409,-0.003545,0.020098023351121243
MET,2016-02-04 17:06:10,0.0204,0.0284,0.0375,0.4375,0.3125,0.25,-0.008,17538350.0,-0.052443,0.001527,1915.45,-0.010173,0.004992,0.026678142084235516
MET,2016-05-05 18:20:33,0.0301,0.0486,0.0254,0.4444444444444444,0.3333333333333333,0.2222222222222222,-0.0185,8424679.0,-0.016614,-0.000239,2050.63,-0.018978,-0.005937,0.015919300367094318
MET,2016-08-04 22:00:47,0.0211,0.0178,0.0311,0.25,0.5,0.25,0.003300000000000001,25464015.0,-0.086041,0.000213,2164.25,0.0353,0.003134,0.030341056479078934
MET,2016-11-03 16:28:38,0.0315,0.0213,0.0236,0.0,0.3571428571428571,0.6428571428571429,0.0102,8477685.0,0.024169,-0.004423,2088.66,-0.009617,-0.006525,0.012786746619926998
MET,2017-02-02 19:11:21,0.0395,0.0113,0.0215,0.3333333333333333,0.4666666666666667,0.2,0.028200000000000003,15661341.0,-0.045287,0.00057,2280.85,-0.001654,0.000298,0.01822180518682653
MET,2017-05-04 17:01:28,0.0371,0.0151,0.0243,0.3846153846153846,0.3076923076923077,0.3076923076923077,0.022,8646515.0,0.018234,0.000582,2389.52,0.001538,-0.001271,0.009357500661085446
MET,2017-08-03 17:16:10,0.0374,0.0099,0.0242,0.3846153846153846,0.3076923076923077,0.3076923076923077,0.027500000000000004,8682344.0,-0.028479,-0.002184,2472.16,-0.004129,0.000493,0.01372245134442064
MET,2017-11-02 15:08:23,0.0309,0.0202,0.0277,0.0,0.4166666666666667,0.5833333333333334,0.010700000000000001,6915909.0,0.034528,0.00019,2579.85,0.005412,0.001592,0.012013400323989754
MET,2018-02-14 18:32:09,0.0194,0.0412,0.0157,0.0,0.3529411764705882,0.6470588235294118,-0.0218,9649303.0,0.033186,0.013402,2698.63,0.012999,0.002613,0.022430759161125954
MET,2018-05-03 16:56:12,0.0349,0.0163,0.0196,0.0,0.4,0.6,0.018600000000000002,10062215.0,-0.008657,-0.002254,2629.73,-0.047569,-0.007206,0.016290967837015016
MET,2018-08-02 18:41:59,0.0284,0.0164,0.0175,0.0,0.2941176470588235,0.7058823529411765,0.012,7139789.0,0.012495,0.004926,2827.22,-0.002624,-0.00104,0.008663038794530915
MET,2018-11-02 17:35:38,0.0261,0.0217,0.0174,0.0,0.3333333333333333,0.6666666666666666,0.004400000000000001,9442001.0,0.03958,-0.006317,2723.06,0.018208,0.010558,0.02790171938170741
MET,2018-12-14 19:59:07,0.0465,0.0108,0.0206,0.5333333333333333,0.2666666666666666,0.2,0.035699999999999996,6918905.0,-0.015941,-0.019087,2599.95,-0.001264,-0.0002,0.019223546650454813
MET,2019-02-07 19:21:10,0.0364,0.0342,0.0193,0.4,0.3333333333333333,0.2666666666666666,0.0022000000000000006,7179902.0,-0.037168,-0.009357,2706.05,0.0,-0.002224,0.013699358774936731
MET,2019-05-02 19:28:10,0.0677,0.0115,0.0103,0.4666666666666667,0.2,0.3333333333333333,0.0562,9433388.0,0.037191,-0.002124,2917.52,-0.009105,-0.007502,0.014815874985973398
MET,2019-08-01 16:59:38,0.0319,0.0293,0.0179,0.3846153846153846,0.3076923076923077,0.3076923076923077,0.002599999999999998,10900150.0,-0.022056,-0.008999,2953.56,-0.011798,-0.010886,0.01028339887877503
MET,2019-09-04 18:03:06,0.0479,0.0014,0.0192,1.0,0.0,0.0,0.0465,4998425.0,0.012748,0.010842,2937.78,-0.008352,-0.006899,0.01572616398659651
MET,2019-10-31 17:55:08,0.0371,0.0346,0.0148,0.375,0.3125,0.3125,0.0025000000000000022,7023124.0,0.010801,-0.003023,3037.56,-0.008355,0.003253,0.006782154581448201
MET,2020-02-06 17:41:43,0.0326,0.0439,0.01,0.4615384615384615,0.3076923076923077,0.2307692307692307,-0.011300000000000004,6538219.0,0.006598,0.003326,3345.78,0.026494,0.011251,0.01767316951546084
MET,2020-05-07 19:05:34,0.0213,0.0375,0.0175,0.4545454545454545,0.3636363636363636,0.1818181818181818,-0.0162,7470835.0,0.058538,0.011505,2881.19,-0.037934,-0.006979,0.04061628658500852
MET,2020-08-06 19:28:23,0.0549,0.0322,0.0084,0.4166666666666667,0.25,0.3333333333333333,0.022699999999999998,7612084.0,-0.03396,0.006428,3349.16,0.037398,0.00643,0.022572716285127827
MET,2020-11-05 19:47:00,0.049,0.0182,0.0137,0.4375,0.3125,0.25,0.0308,7936622.0,0.054615,0.01946,3510.45,-0.024268,0.022047,0.03414431385897199
META,2012-07-27 01:31:07,0.0426,0.0024,0.0146,0.1875,0.75,0.0625,0.0402,122002988.0,-0.116968,0.019081,1385.97,-0.085038,0.016541,0.0516433374923082
META,2012-10-24 02:37:06,0.0326,0.0196,0.0196,0.2352941176470588,0.5882352941176471,0.1764705882352941,0.012999999999999998,229067333.0,0.191277,-0.003085,1408.75,0.009265,-0.014444,0.06340338675680768
META,2013-01-31 03:09:04,0.0512,0.0062,0.0088,0.2222222222222222,0.6666666666666666,0.1111111111111111,0.045000000000000005,190237040.0,-0.008291,-0.002563,1498.11,0.014615,-0.0039,0.024964940292115486
META,2013-05-02 01:10:07,0.0392,0.0051,0.0089,0.2105263157894736,0.6842105263157895,0.1052631578947368,0.0341,103676325.0,0.056143,0.009408,1597.59,-0.012208,-0.009308,0.019805144692169766
META,2013-07-25 01:08:05,0.0356,0.0123,0.0184,0.2,0.7,0.1,0.0233,364659414.0,0.296077,0.002556,1690.25,0.014543,-0.003811,0.09326573676901215
META,2013-10-31 00:34:08,0.0368,0.0114,0.0089,0.2222222222222222,0.4444444444444444,0.3333333333333333,0.0254,248412191.0,0.024383,-0.003839,1756.54,-0.007794,-0.004876,0.021890078795097096
META,2013-12-04 22:56:11,0.0373,0.004,0.0053,0.5,0.5,0.0,0.033299999999999996,60922237.0,0.040445,-0.001304,1792.81,-0.007012,-0.003193,0.019367095740800602
META,2014-01-30 00:56:07,0.0488,0.0024,0.0071,0.2222222222222222,0.5555555555555556,0.2222222222222222,0.046400000000000004,150684804.0,0.141042,0.011267,1794.19,-0.029198,-0.010209,0.05295949140784663
META,2014-02-20 17:16:18,0.066,0.0012,0.0147,0.2857142857142857,0.5,0.2142857142857142,0.0648,131043748.0,0.023068,0.006031,1839.78,0.011293,-0.006524,0.018744978905770517
META,2014-04-24 03:19:07,0.0566,0.0025,0.0098,0.2105263157894736,0.5263157894736842,0.2631578947368421,0.054099999999999995,138767515.0,-0.007986,0.001717,1878.61,-0.026497,-0.002213,0.026361608660449228
META,2014-07-24 02:53:08,0.0482,0.0024,0.0047,0.2352941176470588,0.4117647058823529,0.3529411764705882,0.0458,124441374.0,0.05176,0.000488,1987.98,0.029161,0.001754,0.021202665263541306
META,2014-10-29 01:15:05,0.0502,0.0036,0.006,0.2222222222222222,0.5555555555555556,0.2222222222222222,0.0466,106470719.0,-0.06079,-0.001385,1982.3,0.006104,0.011939,0.0278332379838687
META,2014-12-02 23:05:05,0.0548,0.0104,0.0039,0.5,0.5,0.0,0.0444,16806884.0,0.004794,0.006384,2066.55,-0.033462,-0.006829,0.016669533133501176
META,2015-01-29 04:01:58,0.0554,0.0035,0.0047,0.2105263157894736,0.4736842105263157,0.3157894736842105,0.051899999999999995,61293468.0,0.023085,0.009535,2021.25,0.00607,-0.013496,0.016659130252407273
META,2015-03-02 22:51:09,0.0301,0.0052,0.0157,0.6666666666666666,0.3333333333333333,0.0,0.0249,21662537.0,0.009877,0.006125,2117.39,-0.017908,-0.002956,0.015476015056998643
META,2015-04-23 01:30:03,0.05,0.0012,0.0058,0.2222222222222222,0.7222222222222222,0.0555555555555555,0.0488,73729780.0,-0.026232,0.002358,2112.93,0.012078,0.005088,0.016119014052078863
META,2015-05-18 18:16:04,0.0227,0.0067,0.0107,0.6666666666666666,0.3333333333333333,0.0,0.016,21613674.0,0.00572,0.003048,2129.2,-0.011675,0.000768,0.015130411935715724
META,2015-06-11 22:44:12,0.0086,0.0184,0.0061,0.3636363636363636,0.0,0.6363636363636364,-0.0098,18656811.0,-0.004017,0.001739,2108.86,0.01847,0.012042,0.01336691011249646
META,2015-07-30 02:00:07,0.0483,0.0012,0.0036,0.2105263157894736,0.6842105263157895,0.1052631578947368,0.0471,86212423.0,-0.018352,2.8e-05,2108.63,0.01784,0.007319,0.023858099449546453
META,2015-11-05 04:36:08,0.0464,0.0058,0.0046,0.25,0.625,0.125,0.0406,63232861.0,0.046373,-0.001132,2099.93,0.013258,-0.003545,0.01961979790387486
META,2015-12-08 17:20:11,0.0214,0.0147,0.0174,0.5,0.0,0.5,0.006699999999999999,20401890.0,0.008333,-0.00649,2063.59,-0.005368,-0.00699,0.014052827877137374
META,2016-01-28 02:48:16,0.0383,0.007,0.0081,0.25,0.5,0.25,0.0313,107475327.0,0.155214,0.005529,1893.36,-0.02969,-0.010863,0.05452948134480408
META,2016-04-28 02:30:18,0.0239,0.0101,0.0038,0.25,0.625,0.125,0.013800000000000002,87110121.0,0.071999,-0.009231,2075.81,0.001195,0.001649,0.026302857002403618
META,2016-06-20 22:15:37,0.0119,0.0143,0.0071,0.4545454545454545,0.0909090909090909,0.4545454545454545,-0.0023999999999999994,20785390.0,0.003097,0.005808,2083.25,-0.011977,-0.003258,0.010141637707436325
META,2016-07-28 02:58:38,0.0425,0.0036,0.0073,0.25,0.625,0.125,0.038900000000000004,78955758.0,0.013459,0.001606,2170.06,0.017489,-0.001199,0.010209797650079054
META,2016-11-03 01:00:29,0.0446,0.006,0.0097,0.0,0.7058823529411765,0.2941176470588235,0.0386,63766814.0,-0.056381,-0.004423,2088.66,-0.017992,-0.006525,0.020472985984245604
META,2017-02-02 03:14:33,0.0392,0.0119,0.0083,0.0,0.7647058823529411,0.2352941176470588,0.027299999999999998,54367208.0,-0.017939,0.00057,2280.85,0.02233,0.000298,0.01287777935523927
META,2017-05-04 01:02:20,0.0289,0.006,0.006,0.0,0.7058823529411765,0.2941176470588235,0.022899999999999997,36298577.0,-0.006258,0.000582,2389.52,-0.006414,-0.001271,0.00837803902805184
META,2017-06-02 01:25:07,0.0114,0.019,0.0051,0.6666666666666666,0.1111111111111111,0.2222222222222222,-0.007599999999999999,16854365.0,0.013727,0.003708,2439.07,0.000462,0.007571,0.006844342932508724
META,2017-07-27 01:04:24,0.0463,0.0075,0.0063,0.0,0.5714285714285714,0.4285714285714285,0.0388,69000515.0,0.029165,-0.000973,2475.42,0.001997,0.000283,0.010373587853025997
META,2017-11-02 01:22:40,0.0359,0.0269,0.0077,0.0,0.7058823529411765,0.2941176470588235,0.009000000000000001,35624893.0,-0.020475,0.00019,2579.85,0.01444,0.001592,0.018271216469871225
META,2018-02-01 03:39:35,0.0355,0.019,0.0089,0.2352941176470588,0.7058823529411765,0.0588235294117647,0.016499999999999997,54216491.0,0.033175,-0.000648,2821.98,-0.001229,0.000489,0.0167244764076821
META,2018-04-26 01:44:10,0.0365,0.0151,0.005,0.0,0.6666666666666666,0.3333333333333333,0.021399999999999995,77532463.0,0.090613,0.010434,2666.94,0.0,0.001837,0.0335486092417489
META,2018-06-01 02:45:06,0.0112,0.0323,0.0149,0.7692307692307693,0.0769230769230769,0.1538461538461538,-0.0211,17283437.0,0.011524,0.010849,2734.62,0.0219,-0.00688,0.01015172136689712
META,2018-07-26 01:40:09,0.0328,0.0177,0.0076,0.0,0.7222222222222222,0.2777777777777778,0.015100000000000002,170162356.0,-0.189609,-0.003032,2837.44,0.013183,0.009102,0.062208591586068146
META,2018-10-31 01:38:26,0.0307,0.0128,0.009,0.0,0.6666666666666666,0.3333333333333333,0.0179,60087976.0,0.038093,0.010851,2711.74,0.029066,0.015667,0.03142257300466239
META,2019-01-31 04:35:07,0.0411,0.0141,0.009,0.25,0.625,0.125,0.026999999999999996,77224802.0,0.108164,0.008597,2704.1,0.043207,0.015549,0.03944871505920344
META,2019-02-27 01:30:13,0.0275,0.022,0.0138,0.6666666666666666,0.3333333333333333,0.0,0.005500000000000001,12696385.0,-0.008042,-0.000544,2792.38,-0.002976,-0.00079,0.009615966849753535
META,2019-04-25 02:42:37,0.0272,0.0194,0.0155,0.2352941176470588,0.5294117647058824,0.2352941176470588,0.007799999999999998,54155089.0,0.058495,-0.000369,2926.17,-0.00653,-0.002192,0.019258547856875346
META,2019-07-25 02:01:15,0.0257,0.0167,0.0064,0.2352941176470588,0.4117647058823529,0.3529411764705882,0.009000000000000001,39887878.0,-0.0193,-0.005262,3003.67,0.011366,0.004688,0.012996659235699475
META,2019-10-31 02:52:35,0.0399,0.0193,0.0064,0.2666666666666666,0.5333333333333333,0.2,0.020599999999999997,42281301.0,0.018061,-0.003023,3037.56,-0.005599,0.003253,0.019605461155561367
META,2020-01-30 04:05:12,0.0345,0.0319,0.0066,0.2222222222222222,0.7777777777777778,0.0,0.002600000000000005,48644990.0,-0.061372,0.003134,3283.66,0.024978,-0.000867,0.022725525437269963
META,2020-04-30 03:57:19,0.0248,0.0314,0.0065,0.3333333333333333,0.6666666666666666,0.0,-0.006599999999999998,46123332.0,0.054174,-0.009212,2912.43,0.06167,0.026584,0.0374015670705565
META,2020-07-31 02:25:06,0.0305,0.0242,0.0153,0.3076923076923077,0.4615384615384615,0.2307692307692307,0.0063,52805126.0,0.081748,0.00767,3271.12,0.005187,-0.00375,0.030656206759625253
META,2020-10-30 04:57:09,0.0264,0.034,0.0176,0.3076923076923077,0.5384615384615384,0.1538461538461538,-0.007600000000000003,47146838.0,-0.063099,-0.01213,3269.96,0.049165,0.011947,0.03920105880727095
META,2021-01-28 01:51:07,0.0191,0.0178,0.0051,0.3333333333333333,0.4166666666666667,0.25,0.001299999999999999,37543868.0,-0.026237,0.009761,3787.38,-0.035136,-0.025678,0.02505440460744052
MRK,2006-10-20 19:48:14,0.0514,0.014,0.0129,0.1875,0.4375,0.375,0.0374,16211300.0,0.025848,0.0012,1368.6,0.000225,0.000732,0.008202389871250949
MRK,2007-01-30 21:12:01,0.0434,0.016,0.0149,0.25,0.5,0.25,0.0274,12493400.0,-0.013184,0.005772,1428.82,-0.010437,-0.001097,0.00959068528486539
MRK,2007-04-19 19:27:52,0.0464,0.0262,0.0131,0.1666666666666666,0.6111111111111112,0.2222222222222222,0.020199999999999996,17125770.0,0.009257,-0.001202,1470.73,-0.006399,0.000693,0.026447398868109675
MRK,2007-07-23 18:51:12,0.0475,0.0102,0.0124,0.1818181818181818,0.7272727272727273,0.0909090909090909,0.0373,39948580.0,0.067523,0.004869,1541.57,-0.006486,-0.012221,0.026396564786813546
MRK,2007-10-22 20:01:54,0.0281,0.0094,0.0129,0.1428571428571428,0.3571428571428571,0.5,0.0187,19389390.0,0.028808,0.003798,1506.33,-0.005244,-0.025616,0.011061745672963816
MRK,2007-12-04 19:07:24,0.0358,0.0072,0.0155,0.2727272727272727,0.5454545454545454,0.1818181818181818,0.0286,19201300.0,-0.006466,-0.00654,1462.79,-0.009939,-0.005887,0.015278352129001938
MRK,2008-01-30 20:24:06,0.0452,0.0113,0.0124,0.3333333333333333,0.6,0.0666666666666666,0.0339,33378800.0,-0.027494,-0.004764,1355.81,-0.025178,0.006152,0.02436061755944989
MRK,2008-04-21 18:54:11,0.0385,0.0192,0.0156,0.3076923076923077,0.6153846153846154,0.0769230769230769,0.0193,22312600.0,-0.00327,-0.001554,1388.17,0.013768,0.018139,0.014725956691804083
MRK,2008-07-22 03:21:30,0.0277,0.0253,0.0168,0.2307692307692307,0.6153846153846154,0.1538461538461538,0.0023999999999999994,78064500.0,-0.113218,0.013492,1277.0,-0.062367,-0.000539,0.040627287039897486
MRK,2008-10-22 19:08:13,0.0288,0.0336,0.018,0.3636363636363636,0.3636363636363636,0.2727272727272727,-0.004799999999999999,20670900.0,-0.065399,-0.061013,896.78,-0.033226,-0.0308,0.07164176387965952
MRK,2008-12-04 20:05:14,0.0399,0.0244,0.0188,0.3636363636363636,0.4545454545454545,0.1818181818181818,0.015499999999999996,20634000.0,-0.055178,-0.029308,845.22,0.005997,0.025836,0.04953421936948682
MRK,2009-02-03 18:47:17,0.0328,0.0304,0.0164,0.4166666666666667,0.3333333333333333,0.25,0.002400000000000003,23361200.0,0.063665,0.015834,838.51,-0.004203,-0.000533,0.024344040175049885
MRK,2009-04-21 18:42:20,0.0333,0.0173,0.0136,0.3125,0.5,0.1875,0.016000000000000004,40481900.0,-0.066614,0.021252,850.08,-0.019821,-0.04279,0.024184946338120693
MRK,2009-07-21 19:50:27,0.0439,0.015,0.0197,0.4,0.4666666666666667,0.1333333333333333,0.028900000000000002,26683500.0,0.061203,0.003627,954.58,0.009393,0.011432,0.02611938960257512
MRK,2009-10-22 20:02:18,0.0486,0.0104,0.0104,0.4,0.4,0.2,0.0382,24284800.0,0.005814,0.010644,1092.91,-0.030842,-0.008854,0.01439165733487437
MRK,2010-02-16 19:32:11,0.0396,0.0116,0.0058,0.3571428571428571,0.5,0.1428571428571428,0.028000000000000004,20774000.0,0.020043,0.018001,1094.87,0.001085,-0.002745,0.021453640375884386
MRK,2010-05-04 18:51:31,0.0508,0.0106,0.0094,0.2,0.6,0.2,0.0402,32439000.0,0.01531,-0.023838,1173.6,0.006564,0.013121,0.02522852029593137
MRK,2010-07-30 19:06:32,0.0508,0.0169,0.009,0.2666666666666666,0.6,0.1333333333333333,0.0339,21732400.0,-0.017114,6.4e-05,1101.6,0.009211,-0.004159,0.009323759928865083
MRK,2010-10-29 16:06:14,0.0521,0.0116,0.0058,0.25,0.5,0.25,0.0405,15230500.0,-0.017055,-0.000439,1183.26,0.013165,0.001125,0.012756151812622242
MRK,2011-02-03 19:21:34,0.0526,0.0217,0.0114,0.2,0.5333333333333333,0.2666666666666666,0.0309,40245200.0,-0.027203,0.002354,1307.1,-0.005294,-0.002723,0.013093996394022174
MRK,2011-04-29 17:41:23,0.0542,0.013,0.0153,0.2,0.6666666666666666,0.1333333333333333,0.0412,18934900.0,0.005032,0.002301,1363.61,0.003929,0.003555,0.011617379624223864
MRK,2011-07-29 16:11:09,0.0449,0.0142,0.0142,0.1875,0.625,0.1875,0.0307,19288500.0,-0.022903,-0.006451,1292.28,-0.007388,-0.003234,0.011428710788088782
MRK,2011-10-28 17:11:12,0.0436,0.008,0.008,0.2,0.7333333333333333,0.0666666666666666,0.0356,25658500.0,0.023317,0.000389,1285.09,0.022958,0.034291,0.016449233190165516
MRK,2011-11-10 20:31:03,0.047,0.0076,0.0076,0.25,0.45,0.3,0.0394,26443600.0,0.034922,0.008616,1239.69,-0.019727,-0.036695,0.018266800408269484
MRK,2012-02-02 21:11:07,0.044,0.0104,0.0081,0.1875,0.6875,0.125,0.0336,20781700.0,-0.004919,0.001095,1325.54,0.009407,0.0089,0.008143731129593492
MRK,2012-04-27 19:11:07,0.0557,0.0139,0.0139,0.1875,0.6875,0.125,0.041800000000000004,14756500.0,-0.00026,0.002414,1403.36,0.001041,0.00668,0.007205211521299385
MRK,2012-06-13 22:11:09,0.0103,0.0154,0.0026,0.2222222222222222,0.4444444444444444,0.3333333333333333,-0.0051,11566400.0,-0.000772,-0.007023,1314.88,0.009878,0.011651,0.006713662478690477
MRK,2012-07-27 16:21:11,0.0371,0.0139,0.0128,0.1875,0.6875,0.125,0.023200000000000002,29981500.0,0.040734,0.019081,1385.97,0.016659,0.016541,0.016817859478344205
MRK,2012-10-26 16:41:08,0.0296,0.0125,0.0103,0.1764705882352941,0.7058823529411765,0.1176470588235294,0.0171,11940500.0,-0.00324,-0.000729,1411.94,0.009154,0.002996,0.013023920693179189
MRK,2013-02-01 16:19:05,0.0335,0.022,0.015,0.3846153846153846,0.3076923076923077,0.3076923076923077,0.011500000000000003,37691600.0,-0.032832,0.010053,1513.17,-0.005747,-0.002563,0.014077186453423264
MRK,2013-05-01 16:15:08,0.0393,0.0197,0.015,0.3,0.55,0.15,0.019600000000000003,39746400.0,-0.027872,-0.009308,1582.7,-0.017148,0.002485,0.015687892610049426
MRK,2013-05-20 18:46:06,0.0345,0.0124,0.0069,0.5,0.0,0.5,0.0221,16735200.0,-0.01696,-0.000708,1666.29,-0.008195,0.0103,0.009721853513262381
MRK,2013-05-28 21:27:08,0.0337,0.0109,0.0044,0.1428571428571428,0.0,0.8571428571428571,0.0228,17664600.0,0.009754,0.006341,1660.06,-0.003592,-0.000551,0.018482321616134185
MRK,2013-05-31 19:43:06,0.0477,0.0159,0.008,0.6666666666666666,0.3333333333333333,0.0,0.031799999999999995,21734000.0,-0.007861,-0.014307,1630.74,0.004267,0.00367,0.019235187979903423
MRK,2013-07-30 16:15:06,0.0445,0.0164,0.0164,0.2666666666666666,0.4,0.3333333333333333,0.028099999999999997,16778300.0,-0.005999,0.000374,1685.96,-0.003093,-0.003736,0.007403195181061206
MRK,2013-10-28 16:09:05,0.0484,0.0196,0.0115,0.2222222222222222,0.5,0.2777777777777778,0.0288,27297600.0,-0.025569,0.00133,1762.11,0.006923,0.004395,0.010381509982228514
MRK,2014-02-05 17:00:05,0.0531,0.0153,0.0142,0.2352941176470588,0.5882352941176471,0.1764705882352941,0.0378,24507200.0,0.000374,-0.002028,1751.64,0.027458,0.007641,0.014772293284689673
MRK,2014-04-29 18:04:09,0.0458,0.0153,0.0117,0.4285714285714285,0.4285714285714285,0.1428571428571428,0.0305,13661520.0,0.035992,0.004761,1878.33,-0.009783,0.003236,0.012912593783675728
MRK,2014-05-28 12:46:09,0.031,0.0188,0.0055,0.25,0.0,0.75,0.012199999999999999,6843148.0,-0.005115,-0.001114,1909.78,-0.002112,0.005988,0.007204990042401877
MRK,2014-07-29 17:54:06,0.0392,0.0247,0.0123,0.2777777777777778,0.5,0.2222222222222222,0.014499999999999999,10328007.0,0.010523,-0.004528,1969.95,-0.003095,0.000288,0.007461828894074396
MRK,2014-09-09 18:16:05,0.0365,0.0154,0.0154,0.75,0.25,0.0,0.021099999999999997,7450954.0,-0.008026,-0.006545,1988.44,-0.002125,-0.003073,0.008679642455513632
MRK,2014-10-27 20:56:08,0.04,0.0126,0.0149,0.25,0.55,0.2,0.0274,14421434.0,-0.020135,-0.001502,1961.63,0.017305,0.007053,0.018434566596478456
MRK,2015-02-04 17:51:08,0.0566,0.0231,0.0185,0.2941176470588235,0.4705882352941176,0.2352941176470588,0.0335,19446708.0,-0.032285,-0.004156,2041.51,0.0023,0.014439,0.015862999560822866
MRK,2015-04-28 16:30:07,0.0432,0.0193,0.0182,0.3125,0.6875,0.0,0.0239,34731152.0,0.050438,0.002769,2114.76,-0.008681,-0.004141,0.018766424137272374
MRK,2015-07-28 20:18:06,0.0528,0.0206,0.0126,0.2941176470588235,0.7058823529411765,0.0,0.0322,16387120.0,0.0093,0.012386,2093.25,-0.007316,-0.005775,0.007373141716165927
MRK,2015-09-17 17:11:06,0.0646,0.0121,0.0054,0.5,0.25,0.25,0.052500000000000005,22799862.0,0.001671,-0.002561,1990.2,0.005976,0.008705,0.014406981628903219
MRK,2015-10-27 18:42:09,0.0409,0.0148,0.0136,0.2857142857142857,0.5714285714285714,0.1428571428571428,0.026099999999999998,13956855.0,0.010584,-0.002554,2065.89,0.000567,-0.001913,0.013964974570927994
MRK,2016-02-03 18:47:16,0.0375,0.0118,0.0171,0.25,0.5,0.25,0.0257,19568629.0,-0.007141,0.004992,1912.53,-0.0067,-0.018743,0.015870447632138285
MRK,2016-05-05 17:28:27,0.0321,0.0166,0.0166,0.2631578947368421,0.6842105263157895,0.0526315789473684,0.015499999999999996,11225224.0,-0.013136,-0.000239,2050.63,-0.004902,-0.005937,0.007939152792752268
MRK,2016-05-25 17:49:20,0.0441,0.0055,0.0069,0.5,0.0,0.5,0.0386,9601393.0,0.017446,0.006975,2090.54,0.012382,0.013681,0.00888734979932457
MRK,2016-06-07 20:38:23,0.041,0.0164,0.0041,0.4166666666666667,0.5833333333333334,0.0,0.0246,6252365.0,-0.002974,0.001289,2112.13,0.009357,0.004897,0.007663130985439236
MRK,2016-07-29 16:46:13,0.0343,0.0133,0.0199,0.2,0.7,0.1,0.020999999999999998,8491237.0,0.003936,0.001631,2173.6,-0.002901,0.001606,0.004624881927621909
MRK,2016-09-08 20:50:17,0.0491,0.0154,0.0112,0.6666666666666666,0.3333333333333333,0.0,0.033699999999999994,9186287.0,0.005885,-0.002223,2181.3,-0.005851,-0.000146,0.005051527827191305
MRK,2016-09-12 19:37:06,0.0667,0.0097,0.0125,0.6666666666666666,0.3333333333333333,0.0,0.056999999999999995,10629499.0,0.011202,0.014677,2159.04,-0.01186,-0.024522,0.006535317920516297
MRK,2016-10-25 17:02:27,0.0356,0.0167,0.0178,0.0,0.6111111111111112,0.3888888888888889,0.0189,15188534.0,0.019753,-0.003798,2143.16,-0.007353,0.00475,0.010656483675313425
MRK,2017-02-02 17:24:31,0.0303,0.0227,0.0249,0.0,0.6666666666666666,0.3333333333333333,0.007599999999999999,18990180.0,0.033494,0.00057,2280.85,0.001774,0.000298,0.016600813569420798
MRK,2017-05-02 16:30:31,0.038,0.0123,0.0168,0.0,0.631578947368421,0.3684210526315789,0.0257,13022511.0,0.00513,0.001189,2391.17,0.000802,0.001732,0.005318296896354803
MRK,2017-05-23 17:43:07,0.0321,0.0077,0.0044,0.3125,0.0,0.6875,0.024399999999999998,5734591.0,0.007964,0.001838,2398.42,0.004077,0.00516,0.009178433838805648
MRK,2017-06-03 07:04:05,0.0471,0.0336,0.0175,0.5,0.0,0.5,0.013500000000000005,6298590.0,0.003218,0.003708,2439.07,0.002304,0.007571,0.0032058792588339096
MRK,2017-06-06 05:23:09,0.0301,0.0249,0.0131,0.2,0.6,0.2,0.0052,7841776.0,-0.006147,-0.002779,2429.33,-0.00611,-0.001218,0.004693905414944337
MRK,2017-06-14 03:27:12,0.0287,0.0196,0.0157,0.5,0.5,0.0,0.0091,10338550.0,0.001581,-0.000996,2437.92,-0.010095,0.004511,0.009320046862066231
MRK,2017-07-28 16:48:39,0.048,0.0167,0.0212,0.0,0.6875,0.3125,0.0313,13342135.0,0.006594,-0.001341,2472.1,0.030583,-0.000973,0.011378270939236152
MRK,2017-09-12 01:24:09,0.058,0.0067,0.0108,0.6666666666666666,0.3333333333333333,0.0,0.051300000000000005,7354151.0,0.005067,0.003364,2496.48,0.013381,0.010839,0.005893489863117256
MRK,2017-10-27 16:32:41,0.0447,0.0246,0.0235,0.0,0.625,0.375,0.020099999999999996,29561260.0,-0.060494,0.008073,2581.07,-0.007366,0.001271,0.0190337273237097
MRK,2018-01-09 05:07:16,0.0621,0.0114,0.0177,0.6666666666666666,0.3333333333333333,0.0,0.0507,10631689.0,0.002471,0.001303,2751.29,-0.005791,0.001662,0.006283842636299641
MRK,2018-02-02 19:16:10,0.0441,0.0183,0.0205,0.3125,0.5,0.1875,0.0258,12264081.0,-0.021717,-0.021209,2762.13,0.010295,-0.000648,0.012837843805198224
MRK,2018-03-13 19:20:10,0.034,0.0183,0.0118,0.6666666666666666,0.3333333333333333,0.0,0.015700000000000002,11710027.0,0.000181,-0.006364,2765.31,0.00399,-0.001274,0.006817044996836106
MRK,2018-05-01 18:28:07,0.0307,0.0132,0.022,0.0,0.625,0.375,0.0175,13126703.0,-0.015118,0.002549,2654.8,-0.010089,-0.008188,0.010619901506657698
MRK,2018-07-27 18:09:08,0.036,0.0098,0.024,0.2666666666666666,0.5333333333333333,0.2,0.026199999999999998,8412391.0,-0.008124,-0.006562,2818.82,-0.007443,-0.003032,0.00851649762715475
MRK,2018-09-13 00:55:05,0.0688,0.0094,0.0094,0.6666666666666666,0.3333333333333333,0.0,0.0594,10258190.0,0.013885,0.005282,2904.18,0.011291,0.000357,0.008333070465187296
MRK,2018-10-25 16:53:26,0.0462,0.0116,0.0173,0.0,0.5,0.5,0.0346,20566489.0,-0.008222,0.018625,2705.57,-0.021637,-0.030864,0.013923993961264577
MRK,2019-01-08 04:29:22,0.0582,0.0176,0.0149,0.6666666666666666,0.3333333333333333,0.0,0.0406,11351852.0,0.007424,0.009695,2574.41,-0.011013,0.00701,0.021467066711852133
MRK,2019-02-01 17:17:11,0.0452,0.0081,0.0104,0.25,0.4375,0.3125,0.037099999999999994,15211767.0,0.02714,0.000899,2706.53,0.014447,0.008597,0.014554022727983687
MRK,2019-04-30 19:32:43,0.0487,0.0081,0.0128,0.3529411764705882,0.4117647058823529,0.2352941176470588,0.0406,10752887.0,0.025137,0.000951,2945.83,0.001957,0.001071,0.020609000423223917
MRK,2019-06-15 01:43:08,0.0381,0.0157,0.0144,0.3076923076923077,0.3846153846153846,0.3076923076923077,0.022400000000000003,7623999.0,0.005187,-0.001612,2886.98,-0.009676,0.004097,0.00727867569151293
MRK,2019-07-30 18:02:37,0.0308,0.0488,0.0116,0.3333333333333333,0.3333333333333333,0.3333333333333333,-0.018000000000000002,13632605.0,0.009456,-0.002579,3013.18,0.013017,-0.001616,0.008828292639765213
MRK,2019-09-09 18:07:26,0.0398,0.0275,0.0179,0.6666666666666666,0.3333333333333333,0.0,0.012300000000000002,11489290.0,-0.035809,-9.4e-05,2978.43,0.005459,0.000911,0.013412971224403122
MRK,2019-10-29 17:17:28,0.0656,0.0396,0.0087,0.3125,0.375,0.3125,0.026000000000000002,16575390.0,0.03528,-0.000832,3036.89,-0.000729,0.005581,0.01919903667172448
MRK,2020-02-05 20:17:51,0.0542,0.0353,0.0139,0.3684210526315789,0.3157894736842105,0.3157894736842105,0.0189,27948598.0,-0.028633,0.011251,3334.69,0.011679,0.01498,0.017090248415397583
MRK,2020-04-28 19:49:07,0.0285,0.0363,0.0233,0.3333333333333333,0.2666666666666666,0.4,-0.007799999999999998,19345014.0,-0.033341,-0.005242,2863.39,0.031315,0.014714,0.025409776745925493
MRK,2020-06-03 00:51:10,0.0368,0.0165,0.0139,0.3076923076923077,0.3076923076923077,0.3846153846153846,0.0203,13049077.0,0.015092,0.013649,3122.87,0.016088,0.008211,0.012613799325870501
MRK,2020-07-31 18:11:08,0.0531,0.0236,0.0142,0.4285714285714285,0.2857142857142857,0.2857142857142857,0.029500000000000002,11726443.0,0.015825,0.00767,3271.12,-0.004537,-0.00375,0.011809999501834506
MRK,2020-10-27 17:33:12,0.0518,0.0157,0.0096,0.3888888888888889,0.4444444444444444,0.1666666666666666,0.0361,11680721.0,-0.010781,-0.003026,3390.68,-0.012401,-0.01859,0.011055375354701052
MRK,2021-02-04 18:28:14,0.0681,0.02,0.0176,0.2941176470588235,0.4117647058823529,0.2941176470588235,0.04809999999999999,18003423.0,-0.016684,0.010853,3871.74,-0.005786,0.001009,0.01446873787362097
MS,2007-03-21 22:19:37,0.0379,0.0084,0.0147,0.1111111111111111,0.5555555555555556,0.3333333333333333,0.029500000000000005,17640290.0,0.068585,0.017081,1435.04,0.01453,0.006334,0.02986761899225762
MS,2007-06-20 19:58:25,0.0288,0.0139,0.0117,0.1111111111111111,0.7777777777777778,0.1111111111111111,0.0149,15281700.0,-0.005467,-0.013601,1512.84,-0.00791,0.001731,0.01717217098292083
MS,2007-09-19 21:22:39,0.0182,0.0214,0.0214,0.1538461538461538,0.6153846153846154,0.2307692307692307,-0.003199999999999998,17634900.0,-0.021603,0.006086,1529.03,0.055461,0.029208,0.02655723679589681
MS,2007-12-19 22:14:46,0.0268,0.0257,0.0198,0.1666666666666666,0.0833333333333333,0.75,0.0011000000000000003,36270400.0,0.041814,-0.001361,1453.0,-0.029477,0.00628,0.0381461890079905
MS,2008-03-19 22:24:10,0.0335,0.0184,0.0152,0.1111111111111111,0.6666666666666666,0.2222222222222222,0.015100000000000002,40284100.0,0.013766,-0.024287,1298.42,0.17812,0.04241,0.07961972598378705
MS,2008-06-18 18:58:18,0.0216,0.0288,0.0134,0.125,0.625,0.25,-0.007199999999999998,41570200.0,0.002464,-0.009712,1337.81,-0.040199,-0.006771,0.047478902257388676
MS,2008-09-17 03:58:14,0.0288,0.0155,0.0166,0.1111111111111111,0.4444444444444444,0.4444444444444444,0.0133,329786100.0,-0.24216,-0.047133,1156.39,-0.108419,0.017515,0.08437408858069059
MS,2008-12-17 21:42:16,0.0238,0.0302,0.0259,0.125,0.625,0.25,-0.0063999999999999994,66770400.0,0.022939,-0.009593,904.42,0.182551,0.05136,0.07537100283737196
MS,2009-01-14 21:19:12,0.0315,0.0199,0.021,0.5,0.3,0.2,0.0116,39581600.0,-0.088547,-0.03346,842.62,0.003725,0.001758,0.06137339313026649
MS,2009-04-22 20:08:29,0.0347,0.0228,0.0239,0.0909090909090909,0.6363636363636364,0.2727272727272727,0.0119,104012700.0,-0.089655,-0.007682,843.55,0.048044,0.021252,0.07360515567155164
MS,2009-07-23 02:04:26,0.0204,0.0163,0.0163,0.1111111111111111,0.6666666666666666,0.2222222222222222,0.004100000000000003,31300100.0,0.036311,0.02329,976.29,-0.000726,-0.000534,0.030756697967723977
MS,2009-10-21 21:30:10,0.0234,0.0193,0.0203,0.0909090909090909,0.3636363636363636,0.5454545454545454,0.0040999999999999995,48862100.0,0.047971,-0.008854,1081.4,-0.017819,-0.006239,0.025683113604078815
MS,2010-01-20 21:26:28,0.028,0.0162,0.0248,0.2222222222222222,0.3333333333333333,0.4444444444444444,0.011800000000000001,21204400.0,-0.017009,-0.010598,1138.04,0.025675,0.0125,0.01858704862263015
MS,2010-04-21 21:02:11,0.0406,0.0146,0.0146,0.2,0.6,0.2,0.025999999999999995,44641100.0,0.040394,-0.001019,1205.94,0.030108,0.008058,0.028050741367901623
MS,2010-07-21 18:18:17,0.0232,0.0189,0.0168,0.2222222222222222,0.5555555555555556,0.2222222222222222,0.004299999999999998,62655900.0,0.062649,-0.01282,1069.59,0.017756,0.011417,0.027065716178097936
MS,2010-10-21 00:54:21,0.0175,0.0175,0.0284,0.2222222222222222,0.5555555555555556,0.2222222222222222,0.0,22775700.0,-0.030733,0.001774,1180.26,-0.000394,0.010524,0.017937019184109955
MS,2011-01-21 16:40:32,0.0307,0.0179,0.0218,0.2222222222222222,0.4444444444444444,0.3333333333333333,0.012800000000000002,35955800.0,0.034114,0.002414,1283.35,0.045766,-0.001295,0.02647361878655001
MS,2011-04-21 19:21:32,0.0359,0.0258,0.0213,0.3,0.5,0.2,0.010100000000000001,18276600.0,0.016897,0.005277,1337.38,-0.002299,0.013515,0.01084938161883562
MS,2011-07-21 21:11:14,0.0395,0.0149,0.0181,0.3636363636363636,0.4545454545454545,0.1818181818181818,0.0246,65703500.0,0.114181,0.013546,1343.8,0.035272,-0.000671,0.04324497836435291
MS,2011-10-19 19:51:11,0.0265,0.0184,0.0276,0.3333333333333333,0.6666666666666666,0.0,0.0081,66831000.0,0.000601,-0.012649,1209.88,0.090492,0.020419,0.047641654415367996
MS,2012-01-19 20:31:19,0.0333,0.0218,0.0276,0.2727272727272727,0.7272727272727273,0.0,0.011500000000000003,46373500.0,0.053602,0.004939,1314.5,0.067692,0.011108,0.033770281872939636
MS,2012-04-19 19:41:13,0.0372,0.0186,0.0176,0.2727272727272727,0.7272727272727273,0.0,0.0186,49794700.0,0.023216,-0.005934,1376.92,-0.010644,-0.004055,0.02926554029362509
MS,2012-07-19 17:51:09,0.0306,0.012,0.0252,0.25,0.75,0.0,0.0186,61251700.0,-0.052895,0.002717,1376.51,-0.024407,0.006681,0.02529708830763849
MS,2012-10-18 17:51:07,0.0342,0.0145,0.0145,0.2727272727272727,0.7272727272727273,0.0,0.019700000000000002,51103700.0,-0.037858,-0.002444,1457.34,0.034695,0.004117,0.023536238720558718
MS,2013-01-18 18:41:08,0.0277,0.0132,0.0241,0.3333333333333333,0.5555555555555556,0.1111111111111111,0.014499999999999999,65751700.0,0.078554,0.003403,1485.98,0.010224,0.005643,0.028584731526541608
MS,2013-02-14 15:45:05,0.0275,0.0069,0.0229,0.2857142857142857,0.2857142857142857,0.4285714285714285,0.0206,16316200.0,0.008464,0.000691,1521.38,0.0,0.000592,0.016794134169075388
MS,2013-04-18 17:24:06,0.0406,0.0056,0.018,0.3,0.6,0.1,0.034999999999999996,47196900.0,-0.054029,-0.006701,1541.61,-0.017391,-0.014328,0.022685008750519067
MS,2013-05-16 02:59:07,0.0241,0.0069,0.0126,0.7142857142857143,0.0,0.2857142857142857,0.0172,18870000.0,-0.011263,-0.00501,1650.47,0.02431,0.005114,0.016203556080551358
MS,2013-07-18 17:30:07,0.037,0.0112,0.0179,0.25,0.5,0.25,0.025799999999999997,36282500.0,0.043708,0.005033,1689.37,0.006065,0.002774,0.01572096708786694
MS,2013-10-18 16:55:05,0.0287,0.0088,0.021,0.2307692307692307,0.3846153846153846,0.3846153846153846,0.0199,32414100.0,0.02627,0.006549,1744.5,0.010479,0.006744,0.014523310767713151
MS,2013-12-10 19:59:05,0.0304,0.0291,0.0225,0.5,0.5,0.0,0.001299999999999999,13249000.0,0.012504,-0.00318,1802.62,-0.002298,0.001817,0.012198702180515136
MS,2014-01-17 19:24:07,0.0337,0.0116,0.0221,0.25,0.3333333333333333,0.4166666666666667,0.0221,32197900.0,0.04375,-0.003895,1838.7,-0.006828,-0.001347,0.018940006372168798
MS,2014-02-16 02:38:07,0.0324,0.0041,0.0014,0.5,0.5,0.0,0.0283,10375000.0,-0.007355,0.004809,1838.63,-0.008289,0.00581,0.01155583831326133
MS,2014-04-17 20:03:04,0.0183,0.0081,0.0173,0.1666666666666666,0.3333333333333333,0.5,0.0102,22965994.0,0.029107,0.001364,1864.85,0.011506,0.010488,0.023837737884148093
MS,2014-06-11 01:07:06,0.0256,0.0216,0.0067,0.5,0.5,0.0,0.004,5854239.0,-0.012157,-0.003537,1943.89,0.003127,-0.000246,0.008433743233781153
MS,2014-07-17 21:02:07,0.0512,0.0067,0.0089,0.1818181818181818,0.3636363636363636,0.4545454545454545,0.044500000000000005,18525571.0,-0.006154,-0.011834,1958.12,0.015625,0.004201,0.011446533954288626
MS,2014-08-01 18:27:03,0.0274,0.0198,0.0252,0.46875,0.28125,0.25,0.007599999999999999,11539879.0,-0.022882,-0.002859,1925.15,-0.029994,-0.019999,0.015791109984559668
MS,2014-10-17 19:51:13,0.0324,0.001,0.0162,0.1538461538461538,0.3846153846153846,0.4615384615384615,0.0314,16422873.0,0.021211,0.012884,1886.76,-0.002453,0.000145,0.017189555197206042
MS,2015-01-21 02:09:04,0.0493,0.0101,0.0123,0.2727272727272727,0.4545454545454545,0.2727272727272727,0.0392,15830488.0,-0.000576,0.004732,2032.12,-0.004013,0.00155,0.013691435547248498
MS,2015-04-20 20:05:07,0.0306,0.0032,0.0158,0.2142857142857142,0.5,0.2857142857142857,0.027399999999999997,13301904.0,0.005714,0.009235,2100.4,-0.016328,-0.011311,0.010379865264058865
MS,2015-04-30 14:34:08,0.0447,0.0092,0.0115,0.3333333333333333,0.4444444444444444,0.2222222222222222,0.0355,10413938.0,-0.004801,-0.010129,2085.51,0.012149,-0.00374,0.009177364966772811
MS,2015-07-20 17:34:04,0.0466,0.0108,0.0249,0.2142857142857142,0.5714285714285714,0.2142857142857142,0.0358,15141829.0,-0.00398,0.000771,2128.28,0.007266,0.001106,0.011425753466038139
MS,2015-10-19 19:16:08,0.0309,0.0342,0.0155,0.2727272727272727,0.2727272727272727,0.4545454545454545,-0.003300000000000001,39255633.0,-0.048012,0.000271,2033.66,0.010116,0.00457,0.020862849910786768
MS,2016-01-19 21:37:16,0.0408,0.0154,0.0132,0.2142857142857142,0.3571428571428571,0.4285714285714285,0.025400000000000002,28788187.0,0.011167,0.000532,1881.33,-0.043462,-0.021599,0.024959631267086113
MS,2016-04-18 19:14:18,0.0431,0.0361,0.0186,0.1764705882352941,0.4705882352941176,0.3529411764705882,0.006999999999999999,29605065.0,-0.001165,0.006541,2094.34,-0.015667,-0.000984,0.024062976328561355
MS,2016-07-20 16:15:07,0.0485,0.0154,0.0176,0.2142857142857142,0.5714285714285714,0.2142857142857142,0.033100000000000004,28606072.0,0.020929,0.00427,2173.02,-0.000709,-0.001435,0.014877145447894011
MS,2016-10-19 18:11:10,0.0489,0.0174,0.0141,0.2142857142857142,0.3571428571428571,0.4285714285714285,0.0315,18522741.0,0.018874,0.002192,2144.29,0.016672,0.00616,0.011268368167870711
MS,2017-01-17 19:20:07,0.0411,0.0171,0.0149,0.1764705882352941,0.4117647058823529,0.4117647058823529,0.023999999999999997,21840380.0,-0.037891,-0.002968,2267.89,0.004126,0.00185,0.018937546134597666
MS,2017-04-19 17:59:05,0.0515,0.0219,0.0219,0.2,0.5333333333333333,0.2666666666666666,0.029599999999999998,19850262.0,0.020141,-0.001716,2338.17,-0.006749,-0.002903,0.013061775103118995
MS,2017-05-31 21:28:08,0.0328,0.0123,0.0109,1.0,0.0,0.0,0.020500000000000004,13637891.0,-0.012772,-0.00046,2411.8,-0.013072,-0.001205,0.020789497767703474
MS,2017-07-19 18:18:07,0.0489,0.0195,0.0261,0.2142857142857142,0.3571428571428571,0.4285714285714285,0.0294,17586286.0,0.032787,0.005373,2473.83,-0.004192,0.000598,0.013135247703539814
MS,2017-10-17 17:31:42,0.0451,0.0253,0.022,0.2307692307692307,0.4615384615384615,0.3076923076923077,0.0198,15535036.0,0.003678,0.000672,2559.36,0.013251,0.001751,0.008610472290570437
MS,2018-01-18 18:39:30,0.0753,0.0205,0.0126,0.2142857142857142,0.5,0.2857142857142857,0.0548,13953899.0,0.008853,-0.001616,2798.03,0.013736,0.009415,0.00876440406860573
MS,2018-04-18 17:39:09,0.0597,0.0133,0.0177,0.1428571428571428,0.4285714285714285,0.4285714285714285,0.046400000000000004,17524005.0,0.000376,0.000831,2708.64,-0.002996,0.010662,0.019109926556345084
MS,2018-07-18 18:12:09,0.0491,0.0125,0.0157,0.2142857142857142,0.2857142857142857,0.5,0.036599999999999994,18407322.0,0.02806,0.00216,2815.62,0.005726,0.003974,0.013325011648525778
MS,2018-10-16 17:10:08,0.0501,0.0229,0.0125,0.1538461538461538,0.2307692307692307,0.6153846153846154,0.0272,24174876.0,0.056821,0.021496,2809.92,0.000921,-0.005905,0.024893972159496604
MS,2019-01-17 20:36:06,0.0474,0.0178,0.0202,0.1333333333333333,0.2666666666666666,0.6,0.029599999999999998,47037208.0,-0.044055,0.007591,2635.96,0.037547,0.002222,0.023789540928035594
MS,2019-04-17 17:51:11,0.0494,0.0294,0.0116,0.2307692307692307,0.3076923076923077,0.4615384615384615,0.02,19609975.0,0.026372,-0.002274,2900.45,0.020399,0.000509,0.017713301310973834
MS,2019-07-18 16:40:10,0.0439,0.0289,0.0188,0.1538461538461538,0.3846153846153846,0.4615384615384615,0.015000000000000003,11187450.0,0.015079,0.003582,2995.11,-0.014855,-0.006531,0.013457741339302429
MS,2019-10-17 17:26:10,0.0403,0.0221,0.0052,0.25,0.4166666666666667,0.3333333333333333,0.0182,18020935.0,0.01519,0.002763,2997.95,0.006113,-0.002,0.012155018888417721
MS,2020-01-16 18:30:10,0.0321,0.0231,0.0244,0.3,0.4,0.3,0.008999999999999998,34590664.0,0.066113,0.008367,3316.81,0.001513,0.00187,0.021944975127198188
MS,2020-04-16 17:52:48,0.0249,0.0394,0.0302,0.2222222222222222,0.3333333333333333,0.4444444444444444,-0.014499999999999999,27913002.0,-0.001042,0.005817,2799.55,-0.036628,-0.02203,0.045570311840178575
MS,2020-06-10 01:53:07,0.0266,0.0504,0.0322,0.5,0.5,0.0,-0.0238,14770858.0,-0.033929,-0.005313,3190.14,0.004985,-0.007799,0.027963091599265247
MS,2020-07-16 17:15:08,0.0429,0.0198,0.0176,0.2222222222222222,0.3333333333333333,0.4444444444444444,0.0231,25026766.0,0.025122,-0.003406,3215.57,0.016832,0.009082,0.024042622543447217
MS,2020-10-15 17:52:07,0.0408,0.0129,0.0193,0.1818181818181818,0.4545454545454545,0.3636363636363636,0.0279,21059655.0,0.013425,-0.001528,3483.34,0.004163,-0.006623,0.01573243267337356
NKE,2005-12-22 23:13:10,0.0519,0.0071,0.0106,0.0,0.8571428571428571,0.1428571428571428,0.0448,1954200.0,0.005714,0.004221,1268.12,-0.030854,0.002517,0.02069480120975099
NKE,2006-03-22 04:17:18,0.0705,0.0173,0.0104,0.3333333333333333,0.5,0.1666666666666666,0.0532,4843800.0,0.022013,0.006021,1305.04,-0.006549,-0.006015,0.009408795256449026
NKE,2006-06-28 00:37:41,0.0515,0.0129,0.0164,0.3076923076923077,0.3846153846153846,0.3076923076923077,0.038599999999999995,8536300.0,-0.046754,0.005487,1246.0,-0.007359,-0.009084,0.01791986958936922
NKE,2006-09-22 02:45:48,0.0373,0.0151,0.0175,0.0,0.75,0.25,0.022199999999999998,7695800.0,0.047296,-0.002466,1314.78,-0.001695,-0.005395,0.01599464389517107
NKE,2006-12-21 03:15:07,0.0561,0.011,0.0121,0.0,0.75,0.25,0.0451,4331300.0,0.005111,-0.003674,1418.3,0.037322,-0.001417,0.014296302468354057
NKE,2007-03-23 02:05:01,0.0288,0.0075,0.0107,0.3333333333333333,0.5,0.1666666666666666,0.0213,4377281.0,0.004144,0.001094,1436.11,-0.002297,-0.000348,0.007738003405989868
NKE,2007-06-27 01:39:05,0.0379,0.0142,0.0118,0.5,0.375,0.125,0.023700000000000002,14124650.0,0.083055,0.009009,1506.34,0.000186,-0.003238,0.028016148634711052
NKE,2007-09-21 02:50:13,0.057,0.0109,0.017,0.3076923076923077,0.4615384615384615,0.2307692307692307,0.0461,10285520.0,-0.018176,0.004609,1525.75,-0.004098,-0.006723,0.017613756356577904
NKE,2007-12-20 03:08:52,0.0454,0.0105,0.0093,0.3333333333333333,0.4166666666666667,0.25,0.0349,6328500.0,0.03464,0.0049,1460.12,0.000784,-0.001361,0.01687356910674205
NKE,2008-03-20 03:48:10,0.0422,0.0129,0.0141,0.3846153846153846,0.5384615384615384,0.0769230769230769,0.0293,10825200.0,0.087983,0.023944,1329.51,0.002595,-0.024287,0.034867197452301456
NKE,2008-06-26 02:31:34,0.0456,0.0076,0.0108,0.4,0.4,0.2,0.038,18527500.0,-0.098075,-0.029365,1283.15,0.0,0.005843,0.03349291568360222
NKE,2008-09-25 01:45:15,0.0511,0.0083,0.0131,0.3,0.4,0.3,0.0428,11512200.0,0.096845,0.019656,1209.18,-0.025645,-0.001978,0.04714975243495747
NKE,2008-12-18 05:41:27,0.0794,0.0199,0.0149,0.3636363636363636,0.4545454545454545,0.1818181818181818,0.0595,6165200.0,0.040482,-0.021163,885.28,0.020145,-0.009593,0.03920002355441468
NKE,2009-03-19 12:56:35,0.0627,0.0169,0.0108,0.3636363636363636,0.5454545454545454,0.0909090909090909,0.04580000000000001,8070500.0,0.012631,-0.012979,784.04,0.011231,0.020858,0.03209638312074013
NKE,2009-06-25 00:26:38,0.0512,0.0226,0.0155,0.3636363636363636,0.4545454545454545,0.1818181818181818,0.028600000000000004,14901800.0,-0.032818,0.021444,920.26,-0.009712,0.006524,0.019000921668873457
NKE,2009-12-18 01:31:21,0.0728,0.0095,0.0095,0.2857142857142857,0.4285714285714285,0.2857142857142857,0.06330000000000001,5080900.0,0.018498,0.00583,1102.47,-0.01249,-0.011811,0.014591294285749004
NKE,2010-03-18 05:48:12,0.0602,0.0132,0.0108,0.3076923076923077,0.6923076923076923,0.0,0.047,10924100.0,0.05333,-0.000326,1165.83,0.007104,0.005822,0.01560037179898816
NKE,2010-06-24 03:50:14,0.0569,0.0157,0.0133,0.3636363636363636,0.4545454545454545,0.1818181818181818,0.0412,9026000.0,-0.039851,-0.016803,1073.69,0.000828,-0.002985,0.018278404745612854
NKE,2011-03-18 02:51:15,0.0603,0.0133,0.0145,0.2857142857142857,0.3571428571428571,0.3571428571428571,0.047,19723900.0,-0.091558,0.004302,1279.2,0.006956,0.013398,0.027900073006873773
NKE,2011-06-30 19:11:18,0.0679,0.009,0.009,0.36,0.24,0.4,0.0589,4428900.0,0.002228,0.010119,1320.64,-0.001335,0.008283,0.03494839440025183
NKE,2011-09-23 01:31:12,0.0374,0.0093,0.0117,0.3636363636363636,0.6363636363636364,0.0,0.028100000000000003,9104900.0,0.052982,0.006082,1136.43,-0.018195,-0.031883,0.02583406250175226
NKE,2011-12-21 02:51:11,0.0505,0.0118,0.0153,0.3333333333333333,0.5833333333333334,0.0833333333333333,0.038700000000000005,6261300.0,0.029051,0.00195,1243.72,0.002677,0.029825,0.015347639522089285
NKE,2012-03-23 00:41:43,0.0498,0.0083,0.0118,0.3636363636363636,0.5454545454545454,0.0909090909090909,0.041499999999999995,6627400.0,-0.032165,0.003109,1397.11,0.00498,-0.007207,0.012650516662703159
NKE,2012-06-29 00:51:09,0.0484,0.0135,0.0169,0.3636363636363636,0.5454545454545454,0.0909090909090909,0.0349,21594500.0,-0.094024,0.02492,1362.16,-0.012435,-0.00211,0.030144187676528517
NKE,2012-09-27 23:41:07,0.0485,0.0071,0.0154,0.3333333333333333,0.4444444444444444,0.2222222222222222,0.0414,4849400.0,0.005341,0.009649,1447.15,0.004312,-0.005737,0.010870440177635507
NKE,2012-12-21 02:01:19,0.0554,0.0084,0.0181,0.4,0.5,0.1,0.047,6978700.0,0.061616,-0.009379,1430.15,0.012477,0.005488,0.02223267607124446
NKE,2013-03-22 00:09:05,0.0471,0.0106,0.0141,0.3333333333333333,0.5,0.1666666666666666,0.036500000000000005,19332700.0,0.110634,0.007174,1556.89,-0.022433,-0.008282,0.038651942144821955
NKE,2013-06-28 00:18:05,0.0556,0.0116,0.0139,0.4,0.4,0.2,0.044,13410000.0,0.021823,-0.00429,1606.28,0.007599,0.0062,0.012925157849455063
NKE,2013-09-26 22:47:07,0.056,0.0083,0.0119,0.3636363636363636,0.5454545454545454,0.0909090909090909,0.0477,6882700.0,0.020604,0.003485,1698.67,-0.007346,-0.002739,0.00920086384169063
NKE,2013-12-20 01:05:09,0.0618,0.0128,0.0128,0.4,0.4,0.2,0.049,10221900.0,-0.011756,0.004819,1818.32,-0.003692,-0.00058,0.0133983224886964
NKE,2014-03-21 03:48:07,0.0518,0.0153,0.0118,0.3636363636363636,0.4545454545454545,0.1818181818181818,0.0365,15893536.0,-0.051217,-0.002933,1866.52,0.001516,0.006041,0.017005562521324107
NKE,2014-06-27 02:43:07,0.056,0.011,0.0122,0.3636363636363636,0.3636363636363636,0.2727272727272727,0.045,9071120.0,0.010669,0.001911,1960.96,0.0051,-0.001179,0.00950152875652692
NKE,2014-09-25 23:55:04,0.058,0.0133,0.0133,0.3333333333333333,0.4166666666666667,0.25,0.044700000000000004,7069164.0,-0.013483,-0.016169,1965.99,0.008986,0.007832,0.0075719983741265
NKE,2014-12-19 01:13:07,0.055,0.0098,0.0171,0.3333333333333333,0.5833333333333334,0.0833333333333333,0.045200000000000004,13500984.0,-0.023074,0.00457,2070.65,0.027302,0.024015,0.016089410335165488
NKE,2015-03-20 03:12:06,0.0519,0.0109,0.0133,0.3636363636363636,0.5454545454545454,0.0909090909090909,0.041,14889910.0,0.037225,0.009013,2108.1,0.008307,-0.004873,0.015171493821198475
NKE,2015-06-26 00:10:06,0.0512,0.0105,0.014,0.4,0.5,0.1,0.0407,10143810.0,0.042672,-0.00039,2101.49,-0.009414,-0.002974,0.014970791877296608
NKE,2015-09-25 02:34:09,0.047,0.0115,0.0092,0.3333333333333333,0.5,0.1666666666666666,0.035500000000000004,18484093.0,0.088945,-0.000466,1931.34,-0.005544,-0.003363,0.02862553937851841
NKE,2015-12-23 03:16:12,0.0463,0.0119,0.013,0.4,0.4,0.2,0.0344,28659650.0,-0.023815,0.012418,2064.29,0.015794,0.008817,0.014780417959809652
NKE,2016-03-23 02:40:14,0.0334,0.0138,0.0104,0.4,0.4,0.2,0.0196,26987016.0,-0.037905,-0.006386,2036.71,0.002781,-0.000877,0.01818976807133302
NKE,2016-06-29 04:19:23,0.042,0.014,0.0128,0.4444444444444444,0.4444444444444444,0.1111111111111111,0.028000000000000004,36084771.0,0.038425,0.017033,2070.77,0.023126,0.01777,0.019730685143535452
NKE,2016-09-28 03:03:19,0.0483,0.015,0.0127,0.5,0.375,0.125,0.0333,33213008.0,-0.037767,0.005296,2171.37,0.017279,0.006444,0.014827049380926792
NKE,2016-12-21 00:57:05,0.0421,0.0129,0.0152,0.4444444444444444,0.5555555555555556,0.0,0.029199999999999997,23236380.0,0.009847,-0.002457,2265.18,0.018486,0.003638,0.01070255909376598
NKE,2017-03-22 00:35:08,0.042,0.0152,0.0105,0.4444444444444444,0.3333333333333333,0.2222222222222222,0.026800000000000004,37413372.0,-0.070505,0.00189,2348.45,-0.011418,-0.012408,0.02435607681782008
NKE,2017-06-30 05:32:09,0.0364,0.0125,0.0103,0.4444444444444444,0.3333333333333333,0.2222222222222222,0.0239,46552954.0,0.109648,0.001533,2423.41,-0.003561,-0.0086,0.03470760113753498
NKE,2017-09-27 04:03:10,0.0389,0.0083,0.0094,0.4,0.5,0.1,0.030599999999999995,36202500.0,-0.019181,0.004085,2507.04,0.00883,7.2e-05,0.007943542087059517
NKE,2017-12-22 04:35:06,0.0432,0.0058,0.0082,0.4,0.4,0.2,0.0374,20414195.0,-0.02285,-0.000458,2683.34,0.018556,0.001986,0.01583274356094558
NKE,2018-03-23 02:45:09,0.0526,0.014,0.0117,0.375,0.625,0.0,0.0386,17343849.0,0.00326,-0.020967,2588.26,-0.029088,-0.025163,0.012210365734808071
NKE,2018-06-29 02:06:50,0.048,0.0145,0.0112,0.3,0.3,0.4,0.0335,31423522.0,0.111297,0.000758,2718.37,0.004905,0.006179,0.03819061279075436
NKE,2018-09-20 21:40:09,0.0275,0.0125,0.0037,0.7272727272727273,0.0,0.2727272727272727,0.015,6620253.0,0.011134,0.007841,2930.75,-0.009735,0.001253,0.010713881962720537
NKE,2018-09-26 02:28:09,0.0452,0.0093,0.0093,0.3333333333333333,0.3333333333333333,0.3333333333333333,0.0359,16357066.0,-0.012855,-0.003289,2905.97,0.006171,-0.001305,0.011827205455596275
NKE,2018-12-21 04:03:08,0.0596,0.009,0.0101,0.3333333333333333,0.4444444444444444,0.2222222222222222,0.0506,28487870.0,0.071672,-0.020588,2416.62,-0.020879,-0.015772,0.03155922751202179
NKE,2019-03-22 02:26:08,0.0408,0.0091,0.0091,0.375,0.5,0.125,0.031700000000000006,21659776.0,-0.066129,-0.018975,2800.71,0.015227,0.010853,0.02383631112050123
NKE,2019-06-28 01:14:10,0.0518,0.0379,0.0101,0.3333333333333333,0.4444444444444444,0.2222222222222222,0.013899999999999996,12443841.0,0.003466,0.005757,2941.76,0.013446,0.003823,0.016279654659523052
NKE,2019-09-25 03:32:22,0.0551,0.0295,0.0051,0.375,0.5,0.125,0.025600000000000005,25406829.0,0.041638,0.006159,2984.87,-0.005816,-0.008416,0.014949448202377006
NKE,2019-12-20 03:43:10,0.0554,0.0139,0.0088,0.375,0.5,0.125,0.041499999999999995,17646646.0,-0.011765,0.004945,3221.22,0.005767,0.004459,0.006787745130420941
NKE,2020-03-25 01:02:26,0.0439,0.0205,0.0146,0.375,0.5,0.125,0.0234,27053246.0,0.092354,0.011535,2475.56,0.151752,0.093828,0.0877516932387442
NKE,2020-06-26 03:10:14,0.0407,0.0139,0.0105,0.3,0.4,0.3,0.0268,24918523.0,-0.076233,-0.024227,3009.05,0.013189,0.010959,0.03251951113152426
NKE,2020-09-23 04:09:05,0.0572,0.0179,0.0119,0.3333333333333333,0.5555555555555556,0.1111111111111111,0.0393,37822653.0,0.087619,-0.023721,3236.92,0.030872,0.010518,0.03185991729517754
NKE,2020-12-19 01:40:05,0.0593,0.0107,0.0119,0.375,0.5,0.125,0.0486,17970788.0,-0.022918,-0.003511,3709.41,0.015614,0.005758,0.013472455363114328
NVDA,2006-01-30 12:56:26,0.0306,0.0098,0.0153,0.1666666666666666,0.5,0.3333333333333333,0.0208,2636529.0,-0.011243,0.001153,1285.2,0.018947,0.007764,0.023812132466921612
NVDA,2006-02-18 15:26:00,0.0347,0.013,0.0076,0.0,0.5714285714285714,0.4285714285714285,0.021700000000000004,19651755.0,0.00572,-0.00166,1287.24,0.049355,0.007328,0.024607541749092566
NVDA,2006-05-02 01:55:40,0.0133,0.0055,0.0166,0.1538461538461538,0.4615384615384615,0.3846153846153846,0.0078,9030449.0,-0.001294,0.006145,1313.21,0.057495,-0.004135,0.024635986456356448
NVDA,2006-05-12 01:08:57,0.0316,0.0131,0.0109,0.2142857142857142,0.4285714285714285,0.3571428571428571,0.018500000000000003,26150145.0,-0.075167,-0.011241,1291.24,-0.035569,-0.012798,0.03491862022681373
NVDA,2006-07-28 06:33:34,0.0231,0.0035,0.0219,0.2222222222222222,0.4444444444444444,0.3333333333333333,0.0196,13595319.0,0.1037,0.012152,1278.55,0.014321,-0.0041,0.05402323463103631
NVDA,2006-08-11 03:58:47,0.0319,0.016,0.0138,0.2142857142857142,0.2142857142857142,0.5714285714285714,0.015899999999999997,26741163.0,-0.031457,-0.003986,1266.74,-0.006987,0.004629,0.03933302515698481
NVDA,2006-11-10 02:09:16,0.029,0.0225,0.0064,0.2142857142857142,0.4285714285714285,0.3571428571428571,0.006500000000000002,21962849.0,-0.024086,0.001865,1380.9,0.019942,-0.005333,0.037313251427609474
NVDA,2007-02-14 04:28:05,0.016,0.015,0.008,0.2142857142857142,0.4285714285714285,0.3571428571428571,0.0010000000000000009,18038532.0,-0.013235,0.007644,1455.3,0.018879,0.007597,0.027341965240470764
NVDA,2007-05-11 02:08:08,0.0267,0.015,0.0086,0.2142857142857142,0.4285714285714285,0.3571428571428571,0.011700000000000002,26059481.0,0.070689,0.009641,1505.85,-0.018541,-0.013956,0.026020726196416752
NVDA,2007-08-10 00:08:27,0.023,0.0136,0.0146,0.2727272727272727,0.3636363636363636,0.3636363636363636,0.0094,19041755.0,-0.046391,0.000379,1453.64,0.011845,-0.02965,0.03188512484755931
NVDA,2007-11-09 02:12:58,0.0247,0.0123,0.0112,0.25,0.4375,0.3125,0.0124,21785787.0,-0.014112,-0.014287,1453.7,-0.062673,-0.000576,0.03487767869585232
NVDA,2008-02-14 04:03:12,0.0194,0.014,0.0075,0.1333333333333333,0.4666666666666667,0.4,0.0054,54612850.0,-0.163212,-0.013421,1348.86,0.039231,0.013604,0.06916072072884531
NVDA,2008-05-09 05:49:12,0.0099,0.0319,0.0099,0.1428571428571428,0.5714285714285714,0.2857142857142857,-0.022,50758761.0,0.026424,-0.006725,1388.28,-0.002726,0.003669,0.027144885063713636
NVDA,2008-08-13 01:38:13,0.0172,0.0344,0.0065,0.1818181818181818,0.4545454545454545,0.3636363636363636,-0.0172,52383250.0,0.107498,-0.002916,1285.83,-0.014248,-0.012051,0.04714263837676274
NVDA,2008-11-07 04:22:13,0.0249,0.0141,0.0076,0.2142857142857142,0.5,0.2857142857142857,0.010799999999999999,28304962.0,0.144357,0.028855,930.99,-0.104583,-0.050264,0.08101749151057856
NVDA,2009-02-11 04:24:14,0.0442,0.0144,0.0088,0.2142857142857142,0.3571428571428571,0.4285714285714285,0.029800000000000004,49934804.0,-0.125536,0.007955,833.74,-0.043121,-0.049121,0.06204016574051935
NVDA,2009-05-08 05:51:33,0.0267,0.0156,0.0122,0.125,0.3125,0.5625,0.011100000000000002,73520286.0,-0.137931,0.024069,929.23,-0.071799,-0.013202,0.05798425425923834
NVDA,2009-08-07 03:39:14,0.0296,0.0132,0.0165,0.1818181818181818,0.2727272727272727,0.5454545454545454,0.0164,35202830.0,0.04497,0.013439,1010.48,-0.020896,-0.005625,0.019444394929587727
NVDA,2009-11-06 05:14:12,0.029,0.0089,0.0078,0.1333333333333333,0.3333333333333333,0.5333333333333333,0.0201,41153741.0,0.072535,0.002503,1069.3,0.024207,0.019236,0.03822101420481203
NVDA,2010-02-18 05:25:12,0.0315,0.0119,0.013,0.2307692307692307,0.0769230769230769,0.6923076923076923,0.0196,38052594.0,-0.065583,0.006585,1106.75,0.009621,0.004238,0.035316139958947945
NVDA,2010-05-14 04:11:23,0.0254,0.0155,0.0122,0.1875,0.4375,0.375,0.009899999999999999,62518368.0,-0.115358,-0.0188,1135.68,-0.002044,-0.012145,0.042218779584577176
NVDA,2011-02-17 05:01:28,0.034,0.0106,0.0085,0.1875,0.5625,0.25,0.023400000000000004,87117555.0,0.098375,0.003076,1340.43,0.036807,0.006257,0.04308648350172528
NVDA,2011-05-13 03:01:16,0.0253,0.0121,0.0088,0.2142857142857142,0.3571428571428571,0.4285714285714285,0.0132,50859702.0,-0.109268,-0.008067,1337.77,0.031706,0.004895,0.04288348949110057
NVDA,2011-08-12 02:11:15,0.0251,0.0136,0.0063,0.125,0.5625,0.3125,0.011500000000000002,80488616.0,-0.039523,0.005262,1178.81,0.08671,0.04629,0.06499194183939694
NVDA,2011-11-11 03:51:15,0.0335,0.0152,0.0112,0.1428571428571428,0.7142857142857143,0.1428571428571428,0.018300000000000004,44047648.0,0.035245,0.019489,1263.85,0.010475,0.008616,0.03881732362246414
NVDA,2012-02-16 02:21:07,0.022,0.0167,0.0146,0.1111111111111111,0.6666666666666666,0.2222222222222222,0.005299999999999999,47487654.0,0.017316,0.011026,1358.04,-0.00431,-0.005383,0.01729024151396137
NVDA,2012-05-11 17:21:11,0.0351,0.0044,0.0099,0.1176470588235294,0.7647058823529411,0.1176470588235294,0.030699999999999998,35776922.0,0.063607,-0.003387,1353.39,-0.007194,0.002517,0.027194795862648297
NVDA,2012-08-12 03:45:06,0.0361,0.0124,0.0124,0.1666666666666666,0.3333333333333333,0.5,0.0237,31918528.0,-0.00605,0.002188,1405.87,0.033732,0.000414,0.014905927805183267
NVDA,2012-11-09 02:21:11,0.0235,0.0072,0.0072,0.1333333333333333,0.8,0.0666666666666666,0.016300000000000002,20840921.0,-0.038644,0.001699,1379.85,0.005567,-0.012205,0.027388463818225066
NVDA,2013-02-14 03:49:09,0.028,0.0031,0.0104,0.1666666666666666,0.5833333333333334,0.25,0.024900000000000002,21863401.0,0.029103,0.000691,1521.38,-0.004827,0.000592,0.014576661245520815
NVDA,2013-04-12 00:59:11,0.0425,0.0164,0.0082,0.7272727272727273,0.1818181818181818,0.0909090909090909,0.0261,19142818.0,0.025059,-0.002837,1588.85,-0.004676,0.003552,0.01782896142672246
NVDA,2013-05-10 00:27:06,0.0245,0.0085,0.0106,0.25,0.5,0.25,0.016,21469153.0,0.045291,0.004322,1633.7,0.000791,-0.003687,0.016581238575906
NVDA,2013-05-15 20:33:06,0.0086,0.0122,0.011,0.75,0.0,0.25,-0.0036000000000000008,7810172.0,0.016955,0.005114,1658.78,0.014747,0.010142,0.018494393044920454
NVDA,2013-05-22 23:01:49,0.0297,0.0122,0.0135,0.5,0.5,0.0,0.0175,11997167.0,-0.034853,-0.008274,1655.35,0.010445,0.001722,0.022152889542149317
NVDA,2013-08-09 01:05:05,0.0305,0.0055,0.0087,0.2727272727272727,0.5454545454545454,0.1818181818181818,0.025,22681902.0,-0.014219,-0.00357,1691.42,0.006781,0.003885,0.010600819016577166
NVDA,2013-09-11 04:30:10,0.0363,0.0272,0.0039,1.0,0.0,0.0,0.0091,9848713.0,0.016828,0.003052,1689.13,0.021488,0.007346,0.009292180155617225
NVDA,2013-11-08 00:52:09,0.0248,0.0114,0.0052,0.2307692307692307,0.6153846153846154,0.1538461538461538,0.013399999999999999,18288014.0,0.069783,0.013428,1770.61,-0.023825,-0.013183,0.026394579832693797
NVDA,2013-11-22 05:26:07,0.0128,0.0166,0.0089,1.0,0.0,0.0,-0.0037999999999999996,3922381.0,-0.009785,0.004961,1804.76,0.00789,0.008129,0.015116375123980301
NVDA,2013-12-11 00:15:09,0.0323,0.0194,0.0065,0.0,0.5,0.5,0.012900000000000002,10243562.0,-0.00964,-0.011317,1782.22,0.023348,-0.00318,0.013886733272763989
NVDA,2014-02-12 23:56:12,0.0146,0.0078,0.0067,0.1428571428571428,0.5714285714285714,0.2857142857142857,0.0068000000000000005,18640751.0,0.035692,-0.000269,1819.26,0.020729,0.011062,0.014651490134681481
NVDA,2014-05-09 06:17:13,0.0183,0.0097,0.0065,0.0555555555555555,0.5555555555555556,0.3888888888888889,0.0086,13488260.0,-0.024324,0.001519,1878.48,0.012312,-0.001374,0.01245150766819475
NVDA,2014-08-08 03:16:09,0.0232,0.0053,0.0063,0.1666666666666666,0.6666666666666666,0.1666666666666666,0.0179,22376364.0,0.088202,0.011531,1931.59,-0.010204,-0.005557,0.031367471685737724
NVDA,2014-11-07 03:24:11,0.0371,0.0062,0.0062,0.2222222222222222,0.5555555555555556,0.2222222222222222,0.0309,11269962.0,-0.021266,0.00035,2031.92,0.004471,0.003776,0.018710338372437678
NVDA,2015-02-12 02:41:08,0.0283,0.0052,0.0063,0.1428571428571428,0.7857142857142857,0.0714285714285714,0.0231,16903288.0,0.0716,0.009645,2088.48,-0.006683,-2.9e-05,0.02715985069014766
NVDA,2015-05-08 02:22:06,0.0207,0.0103,0.0052,0.1666666666666666,0.5,0.3333333333333333,0.0104,27128778.0,-0.074033,0.013458,2116.1,0.017647,0.003774,0.02787081343648071
NVDA,2015-08-07 03:18:11,0.0224,0.0133,0.0102,0.1578947368421052,0.5789473684210527,0.2631578947368421,0.0091,35131171.0,0.123716,-0.002875,2077.57,-0.006317,-0.007753,0.03849029808146468
NVDA,2015-11-06 05:10:11,0.0213,0.0081,0.0071,0.1428571428571428,0.5238095238095238,0.3333333333333333,0.0132,29306777.0,0.138578,-0.000348,2099.2,-0.011416,-0.001132,0.047739657024788607
NVDA,2016-02-18 03:50:12,0.0244,0.0085,0.0064,0.1578947368421052,0.631578947368421,0.2105263157894736,0.0159,26717829.0,0.086045,-0.004666,1917.83,0.024824,0.01648,0.04271172001908717
NVDA,2016-05-13 05:58:35,0.0315,0.0053,0.0053,0.1666666666666666,0.6666666666666666,0.1666666666666666,0.0262,52651704.0,0.152094,-0.008478,2046.61,-0.013589,-0.00017,0.04978369847918764
NVDA,2016-08-12 04:52:46,0.0226,0.0041,0.0082,0.1304347826086956,0.6521739130434783,0.217391304347826,0.0185,35643642.0,0.055946,-0.000796,2184.05,0.020338,0.004735,0.019668215042154893
NVDA,2016-11-11 02:56:39,0.0326,0.002,0.0082,0.0,0.6,0.4,0.030599999999999995,54384267.0,0.298067,-0.001398,2164.45,-0.031304,0.001951,0.09858219232819557
NVDA,2017-02-10 03:48:34,0.0234,0.001,0.0061,0.0,0.5333333333333333,0.4666666666666667,0.0224,41277341.0,-0.023715,0.003566,2316.1,-0.018801,0.005752,0.021720272113089873
NVDA,2017-05-10 01:38:24,0.0191,0.006,0.0121,0.0,0.6923076923076923,0.3076923076923077,0.013099999999999999,53227434.0,0.178259,0.001131,2399.63,0.001654,-0.001025,0.05858935609439277
NVDA,2017-08-11 02:02:51,0.024,0.003,0.005,0.0,0.6666666666666666,0.3333333333333333,0.021,37432656.0,-0.053296,0.001276,2441.32,-0.042821,-0.014474,0.026012541830603378
NVDA,2017-11-10 04:55:12,0.0298,0.0043,0.0064,0.25,0.5833333333333334,0.1666666666666666,0.025500000000000002,31331374.0,0.052698,-0.000898,2582.3,-0.018359,-0.003762,0.01966934998671797
NVDA,2018-02-09 03:35:08,0.0282,0.0063,0.0084,0.2,0.6,0.2,0.0219,41871275.0,0.066936,0.014936,2619.55,-0.049301,-0.037536,0.046218805379532615
NVDA,2018-05-11 02:24:15,0.0287,0.0011,0.0064,0.0,0.6470588235294118,0.3529411764705882,0.0276,30353135.0,-0.021528,0.001708,2727.72,0.017007,0.009371,0.018713193090853238
NVDA,2018-08-17 02:03:10,0.0242,0.0042,0.0116,0.2142857142857142,0.5714285714285714,0.2142857142857142,0.02,28589354.0,-0.049021,0.003323,2850.13,-0.00633,0.007919,0.018938976506723465
NVDA,2018-09-06 22:41:10,0.0295,0.0054,0.0094,0.3333333333333333,0.0,0.6666666666666666,0.024099999999999996,8060429.0,-0.020473,-0.003652,2878.05,-0.018611,-0.002803,0.014681536324392142
NVDA,2018-11-16 05:07:12,0.0145,0.0031,0.0072,0.2,0.6666666666666666,0.1333333333333333,0.0114,49065960.0,-0.187559,0.002223,2736.27,0.02637,0.010594,0.06722588457332984
NVDA,2018-12-07 01:46:20,0.0129,0.0026,0.0194,0.5,0.5,0.0,0.0103,17041349.0,-0.067471,-0.02332,2633.08,0.007511,-0.001522,0.0453179949708477
NVDA,2019-01-08 20:28:08,0.0414,0.008,0.004,0.5,0.5,0.0,0.0334,19647145.0,-0.024895,0.009695,2574.41,0.052941,0.00701,0.03954959086120727
NVDA,2019-01-09 22:24:08,0.027,0.0103,0.018,0.5,0.0,0.5,0.0167,15430767.0,0.019667,0.004098,2584.96,-0.024895,0.009695,0.038433747277909595
NVDA,2019-01-10 19:02:15,0.0389,0.0134,0.0081,0.5,0.5,0.0,0.025499999999999995,13076606.0,0.018586,0.004518,2596.64,0.019667,0.004098,0.03654145933350532
NVDA,2019-02-15 02:48:12,0.0216,0.0141,0.0141,0.1764705882352941,0.6470588235294118,0.1764705882352941,0.0075000000000000015,37917734.0,0.018184,0.010879,2775.6,0.010793,-0.002652,0.02042485243901546
NVDA,2019-05-17 03:50:11,0.0381,0.0032,0.0085,0.2307692307692307,0.6153846153846154,0.1538461538461538,0.0349,25548298.0,-0.022848,-0.005837,2859.53,0.003823,0.008895,0.02351394008384529
NVDA,2019-06-05 23:52:09,0.0241,0.016,0.0134,0.5,0.5,0.0,0.0081,12789485.0,-0.012028,0.008162,2826.15,0.068919,0.021432,0.02828012809573377
NVDA,2019-06-06 23:30:10,0.0204,0.019,0.0122,0.5,0.5,0.0,0.001400000000000002,10202062.0,0.017695,0.006136,2843.49,-0.012028,0.008162,0.029204905677908892
NVDA,2019-06-13 17:58:09,0.035,0.0054,0.0135,1.0,0.0,0.0,0.0296,7698927.0,0.01409,0.004097,2891.64,-0.030182,-0.002038,0.028858827215718013
NVDA,2019-08-16 12:43:10,0.0303,0.0227,0.0013,0.1666666666666666,0.5833333333333334,0.25,0.007599999999999999,25376628.0,0.072528,0.014426,2888.68,-0.008663,0.002464,0.03927383218279344
NVDA,2019-11-15 02:13:09,0.0347,0.0235,0.0037,0.25,0.75,0.0,0.011200000000000002,26342909.0,-0.026693,0.007695,3120.46,0.005849,0.000837,0.01654768547091841
NVDA,2019-12-03 19:32:22,0.0298,0.0168,0.0091,1.0,0.0,0.0,0.013000000000000001,11811918.0,-0.007599,-0.006638,3093.2,-0.034558,-0.008631,0.022947863818277767
NVDA,2019-12-11 00:04:13,0.026,0.0178,0.0096,0.5,0.5,0.0,0.008199999999999999,5834677.0,0.015702,0.002908,3141.63,0.008531,-0.001097,0.014949833512636701
NVDA,2019-12-11 21:14:11,0.0118,0.0039,0.0131,0.5,0.5,0.0,0.0079,5834677.0,0.015702,0.002908,3141.63,0.008531,-0.001097,0.014949833512636701
NVDA,2020-01-16 19:51:12,0.0889,0.0,0.0,0.5,0.5,0.0,0.0889,7097983.0,0.013682,0.008367,3316.81,-0.006915,0.00187,0.014887749826246037
NVDA,2020-02-14 02:47:10,0.0452,0.0284,0.0168,0.2,0.6,0.2,0.016799999999999995,26012106.0,0.070205,0.001844,3380.16,-0.006458,-0.00163,0.02341128609334493
NVDA,2020-05-22 08:30:13,0.0304,0.0212,0.0146,0.2,0.7333333333333333,0.0666666666666666,0.0092,25930244.0,0.028603,0.002354,2955.45,-0.021711,-0.007774,0.027565144343496148
NVDA,2020-05-27 18:40:08,0.039,0.0042,0.0167,0.5,0.5,0.0,0.0348,29335893.0,-0.022081,0.014827,3036.13,-0.034178,0.012289,0.029319010172772046
NVDA,2020-06-01 22:24:10,0.0167,0.0237,0.0126,0.5,0.5,0.0,-0.006999999999999999,9743541.0,-0.007802,0.003751,3055.73,0.045776,0.004812,0.026430539746454065
NVDA,2020-06-02 20:07:08,0.0455,0.0074,0.0086,0.5,0.5,0.0,0.038099999999999995,9696757.0,0.002158,0.008211,3080.82,-0.007802,0.003751,0.024726160667286043
NVDA,2020-06-03 22:23:12,0.0291,0.0106,0.0053,0.5,0.5,0.0,0.018500000000000003,9069422.0,-0.006317,0.013649,3122.87,0.002158,0.008211,0.024754368237635216
NVDA,2020-06-17 02:10:11,0.0397,0.0123,0.0027,1.0,0.0,0.0,0.0274,10185448.0,0.018471,-0.0036,3113.49,-0.011473,0.018962,0.028510852315877494
NVDA,2020-08-20 06:04:08,0.0276,0.0106,0.0064,0.2,0.6,0.2,0.017,22950656.0,0.000206,0.003159,3385.51,-0.009971,-0.004404,0.029993279813244074
NVDA,2020-11-19 02:54:14,0.0397,0.0052,0.0073,0.1666666666666666,0.6666666666666666,0.1666666666666666,0.0345,14104318.0,0.000856,0.003946,3581.87,0.000484,-0.011564,0.036075552002244736
NVDA,2021-02-25 04:45:06,0.0297,0.0064,0.0064,0.3,0.6,0.1,0.0233,20549709.0,-0.082178,-0.024479,3829.34,0.025244,0.011352,0.03497625468816106
NVO,2010-02-02 21:25:16,0.0317,0.0034,0.0079,0.2307692307692307,0.5384615384615384,0.2307692307692307,0.0283,576900.0,-0.013024,0.012973,1103.32,0.036186,0.014266,0.024339331657947282
NVO,2010-06-11 23:22:14,0.0224,0.0106,0.0264,0.75,0.0,0.25,0.0118,708500.0,0.00565,0.00438,1091.6,0.026818,0.029507,0.022445960859114232
NVO,2010-06-18 15:24:15,0.0306,0.0068,0.0091,0.2,0.8,0.0,0.023799999999999998,669100.0,0.032522,0.001317,1117.51,-0.002561,0.001283,0.013831636661010928
NVO,2010-08-09 22:13:16,0.0169,0.0056,0.0101,0.2142857142857142,0.5714285714285714,0.2142857142857142,0.011299999999999998,164900.0,0.004017,0.005483,1127.79,-0.010051,-0.003704,0.014395064118957168
NVO,2010-11-01 02:37:23,0.0231,0.0033,0.0121,0.25,0.5,0.25,0.019799999999999998,177300.0,-0.006011,0.000947,1184.38,0.001529,-0.000439,0.03964189192550392
NVO,2012-08-09 18:01:03,0.0272,0.012,0.0109,0.2727272727272727,0.7272727272727273,0.0,0.015199999999999998,386900.0,0.007771,0.000414,1402.8,-0.002906,0.000621,0.014477059939780542
NVO,2012-08-13 19:31:08,0.0308,0.004,0.0188,0.8,0.2,0.0,0.0268,280100.0,-0.001606,-0.001252,1404.11,0.000578,0.002188,0.011865063751291885
NVO,2012-09-20 00:09:04,0.0179,0.0051,0.0077,0.4444444444444444,0.3333333333333333,0.2222222222222222,0.012799999999999999,235300.0,0.010685,-0.000541,1460.26,0.00058,0.001185,0.012910820995067077
NVO,2012-10-03 21:35:05,0.0209,0.0236,0.0131,0.5,0.4,0.1,-0.002700000000000001,211300.0,6.2e-05,0.003624,1450.99,0.014746,0.000872,0.007310500633411476
NVO,2012-10-31 23:06:05,0.0227,0.0108,0.013,0.5,0.3333333333333333,0.1666666666666666,0.0119,340400.0,-0.0062,0.000156,1412.16,0.022505,-0.000729,0.022305722874285932
NVO,2013-01-31 22:55:06,0.0183,0.0118,0.0086,0.3333333333333333,0.4444444444444444,0.2222222222222222,0.006500000000000001,315100.0,-0.004052,-0.002563,1498.11,0.006909,-0.0039,0.012798487621156127
NVO,2013-02-11 14:01:03,0.0207,0.0232,0.0159,0.2307692307692307,0.6923076923076923,0.0769230769230769,-0.0024999999999999988,2267600.0,-0.139841,-0.000606,1517.01,0.000416,0.005658,0.04780780244839163
NVO,2013-03-04 18:51:05,0.0172,0.0086,0.0074,0.1,0.5,0.4,0.0086,227100.0,0.032802,0.004611,1525.2,0.003429,0.002324,0.011699341814820116
NVO,2013-05-01 20:31:17,0.019,0.0085,0.0074,0.25,0.75,0.0,0.010499999999999999,236900.0,-0.025364,-0.009308,1582.7,0.009141,0.002485,0.015751449864836023
NVO,2013-05-02 17:21:15,0.034,0.0177,0.0088,0.5,0.5,0.0,0.016300000000000002,147100.0,0.000988,0.009408,1597.59,-0.025364,-0.009308,0.015432936294388862
NVO,2013-06-23 06:01:03,0.0013,0.0246,0.0323,0.5,0.5,0.0,-0.0233,434200.0,-0.00504,0.00267,1592.43,-0.025258,-0.02501,0.015961525150254906
NVO,2013-08-08 19:51:10,0.0168,0.0084,0.0063,0.2727272727272727,0.7272727272727273,0.0,0.0084,174100.0,5.8e-05,0.003885,1697.48,0.001098,-0.003806,0.009105069594584141
NVO,2013-08-09 16:51:27,0.0246,0.0091,0.0091,0.3636363636363636,0.6363636363636364,0.0,0.0155,178400.0,-0.001443,-0.00357,1691.42,5.8e-05,0.003885,0.008823534502806714
NVO,2013-09-24 21:51:09,0.0371,0.0086,0.0057,0.25,0.5,0.25,0.0285,131500.0,0.000763,-0.002597,1697.42,-0.012226,-0.00472,0.008065346107473111
NVO,2013-11-01 01:51:07,0.0148,0.0063,0.0074,0.2727272727272727,0.7272727272727273,0.0,0.0085,339600.0,-0.00096,0.002903,1761.64,-0.079476,-0.003839,0.028369346103183632
NVO,2013-11-01 19:41:08,0.0227,0.0126,0.024,0.4444444444444444,0.4444444444444444,0.1111111111111111,0.010100000000000001,339600.0,-0.00096,0.002903,1761.64,-0.079476,-0.003839,0.028369346103183632
NVO,2014-01-31 00:01:16,0.021,0.0095,0.0137,0.2727272727272727,0.7272727272727273,0.0,0.011500000000000002,1546400.0,0.032266,-0.006465,1782.59,0.028365,0.011267,0.01702981818295319
NVO,2014-02-03 20:34:12,0.0334,0.0125,0.0097,0.3333333333333333,0.5555555555555556,0.1111111111111111,0.0209,2179100.0,-0.003529,-0.022832,1741.89,0.032266,-0.006465,0.01676861161051931
NVO,2014-05-01 18:01:03,0.0274,0.0274,0.0074,0.4,0.6,0.0,0.0,1466433.0,-0.028641,-0.000143,1883.68,0.003759,0.002992,0.012469947048359398
NVO,2014-08-08 14:51:11,0.0264,0.0125,0.0166,1.0,0.0,0.0,0.0139,1089399.0,0.000451,0.011531,1931.59,-0.022928,-0.005557,0.011575188347879569
NVO,2014-11-04 02:42:07,0.0272,0.0163,0.012,0.3636363636363636,0.6363636363636364,0.0,0.0109,1179174.0,0.001587,-0.00283,2012.1,-0.023683,-0.000119,0.028771790003404348
NVO,2015-01-30 18:47:11,0.0206,0.0108,0.0076,0.3333333333333333,0.5,0.1666666666666666,0.0098,1091485.0,-0.029617,-0.012992,1994.99,0.020898,0.009535,0.018719132170352072
NVO,2015-05-05 02:09:08,0.0162,0.0076,0.0065,0.2857142857142857,0.5,0.2142857142857142,0.0086,1112213.0,-0.023186,-0.011837,2089.46,-0.004024,0.002941,0.011946775995128415
NVO,2015-08-09 08:48:16,0.0207,0.0152,0.0043,0.3846153846153846,0.3846153846153846,0.2307692307692307,0.0055,3216310.0,-0.000866,-0.002875,2077.57,-0.03575,-0.007753,0.017287451598389666
NVO,2015-10-31 01:22:12,0.0245,0.0138,0.0064,0.3846153846153846,0.4615384615384615,0.1538461538461538,0.010700000000000001,1257451.0,0.002262,-0.00481,2079.36,-0.066995,-0.00045,0.02805448744932694
NVO,2016-02-03 16:29:13,0.0225,0.015,0.0075,0.4,0.3,0.3,0.0075,3956373.0,-0.061024,0.004992,1912.53,-0.013968,-0.018743,0.025377305522191775
NVO,2016-05-01 08:18:32,0.0192,0.0064,0.0075,0.3333333333333333,0.4166666666666667,0.25,0.012799999999999999,995649.0,-0.004461,-0.005063,2065.3,0.014666,-0.009231,0.011067292249386546
NVO,2016-08-05 20:54:40,0.0175,0.0093,0.0072,0.3333333333333333,0.5833333333333334,0.0833333333333333,0.008200000000000002,7991070.0,-0.096558,0.008603,2182.87,-0.00271,0.000213,0.031897078642965926
NVO,2016-10-28 17:55:20,0.0117,0.0106,0.0127,0.5,0.3,0.2,0.0011000000000000003,11968732.0,-0.128969,-0.003108,2126.41,0.017396,-0.002987,0.04367503110270466
NVO,2017-02-02 20:12:16,0.0164,0.0092,0.0082,0.0,0.3846153846153846,0.6153846153846154,0.0072000000000000015,6908503.0,-0.08749,0.00057,2280.85,0.014377,0.000298,0.031013345907850664
NVO,2017-05-03 17:48:20,0.0235,0.007,0.0094,0.0,0.5555555555555556,0.4444444444444444,0.0165,3490119.0,0.055741,-0.001271,2388.13,0.016449,0.001189,0.021457644817691933
NVO,2017-08-09 23:24:09,0.0168,0.0157,0.0115,0.2857142857142857,0.4285714285714285,0.2857142857142857,0.0011000000000000003,3637672.0,0.083111,-0.000364,2474.02,-0.012242,-0.002414,0.028497790535213216
NVO,2017-11-02 02:13:06,0.0168,0.0158,0.0095,0.3846153846153846,0.1538461538461538,0.4615384615384615,0.0009999999999999974,1268937.0,-0.001006,0.00019,2579.85,-0.002008,0.001592,0.010037551585587574
NVO,2018-02-02 00:50:30,0.019,0.0127,0.0085,0.2666666666666666,0.2,0.5333333333333333,0.0063,2480508.0,-0.026991,-0.021209,2762.13,-0.065405,-0.000648,0.021600304643170552
NVO,2018-05-02 17:30:13,0.0225,0.0166,0.0071,0.0,0.4444444444444444,0.5555555555555556,0.005899999999999999,2306000.0,0.027033,-0.007206,2635.67,0.016617,0.002549,0.013851771830507573
NVO,2018-08-08 18:48:27,0.0541,0.0132,0.0211,0.0,0.5,0.5,0.040900000000000006,2540728.0,-0.062114,-0.000262,2857.7,0.011886,0.002824,0.020780358520059758
NVO,2018-11-01 20:34:23,0.0197,0.0145,0.0072,0.3333333333333333,0.2666666666666666,0.4,0.005199999999999998,1587987.0,0.015516,0.010558,2740.37,0.014329,0.010851,0.01165314266815794
NVO,2019-02-01 22:45:10,0.0161,0.0091,0.006,0.3571428571428571,0.3571428571428571,0.2857142857142857,0.006999999999999999,2229082.0,0.033815,0.000899,2706.53,-0.000638,0.008597,0.014147605936459072
NVO,2019-05-04 01:29:10,0.0231,0.0171,0.005,0.3333333333333333,0.4166666666666667,0.25,0.005999999999999998,2152880.0,-0.028238,0.009638,2945.64,-0.005292,-0.002124,0.012009220511294114
NVO,2019-08-09 20:15:41,0.0166,0.0357,0.0153,0.2142857142857142,0.5,0.2857142857142857,-0.019100000000000002,1951325.0,-0.007894,-0.006617,2918.65,0.023843,0.018762,0.014651626546413004
NVO,2019-11-01 18:34:11,0.0201,0.0313,0.0175,0.2941176470588235,0.4705882352941176,0.2352941176470588,-0.011200000000000002,1611508.0,0.022456,0.009662,3066.91,-0.007905,-0.003023,0.010283273182428034
NVO,2020-02-05 17:02:22,0.0211,0.0372,0.0112,0.3125,0.375,0.3125,-0.016099999999999996,3251183.0,0.045787,0.011251,3334.69,0.010335,0.01498,0.01652691000526781
NVO,2020-05-07 21:23:23,0.0316,0.0234,0.0028,0.2727272727272727,0.4545454545454545,0.2727272727272727,0.008200000000000002,1011657.0,0.005324,0.011505,2881.19,-0.018216,-0.006979,0.011816345124445146
NVO,2020-08-07 09:33:16,0.0188,0.0133,0.0089,0.3333333333333333,0.5,0.1666666666666666,0.005500000000000001,1458935.0,0.014916,0.000633,3351.28,-0.021509,0.006428,0.014837393859584743
NVO,2020-10-30 19:45:09,0.0154,0.0154,0.0088,0.4,0.1,0.5,0.0,2143370.0,-0.036786,-0.01213,3269.96,-0.003306,0.011947,0.0134272262975062
NVS,2007-07-17 18:43:55,0.0473,0.013,0.013,0.3181818181818182,0.5454545454545454,0.1363636363636363,0.034300000000000004,6364800.0,-0.023805,-9.7e-05,1549.37,0.009283,-0.001919,0.010497731310991808
NVS,2007-10-18 19:02:55,0.0265,0.0157,0.0096,0.4,0.28,0.32,0.0108,1596800.0,0.007563,-0.000753,1540.08,-0.003767,0.001761,0.0049890656718245135
NVS,2008-05-19 17:46:15,0.0276,0.0104,0.023,0.625,0.375,0.0,0.0172,3043200.0,0.02317,0.000898,1426.63,0.003321,0.00125,0.013135356561585987
NVS,2008-08-01 03:07:17,0.0184,0.0108,0.0163,0.4,0.4,0.2,0.007599999999999999,937500.0,-0.000842,-0.005578,1260.31,-0.005696,-0.013144,0.014347022771293003
NVS,2008-11-19 13:25:31,0.0274,0.008,0.0194,0.4444444444444444,0.4444444444444444,0.1111111111111111,0.0194,3143000.0,-0.019938,-0.061156,806.58,0.022703,0.009838,0.03513435933748551
NVS,2009-03-02 04:43:19,0.0284,0.0091,0.0216,0.5714285714285714,0.2857142857142857,0.1428571428571428,0.0193,2649600.0,-0.045241,-0.04662,700.82,-0.001652,-0.023564,0.017028162398737508
NVS,2009-05-04 19:02:15,0.0239,0.0102,0.0205,0.3333333333333333,0.3333333333333333,0.3333333333333333,0.0137,1560400.0,0.018479,0.033868,907.24,-0.000791,0.005396,0.01538866796054812
NVS,2009-07-31 01:17:14,0.0311,0.0046,0.0242,0.4444444444444444,0.3333333333333333,0.2222222222222222,0.0265,1644300.0,0.022641,0.00074,987.48,0.022462,0.011896,0.012602539763873004
NVS,2010-01-26 20:51:24,0.0621,0.0121,0.0108,1.0,0.0,0.0,0.05,4030300.0,0.017022,-0.004203,1092.17,-0.002053,0.004598,0.01062330223873705
NVS,2011-01-27 20:32:06,0.0517,0.0144,0.0072,0.4,0.4,0.2,0.0373,4784600.0,-0.02865,0.002244,1299.54,0.002422,0.004221,0.013754692226049017
NVS,2011-07-20 01:01:22,0.0554,0.0173,0.0058,0.3157894736842105,0.5789473684210527,0.1052631578947368,0.038099999999999995,2093800.0,0.004826,-0.000671,1325.84,0.022197,0.016309,0.009811281644673696
NVS,2011-10-25 17:51:14,0.0532,0.0174,0.0093,0.3333333333333333,0.6666666666666666,0.0,0.0358,5666200.0,-0.042304,-0.020045,1229.05,0.001531,0.012873,0.019012349677687574
NVS,2012-01-25 21:41:13,0.0472,0.0106,0.0071,0.4117647058823529,0.5882352941176471,0.0,0.0366,6052100.0,-0.011813,0.008672,1326.05,0.002512,-0.001026,0.021915661761499346
NVS,2012-04-24 18:51:18,0.0457,0.0211,0.0106,0.4444444444444444,0.5555555555555556,0.0,0.024599999999999997,2646600.0,-0.014563,0.00368,1371.97,-0.01348,-0.008408,0.011825476792830723
NVS,2012-07-19 17:51:11,0.0504,0.018,0.0072,0.4,0.55,0.05,0.0324,2481200.0,0.017743,0.002717,1376.51,0.003561,0.006681,0.007931081754016231
NVS,2012-10-25 17:21:08,0.0488,0.0244,0.0046,0.4736842105263157,0.4736842105263157,0.0526315789473684,0.0244,2944200.0,-0.004235,0.002996,1412.97,-0.005186,-0.003085,0.010902527662580529
NVS,2013-01-23 17:59:07,0.0413,0.01,0.005,0.5,0.25,0.25,0.0313,4793200.0,0.033779,0.001507,1494.81,-0.00777,0.004428,0.012276898924855227
NVS,2013-04-24 16:40:08,0.0414,0.0113,0.0063,0.4761904761904761,0.3809523809523809,0.1428571428571428,0.030100000000000002,2005100.0,-0.010242,6e-06,1578.79,0.008539,0.010419,0.010536592829014736
NVS,2013-07-17 21:00:05,0.0385,0.0136,0.0091,0.5,0.45,0.05,0.0249,1641700.0,-0.008031,0.002774,1680.91,-0.003256,-0.003709,0.007491891145320627
NVS,2013-10-22 16:08:06,0.0496,0.0142,0.0059,0.4761904761904761,0.3809523809523809,0.1428571428571428,0.0354,1815900.0,0.032669,0.005738,1754.67,0.003732,9.2e-05,0.014665517708405518
NVS,2013-11-23 02:59:05,0.049,0.0082,0.0068,0.5833333333333334,0.25,0.1666666666666666,0.0408,1141900.0,0.006821,0.004961,1804.76,0.011111,0.008129,0.006168210618431708
NVS,2014-01-29 17:37:15,0.0535,0.0124,0.0075,0.3478260869565217,0.4347826086956521,0.217391304347826,0.0411,4029200.0,-0.003645,-0.010209,1774.2,0.009901,0.006141,0.011664944089974136
NVS,2014-03-04 02:39:08,0.0334,0.018,0.0064,1.0,0.0,0.0,0.0154,1598694.0,0.015746,0.015268,1873.91,-0.022722,-0.007379,0.013162895841467927
NVS,2014-04-24 19:51:11,0.0488,0.0075,0.0038,0.3809523809523809,0.4285714285714285,0.1904761904761904,0.0413,2549858.0,-0.018336,0.001717,1878.61,-0.004506,-0.002213,0.010865907521540338
NVS,2014-06-11 21:21:06,0.0518,0.0286,0.0177,0.5,0.5,0.0,0.0232,1027787.0,-0.011267,-0.003537,1943.89,0.015935,-0.000246,0.008217615907981545
NVS,2014-07-17 17:09:08,0.037,0.0127,0.0035,0.2352941176470588,0.3529411764705882,0.4117647058823529,0.0243,2275359.0,-0.01677,-0.011834,1958.12,-0.001109,0.004201,0.007670494201085682
NVS,2014-10-28 15:08:29,0.0371,0.0093,0.0046,0.4285714285714285,0.2857142857142857,0.2857142857142857,0.027800000000000002,1858151.0,0.023722,0.011939,1985.05,0.000666,-0.001502,0.01216261006390762
NVS,2015-01-27 20:26:12,0.0465,0.0102,0.0045,0.25,0.25,0.5,0.0363,3132367.0,0.025288,-0.013388,2029.55,-0.003923,0.002568,0.0190870411620613
NVS,2015-04-23 22:13:11,0.0522,0.0113,0.0034,0.2857142857142857,0.2857142857142857,0.4285714285714285,0.040900000000000006,1684503.0,0.019816,0.002358,2112.93,-0.005958,0.005088,0.01083571681472385
NVS,2015-07-21 21:38:11,0.0492,0.0212,0.0034,0.2727272727272727,0.3181818181818182,0.4090909090909091,0.028,3123590.0,-0.02271,-0.004262,2119.21,0.00293,0.000771,0.015931622905404213
NVS,2015-10-27 19:52:26,0.0586,0.0179,0.0072,0.3,0.35,0.35,0.0407,2688165.0,-0.023402,-0.002554,2065.89,-0.007313,-0.001913,0.014498891358384
NVS,2016-01-28 00:26:16,0.0492,0.013,0.0065,0.2857142857142857,0.3333333333333333,0.3809523809523809,0.0362,3311934.0,-0.021102,0.005529,1893.36,-0.053848,-0.010863,0.02499302334852668
NVS,2016-03-31 18:21:18,0.016,0.0053,0.0064,0.1666666666666666,0.5,0.3333333333333333,0.010700000000000001,1945541.0,-0.001516,-0.00204,2059.74,0.002626,0.00435,0.007968439311851884
NVS,2016-04-22 00:58:16,0.065,0.0074,0.0049,0.3684210526315789,0.5789473684210527,0.0526315789473684,0.0576,3873861.0,0.002622,4.8e-05,2091.58,-0.004047,-0.005194,0.005652057942810631
NVS,2016-07-19 20:30:36,0.0526,0.0206,0.0069,0.4,0.55,0.05,0.032,1602709.0,-0.006217,-0.001435,2163.78,0.005269,0.002382,0.004826046093853632
NVS,2016-10-25 20:36:29,0.0577,0.0096,0.0048,0.0,0.5238095238095238,0.4761904761904761,0.048100000000000004,6130489.0,-0.037376,-0.003798,2143.16,-0.001191,0.00475,0.012829150818004708
NVS,2017-01-26 16:46:08,0.0497,0.0078,0.0118,0.3684210526315789,0.1578947368421052,0.4736842105263157,0.0419,4885056.0,-0.003465,-0.000735,2296.68,0.030416,0.008026,0.012765418753631056
NVS,2017-04-26 06:26:49,0.0472,0.0121,0.0036,0.0,0.5,0.5,0.0351,1855034.0,0.001443,-0.000486,2387.45,0.021847,0.006091,0.010434446594493323
NVS,2017-07-18 17:50:09,0.0532,0.0109,0.0054,0.3333333333333333,0.3333333333333333,0.3333333333333333,0.0423,2655572.0,0.018014,0.000598,2460.61,0.001323,-5.3e-05,0.00998000087063011
NVS,2017-10-24 19:14:39,0.049,0.0111,0.0056,0.0,0.45,0.55,0.0379,6958838.0,-0.03236,0.001618,2569.13,0.001983,-0.003972,0.010987103501125505
NVS,2018-01-24 22:41:14,0.0424,0.0101,0.0051,0.3809523809523809,0.3333333333333333,0.2857142857142857,0.0323,3864365.0,0.048504,-0.00056,2837.54,0.002414,0.002174,0.015847701377311618
NVS,2018-04-19 23:03:07,0.0457,0.006,0.0084,0.3181818181818182,0.3181818181818182,0.3636363636363636,0.0397,5933035.0,-0.033048,-0.005726,2693.13,-0.000978,0.000831,0.013426219388445376
NVS,2018-07-18 16:54:08,0.0473,0.0085,0.0061,0.391304347826087,0.2608695652173913,0.3478260869565217,0.0388,3036406.0,0.028717,0.00216,2815.62,0.0014,0.003974,0.015094588734598468
NVS,2018-10-18 22:53:08,0.0427,0.0052,0.0078,0.4375,0.1875,0.375,0.037500000000000006,5484768.0,0.011257,-0.014392,2768.78,-0.005133,-0.000253,0.014693260872477104
NVS,2019-01-30 19:38:09,0.0366,0.0073,0.0049,0.32,0.28,0.4,0.0293,2439030.0,-0.010625,0.015549,2681.05,0.010975,-0.001456,0.00908010166915668
NVS,2019-04-25 01:56:09,0.0443,0.0096,0.0108,0.24,0.32,0.44,0.0347,3568863.0,0.035723,-0.000369,2926.17,0.025296,-0.002192,0.020508256196793848
NVS,2019-07-18 20:58:38,0.0433,0.0318,0.0178,0.2916666666666667,0.3333333333333333,0.375,0.011499999999999996,5449615.0,0.044664,0.003582,2995.11,0.012001,-0.006531,0.019660752107519525
NVS,2019-10-22 21:41:08,0.0389,0.0409,0.0175,1.0,0.0,0.0,-0.0020000000000000018,4073591.0,0.004737,-0.003569,2995.99,-0.003683,0.006872,0.005389319731345192
NVS,2020-01-29 23:13:11,0.0493,0.0594,0.0076,0.32,0.28,0.4,-0.010100000000000005,3156678.0,0.002093,-0.000867,3273.4,0.019637,0.010054,0.008644494618606169
NVS,2020-04-28 18:08:09,0.045,0.017,0.0182,0.3181818181818182,0.4090909090909091,0.2727272727272727,0.027999999999999997,3462787.0,-0.017301,-0.005242,2863.39,0.006064,0.014714,0.013667617479120323
NVS,2020-07-21 21:41:49,0.0536,0.0103,0.0103,0.2916666666666667,0.3333333333333333,0.375,0.043300000000000005,2580090.0,-0.022611,0.001679,3257.3,-0.001815,0.008407,0.010985888040775034
NVS,2020-10-27 15:50:13,0.0434,0.0161,0.0074,0.3684210526315789,0.3157894736842105,0.3157894736842105,0.0273,4040371.0,-0.03837,-0.003026,3390.68,-0.002961,-0.01859,0.014529449589636114
NVS,2020-10-27 22:48:08,0.0409,0.0168,0.0072,0.3333333333333333,0.2857142857142857,0.3809523809523809,0.0241,4040371.0,-0.03837,-0.003026,3390.68,-0.002961,-0.01859,0.014529449589636114
ORCL,2005-12-19 19:08:52,0.0203,0.0068,0.0158,0.3076923076923077,0.6923076923076923,0.0,0.013499999999999998,88518873.0,-0.029157,-0.005839,1259.92,-0.010912,-0.002848,0.013942855896280519
ORCL,2006-03-21 04:23:24,0.0249,0.0095,0.0142,0.2666666666666666,0.5333333333333333,0.2,0.015399999999999999,144772475.0,-0.007289,-0.006015,1297.23,0.008824,-0.00166,0.009240289221062781
ORCL,2006-06-23 01:47:09,0.0321,0.0086,0.0193,0.2857142857142857,0.6428571428571429,0.0714285714285714,0.023499999999999997,72673380.0,0.039777,-0.000883,1244.5,-0.013765,-0.005271,0.021733793037316082
ORCL,2006-09-20 01:46:44,0.0393,0.0104,0.0185,0.5714285714285714,0.2857142857142857,0.1428571428571428,0.028900000000000002,203047122.0,0.111593,0.005211,1325.18,-0.007385,-0.002172,0.03621739344707181
ORCL,2006-12-19 01:37:26,0.0265,0.0044,0.0209,0.25,0.5,0.25,0.022099999999999998,102164750.0,-0.045226,0.002158,1425.55,0.013009,-0.00323,0.024429099669815466
ORCL,2007-03-21 01:08:20,0.029,0.0067,0.0178,0.3333333333333333,0.5,0.1666666666666666,0.0223,95296885.0,0.035328,0.017081,1435.04,0.021537,0.006334,0.019156821402135937
ORCL,2007-06-27 02:06:52,0.0261,0.0033,0.0174,0.2857142857142857,0.5714285714285714,0.1428571428571428,0.0228,76882547.0,0.027662,0.009009,1506.34,-0.016427,-0.003238,0.015155848765044111
ORCL,2007-09-21 01:59:24,0.0253,0.0092,0.0173,0.2142857142857142,0.5714285714285714,0.2142857142857142,0.0161,96179127.0,0.044439,0.004609,1525.75,0.009597,-0.006723,0.01876449652490931
ORCL,2007-12-20 03:16:18,0.0271,0.0057,0.0158,0.2727272727272727,0.5454545454545454,0.1818181818181818,0.0214,78221680.0,0.064547,0.0049,1460.12,-0.023059,-0.001361,0.02800726860894031
ORCL,2008-03-27 00:06:14,0.0409,0.0066,0.0254,0.3,0.4,0.3,0.0343,117092861.0,-0.072111,-0.01146,1325.76,-0.006641,-0.008766,0.03304445377501176
ORCL,2008-06-26 02:45:16,0.0311,0.0044,0.0156,0.3,0.4,0.3,0.026699999999999998,70022740.0,-0.050111,-0.029365,1283.15,0.014395,0.005843,0.024337744474375603
ORCL,2008-09-19 02:01:31,0.0284,0.0091,0.0295,0.2727272727272727,0.4545454545454545,0.2727272727272727,0.0193,76307685.0,0.0704,0.040257,1255.08,0.035912,0.043342,0.035234403040210575
ORCL,2008-12-19 01:36:34,0.0226,0.0118,0.0269,0.3333333333333333,0.4166666666666667,0.25,0.010799999999999999,90626108.0,0.070439,0.002937,887.88,-0.007766,-0.021163,0.03971812619517134
ORCL,2009-03-19 01:45:15,0.0218,0.0146,0.0156,0.3333333333333333,0.3333333333333333,0.3333333333333333,0.0072,113012817.0,0.097284,-0.012979,784.04,0.027922,0.020858,0.04723905601700544
ORCL,2009-06-24 00:35:31,0.0164,0.0144,0.0103,0.4545454545454545,0.3636363636363636,0.1818181818181818,0.0020000000000000018,99717801.0,0.069955,0.006524,900.94,-0.005007,0.002307,0.030686120245696308
ORCL,2009-09-16 23:14:26,0.0208,0.0208,0.0114,0.3636363636363636,0.4545454545454545,0.1818181818181818,0.0,88653791.0,-0.023389,0.015324,1068.76,-0.002641,0.003135,0.015283154685978774
ORCL,2009-12-18 01:24:11,0.0179,0.0116,0.0158,0.3333333333333333,0.4166666666666667,0.25,0.0063,88458663.0,0.063811,0.00583,1102.47,-0.010381,-0.011811,0.02606520316202767
ORCL,2010-03-26 02:41:26,0.0187,0.0073,0.0177,0.3333333333333333,0.4166666666666667,0.25,0.0114,58826534.0,-0.013441,0.000738,1166.59,0.01087,-0.001704,0.010935218325311172
ORCL,2010-06-25 02:33:16,0.0241,0.0115,0.0126,0.4545454545454545,0.4545454545454545,0.0909090909090909,0.0126,62791367.0,0.019802,0.002859,1076.76,-0.020282,-0.016803,0.013103624102599302
ORCL,2010-12-17 03:28:30,0.0197,0.0073,0.0145,0.3846153846153846,0.4615384615384615,0.1538461538461538,0.012399999999999998,92763016.0,0.039395,0.000837,1243.91,-0.007215,0.006185,0.014060666692348983
ORCL,2011-03-25 00:11:18,0.0222,0.0042,0.0148,0.3,0.5,0.2,0.018000000000000002,65212642.0,0.015557,0.003161,1313.8,0.023241,0.009341,0.017572448605700876
ORCL,2011-06-24 00:41:27,0.0296,0.0063,0.0148,0.2727272727272727,0.5454545454545454,0.1818181818181818,0.0233,75413903.0,-0.040636,-0.011726,1268.45,0.008043,-0.002828,0.022377897513196136
ORCL,2011-09-21 00:51:16,0.0245,0.0128,0.0139,0.2727272727272727,0.6363636363636364,0.0909090909090909,0.0117,83797060.0,0.041975,-0.02939,1166.76,-0.023088,-0.001661,0.027786308791081467
ORCL,2011-10-07 00:31:04,0.0171,0.0157,0.0143,0.3571428571428571,0.5,0.1428571428571428,0.001400000000000002,38282652.0,-0.003326,-0.008163,1155.46,0.018977,0.018304,0.023581954645213073
ORCL,2011-10-13 00:01:04,0.006,0.006,0.0096,0.75,0.0,0.25,0.0,27402492.0,0.000964,-0.002974,1203.66,0.00582,0.009795,0.022685881345992316
ORCL,2011-12-21 00:31:26,0.0184,0.0113,0.0123,0.3333333333333333,0.5833333333333334,0.0833333333333333,0.0071,184772749.0,-0.116558,0.00195,1243.72,0.019395,0.029825,0.0400755586313043
ORCL,2012-02-01 00:01:04,0.0531,0.0265,0.004,0.5,0.0,0.5,0.026600000000000002,38767077.0,0.02375,0.0089,1324.09,-0.013636,-0.000457,0.010867974234214671
ORCL,2012-03-21 01:51:41,0.0171,0.0117,0.0149,0.2727272727272727,0.6363636363636364,0.0909090909090909,0.0054,94935325.0,-0.022924,-0.001871,1402.89,0.011425,-0.003001,0.011876270909768791
ORCL,2012-04-12 19:41:40,0.0164,0.0164,0.0088,0.6666666666666666,0.3333333333333333,0.0,0.0,29514975.0,0.019901,0.013779,1387.57,-0.007407,0.007449,0.013597039009365985
ORCL,2012-04-26 18:51:09,0.0411,0.01,0.0075,1.0,0.0,0.0,0.031099999999999996,20662960.0,0.005196,0.00668,1399.98,0.006274,0.013645,0.010226661855713689
ORCL,2012-06-19 18:51:12,0.028,0.0172,0.0162,0.3,0.6,0.1,0.0108,80564101.0,0.030973,0.009816,1357.98,-0.020939,0.001445,0.019432537210965377
ORCL,2012-09-20 23:51:09,0.0223,0.0128,0.0181,0.25,0.6666666666666666,0.0833333333333333,0.0095,37845560.0,-0.015863,-0.000541,1460.26,-0.007118,0.001185,0.008351535428357423
ORCL,2012-12-19 01:01:09,0.04,0.0119,0.013,0.25,0.6666666666666666,0.0833333333333333,0.0281,60300158.0,0.0368,-0.007589,1435.81,0.017327,0.011487,0.013635358728524673
ORCL,2013-03-20 22:54:09,0.0203,0.0193,0.0139,0.3333333333333333,0.5833333333333334,0.0833333333333333,0.0009999999999999974,41014043.0,0.002101,0.006697,1558.71,-0.009711,-0.002423,0.009577389338668588
ORCL,2013-06-20 22:40:11,0.0158,0.0158,0.0179,0.3333333333333333,0.6666666666666666,0.0,0.0,35254726.0,-0.025814,-0.02501,1588.19,-0.009012,-0.013851,0.015255382831789016
ORCL,2013-08-23 02:52:08,0.0129,0.0115,0.0029,1.0,0.0,0.0,0.0014000000000000002,27128300.0,-0.019444,0.003947,1663.5,0.003096,0.008619,0.0121404044436565
ORCL,2013-09-19 00:11:09,0.0346,0.0136,0.0178,0.1666666666666666,0.75,0.0833333333333333,0.020999999999999998,63329500.0,0.000591,-0.001843,1722.34,0.01834,0.012178,0.009957437069290878
ORCL,2013-11-02 00:20:06,0.0048,0.0048,0.0024,0.25,0.0,0.75,0.0,15115800.0,0.000895,0.002903,1761.64,-0.000895,-0.003839,0.007184629460792531
ORCL,2013-12-19 00:27:09,0.0278,0.0103,0.0165,0.3333333333333333,0.5833333333333334,0.0833333333333333,0.017499999999999998,62857100.0,0.057803,-0.00058,1809.6,0.028843,0.016648,0.025344359582886798
ORCL,2014-03-19 00:07:11,0.0204,0.0118,0.0161,0.3076923076923077,0.6153846153846154,0.0769230769230769,0.008600000000000002,45154897.0,-0.007467,-0.006132,1860.77,0.016222,0.00722,0.012471825031289931
ORCL,2014-06-20 03:09:08,0.0127,0.0138,0.0127,0.3333333333333333,0.5,0.1666666666666666,-0.0011000000000000003,65103666.0,-0.039755,0.00173,1962.87,-0.007008,0.001277,0.01411719120985313
ORCL,2014-09-19 03:29:09,0.0096,0.0128,0.0149,0.25,0.5833333333333334,0.1666666666666666,-0.0032000000000000015,86679107.0,-0.042118,-0.000477,2010.4,0.009966,0.004891,0.015610737339337202
ORCL,2014-12-18 04:30:09,0.0134,0.0093,0.0165,0.25,0.5833333333333334,0.1666666666666666,0.004100000000000001,54495641.0,0.101798,0.024015,2061.23,0.013045,0.020352,0.03656525076885004
ORCL,2015-03-17 23:52:06,0.0131,0.0101,0.0191,0.3636363636363636,0.5454545454545454,0.0909090909090909,0.003000000000000001,21508988.0,-0.01244,-0.00332,2074.28,0.024304,0.013534,0.01737835331541958
ORCL,2015-06-18 02:59:09,0.015,0.0171,0.016,0.3333333333333333,0.5833333333333334,0.0833333333333333,-0.002100000000000001,79138433.0,-0.048319,0.009903,2121.24,0.006048,0.00198,0.020263146175590118
ORCL,2015-09-17 02:45:10,0.0169,0.0158,0.0158,0.3846153846153846,0.5384615384615384,0.0769230769230769,0.0010999999999999968,37298982.0,-0.039979,-0.002561,1990.2,0.00737,0.008705,0.021609086818332266
ORCL,2015-12-17 04:04:08,0.0183,0.0097,0.0172,0.3333333333333333,0.5833333333333334,0.0833333333333333,0.0086,42879939.0,-0.050887,-0.015041,2041.89,0.01832,0.014515,0.024436227455699164
ORCL,2016-03-16 00:47:13,0.0207,0.012,0.0164,0.3333333333333333,0.5833333333333334,0.0833333333333333,0.0087,49082261.0,0.038203,0.0056,2027.22,0.001034,-0.001837,0.015066034367263174
ORCL,2016-06-17 03:27:09,0.014,0.0108,0.014,0.3333333333333333,0.6666666666666666,0.0,0.0031999999999999997,34512377.0,0.026915,-0.003258,2071.22,0.005203,0.003133,0.011143240013568735
ORCL,2016-09-16 02:33:07,0.0144,0.0093,0.0123,0.3333333333333333,0.5833333333333334,0.0833333333333333,0.0051,50703487.0,-0.047479,-0.003772,2139.16,0.015155,0.010109,0.018452593448859373
ORCL,2016-12-16 02:31:13,0.012,0.0142,0.0197,0.3333333333333333,0.5833333333333334,0.0833333333333333,-0.0022000000000000006,46224181.0,-0.043074,-0.001751,2258.07,-0.000489,0.003883,0.017223303188477566
ORCL,2017-03-16 03:26:52,0.0164,0.0153,0.0153,0.3333333333333333,0.5833333333333334,0.0833333333333333,0.001100000000000002,67535437.0,0.062253,-0.001627,2381.38,0.006076,0.008375,0.019955555291419187
ORCL,2017-06-22 02:00:27,0.0104,0.0115,0.0136,0.3076923076923077,0.6153846153846154,0.0769230769230769,-0.0011000000000000003,63193897.0,0.08569,-0.000456,2434.5,0.010689,-0.000583,0.027386463864268573
ORCL,2017-09-15 03:17:08,0.02,0.0063,0.0126,0.3333333333333333,0.5833333333333334,0.0833333333333333,0.0137,66367857.0,-0.076719,0.001847,2500.23,-0.000189,-0.001101,0.02671734190371488
ORCL,2017-11-16 05:54:10,0.0046,0.0105,0.0046,0.3333333333333333,0.0,0.6666666666666666,-0.005900000000000001,11738536.0,0.007784,0.008196,2585.64,-0.007724,-0.005526,0.009342521156875463
ORCL,2017-12-15 03:39:30,0.0168,0.0063,0.0157,0.3333333333333333,0.5833333333333334,0.0833333333333333,0.010499999999999999,75176011.0,-0.037657,0.008974,2675.81,0.002797,-0.004071,0.018149218822797217
ORCL,2018-03-20 01:41:51,0.013,0.008,0.015,0.3333333333333333,0.6666666666666666,0.0,0.004999999999999999,68600975.0,-0.094321,0.001482,2716.94,-0.006122,-0.014204,0.03093495519742457
ORCL,2018-06-20 02:45:16,0.0176,0.0088,0.0132,0.3636363636363636,0.5454545454545454,0.0909090909090909,0.0088,59129004.0,-0.074562,0.001712,2767.32,-0.005374,-0.004023,0.028194176516318614
ORCL,2018-09-18 02:04:10,0.0204,0.0043,0.0161,0.3333333333333333,0.5833333333333334,0.0833333333333333,0.016100000000000003,33451106.0,-0.00305,0.005369,2904.31,-0.001421,-0.00557,0.009598152081404878
ORCL,2018-11-14 22:37:11,0.0113,0.0101,0.0056,0.6,0.0,0.4,0.0011999999999999997,16093969.0,-0.013533,-0.007567,2701.58,0.005892,-0.001482,0.012929867234860152
ORCL,2018-12-18 00:36:13,0.0294,0.0063,0.0136,0.3636363636363636,0.5454545454545454,0.0909090909090909,0.0231,42855600.0,0.002624,8.6e-05,2546.16,-0.01867,-0.020773,0.018056099050828563
ORCL,2019-03-15 02:16:11,0.0168,0.0073,0.0126,0.3636363636363636,0.6363636363636364,0.0,0.009499999999999998,43340219.0,-0.002074,0.004985,2822.48,-0.000189,-0.000868,0.004515769209731029
ORCL,2019-06-20 03:55:10,0.0218,0.0167,0.0103,0.2727272727272727,0.6363636363636364,0.0909090909090909,0.0051,54173948.0,0.081815,0.009472,2954.18,-0.004159,0.002985,0.026993415835265364
ORCL,2019-09-12 17:44:09,0.039,0.0309,0.0054,0.3333333333333333,0.5555555555555556,0.1111111111111111,0.0081,28184390.0,-0.042636,0.002879,3009.57,0.014783,0.00723,0.02039866467960856
ORCL,2019-12-13 04:52:58,0.0343,0.0271,0.0043,0.3333333333333333,0.6666666666666666,0.0,0.007199999999999998,21432189.0,-0.034709,7.3e-05,3168.8,0.002841,0.008575,0.014153264341172664
ORCL,2020-03-13 01:31:23,0.0288,0.0262,0.0092,0.3333333333333333,0.5555555555555556,0.1111111111111111,0.002599999999999998,28339433.0,0.204271,0.092871,2711.02,-0.110018,-0.095113,0.08847637072380148
ORCL,2020-06-17 02:34:09,0.0196,0.0277,0.0185,0.4285714285714285,0.4285714285714285,0.1428571428571428,-0.0081,28692615.0,-0.056237,-0.0036,3113.49,0.025164,0.018962,0.03074684017297093
ORCL,2020-09-11 03:03:13,0.025,0.0136,0.017,0.3333333333333333,0.6666666666666666,0.0,0.011400000000000002,40220642.0,-0.005756,0.000533,3340.97,0.006673,-0.017585,0.01985497166510743
ORCL,2020-12-11 01:42:00,0.0201,0.0074,0.0148,0.375,0.5,0.125,0.0127,16209933.0,0.018998,-0.001265,3663.46,-0.004186,-0.001285,0.010254813642599328
ORCL,2021-03-11 04:39:09,0.0134,0.0051,0.0134,0.375,0.5,0.125,0.0083,38095367.0,-0.065308,0.010395,3939.34,-0.007159,0.00603,0.034756353906875745
PEP,2007-02-08 21:40:35,0.0488,0.0079,0.0102,0.2631578947368421,0.3684210526315789,0.3684210526315789,0.040900000000000006,13901100.0,-0.01845,-0.001179,1448.31,0.001708,0.001395,0.00723104388422277
PEP,2007-04-25 20:39:23,0.0581,0.013,0.0059,0.3333333333333333,0.4,0.2666666666666666,0.0451,5917870.0,0.008583,0.010139,1495.42,-0.002703,-0.000351,0.007077702580797119
PEP,2007-07-24 22:01:13,0.0542,0.0069,0.0035,0.2941176470588235,0.4117647058823529,0.2941176470588235,0.047299999999999995,8290793.0,-0.004956,-0.019804,1511.04,0.029689,0.004869,0.012568617695143197
PEP,2007-10-11 21:25:25,0.0502,0.007,0.0082,0.2222222222222222,0.3888888888888889,0.3888888888888889,0.0432,12367700.0,-0.024864,-0.005158,1554.41,0.005327,-0.001712,0.01038685504536062
PEP,2008-02-07 23:26:11,0.0568,0.0102,0.0057,0.3333333333333333,0.5,0.1666666666666666,0.0466,15291400.0,0.055148,0.007886,1336.91,-0.017954,-0.007624,0.0243452798400201
PEP,2008-04-24 22:12:09,0.0426,0.0161,0.0104,0.375,0.4375,0.1875,0.0265,10145400.0,-0.017199,0.006442,1388.82,0.001303,0.0029,0.00625541834909726
PEP,2008-07-23 20:24:13,0.0453,0.0197,0.0081,0.4615384615384615,0.3076923076923077,0.2307692307692307,0.0256,9256300.0,0.023115,0.004064,1282.19,0.026998,0.013492,0.014203384029088922
PEP,2008-10-14 21:13:12,0.0328,0.0192,0.009,0.4285714285714285,0.4285714285714285,0.1428571428571428,0.013600000000000004,34964900.0,-0.119314,-0.005322,998.01,0.068685,0.1158,0.04767413246300346
PEP,2009-02-13 18:27:11,0.0402,0.0237,0.0083,0.4615384615384615,0.3846153846153846,0.1538461538461538,0.0165,11981300.0,0.010962,-0.009998,826.84,0.027465,0.001739,0.024897831302478288
PEP,2009-04-20 22:15:20,0.0384,0.0096,0.012,0.4615384615384615,0.2307692307692307,0.3076923076923077,0.0288,18460400.0,-0.043545,-0.04279,832.39,0.003272,0.004969,0.018314397720858286
PEP,2009-07-22 17:38:49,0.0578,0.0177,0.013,0.4,0.2,0.4,0.0401,7500500.0,-0.009043,-0.000534,954.07,0.005706,0.003627,0.011137443972174886
PEP,2009-10-08 17:23:11,0.0371,0.0099,0.0087,0.3846153846153846,0.3076923076923077,0.3076923076923077,0.027200000000000002,17263900.0,-0.012751,0.00747,1065.48,0.004929,0.002712,0.014770873374087756
PEP,2010-02-11 19:59:11,0.0568,0.0136,0.0102,0.4285714285714285,0.3571428571428571,0.2142857142857142,0.0432,14391000.0,0.013415,0.00968,1078.47,0.005495,-0.002233,0.013733223988642422
PEP,2010-04-22 16:13:13,0.0414,0.0184,0.0035,0.3684210526315789,0.2631578947368421,0.3684210526315789,0.023,9689900.0,-0.01849,0.002264,1208.67,0.001214,-0.001019,0.006356290138297941
PEP,2010-07-20 17:41:43,0.0542,0.0081,0.0058,0.4375,0.25,0.3125,0.0461,11243000.0,0.043191,0.011417,1083.48,-0.006405,0.005982,0.01715728774343756
PEP,2010-10-07 16:48:38,0.0525,0.0091,0.0057,0.2307692307692307,0.2307692307692307,0.5384615384615384,0.043399999999999994,20029400.0,-0.029511,-0.001647,1158.06,0.005165,-0.000672,0.011768483854487583
PEP,2011-02-10 18:01:20,0.0597,0.0187,0.0059,0.4166666666666667,0.5,0.0833333333333333,0.041,15761300.0,-0.016454,0.00075,1321.87,0.003896,-0.002786,0.00945285002819558
PEP,2011-04-28 18:51:24,0.0413,0.0149,0.0069,0.3529411764705882,0.4705882352941176,0.1764705882352941,0.026400000000000003,12757700.0,0.026351,0.003555,1360.48,0.003249,0.00625,0.009092812319507067
PEP,2011-07-21 16:51:12,0.0392,0.0127,0.0046,0.3333333333333333,0.4666666666666667,0.2,0.0265,26304900.0,-0.033874,0.013546,1343.8,-0.00073,-0.000671,0.010879857782975814
PEP,2011-10-12 17:21:16,0.0504,0.0084,0.0031,0.3846153846153846,0.5384615384615384,0.0769230769230769,0.042,13796300.0,0.028712,0.009795,1207.25,-0.01487,0.000544,0.015653859569873977
PEP,2012-02-09 20:41:08,0.0421,0.0132,0.0072,0.5833333333333334,0.25,0.1666666666666666,0.0289,25593300.0,-0.037009,0.001474,1351.95,-0.0003,0.00216,0.013222949551610873
PEP,2012-04-26 16:51:09,0.0578,0.0067,0.01,0.2727272727272727,0.6363636363636364,0.0909090909090909,0.0511,7989200.0,-0.0045,0.00668,1399.98,0.002406,0.013645,0.00668199955851553
PEP,2012-05-02 22:01:10,0.0309,0.0021,0.0064,1.0,0.0,0.0,0.0288,5812400.0,0.005114,-0.002497,1402.31,0.007424,0.005658,0.005176567744279296
PEP,2012-07-25 16:41:05,0.0753,0.0098,0.0055,0.5,0.5,0.0,0.0655,8688300.0,0.021951,-0.000314,1337.89,-0.007932,-0.009041,0.009108700551304506
PEP,2012-10-17 16:11:08,0.0752,0.0174,0.0069,0.2941176470588235,0.6470588235294118,0.0588235294117647,0.057800000000000004,9153100.0,-0.002845,0.004117,1460.91,-0.000569,0.01027,0.005013336108155433
PEP,2013-02-14 16:22:05,0.0594,0.0116,0.0093,0.3571428571428571,0.4285714285714285,0.2142857142857142,0.0478,8160800.0,0.010909,0.000691,1521.38,-0.009284,0.000592,0.006336571852701284
PEP,2013-04-18 14:58:07,0.0552,0.0143,0.0077,0.2307692307692307,0.6153846153846154,0.1538461538461538,0.0409,18896200.0,0.030438,-0.006701,1541.61,-0.014375,-0.014328,0.01435019611170684
PEP,2013-05-01 19:15:09,0.0438,0.0079,0.0045,1.0,0.0,0.0,0.0359,3532100.0,-0.003153,-0.009308,1582.7,-0.002178,0.002485,0.013851240538506192
PEP,2013-05-29 21:29:08,0.0418,0.0139,0.0023,0.6666666666666666,0.3333333333333333,0.0,0.027899999999999998,4346000.0,-0.015892,-0.007048,1648.36,-0.001816,0.006341,0.008525749693331081
PEP,2013-07-24 15:08:05,0.053,0.0188,0.0044,0.4285714285714285,0.4285714285714285,0.1428571428571428,0.034199999999999994,5939800.0,-0.006496,-0.003811,1685.94,-0.002315,-0.001852,0.01034363194326729
PEP,2013-09-04 20:24:09,0.0492,0.0013,0.0013,0.5,0.5,0.0,0.0479,5337100.0,-0.001278,0.008117,1653.08,0.005895,0.004164,0.006932420405441337
PEP,2013-10-16 14:42:08,0.0492,0.0157,0.0101,0.3,0.5,0.2,0.0335,7383200.0,0.02072,0.013828,1721.54,-0.006043,-0.007064,0.008819616223069112
PEP,2014-02-13 15:55:08,0.0458,0.0183,0.0115,0.2727272727272727,0.5454545454545454,0.1818181818181818,0.0275,11205900.0,-0.022089,0.00581,1829.83,0.002954,-0.000269,0.012060350852184164
PEP,2014-02-20 23:04:10,0.0364,0.0141,0.0047,0.75,0.25,0.0,0.0223,9580400.0,0.011803,0.006031,1839.78,-0.013814,-0.006524,0.012466041658129649
PEP,2014-04-17 17:08:15,0.043,0.0102,0.0113,0.25,0.5833333333333334,0.1666666666666666,0.032799999999999996,11168516.0,0.009201,0.001364,1864.85,0.009647,0.010488,0.007408877489576755
PEP,2014-07-23 15:30:05,0.0549,0.0129,0.0118,0.25,0.5833333333333334,0.1666666666666666,0.041999999999999996,10958209.0,0.018504,0.001754,1987.01,-0.008231,0.005016,0.008885302968635682
PEP,2014-09-03 19:22:07,0.0626,0.0112,0.0022,0.6666666666666666,0.3333333333333333,0.0,0.0514,4929578.0,0.010002,-0.000779,2000.72,-0.000108,-0.000544,0.0073636208220625235
PEP,2014-10-09 17:21:07,0.0575,0.0174,0.0076,0.25,0.5833333333333334,0.1666666666666666,0.040100000000000004,9094388.0,-0.003939,-0.020661,1928.21,0.009023,0.017462,0.005211119914823329
PEP,2015-02-11 18:47:10,0.0503,0.0156,0.0089,0.3,0.5,0.2,0.034699999999999995,9736400.0,0.024594,-2.9e-05,2068.53,0.021048,0.010676,0.014154173628690331
PEP,2015-02-20 03:55:08,0.0366,0.0092,0.0105,0.8333333333333334,0.0,0.1666666666666666,0.0274,3946209.0,0.003444,0.006126,2110.3,-0.006141,-0.001062,0.012379486094162279
PEP,2015-04-23 16:52:07,0.0425,0.0131,0.0098,0.2142857142857142,0.5714285714285714,0.2142857142857142,0.029400000000000003,7827702.0,-0.015933,0.002358,2112.93,0.005166,0.005088,0.007735522738926317
PEP,2015-07-09 16:44:09,0.0708,0.0087,0.0087,0.2,0.6,0.2,0.0621,9932338.0,-0.010668,0.002262,2051.31,-0.008195,-0.016653,0.010529537651557033
PEP,2015-10-06 15:10:08,0.0428,0.0124,0.0158,0.2142857142857142,0.5714285714285714,0.2142857142857142,0.030399999999999996,7094334.0,0.013151,-0.003588,1979.92,0.017523,0.01829,0.008919915570103758
PEP,2016-02-11 16:56:12,0.063,0.0261,0.0109,0.3,0.7,0.0,0.0369,5898506.0,-0.007376,-0.012301,1829.08,-0.006715,-0.000189,0.009469310267032918
PEP,2016-04-18 16:48:15,0.0279,0.0201,0.0145,0.2142857142857142,0.7142857142857143,0.0714285714285714,0.007800000000000001,7736904.0,-0.000482,0.006541,2094.34,0.005913,-0.000984,0.008104092050042207
PEP,2016-07-07 17:46:24,0.0282,0.0073,0.0084,0.3,0.6,0.1,0.0209,9912764.0,0.014823,-0.000872,2097.9,-0.004698,0.005353,0.013401241568103621
PEP,2016-09-07 17:32:08,0.0401,0.0083,0.0124,0.8,0.2,0.0,0.031799999999999995,3260537.0,-0.006579,-0.000146,2186.16,0.000463,0.002982,0.004808178736971864
PEP,2016-09-29 16:56:08,0.0286,0.0066,0.0099,0.3333333333333333,0.5555555555555556,0.1111111111111111,0.022,7249093.0,0.003539,-0.009321,2151.13,-0.001023,0.005296,0.004337446997434926
PEP,2017-02-15 16:50:19,0.0541,0.0133,0.0088,0.0,0.6875,0.3125,0.0408,7617151.0,-0.001777,0.004992,2349.25,0.003755,0.004007,0.005227821875950667
PEP,2017-04-26 16:13:37,0.0374,0.0159,0.0091,0.0,0.7142857142857143,0.2857142857142857,0.021500000000000002,5343923.0,-0.007271,-0.000486,2387.45,-0.0014,0.006091,0.008061394137079205
PEP,2017-07-11 17:59:07,0.0364,0.0193,0.0091,0.3,0.6,0.1,0.0171,6368474.0,-0.004638,-0.000783,2425.53,-0.010735,0.000928,0.005737893628230699
PEP,2017-10-04 17:23:07,0.0483,0.0322,0.0092,0.1875,0.75,0.0625,0.016100000000000003,9092379.0,0.001924,0.001247,2537.74,9.2e-05,0.002159,0.00729268910926868
PEP,2018-02-13 18:21:51,0.0479,0.0142,0.0109,0.0,0.6842105263157895,0.3157894736842105,0.033699999999999994,5274297.0,0.001876,0.002613,2662.94,0.006746,0.013915,0.015253695872731279
PEP,2018-04-26 16:44:13,0.0435,0.01,0.0089,0.0,0.7368421052631579,0.2631578947368421,0.033499999999999995,5975048.0,0.02086,0.010434,2666.94,-0.002859,0.001837,0.014477132513803405
PEP,2018-07-10 19:01:57,0.0556,0.0142,0.0055,0.1764705882352941,0.7058823529411765,0.1176470588235294,0.04139999999999999,16088345.0,0.047606,0.003473,2793.84,-0.016429,0.008823,0.017086751425202756
PEP,2018-10-02 18:19:09,0.0529,0.0065,0.0054,0.1666666666666666,0.5555555555555556,0.2777777777777778,0.046400000000000004,6695487.0,-0.017975,-0.000397,2923.43,-0.00975,0.003641,0.01047869164277898
PEP,2019-02-15 19:02:14,0.0759,0.0096,0.0157,0.2142857142857142,0.7857142857142857,0.0,0.0663,8889404.0,0.029488,0.010879,2775.6,-0.013407,-0.002652,0.010902633353664893
PEP,2019-02-21 01:06:08,0.0599,0.0086,0.0043,0.6,0.4,0.0,0.0513,4826545.0,0.002331,-0.003526,2774.88,-0.000863,0.001777,0.010767656272374304
PEP,2019-04-17 23:43:11,0.0578,0.0236,0.0153,0.1666666666666666,0.6111111111111112,0.2222222222222222,0.034199999999999994,7311968.0,0.037579,-0.002274,2900.45,-0.010108,0.000509,0.012896141597392677
PEP,2019-07-09 18:32:19,0.0336,0.0181,0.0155,0.1578947368421052,0.6842105263157895,0.1578947368421052,0.015499999999999996,8223830.0,-0.006186,0.001237,2979.63,-0.003458,-0.004835,0.006914589928389059
PEP,2019-10-03 17:57:25,0.0603,0.0369,0.0062,0.2,0.6666666666666666,0.1333333333333333,0.023399999999999997,9733307.0,0.029789,0.007972,2910.63,-0.024969,-0.017903,0.01370455479393627
PEP,2020-02-13 19:20:35,0.0599,0.0287,0.0225,0.2307692307692307,0.6153846153846154,0.1538461538461538,0.031200000000000002,5032167.0,0.00267,-0.00163,3373.94,0.0,0.006463,0.005673142915919362
PEP,2020-04-28 16:42:19,0.0604,0.0424,0.0141,0.1875,0.625,0.1875,0.018000000000000002,6661238.0,0.013833,-0.005242,2863.39,0.000744,0.014714,0.02014765586061525
PEP,2020-07-13 17:14:11,0.0171,0.025,0.0158,0.2142857142857142,0.5714285714285714,0.2142857142857142,-0.0079,8934271.0,0.003347,-0.009363,3155.22,0.013187,0.010466,0.007568044947159632
PEP,2020-07-14 04:26:45,0.0451,0.0237,0.0113,1.0,0.0,0.0,0.021400000000000002,6753587.0,0.004522,0.013406,3197.52,0.003347,-0.009363,0.006272961417420855
PEP,2020-10-01 18:47:08,0.0391,0.0378,0.0189,0.2,0.8,0.0,0.0013000000000000025,6475055.0,0.015873,0.005293,3380.8,0.010499,0.008254,0.013792844750892706
PEP,2021-02-11 15:36:30,0.0399,0.0219,0.0116,0.1875,0.75,0.0625,0.018,7486755.0,-0.019826,0.001662,3916.38,-0.01361,-0.000345,0.011733281816175051
QCOM,2005-11-16 18:41:14,0.0359,0.009,0.0067,0.3125,0.6875,0.0,0.0269,10782826.0,0.000223,0.00179,1231.21,,,
QCOM,2006-01-27 11:45:31,0.0592,0.0057,0.0068,0.2941176470588235,0.4705882352941176,0.2352941176470588,0.053500000000000006,14497959.0,0.010947,0.007764,1283.72,-0.001681,0.007235,0.017079995714285177
QCOM,2006-04-20 04:09:06,0.028,0.0052,0.0114,0.3529411764705882,0.5882352941176471,0.0588235294117647,0.0228,13492541.0,-0.012571,0.001168,1311.46,0.009033,0.001744,0.01033794681151813
QCOM,2006-07-20 05:46:11,0.0308,0.0132,0.0143,0.3571428571428571,0.5,0.1428571428571428,0.0176,36666937.0,-0.023959,-0.008477,1249.13,-0.017914,0.018555,0.020645966466708344
QCOM,2006-11-03 01:12:36,0.0316,0.0105,0.0074,0.2222222222222222,0.5555555555555556,0.2222222222222222,0.0211,33256730.0,0.003025,-0.002223,1364.3,0.017632,-0.000344,0.018761267309717323
QCOM,2007-01-25 02:15:56,0.047,0.0044,0.0066,0.3571428571428571,0.5714285714285714,0.0714285714285714,0.0426,28240427.0,-0.011911,-0.01127,1423.9,0.012851,0.008501,0.01315348041858973
QCOM,2007-04-26 01:18:16,0.0449,0.0052,0.0073,0.2777777777777778,0.3888888888888889,0.3333333333333333,0.0397,23003117.0,-0.000882,-0.000782,1494.25,0.022092,0.010139,0.01488387524246741
QCOM,2007-07-26 02:18:28,0.0438,0.016,0.0096,0.3529411764705882,0.5294117647058824,0.1176470588235294,0.0278,42857222.0,-0.008716,-0.023339,1482.66,-0.014624,0.004666,0.01290335087443917
QCOM,2007-11-09 05:37:22,0.0252,0.0031,0.0073,0.3125,0.625,0.0625,0.0221,48806850.0,-0.041751,-0.014287,1453.7,-0.034668,-0.000576,0.022528314357467803
QCOM,2008-01-24 02:03:03,0.0292,0.0031,0.0084,0.3333333333333333,0.4444444444444444,0.2222222222222222,0.0261,46055160.0,0.103194,0.010063,1352.07,-0.007855,0.021442,0.04008605478439826
QCOM,2008-04-24 05:03:10,0.0237,0.0041,0.0124,0.3125,0.4375,0.25,0.0196,20447391.0,0.030318,0.006442,1388.82,0.008183,0.0029,0.018877600270043763
QCOM,2008-07-24 18:57:13,0.0362,0.0096,0.0096,0.2105263157894736,0.5263157894736842,0.2631578947368421,0.026600000000000006,106878473.0,0.16979,-0.023125,1252.54,0.016327,0.004064,0.05800550272325703
QCOM,2008-11-07 04:47:16,0.0377,0.0222,0.0144,0.2307692307692307,0.3846153846153846,0.3846153846153846,0.015499999999999996,38822527.0,0.078971,0.028855,930.99,-0.060279,-0.050264,0.06866672590458611
QCOM,2009-01-29 03:24:15,0.0258,0.0204,0.0194,0.2,0.35,0.45,0.0053999999999999986,40850055.0,-0.045899,-0.03312,845.14,0.033399,0.033558,0.03556997933479549
QCOM,2009-04-27 20:06:59,0.0393,0.0072,0.0134,0.3888888888888889,0.3888888888888889,0.2222222222222222,0.032100000000000004,38883636.0,0.043762,-0.010067,857.51,0.015468,0.016797,0.021115849359610864
QCOM,2009-07-23 01:35:23,0.046,0.0161,0.0128,0.2962962962962963,0.4444444444444444,0.2592592592592592,0.0299,41187156.0,-0.021672,0.02329,976.29,0.009796,-0.000534,0.015041155304696532
QCOM,2009-11-05 04:45:11,0.0363,0.0107,0.0171,0.3157894736842105,0.4736842105263157,0.2105263157894736,0.025599999999999998,36885972.0,0.054087,0.019236,1066.63,-0.014685,0.001043,0.021165587056194167
QCOM,2010-01-28 08:10:21,0.028,0.0062,0.0155,0.2857142857142857,0.5714285714285714,0.1428571428571428,0.0218,131406996.0,-0.142373,-0.011818,1084.53,0.006611,0.00488,0.04571951970244462
QCOM,2010-04-22 03:58:13,0.0401,0.0042,0.0201,0.2941176470588235,0.5882352941176471,0.1176470588235294,0.035899999999999994,97234919.0,-0.077387,0.002264,1208.67,-0.015246,-0.001019,0.025727431971211863
QCOM,2010-11-04 01:06:15,0.0385,0.0139,0.0085,0.3125,0.6875,0.0,0.0246,58343176.0,0.058,0.019283,1221.06,0.006831,0.003678,0.018380812188559918
QCOM,2011-01-05 20:01:59,0.0519,0.0078,0.0117,0.25,0.6,0.15,0.0441,26161547.0,0.020796,0.005007,1276.56,0.015743,-0.001313,0.01014215385901839
QCOM,2011-01-27 03:06:30,0.0426,0.0138,0.0104,0.3125,0.625,0.0625,0.0288,51019232.0,0.058619,0.002244,1299.54,0.006599,0.004221,0.02169297661558796
QCOM,2011-04-21 02:41:23,0.0446,0.0156,0.0123,0.2941176470588235,0.5882352941176471,0.1176470588235294,0.029,23471074.0,0.030215,0.005277,1337.38,0.034631,0.013515,0.01621820456051373
QCOM,2011-07-21 02:21:15,0.03,0.0064,0.0107,0.2105263157894736,0.4736842105263157,0.3157894736842105,0.0236,24594015.0,-0.00637,0.013546,1343.8,0.005616,-0.000671,0.0170850227421564
QCOM,2011-11-03 01:01:16,0.0431,0.0055,0.0166,0.2222222222222222,0.7777777777777778,0.0,0.0376,45540700.0,0.075316,0.018782,1261.15,0.040686,0.016105,0.03576689017575397
QCOM,2012-02-02 03:31:05,0.0361,0.0044,0.0055,0.3,0.7,0.0,0.0317,35631877.0,0.019644,0.001095,1325.54,0.012581,0.0089,0.011224717303542473
QCOM,2012-04-19 01:01:48,0.0358,0.0054,0.0076,0.2083333333333333,0.7916666666666666,0.0,0.030399999999999996,42654659.0,-0.065985,-0.005934,1376.92,-0.003644,-0.004055,0.025503873658067475
QCOM,2012-07-19 01:31:09,0.0375,0.0102,0.0205,0.3125,0.6875,0.0,0.027299999999999998,26081479.0,0.042551,0.002717,1376.51,0.029196,0.006681,0.02057442951821512
QCOM,2012-11-08 03:01:12,0.0298,0.0077,0.0166,0.25,0.75,0.0,0.0221,31286502.0,0.043851,-0.012205,1377.51,-0.037249,-0.023705,0.023334409247575454
QCOM,2012-11-16 04:02:13,0.0481,0.0124,0.0137,0.24,0.68,0.08,0.035699999999999996,15128964.0,0.010594,0.00484,1359.88,-0.007225,-0.001594,0.0210499846843439
QCOM,2013-01-31 01:26:11,0.0285,0.0051,0.0092,0.2777777777777778,0.6666666666666666,0.0555555555555555,0.0234,27532619.0,0.039194,-0.002563,1498.11,0.001261,-0.0039,0.014093623471075348
QCOM,2013-03-06 06:26:20,0.0163,0.0093,0.0035,0.5357142857142857,0.0,0.4642857142857143,0.006999999999999999,17076803.0,-0.015448,0.001085,1541.46,0.020111,0.009566,0.009687933213826215
QCOM,2013-03-19 23:42:05,0.0487,0.0139,0.0195,0.5,0.0,0.5,0.0348,10349074.0,0.002478,-0.002423,1548.34,-0.006387,-0.00551,0.008938081959918681
QCOM,2013-04-25 00:16:05,0.0376,0.0032,0.0118,0.3333333333333333,0.6111111111111112,0.0555555555555555,0.0344,56378827.0,-0.053939,0.004035,1585.16,0.009946,6e-06,0.020636397272779994
QCOM,2013-07-24 23:38:09,0.0428,0.0068,0.0135,0.3157894736842105,0.631578947368421,0.0526315789473684,0.036,20195669.0,-0.014607,-0.003811,1685.94,0.001447,-0.001852,0.01376818915753918
QCOM,2013-09-11 02:02:44,0.0341,0.0185,0.0071,0.5,0.5,0.0,0.0156,21099202.0,-0.028535,0.003052,1689.13,0.011414,0.007346,0.012574354428315218
QCOM,2013-11-06 23:55:09,0.0499,0.0054,0.0087,0.238095238095238,0.5238095238095238,0.238095238095238,0.0445,13483140.0,0.010651,0.004266,1770.49,-0.008121,-0.002806,0.007942508716464382
QCOM,2013-11-21 05:02:08,0.0156,0.0039,0.0039,0.0526315789473684,0.3684210526315789,0.5789473684210527,0.011699999999999999,13676751.0,0.009573,0.008129,1795.85,-0.011275,-0.003636,0.010249092925175894
QCOM,2013-12-11 01:33:06,0.0499,0.0171,0.0142,1.0,0.0,0.0,0.032799999999999996,9888936.0,-0.005042,-0.011317,1782.22,0.000136,-0.00318,0.003758423429814597
QCOM,2013-12-11 22:26:13,0.0243,0.0229,0.0121,0.5,0.5,0.0,0.0013999999999999985,9888936.0,-0.005042,-0.011317,1782.22,0.000136,-0.00318,0.003758423429814597
QCOM,2014-01-30 00:45:07,0.0399,0.0091,0.0068,0.3157894736842105,0.631578947368421,0.0526315789473684,0.030799999999999998,17743764.0,0.03009,0.011267,1794.19,-0.012085,-0.010209,0.015348148399363696
QCOM,2014-04-24 02:48:05,0.0424,0.0072,0.0103,0.25,0.625,0.125,0.0352,22783289.0,-0.035188,0.001717,1878.61,0.001241,-0.002213,0.015864625239822135
QCOM,2014-07-24 02:51:12,0.0356,0.0119,0.0043,0.1666666666666666,0.6666666666666666,0.1666666666666666,0.0237,37728502.0,-0.06652,0.000488,1987.98,0.000859,0.001754,0.02463167148408734
QCOM,2014-09-10 01:29:10,0.0283,0.0208,0.006,1.0,0.0,0.0,0.0075,6523427.0,0.001187,0.003646,1995.69,-0.000791,-0.006545,0.006294042901382696
QCOM,2014-11-06 01:58:08,0.0346,0.0156,0.0111,0.3529411764705882,0.5294117647058824,0.1176470588235294,0.019,71094163.0,-0.085751,0.003776,2031.21,0.001167,0.005701,0.029318612591094213
QCOM,2015-01-29 02:59:08,0.0457,0.0228,0.0103,0.2222222222222222,0.6111111111111112,0.1666666666666666,0.022899999999999997,47132329.0,-0.102831,0.009535,2021.25,-0.010868,-0.013496,0.03338769328243902
QCOM,2015-04-23 03:52:08,0.0468,0.0145,0.0111,0.2352941176470588,0.5882352941176471,0.1764705882352941,0.0323,18341083.0,-0.008703,0.002358,2112.93,0.005396,0.005088,0.010280117254519433
QCOM,2015-05-28 01:11:16,0.0459,0.0181,0.0111,0.5,0.5,0.0,0.027800000000000002,11938985.0,-0.005914,-0.001267,2120.79,0.023933,0.009163,0.011650702889621027
QCOM,2015-06-02 22:38:05,0.0326,0.0284,0.0142,0.3333333333333333,0.0,0.6666666666666666,0.004199999999999995,12072302.0,-0.000936,-0.001009,2109.6,0.003086,0.002059,0.011277072640736421
QCOM,2015-07-23 00:14:10,0.0423,0.0106,0.0129,0.25,0.55,0.2,0.0317,37879791.0,-0.037545,-0.005676,2102.15,-0.014584,-0.002388,0.017164827462640683
QCOM,2015-09-18 01:13:06,0.0344,0.022,0.0096,0.3333333333333333,0.6666666666666666,0.0,0.012400000000000001,26572507.0,-0.00964,-0.016164,1958.03,-0.003986,-0.002561,0.014133657680633656
QCOM,2015-11-05 01:38:10,0.0451,0.0088,0.0099,0.2105263157894736,0.5263157894736842,0.2631578947368421,0.0363,65856362.0,-0.152506,-0.001132,2099.93,-0.010021,-0.003545,0.04993651895768379
QCOM,2015-12-01 23:24:14,0.0357,0.0192,0.0234,0.5,0.5,0.0,0.016500000000000004,9915790.0,0.010453,0.010681,2102.63,0.00515,-0.004641,0.03286079637585731
QCOM,2016-01-28 03:14:16,0.0525,0.0123,0.01,0.3333333333333333,0.6666666666666666,0.0,0.0402,27935180.0,-0.082895,0.005529,1893.36,-0.020404,-0.010863,0.03573970901905425
QCOM,2016-03-10 03:12:10,0.0047,0.0058,0.0047,0.5,0.0,0.5,-0.0010999999999999994,9539053.0,0.001347,0.000156,1989.57,-0.009722,0.005052,0.012878408090029391
QCOM,2016-04-21 00:26:20,0.0555,0.0089,0.01,0.25,0.65,0.1,0.0466,16728621.0,-0.008063,-0.005194,2091.48,0.005016,0.000762,0.010498219532113317
QCOM,2016-05-24 18:58:37,0.0365,0.021,0.0182,0.5,0.5,0.0,0.015499999999999996,13097681.0,0.026024,0.013681,2076.06,-0.006236,-0.002085,0.014688455550382302
QCOM,2016-07-21 03:06:08,0.0599,0.0032,0.0043,0.238095238095238,0.7142857142857143,0.0476190476190476,0.0567,33912287.0,0.07363,-0.003612,2165.17,0.012332,0.00427,0.02301000384760219
QCOM,2016-11-03 00:40:18,0.0419,0.0031,0.0031,0.0,0.625,0.375,0.0388,15644323.0,-0.002087,-0.004423,2088.66,-0.018291,-0.006525,0.01452075183085692
QCOM,2016-11-29 22:52:10,0.0267,0.0191,0.0241,0.5,0.5,0.0,0.007600000000000003,6544858.0,-0.004918,0.001335,2204.66,-0.009665,-0.005254,0.009167440537637116
QCOM,2016-12-07 22:57:11,0.0485,0.0291,0.0125,0.5,0.5,0.0,0.0194,7202661.0,0.013195,0.013163,2241.35,0.016426,0.003411,0.023852272020594718
QCOM,2017-01-26 02:09:07,0.0642,0.0173,0.0074,0.4285714285714285,0.5714285714285714,0.0,0.0469,37888167.0,-0.050088,-0.000735,2296.68,0.034545,0.008026,0.04591991946191642
QCOM,2017-03-07 23:51:09,0.0119,0.0131,0.0048,0.4736842105263157,0.0,0.5263157894736842,-0.0011999999999999997,7131737.0,0.00496,-0.002913,2368.39,0.000177,-0.003277,0.005699668841257449
QCOM,2017-04-20 02:52:11,0.0402,0.0152,0.0043,0.4285714285714285,0.5,0.0714285714285714,0.025,24664581.0,0.00095,0.007557,2355.84,-0.001139,-0.001716,0.012403300761849244
QCOM,2017-06-08 00:41:28,0.0392,0.019,0.0152,1.0,0.0,0.0,0.0202,10322232.0,0.010256,0.000267,2433.79,-0.011512,0.001568,0.010551167097635372
QCOM,2017-07-20 02:36:07,0.0629,0.0263,0.0103,0.3333333333333333,0.6666666666666666,0.0,0.036599999999999994,35943882.0,-0.049489,-0.000154,2473.45,0.008705,0.005373,0.018471100383512046
QCOM,2017-09-08 22:28:10,0.0387,0.0214,0.0107,0.5,0.0,0.5,0.0173,12809377.0,-0.014688,-0.001489,2461.43,-0.001388,-0.000178,0.014085579349501822
QCOM,2017-11-02 00:06:23,0.0474,0.0126,0.0063,0.0,0.4375,0.5625,0.0348,17337778.0,0.025814,0.00019,2579.85,0.04803,0.001592,0.03056276216356545
QCOM,2018-02-01 03:57:07,0.0425,0.0163,0.0054,0.25,0.5625,0.1875,0.026200000000000005,16848506.0,-0.021245,-0.000648,2821.98,0.018809,0.000489,0.013270624392913039
QCOM,2018-04-26 00:10:15,0.049,0.0128,0.0053,0.0,0.6111111111111112,0.3888888888888889,0.0362,13611187.0,0.014472,0.010434,2666.94,-0.003805,0.001837,0.01883825238414884
QCOM,2018-07-26 00:20:10,0.0489,0.0133,0.0167,0.0,0.6,0.4,0.0356,31024129.0,0.07001,-0.003032,2837.44,0.009686,0.009102,0.02263460960662774
QCOM,2018-11-08 01:02:28,0.0508,0.0159,0.0085,0.0,0.4666666666666667,0.5333333333333333,0.0349,32154059.0,-0.081633,-0.002509,2806.83,-0.006601,0.021209,0.02729595377116869
QCOM,2019-01-31 03:26:08,0.0392,0.0316,0.0076,0.3529411764705882,0.4705882352941176,0.1764705882352941,0.007599999999999996,24727455.0,-0.012956,0.008597,2704.1,0.015587,0.015549,0.018521123431248877
QCOM,2019-05-01 23:23:10,0.0362,0.016,0.0075,0.2857142857142857,0.5714285714285714,0.1428571428571428,0.020200000000000003,28195995.0,0.002787,-0.007502,2923.73,-0.012837,0.000951,0.041603445590346094
QCOM,2019-08-01 02:36:17,0.0185,0.0467,0.0098,0.375,0.5625,0.0625,-0.0282,30313625.0,-0.026791,-0.008999,2953.56,-0.022056,-0.010886,0.016538328576370692
QCOM,2019-11-07 04:18:12,0.0345,0.0202,0.0071,0.2777777777777778,0.5,0.2222222222222222,0.014300000000000004,30248349.0,0.063216,0.00273,3085.18,-0.009712,0.000703,0.026061948644634285
QCOM,2020-02-06 02:04:35,0.0258,0.0234,0.0111,0.3333333333333333,0.5333333333333333,0.1333333333333333,0.0023999999999999994,21014946.0,-0.0033,0.003326,3345.78,0.022265,0.011251,0.02231176124827441
QCOM,2020-04-30 02:31:11,0.0379,0.032,0.0154,0.2777777777777778,0.4444444444444444,0.2777777777777778,0.0059000000000000025,17071484.0,-0.003799,-0.009212,2912.43,0.048878,0.026584,0.027498480292554344
QCOM,2020-07-30 02:09:11,0.04,0.0082,0.0103,0.3125,0.5,0.1875,0.0318,42019717.0,0.152209,-0.00375,3246.22,0.017277,0.012428,0.05149269564985784
QCOM,2020-11-05 03:35:10,0.0759,0.0119,0.0098,0.25,0.625,0.125,0.064,27844929.0,0.127472,0.01946,3510.45,0.028059,0.022047,0.04621542118396316
QCOM,2021-02-04 04:06:44,0.0459,0.0043,0.0043,0.2777777777777778,0.5555555555555556,0.1666666666666666,0.041600000000000005,45974275.0,-0.088293,0.010853,3871.74,-0.01505,0.001009,0.036795445738116356
QCOM,2021-03-12 01:38:07,0.0315,0.0152,0.0082,1.0,0.0,0.0,0.016300000000000002,9372138.0,-0.01336,0.001015,3943.34,0.030265,0.010395,0.03175923939685371
SBUX,2006-02-02 19:03:49,0.0494,0.009,0.009,0.0,0.5,0.5,0.0404,20581262.0,0.096939,-0.009061,1270.84,-0.010726,0.001859,0.03597452825495654
SBUX,2006-05-04 02:27:18,0.0451,0.0088,0.0066,0.3571428571428571,0.3571428571428571,0.2857142857142857,0.0363,14778201.0,0.038554,0.003364,1312.25,-0.012427,-0.004082,0.01701701175654005
SBUX,2006-08-03 03:16:36,0.0519,0.0127,0.0173,0.3333333333333333,0.4,0.2666666666666666,0.0392,57504026.0,-0.07988,0.001345,1280.27,0.010316,0.006004,0.033956614833408304
SBUX,2006-11-17 01:18:28,0.0439,0.0044,0.0143,0.3076923076923077,0.3076923076923077,0.3846153846153846,0.0395,20875821.0,-0.050976,0.001029,1401.2,0.011804,0.002284,0.02292366977698913
SBUX,2007-02-01 02:43:54,0.0354,0.0034,0.0205,0.3333333333333333,0.3333333333333333,0.3333333333333333,0.032,13921437.0,-0.015169,0.005354,1445.94,0.010995,0.006593,0.012367542752436069
SBUX,2007-05-04 02:23:44,0.039,0.0033,0.0089,0.2666666666666666,0.4,0.3333333333333333,0.0357,19818084.0,-0.029096,0.00215,1505.62,0.01184,0.004325,0.013360640696546815
SBUX,2007-08-02 01:57:45,0.0362,0.0033,0.0132,0.25,0.5625,0.1875,0.032900000000000006,19375873.0,-0.010294,0.004359,1472.2,0.01949,0.007243,0.013619299702995035
SBUX,2007-11-16 03:20:10,0.0308,0.0091,0.0137,0.3846153846153846,0.4615384615384615,0.1538461538461538,0.0217,65783688.0,-0.038589,0.00523,1458.74,-0.006186,-0.013212,0.026914713517578705
SBUX,2008-01-08 05:52:38,0.0333,0.0099,0.0099,0.2,0.4,0.4,0.023400000000000004,63154427.0,0.080522,-0.018352,1390.19,0.014909,0.003223,0.03785363923338299
SBUX,2008-01-31 04:53:50,0.0438,0.0113,0.0125,0.2666666666666666,0.5333333333333333,0.2,0.0325,44024218.0,-0.016129,0.016772,1378.55,-0.037556,-0.004764,0.03346766402232328
SBUX,2008-05-01 02:08:11,0.0349,0.0144,0.0168,0.1764705882352941,0.5882352941176471,0.2352941176470588,0.0205,21107916.0,0.025878,0.017141,1409.34,0.001852,-0.003846,0.04017007592945001
SBUX,2008-07-31 04:33:18,0.0443,0.0191,0.0156,0.2307692307692307,0.4615384615384615,0.3076923076923077,0.0252,19811469.0,0.001363,-0.013144,1267.38,-0.021348,0.016672,0.03781121096300527
SBUX,2008-11-11 12:05:19,0.0439,0.0243,0.0162,0.3571428571428571,0.5,0.1428571428571428,0.019600000000000003,26338631.0,-0.020588,-0.022041,898.95,-0.033175,-0.012653,0.05609979629830321
SBUX,2009-01-29 03:50:20,0.0426,0.028,0.0256,0.3076923076923077,0.5384615384615384,0.1538461538461538,0.014599999999999998,18760584.0,0.0,-0.03312,845.14,0.054645,0.033558,0.02976304611426732
SBUX,2009-04-30 05:16:39,0.0491,0.0168,0.0132,0.25,0.5,0.25,0.032299999999999995,33901385.0,0.056245,-0.00095,872.81,0.014074,0.02161,0.03896064073680288
SBUX,2009-07-22 03:28:25,0.0682,0.0153,0.0106,0.2666666666666666,0.4666666666666667,0.2666666666666666,0.052899999999999996,76243897.0,0.183798,-0.000534,954.07,-0.015416,0.003627,0.05828195713216533
SBUX,2009-11-06 02:24:11,0.0716,0.0129,0.0129,0.2666666666666666,0.4666666666666667,0.2666666666666666,0.058699999999999995,28868383.0,0.072081,0.002503,1069.3,0.025508,0.019236,0.03564758454089144
SBUX,2010-01-21 05:34:12,0.0658,0.012,0.0096,0.2857142857142857,0.4285714285714285,0.2857142857142857,0.0538,27003569.0,0.016574,-0.018945,1116.48,-0.012299,-0.010598,0.013696402794570317
SBUX,2010-04-22 06:15:13,0.0561,0.0047,0.0082,0.2857142857142857,0.5,0.2142857142857142,0.051399999999999994,31238184.0,0.073257,0.002264,1208.67,0.005146,-0.001019,0.023787603211430256
SBUX,2010-07-22 03:56:34,0.062,0.0048,0.0083,0.2941176470588235,0.3529411764705882,0.3529411764705882,0.0572,19526765.0,-0.000795,0.022513,1093.67,-0.023283,-0.01282,0.01713922690334799
SBUX,2010-11-05 03:06:21,0.0676,0.0023,0.007,0.4,0.4,0.2,0.0653,18460734.0,0.037647,0.003923,1225.85,0.022337,0.019283,0.013575597612792124
SBUX,2011-01-27 05:06:18,0.0485,0.0047,0.0083,0.3125,0.4375,0.25,0.0438,16584153.0,-0.00121,0.002244,1299.54,-0.017236,0.004221,0.007923403155631387
SBUX,2011-04-28 02:31:21,0.0534,0.0071,0.0083,0.2857142857142857,0.5,0.2142857142857142,0.0463,11500242.0,-0.008336,0.003555,1360.48,0.01612,0.00625,0.011606196184701541
SBUX,2011-07-29 02:11:18,0.063,0.0058,0.014,0.2352941176470588,0.4705882352941176,0.2941176470588235,0.0572,15843155.0,0.002751,-0.006451,1292.28,0.025917,-0.003234,0.0169808372454234
SBUX,2011-11-04 03:41:14,0.0586,0.0113,0.0101,0.3125,0.6875,0.0,0.0473,17503338.0,0.067391,-0.00628,1253.23,0.005342,0.018782,0.02947563522659206
SBUX,2011-11-16 01:31:04,0.035,0.0108,0.0027,0.3333333333333333,0.3333333333333333,0.3333333333333333,0.024200000000000003,6139260.0,-0.022939,-0.016616,1236.91,0.012832,0.004817,0.027489073228992144
SBUX,2012-01-13 21:41:11,0.0506,0.0106,0.0094,0.0833333333333333,0.75,0.1666666666666666,0.04,4953661.0,-0.005042,-0.004948,1289.09,0.010187,0.002337,0.010327715311508117
SBUX,2012-01-27 03:01:13,0.0404,0.0071,0.0107,0.2941176470588235,0.6470588235294118,0.0588235294117647,0.033299999999999996,13864263.0,-0.010137,-0.001593,1316.33,0.011932,-0.005746,0.008879295270459456
SBUX,2012-04-27 02:31:10,0.0595,0.0097,0.0109,0.2666666666666666,0.6666666666666666,0.0666666666666666,0.0498,28130069.0,-0.053248,0.002414,1403.36,0.019496,0.00668,0.026641768208752442
SBUX,2012-07-27 00:26:10,0.0476,0.0093,0.0128,0.2352941176470588,0.5294117647058824,0.2352941176470588,0.0383,28642940.0,-0.09417,0.019081,1385.97,0.039575,0.016541,0.03695932119100679
SBUX,2012-11-01 23:57:05,0.0438,0.0115,0.0115,0.3333333333333333,0.5,0.1666666666666666,0.032299999999999995,12216407.0,0.01568,0.010927,1427.59,0.000654,0.000156,0.01699493750634135
SBUX,2012-12-06 00:41:08,0.0448,0.0158,0.0132,0.2758620689655172,0.4482758620689655,0.2758620689655172,0.028999999999999998,24416120.0,0.057295,0.003307,1413.94,-0.006455,0.001585,0.021320357857378226
SBUX,2013-01-25 02:12:05,0.0468,0.0067,0.0134,0.3529411764705882,0.4705882352941176,0.1764705882352941,0.040100000000000004,15555433.0,0.041048,0.005445,1502.96,0.00202,7e-06,0.01409765032470946
SBUX,2013-03-21 05:55:10,0.0405,0.004,0.0054,0.64,0.16,0.2,0.036500000000000005,4232497.0,-0.006617,-0.008282,1545.8,0.010558,0.006697,0.008350279415817482
SBUX,2013-04-26 02:06:07,0.0329,0.0045,0.0102,0.3684210526315789,0.5263157894736842,0.1052631578947368,0.028399999999999998,7581840.0,-0.008264,-0.001842,1582.24,0.011198,0.004035,0.012517319256844921
SBUX,2013-05-22 12:47:12,0.0198,0.0093,0.0053,0.6666666666666666,0.3333333333333333,0.0,0.010500000000000002,5608798.0,-0.001556,-0.008274,1655.35,0.00658,0.001722,0.007440804768303153
SBUX,2013-05-29 18:39:05,0.0418,0.0108,0.0162,1.0,0.0,0.0,0.030999999999999996,3885211.0,-0.009804,-0.007048,1648.36,0.014205,0.006341,0.008768742061689774
SBUX,2013-06-18 18:51:08,0.0537,0.0118,0.0052,0.6666666666666666,0.3333333333333333,0.0,0.0419,3785763.0,0.016129,0.007791,1651.81,0.006555,0.007567,0.01676887174532365
SBUX,2013-07-26 00:43:06,0.0522,0.0044,0.0089,0.3333333333333333,0.5555555555555556,0.1111111111111111,0.0478,16378680.0,0.076133,0.000828,1691.65,0.02342,0.002556,0.02806970450622289
SBUX,2013-10-31 03:03:36,0.0565,0.0043,0.0065,0.375,0.5,0.125,0.0522,10493629.0,0.002722,-0.003839,1756.54,0.015197,-0.004876,0.01207673997769646
SBUX,2013-11-19 18:21:13,0.0443,0.0049,0.0012,0.6666666666666666,0.3333333333333333,0.0,0.0394,4505566.0,-0.007698,-0.002043,1787.87,-0.008006,-0.003698,0.01371260541780619
SBUX,2014-01-24 03:19:07,0.0575,0.0043,0.0087,0.2857142857142857,0.5714285714285714,0.1428571428571428,0.053200000000000004,16322559.0,0.021665,-0.020875,1790.29,-0.002853,-0.00889,0.01492533846107957
SBUX,2014-04-25 04:42:10,0.0562,0.0056,0.0079,0.3157894736842105,0.4736842105263157,0.2105263157894736,0.0506,9061265.0,0.005064,-0.008096,1863.4,0.009945,0.001717,0.013815877413726365
SBUX,2014-06-12 04:33:05,0.0218,0.0064,0.0064,0.5,0.0,0.5,0.0154,3596874.0,-0.01123,-0.007089,1930.11,0.002681,-0.003537,0.006550643504437212
SBUX,2014-07-25 01:53:07,0.0626,0.0034,0.0078,0.35,0.5,0.15,0.0592,9492183.0,-0.021255,-0.004849,1978.34,0.016553,0.000488,0.012663279365068949
SBUX,2014-10-31 04:39:11,0.0404,0.0045,0.0078,0.4444444444444444,0.4444444444444444,0.1111111111111111,0.0359,18004954.0,-0.022763,0.011731,2018.05,0.010191,0.00623,0.01180193268777067
SBUX,2015-01-23 02:42:15,0.0485,0.0023,0.009,0.45,0.35,0.2,0.046200000000000005,19053597.0,0.066232,-0.005492,2051.82,0.017837,0.01527,0.025262930598012632
SBUX,2015-03-05 20:08:06,0.0158,0.0172,0.0101,0.6666666666666666,0.0,0.3333333333333333,-0.0013999999999999985,2924375.0,0.006125,0.001196,2101.04,-0.01,-0.004389,0.0069163377600515
SBUX,2015-03-20 06:33:13,0.0217,0.0135,0.0054,0.6842105263157895,0.0,0.3157894736842105,0.0082,8680308.0,-0.003069,0.009013,2108.1,0.020033,-0.004873,0.011091362535775438
SBUX,2015-04-24 05:06:10,0.0439,0.0055,0.0077,0.4090909090909091,0.4090909090909091,0.1818181818181818,0.038400000000000004,22286284.0,0.048756,0.002253,2117.69,0.022654,0.002358,0.017318001181814723
SBUX,2015-05-27 22:59:09,0.0323,0.0054,0.0175,0.5,0.5,0.0,0.0269,6213584.0,0.014752,0.009163,2123.48,-0.012432,-0.010282,0.00953004296422649
SBUX,2015-07-24 04:44:07,0.0383,0.0056,0.0158,0.5,0.3125,0.1875,0.0327,14559687.0,0.012907,-0.010703,2079.65,-0.002293,-0.005676,0.008373046215884403
SBUX,2015-09-11 01:02:48,0.0462,0.004,0.0106,0.5,0.5,0.0,0.0422,8363110.0,0.02095,0.004487,1961.05,0.012434,0.005278,0.018263533170714285
SBUX,2015-10-30 05:46:08,0.0459,0.0103,0.0115,0.3181818181818182,0.5454545454545454,0.1363636363636363,0.03560000000000001,16822302.0,0.00112,-0.00481,2079.36,-0.015903,-0.00045,0.012666819139871905
SBUX,2015-11-18 16:01:24,0.0372,0.0039,0.0026,0.5,0.5,0.0,0.033299999999999996,7215255.0,0.020644,0.016162,2083.58,-0.002142,-0.001339,0.013464281126991886
SBUX,2016-01-22 05:01:15,0.04,0.0069,0.0103,0.391304347826087,0.4347826086956521,0.1739130434782608,0.033100000000000004,32820193.0,0.002372,0.020284,1906.9,0.03707,0.005195,0.02272169926646241
SBUX,2016-03-28 17:59:10,0.0352,0.0085,0.0113,0.7777777777777778,0.0,0.2222222222222222,0.0267,5791603.0,0.010281,0.000545,2037.05,-0.007989,-0.000378,0.00956874169133844
SBUX,2016-04-22 04:12:21,0.0339,0.0068,0.0113,0.3636363636363636,0.5454545454545454,0.0909090909090909,0.0271,29836779.0,-0.048813,4.8e-05,2091.58,-0.004269,-0.005194,0.017813207684499562
SBUX,2016-07-22 03:16:33,0.057,0.0303,0.0158,0.35,0.5,0.15,0.0267,23899275.0,0.005208,0.004554,2175.03,0.001043,-0.003612,0.012335355490080926
SBUX,2016-09-08 01:10:21,0.0213,0.0062,0.0038,0.5,0.5,0.0,0.015099999999999999,12673626.0,-0.018111,-0.002223,2181.3,0.005355,-0.000146,0.006802123168541065
SBUX,2016-11-04 04:32:31,0.0259,0.0071,0.0071,0.0,0.5714285714285714,0.4285714285714285,0.018799999999999997,21956848.0,0.01893,-0.001666,2085.18,-0.022839,-0.004423,0.012127659016113299
SBUX,2017-01-27 05:01:04,0.0344,0.0115,0.0115,0.0,0.55,0.45,0.0229,28880019.0,-0.040027,-0.000866,2294.69,-0.004089,-0.000735,0.014372125144026497
SBUX,2017-03-10 04:14:10,0.0573,0.0089,0.0089,0.5,0.0,0.5,0.0484,13886431.0,-0.011959,0.003269,2372.6,-0.009867,0.0008,0.006077531973498133
SBUX,2017-03-23 01:02:10,0.0246,0.0178,0.015,0.625,0.0,0.375,0.0068000000000000005,7402207.0,-0.000716,-0.00106,2345.96,0.006302,0.00189,0.00820660470055151
SBUX,2017-04-28 02:54:37,0.0425,0.0149,0.0103,0.0,0.4117647058823529,0.5882352941176471,0.027600000000000003,25046130.0,-0.020228,-0.001913,2384.2,-0.004224,0.000553,0.010812019474743152
SBUX,2017-07-28 05:14:23,0.0351,0.0125,0.0136,0.0,0.5909090909090909,0.4090909090909091,0.0226,53454789.0,-0.092437,-0.001341,2472.1,0.026924,-0.000973,0.03143652383878775
SBUX,2017-11-03 03:42:41,0.0298,0.0121,0.011,0.0,0.5714285714285714,0.4285714285714285,0.0177,28781789.0,0.021141,0.003097,2587.84,-0.004716,0.00019,0.008921058819196243
SBUX,2018-01-26 07:11:07,0.0348,0.0157,0.0101,0.3888888888888889,0.5555555555555556,0.0555555555555555,0.0191,51851606.0,-0.042279,0.011841,2872.87,-0.004603,0.000603,0.015030651114750054
SBUX,2018-03-08 17:39:08,0.0377,0.014,0.0056,0.75,0.0,0.25,0.0237,7434706.0,0.007715,0.004463,2738.97,0.0,-0.000484,0.010971315790632463
SBUX,2018-03-09 23:19:12,0.0474,0.0084,0.0028,0.5,0.5,0.0,0.039,9539617.0,0.017226,0.017379,2786.57,0.007715,0.004463,0.01140808725276372
SBUX,2018-03-23 20:40:08,0.0235,0.0261,0.0144,0.4666666666666667,0.0,0.5333333333333333,-0.0026000000000000016,9475682.0,-0.025273,-0.020967,2588.26,-0.011972,-0.025163,0.011862582998187736
SBUX,2018-04-27 01:30:14,0.0361,0.0102,0.0113,0.0,0.5555555555555556,0.4444444444444444,0.0259,11956533.0,-0.017178,0.001114,2669.91,0.028938,0.010434,0.013711136740296732
SBUX,2018-07-27 01:42:15,0.0503,0.0094,0.007,0.0,0.5,0.5,0.0409,15762276.0,0.013605,-0.006562,2818.82,-0.003293,-0.003032,0.008172286684616429
SBUX,2018-11-02 02:16:57,0.0466,0.0091,0.008,0.0,0.6470588235294118,0.3529411764705882,0.037500000000000006,45558297.0,0.097049,-0.006317,2723.06,0.006178,0.010558,0.03203813949446299
SBUX,2019-01-25 05:48:18,0.0541,0.0081,0.0069,0.3333333333333333,0.5333333333333333,0.1333333333333333,0.046,22113162.0,0.036299,0.008489,2664.76,-0.02544,0.001376,0.016543682650956505
SBUX,2019-03-22 06:26:13,0.0232,0.0073,0.0098,0.3333333333333333,0.0,0.6666666666666666,0.015899999999999997,8021007.0,-0.004152,-0.018975,2800.71,0.008795,0.010853,0.004327444198241332
SBUX,2019-04-26 02:19:18,0.0696,0.0068,0.008,0.2941176470588235,0.4705882352941176,0.2352941176470588,0.0628,12537557.0,0.004409,0.004685,2939.88,0.009425,-0.000369,0.008346414243387754
SBUX,2019-06-06 18:18:10,0.0479,0.0164,0.0055,0.6666666666666666,0.3333333333333333,0.0,0.0315,10445687.0,0.018009,0.006136,2843.49,0.018339,0.008162,0.013454651719758617
SBUX,2019-07-26 02:40:09,0.0484,0.0348,0.0087,0.2941176470588235,0.4705882352941176,0.2352941176470588,0.013600000000000001,20833459.0,0.08936,0.007388,3025.86,0.00364,-0.005262,0.02884137014005331
SBUX,2019-09-04 17:50:10,0.0797,0.0054,0.0054,0.5,0.5,0.0,0.07429999999999999,12933709.0,-0.00682,0.010842,2937.78,0.002175,-0.006899,0.011100857594999037
SBUX,2019-10-31 02:22:45,0.0472,0.0273,0.0062,0.3571428571428571,0.3571428571428571,0.2857142857142857,0.019899999999999998,14001444.0,0.004395,-0.003023,3037.56,0.000713,0.003253,0.008805682766764444
SBUX,2019-12-03 15:53:10,0.0423,0.0169,0.0113,0.5,0.5,0.0,0.0254,6069668.0,0.002956,-0.006638,3093.2,-0.010067,-0.008631,0.009596422079203555
SBUX,2020-01-29 01:57:17,0.0457,0.0406,0.0127,0.25,0.45,0.3,0.0051,17681187.0,-0.021219,-0.000867,3273.4,-0.001465,0.010054,0.01652562706862026
SBUX,2020-04-29 02:13:37,0.0253,0.0379,0.0114,0.2777777777777778,0.3333333333333333,0.3888888888888889,-0.012600000000000004,24548843.0,-0.023256,0.026584,2939.51,0.01222,-0.005242,0.03422014995502575
SBUX,2020-06-17 18:20:09,0.0732,0.0146,0.0049,0.5,0.5,0.0,0.0586,6891654.0,-0.009507,-0.0036,3113.49,0.011434,0.018962,0.039100864713513046
SBUX,2020-07-29 05:04:12,0.0374,0.014,0.0152,0.25,0.375,0.375,0.023400000000000004,15242898.0,0.037245,0.012428,3258.44,-0.023803,-0.006473,0.019970701804004017
SBUX,2020-10-30 09:17:09,0.036,0.0104,0.0209,0.2941176470588235,0.4705882352941176,0.2352941176470588,0.025599999999999998,11369341.0,-0.015176,-0.01213,3269.96,0.012963,0.011947,0.01565420751427567
SBUX,2021-01-27 07:06:41,0.055,0.0067,0.0112,0.3529411764705882,0.4117647058823529,0.2352941176470588,0.0483,18064363.0,-0.065145,-0.025678,3750.77,0.011987,-0.001489,0.024152982236844756
SE,2007-11-07 05:59:52,0.0366,0.0075,0.0054,0.4285714285714285,0.5714285714285714,0.0,0.0291,2247775.0,-0.021268,-0.02937,1475.62,-0.018934,0.012049,0.02510860721589754
SE,2008-02-06 20:44:09,0.0516,0.0074,0.0053,0.4,0.4,0.2,0.0442,3185700.0,0.025584,-0.007624,1326.45,-0.027873,-0.031995,0.016611070900322936
SE,2008-05-23 04:41:14,0.0655,0.0092,0.0046,0.3076923076923077,0.4615384615384615,0.2307692307692307,0.0563,2568700.0,-0.019694,-0.01321,1375.93,0.01518,0.002617,0.01150635038624808
SE,2008-08-06 22:59:20,0.0522,0.0093,0.0035,0.2222222222222222,0.3333333333333333,0.4444444444444444,0.04290000000000001,4802700.0,-0.018242,0.003354,1289.19,0.023525,0.028719,0.016521209531992515
SE,2008-11-06 21:25:11,0.0346,0.015,0.0115,0.4,0.3,0.3,0.0196,4305300.0,-0.051183,-0.050264,904.88,-0.055613,-0.052677,0.05824552642134848
SE,2009-02-06 00:36:35,0.0314,0.0123,0.009,0.3846153846153846,0.4615384615384615,0.1538461538461538,0.0191,5254500.0,0.051505,0.026896,868.6,0.017699,0.016366,0.025221933018043447
SE,2009-05-05 21:12:13,0.0374,0.0143,0.0033,0.375,0.5,0.125,0.023100000000000002,3294100.0,0.00194,-0.003792,903.8,0.035499,0.033868,0.018595848298896153
SE,2009-08-04 20:45:19,0.03,0.0089,0.0089,0.3333333333333333,0.5555555555555556,0.1111111111111111,0.0211,2593800.0,-0.002664,0.003012,1005.65,0.022331,0.015342,0.013634581523953592
SE,2009-11-06 20:54:09,0.0402,0.0163,0.0022,0.3333333333333333,0.3333333333333333,0.3333333333333333,0.0239,2540300.0,0.0,0.002503,1069.3,-0.006677,0.019236,0.016574097670763354
SE,2010-02-04 23:31:23,0.0483,0.0118,0.0054,0.3333333333333333,0.0,0.6666666666666666,0.036500000000000005,4884500.0,-0.035484,-0.031141,1063.11,-0.012739,-0.005474,0.019158615427820307
SE,2010-08-07 03:24:14,0.0308,0.0066,0.0055,0.2727272727272727,0.3636363636363636,0.3636363636363636,0.0242,4457800.0,0.006425,-0.003704,1121.64,0.012546,-0.001269,0.013635535074454178
SE,2010-11-17 19:20:25,0.0383,0.0058,0.0046,0.2857142857142857,0.0,0.7142857142857143,0.0325,2497800.0,0.000422,0.000212,1178.59,-0.02268,-0.016205,0.013228132931160312
SE,2011-02-03 20:43:52,0.0364,0.0086,0.0043,0.2307692307692307,0.3846153846153846,0.3846153846153846,0.027800000000000002,4515200.0,-0.005317,0.002354,1307.1,-0.003029,-0.002723,0.010494108298892878
SE,2011-05-03 21:31:22,0.0462,0.0143,0.0055,0.3,0.5,0.2,0.0319,4752500.0,-0.023685,-0.003379,1356.62,-0.011364,-0.001753,0.014725755505613785
SE,2011-08-03 22:21:13,0.0364,0.0165,0.0044,0.2142857142857142,0.5,0.2857142857142857,0.0199,4836500.0,-0.005293,0.005016,1260.34,-0.025064,-0.025557,0.0104780604036351
SE,2011-11-03 23:21:13,0.0417,0.0099,0.0066,0.3333333333333333,0.4444444444444444,0.2222222222222222,0.0318,3263500.0,0.010457,0.018782,1261.15,0.029792,0.016105,0.020286527856902787
SE,2011-11-09 00:16:02,0.0384,0.0051,0.0051,0.4285714285714285,0.1428571428571428,0.4285714285714285,0.033299999999999996,5322100.0,-0.026963,-0.036695,1229.1,0.018361,0.011736,0.020833307362383903
SE,2012-01-17 20:31:02,0.0438,0.0059,0.0024,0.4375,0.1875,0.375,0.037899999999999996,3799700.0,0.009023,0.003553,1293.67,0.011079,-0.004948,0.008785164558630994
SE,2012-02-02 18:41:11,0.0269,0.0129,0.0064,0.3,0.5,0.2,0.014,5126300.0,-0.020311,0.001095,1325.54,0.000635,0.0089,0.008519214309756468
SE,2012-05-01 21:51:06,0.0398,0.0094,0.0012,1.0,0.0,0.0,0.030400000000000003,4754700.0,0.025049,0.005658,1405.82,0.006549,-0.003884,0.01084741795390362
SE,2012-05-04 18:51:17,0.0459,0.012,0.0022,0.25,0.6666666666666666,0.0833333333333333,0.0339,4228500.0,-0.011093,-0.016147,1369.1,-0.024817,-0.007659,0.014544753939326693
SE,2012-08-03 08:11:12,0.027,0.0195,0.0032,0.3333333333333333,0.4444444444444444,0.2222222222222222,0.0075,3948500.0,0.004395,0.01904,1390.99,-0.031751,-0.007374,0.014497335125233778
SE,2012-11-01 17:31:07,0.0445,0.0122,0.0045,0.2727272727272727,0.4545454545454545,0.2727272727272727,0.032299999999999995,5303700.0,-0.00762,0.010927,1427.59,-0.005169,0.000156,0.00930328766798797
SE,2013-01-16 21:11:06,0.0321,0.0071,0.006,0.4285714285714285,0.1428571428571428,0.4285714285714285,0.024999999999999994,7026000.0,-0.004343,0.000197,1472.63,-0.002167,0.001129,0.005522444523136013
SE,2013-02-05 19:31:40,0.0141,0.0181,0.0101,0.3,0.6,0.1,-0.004000000000000002,5655400.0,0.010007,0.010416,1511.29,-0.009558,-0.011539,0.01001945294359392
SE,2013-05-03 16:02:21,0.028,0.0065,0.0065,0.3333333333333333,0.4444444444444444,0.2222222222222222,0.021500000000000002,4089500.0,0.001619,0.010535,1614.42,0.002597,0.009408,0.008882372103091703
SE,2013-08-06 19:31:24,0.0251,0.0063,0.0073,0.15,0.7,0.15,0.0188,5754600.0,-0.014163,-0.005723,1697.37,0.000556,-0.00148,0.0113397473830379
SE,2013-11-04 18:31:10,0.0281,0.0062,0.0052,0.2307692307692307,0.6923076923076923,0.0769230769230769,0.0219,4424900.0,-0.000565,0.003571,1767.93,-0.004779,0.002903,0.008975654343834986
SE,2014-02-04 21:01:02,0.0115,0.0081,0.0092,0.375,0.5,0.125,0.0034000000000000002,5708600.0,0.035654,0.007641,1755.2,-0.016968,-0.022832,0.01762406313853633
SE,2014-05-07 16:55:04,0.0455,0.01,0.0078,0.375,0.5,0.125,0.0355,4238217.0,0.00624,0.005616,1878.21,-0.008586,-0.008988,0.005992150276264539
SE,2014-08-06 19:42:09,0.0179,0.0116,0.0032,0.3636363636363636,0.3636363636363636,0.2727272727272727,0.0063,2777585.0,-0.004724,1.6e-05,1920.24,-0.015904,-0.009685,0.01084584437008036
SE,2014-11-05 20:31:21,0.0337,0.0087,0.0022,0.2727272727272727,0.6363636363636364,0.0909090909090909,0.025,3356412.0,0.024115,0.005701,2023.57,-0.019784,-0.00283,0.012889926558277264
SE,2015-02-04 18:38:11,0.023,0.011,0.004,0.4285714285714285,0.4285714285714285,0.1428571428571428,0.012,6994404.0,-0.007728,-0.004156,2041.51,0.022534,0.014439,0.012570497322434676
SE,2015-05-06 16:16:08,0.0436,0.0213,0.0078,0.4,0.4,0.2,0.0223,5319701.0,-0.013557,-0.004456,2080.15,-0.010464,-0.011837,0.007205498077471696
SE,2015-08-05 18:24:07,0.0299,0.0118,0.0128,0.3333333333333333,0.5833333333333334,0.0833333333333333,0.018099999999999998,11634330.0,-0.000345,0.003115,2099.84,-0.010249,-0.00225,0.016584275764175718
SE,2015-11-04 20:40:06,0.0363,0.0096,0.0128,0.3333333333333333,0.5,0.1666666666666666,0.0267,5681337.0,-0.020102,-0.003545,2102.31,0.019451,0.002728,0.015697211952020992
SE,2016-02-03 19:36:11,0.0288,0.0144,0.0031,0.2727272727272727,0.4545454545454545,0.2727272727272727,0.0144,10445668.0,0.084765,0.004992,1912.53,-0.029641,-0.018743,0.042848389794198326
SE,2016-08-03 21:16:49,0.0219,0.0136,0.001,0.3333333333333333,0.5,0.1666666666666666,0.0083,6659997.0,0.016732,0.003134,2163.79,0.003358,-0.006362,0.008654161958914015
SE,2016-11-02 18:22:30,0.0335,0.013,0.0076,0.0,0.4,0.6,0.020500000000000004,4583072.0,-0.034433,-0.006525,2097.94,0.000239,-0.006787,0.013545726412579234
SE,2018-08-22 19:01:02,0.0677,0.0045,0.009,0.2727272727272727,0.4545454545454545,0.2727272727272727,0.06319999999999999,2834659.0,-0.048387,-0.000398,2861.82,0.030347,0.002069,0.027598268126822815
SE,2019-02-27 15:49:22,0.0729,0.0088,0.0088,0.3333333333333333,0.4444444444444444,0.2222222222222222,0.0641,27474071.0,0.349383,-0.000544,2792.38,0.018868,-0.00079,0.11051836120879546
SE,2019-05-22 06:44:10,0.0645,0.0124,0.0124,0.3333333333333333,0.4444444444444444,0.2222222222222222,0.0521,23991995.0,0.240646,-0.002824,2856.27,-0.015891,0.008496,0.08142685081606822
SE,2019-08-20 17:35:06,0.0402,0.0244,0.0143,0.375,0.375,0.25,0.015799999999999998,19616055.0,-0.085873,-0.007915,2900.51,0.019198,0.012106,0.03849689648328097
SE,2019-11-12 17:59:08,0.0472,0.0326,0.0048,0.25,0.5,0.25,0.014600000000000002,14267436.0,0.185806,0.001565,3091.84,-0.022082,-0.001962,0.05899468939376385
SE,2020-03-04 06:31:36,0.0479,0.0156,0.0072,0.3,0.5,0.2,0.032299999999999995,5619349.0,0.072932,0.042203,3130.12,0.018943,-0.028108,0.044144075931230334
SE,2020-05-19 01:26:12,0.0223,0.0285,0.0087,0.4285714285714285,0.2857142857142857,0.2857142857142857,-0.006200000000000001,14057016.0,-0.017557,-0.010484,2922.94,0.12153,0.031501,0.044981981812968495
SE,2020-08-18 17:15:12,0.0543,0.0043,0.0065,0.3,0.5,0.2,0.05,12364828.0,0.087131,0.002303,3389.78,0.061502,0.00271,0.05482035847302641
SE,2020-11-18 05:21:08,0.0437,0.0075,0.0075,0.3076923076923077,0.4615384615384615,0.2307692307692307,0.0362,4290099.0,-0.032001,-0.011564,3567.79,-0.042644,-0.004792,0.05708511430496675
SE,2021-03-03 03:12:09,0.0347,0.0092,0.0071,0.3,0.4,0.3,0.025500000000000002,5080426.0,0.00512,-0.013066,3819.72,0.005996,-0.008081,0.04357046852692273
SNY,2010-02-11 19:12:12,0.0384,0.0298,0.0142,0.4666666666666667,0.4,0.1333333333333333,0.008599999999999997,1362200.0,0.004449,0.00968,1078.47,-0.009093,-0.002233,0.01570745183945798
SNY,2011-02-10 01:17:26,0.0263,0.025,0.0092,0.7777777777777778,0.2222222222222222,0.0,0.001299999999999999,1803500.0,-0.007495,0.00075,1321.87,-0.00829,-0.002786,0.024829716143945166
SNY,2011-04-28 23:59:33,0.0139,0.0167,0.0181,0.5,0.5,0.0,-0.0028000000000000004,1672600.0,0.006361,0.003555,1360.48,0.010543,0.00625,0.013650123867976928
SNY,2011-07-29 03:24:34,0.032,0.0153,0.0097,0.4375,0.375,0.1875,0.0167,2844700.0,-0.005645,-0.006451,1292.28,0.019623,-0.003234,0.017547674912775386
SNY,2011-11-05 15:32:59,0.0338,0.0122,0.0122,0.1875,0.5625,0.25,0.021599999999999994,3182900.0,-0.031782,-0.00628,1253.23,0.031012,0.018782,0.0347951798291724
SNY,2012-02-08 23:49:08,0.0434,0.0174,0.0058,0.3846153846153846,0.3076923076923077,0.3076923076923077,0.026000000000000002,6491700.0,-0.010655,0.00216,1349.96,0.02261,0.002023,0.009187464503332885
SNY,2012-03-11 17:37:07,0.0265,0.0265,0.0106,0.5,0.5,0.0,0.0,1369000.0,-0.001835,0.003631,1370.87,0.025262,0.009818,0.01709402806050508
SNY,2012-03-14 03:47:08,0.0197,0.0183,0.0155,0.5,0.5,0.0,0.0013999999999999985,1827500.0,-0.003622,-0.001196,1394.28,0.012045,0.018132,0.016187686899478793
SNY,2012-03-16 15:57:08,0.0224,0.0211,0.0118,0.5,0.5,0.0,0.001299999999999999,1888800.0,0.001803,0.001119,1404.17,0.00831,0.005967,0.013598979569969439
SNY,2012-04-25 23:51:06,0.0336,0.0078,0.0207,0.0769230769230769,0.5384615384615384,0.3846153846153846,0.025799999999999997,3290700.0,0.007513,0.013645,1390.69,0.017472,0.00368,0.013592696192359317
SNY,2012-04-27 21:46:20,0.0422,0.0136,0.015,0.3076923076923077,0.5384615384615384,0.1538461538461538,0.0286,4042900.0,0.022787,0.002414,1403.36,0.00506,0.00668,0.013012936717402144
SNY,2012-07-26 20:41:09,0.0282,0.0179,0.0115,0.2857142857142857,0.6428571428571429,0.0714285714285714,0.0103,5604700.0,0.034082,0.016541,1360.02,0.02408,-0.000314,0.01762068877106308
SNY,2012-10-25 21:21:39,0.0299,0.0112,0.0087,0.3076923076923077,0.6153846153846154,0.0769230769230769,0.0187,2191800.0,0.027791,0.002996,1412.97,-0.006957,-0.003085,0.020089779540851165
SNY,2013-02-08 00:11:13,0.0201,0.0201,0.0255,0.3846153846153846,0.4615384615384615,0.1538461538461538,0.0,10888700.0,0.026932,0.005658,1517.93,-0.043093,-0.001805,0.022130876029254332
SNY,2013-03-14 00:31:03,0.0303,0.0329,0.0145,0.5,0.5,0.0,-0.002599999999999998,1005900.0,0.004687,0.005603,1563.23,0.001633,0.001314,0.008880857393542945
SNY,2013-05-02 19:31:15,0.0394,0.0158,0.0079,0.2307692307692307,0.6923076923076923,0.0769230769230769,0.023599999999999996,2197000.0,0.040288,0.009408,1597.59,-0.008997,-0.009308,0.021269050557088862
SNY,2013-06-24 17:51:09,0.0159,0.0198,0.0119,0.1,0.6,0.3,-0.0039000000000000007,1721200.0,-0.023174,-0.012145,1573.09,0.008841,0.00267,0.020507644923838136
SNY,2013-08-01 20:51:11,0.0227,0.0277,0.0101,0.3529411764705882,0.6470588235294118,0.0,-0.0049999999999999975,2826900.0,-0.008353,0.012541,1706.87,-0.025,-0.000136,0.011715818080223457
SNY,2013-10-30 19:31:11,0.0181,0.0311,0.0104,0.375,0.625,0.0,-0.012999999999999998,1038000.0,0.017142,-0.004876,1763.31,-0.003264,0.005584,0.008220923487594988
SNY,2014-02-06 20:03:21,0.0228,0.0132,0.0072,0.5294117647058824,0.4705882352941176,0.0,0.009600000000000001,4360300.0,-0.010768,0.01244,1773.43,-0.00597,-0.002028,0.015748116163881724
SNY,2014-04-29 22:10:08,0.0368,0.0118,0.0092,0.3333333333333333,0.3333333333333333,0.3333333333333333,0.025,2307383.0,-0.007814,0.004761,1878.33,0.017414,0.003236,0.010255884416600471
SNY,2014-07-31 23:20:04,0.0404,0.0143,0.0156,0.2857142857142857,0.4285714285714285,0.2857142857142857,0.026099999999999998,1079092.0,0.001725,-0.019999,1930.67,0.015175,6.1e-05,0.009666691439623518
SNY,2014-10-28 20:47:06,0.0608,0.0119,0.0119,0.1666666666666666,0.5,0.3333333333333333,0.0489,8867279.0,-0.089928,0.011939,1985.05,-0.022214,-0.001502,0.03247695370908768
SNY,2015-02-06 06:04:07,0.0649,0.0072,0.0108,0.5294117647058824,0.2352941176470588,0.2352941176470588,0.0577,7486116.0,-0.007641,-0.003418,2055.47,0.030213,0.010291,0.015132833370963121
SNY,2015-05-01 02:05:09,0.0597,0.011,0.0122,0.5,0.2777777777777778,0.2222222222222222,0.04870000000000001,772466.0,0.014639,0.010923,2108.29,-0.012888,-0.010129,0.0092902448693958
SNY,2015-07-30 19:24:06,0.0499,0.0076,0.0076,0.0,0.4666666666666667,0.5333333333333333,0.0423,863111.0,0.017667,2.8e-05,2108.63,-0.021743,0.007319,0.010492546520692222
SNY,2015-10-29 20:05:14,0.0303,0.0168,0.0123,0.4615384615384615,0.3846153846153846,0.1538461538461538,0.013500000000000002,1884066.0,-0.036124,-0.00045,2089.41,0.018595,0.01184,0.01860208669776358
SNY,2016-02-09 22:02:11,0.0472,0.0112,0.009,0.0,0.5,0.5,0.036,2658733.0,-0.008671,-0.000664,1852.21,-0.015319,-0.014154,0.012154484769463188
SNY,2016-05-01 02:45:27,0.0296,0.0095,0.0118,0.5,0.35,0.15,0.0201,4760814.0,-0.04084,-0.005063,2065.3,-0.017652,-0.009231,0.014385499642193775
SNY,2016-07-29 18:56:34,0.0395,0.0248,0.0113,0.0,0.4444444444444444,0.5555555555555556,0.014700000000000001,2060444.0,0.000704,0.001631,2173.6,0.004007,0.001606,0.007580794746521654
SNY,2016-10-28 21:48:19,0.0432,0.0136,0.0102,0.0,0.5,0.5,0.0296,4655027.0,0.042685,-0.003108,2126.41,0.005127,-0.002987,0.016553909280153645
SNY,2017-02-08 22:36:26,0.0418,0.0198,0.0099,0.0,0.4736842105263157,0.5263157894736842,0.021999999999999995,2386345.0,0.023851,0.000693,2294.67,-0.009596,0.000227,0.011619756019622651
SNY,2017-04-28 18:30:05,0.0335,0.0201,0.0067,0.4705882352941176,0.4117647058823529,0.1176470588235294,0.013400000000000002,2167513.0,0.008314,-0.001913,2384.2,0.010556,0.000553,0.017604516175623204
SNY,2017-07-31 18:03:38,0.0374,0.0165,0.0066,0.0,0.4210526315789473,0.5789473684210527,0.020900000000000002,1633603.0,-0.004205,-0.000728,2470.3,-0.011021,-0.001341,0.012477842692816259
SNY,2017-11-02 22:20:41,0.0333,0.0183,0.0092,0.0,0.3888888888888889,0.6111111111111112,0.015000000000000003,1958299.0,-0.005594,0.00019,2579.85,-0.01692,0.001592,0.009027974132292085
SNY,2018-02-07 21:24:11,0.0506,0.015,0.0104,0.5,0.1875,0.3125,0.0356,3585717.0,-0.040845,-0.005002,2681.66,0.013478,0.017441,0.02001683696180686
SNY,2018-04-27 20:51:09,0.0407,0.0147,0.0102,0.375,0.4375,0.1875,0.026000000000000002,1929950.0,-0.018831,0.001114,2669.91,0.006233,0.010434,0.008964419872783572
SNY,2018-07-31 21:44:11,0.0516,0.011,0.0077,0.0,0.3888888888888889,0.6111111111111112,0.0406,1761206.0,0.010016,0.004885,2816.29,-0.010145,-0.005754,0.007834421817282515
SNY,2018-10-31 20:06:26,0.0457,0.0056,0.0111,0.0,0.4375,0.5625,0.0401,1837942.0,0.034467,0.010851,2711.74,0.022227,0.015667,0.02273618730277062
SNY,2019-02-07 21:04:07,0.0437,0.0117,0.0075,0.35,0.3,0.35,0.032,1441903.0,-0.020281,-0.009357,2706.05,-0.004816,-0.002224,0.011353344042371203
SNY,2019-04-27 00:00:17,0.0352,0.011,0.0088,0.4285714285714285,0.3333333333333333,0.238095238095238,0.024200000000000003,1775115.0,0.034215,0.004685,2939.88,-0.006509,-0.000369,0.015837384029567553
SNY,2019-07-29 20:08:10,0.0393,0.0471,0.0092,0.5,0.2777777777777778,0.2222222222222222,-0.007800000000000001,2325632.0,0.015817,-0.001616,3020.97,0.007852,0.007388,0.0080181670591782
SNY,2019-10-31 23:26:07,0.0489,0.0301,0.0138,0.4705882352941176,0.2352941176470588,0.2941176470588235,0.0188,2801809.0,-0.029077,-0.003023,3037.56,0.015404,0.003253,0.013598041921541553
SNY,2020-02-07 08:25:34,0.0391,0.0417,0.0104,0.5,0.1875,0.3125,-0.002599999999999998,1401756.0,-0.012195,-0.005401,3327.71,0.047445,0.003326,0.01852868155800027
SNY,2020-04-24 23:11:09,0.0312,0.0312,0.0143,0.35,0.3,0.35,0.0,3836932.0,0.030597,0.013918,2836.74,0.003735,-0.000539,0.02150597518417204
SNY,2020-06-25 23:42:12,0.0419,0.0157,0.0131,0.3636363636363636,0.2272727272727272,0.4090909090909091,0.0262,1024998.0,0.015668,0.010959,3083.76,-0.026872,-0.025855,0.01686978524660786
SNY,2020-07-29 22:12:12,0.053,0.0111,0.0123,0.3333333333333333,0.3333333333333333,0.3333333333333333,0.0419,1261890.0,0.019487,0.012428,3258.44,-0.006898,-0.006473,0.014764457603387399
SNY,2020-10-30 00:02:31,0.0461,0.0109,0.0121,0.35,0.2,0.45,0.0352,1466491.0,-0.004614,-0.01213,3269.96,-0.013654,0.011947,0.012649932479398272
TD,2007-08-24 11:46:48,0.038,0.013,0.0237,0.3888888888888889,0.4444444444444444,0.1666666666666666,0.025,219500.0,0.015585,0.011535,1479.37,0.021117,-0.001072,0.019257746275200542
TD,2007-11-30 21:37:07,0.031,0.039,0.0195,0.4,0.5333333333333333,0.0666666666666666,-0.008,2454061.0,0.042189,0.00777,1481.14,0.003353,0.000477,0.029156833643247348
TD,2008-08-29 01:23:12,0.0407,0.0147,0.0181,0.5294117647058824,0.4705882352941176,0.0,0.026000000000000002,621500.0,-0.018699,-0.013724,1282.83,0.045623,0.01484,0.02517835983119014
TD,2012-08-31 00:35:04,0.0421,0.0238,0.0086,0.4,0.4666666666666667,0.1333333333333333,0.018299999999999997,737500.0,0.007258,0.005073,1406.58,-0.013112,-0.007806,0.006532116676681067
TD,2012-12-07 00:40:06,0.0414,0.0161,0.015,0.4375,0.4375,0.125,0.0253,642100.0,-0.009405,0.002921,1418.07,-0.016222,0.003307,0.007718783583642458
TD,2013-03-01 01:31:05,0.0399,0.0137,0.0182,0.4375,0.5625,0.0,0.026199999999999998,404800.0,0.005955,0.002324,1518.2,-0.000607,-0.000864,0.0056837240618372985
TD,2013-03-07 00:21:06,0.0227,0.0159,0.0205,0.5,0.5,0.0,0.0068000000000000005,775700.0,0.004113,0.001816,1544.26,-0.005534,0.001085,0.004835677713045152
TD,2013-04-03 17:11:09,0.0276,0.0126,0.0063,0.5,0.5,0.0,0.015,792300.0,-0.011538,-0.010546,1553.69,0.008852,0.005172,0.006849571714915826
TD,2013-04-04 18:51:07,0.0411,0.0133,0.0157,0.8,0.0,0.2,0.0278,1089200.0,-0.015078,0.004048,1559.98,-0.011538,-0.010546,0.008529352267317675
TD,2013-05-24 01:41:10,0.0439,0.0254,0.0139,0.3888888888888889,0.6111111111111112,0.0,0.018500000000000003,350600.0,-0.003818,-0.000551,1649.6,0.001357,-0.002924,0.006993927195153543
TD,2013-07-31 01:41:09,0.0225,0.0556,0.013,0.3571428571428571,0.6428571428571429,0.0,-0.0331,602000.0,-0.005552,-0.000136,1685.73,-0.023081,0.000374,0.010802122069811479
TD,2013-08-29 22:51:09,0.0541,0.0146,0.0146,0.4375,0.5625,0.0,0.0395,988500.0,0.021055,0.001963,1638.17,-0.002863,0.002748,0.009768865737069277
TD,2013-09-04 17:08:06,0.0428,0.0236,0.009,0.5,0.5,0.0,0.0192,627600.0,0.003029,0.008117,1653.08,0.003625,0.004164,0.009303913041176544
TD,2013-09-18 20:24:05,0.0473,0.0189,0.0122,0.5,0.5,0.0,0.0284,374700.0,0.004505,0.012178,1725.52,0.009781,0.004218,0.007429313341232778
TD,2013-12-05 23:41:07,0.04,0.0251,0.0137,0.5,0.5,0.0,0.0149,744600.0,-0.010263,-0.00434,1785.03,-0.006869,-0.001304,0.003273346926312173
TD,2014-02-28 01:41:07,0.0664,0.0149,0.0114,0.4210526315789473,0.5263157894736842,0.0526315789473684,0.051500000000000004,1182200.0,0.013867,0.002783,1859.45,0.006529,0.004948,0.006363226871817423
TD,2014-05-23 01:12:05,0.0721,0.018,0.0146,0.4705882352941176,0.3529411764705882,0.1764705882352941,0.054099999999999995,873099.0,0.005531,0.004248,1900.53,0.027141,0.002362,0.009726375360613668
TD,2014-08-29 02:14:03,0.0626,0.0137,0.0125,0.4285714285714285,0.4285714285714285,0.1428571428571428,0.0489,1472218.0,-0.005856,0.00332,2003.37,-0.004887,-0.00169,0.005775351014825124
TD,2014-12-05 02:09:05,0.0448,0.0219,0.0109,0.5531914893617021,0.2553191489361702,0.1914893617021276,0.0229,3063510.0,-0.000632,0.001665,2075.37,-0.051149,-0.001162,0.01692416002215628
TD,2015-02-27 02:36:11,0.0583,0.0146,0.0157,0.2857142857142857,0.4285714285714285,0.2857142857142857,0.043699999999999996,2205682.0,0.007583,-0.002956,2104.5,0.001842,-0.001476,0.012035365302123268
TD,2015-05-29 01:45:07,0.0542,0.0192,0.0113,0.4,0.4666666666666667,0.1333333333333333,0.035,2350502.0,-0.022217,-0.006318,2107.39,-0.008676,-0.001267,0.009165272718861587
TD,2015-08-28 01:46:10,0.0662,0.0143,0.0154,0.4705882352941176,0.3529411764705882,0.1764705882352941,0.051899999999999995,2394843.0,0.004521,0.000609,1988.87,0.024711,0.024298,0.020558556163094432
TD,2015-12-04 02:43:08,0.0634,0.0098,0.0109,0.4375,0.4375,0.125,0.053599999999999995,1962851.0,0.00935,0.020526,2091.69,-0.013353,-0.014374,0.007747699378238194
TD,2016-02-26 02:12:12,0.0498,0.0271,0.0195,0.5,0.3333333333333333,0.1666666666666666,0.022699999999999998,2461839.0,0.009397,-0.00187,1948.05,0.023237,0.011348,0.017048637659485888
TD,2016-05-26 23:02:42,0.0453,0.0188,0.0122,0.4666666666666667,0.3333333333333333,0.2,0.0265,1947220.0,0.006124,-0.00021,2090.1,0.01754,0.006975,0.008801664469481316
TD,2016-08-25 23:36:30,0.0404,0.0138,0.0096,0.4285714285714285,0.3571428571428571,0.2142857142857142,0.0266,1409543.0,-0.001347,-0.001365,2172.47,0.006552,-0.00524,0.004715583545837594
TD,2016-12-02 01:06:08,0.0495,0.0086,0.0161,0.5,0.4166666666666667,0.0833333333333333,0.040900000000000006,1391088.0,0.006546,0.000397,2191.95,-0.000633,-0.003516,0.0050368340596490604
TD,2017-03-03 02:07:08,0.0579,0.0076,0.012,0.4,0.4666666666666667,0.1333333333333333,0.0503,2079188.0,0.011847,0.000504,2383.12,-0.012845,-0.00586,0.011334616380314138
TD,2017-05-25 23:22:09,0.0563,0.0108,0.0098,0.5,0.375,0.125,0.0455,1971221.0,0.011071,0.004442,2415.07,-0.001276,0.002489,0.009644711334312637
TD,2017-08-31 21:24:30,0.0537,0.011,0.0153,0.375,0.375,0.25,0.0427,3165284.0,0.043605,0.005721,2471.65,-0.005614,0.004615,0.01415700312919356
TD,2017-12-01 00:35:05,0.0469,0.0083,0.0094,0.3529411764705882,0.4117647058823529,0.2352941176470588,0.038599999999999995,1653407.0,0.014928,-0.002024,2642.22,-0.024666,0.008191,0.011024906716158486
TD,2018-03-01 22:52:07,0.052,0.01,0.0122,0.0,0.7777777777777778,0.2222222222222222,0.041999999999999996,2401284.0,0.00759,-0.013324,2677.67,-0.016791,-0.011096,0.009590166874344486
TD,2018-05-24 23:03:08,0.0505,0.0033,0.0099,0.25,0.5625,0.1875,0.047200000000000006,1352358.0,-0.000679,-0.002023,2727.76,-0.005406,0.003248,0.004604184136919715
TD,2018-08-30 23:54:07,0.0545,0.0054,0.0109,0.3529411764705882,0.4117647058823529,0.2352941176470588,0.0491,1180068.0,-0.010094,-0.00443,2901.13,0.005896,0.005701,0.0074651422469141915
TD,2018-09-12 22:56:53,0.0181,0.0195,0.0181,0.5,0.5,0.0,-0.0013999999999999985,1028064.0,0.002154,0.000357,2888.92,0.000166,0.00374,0.0066542047767639105
TD,2018-11-30 01:02:21,0.0571,0.0065,0.0108,0.4615384615384615,0.3076923076923077,0.2307692307692307,0.0506,1453633.0,0.000905,0.008186,2760.17,-0.004146,-0.002198,0.014456280265760579
TD,2019-03-01 00:10:11,0.046,0.0164,0.0164,0.4285714285714285,0.5,0.0714285714285714,0.029599999999999998,1712172.0,-0.015336,0.006895,2803.69,-0.023153,-0.002826,0.011522875600300322
TD,2019-05-24 00:13:10,0.047,0.0055,0.0098,0.3888888888888889,0.5,0.1111111111111111,0.0415,1240079.0,0.011248,0.001354,2826.06,0.018919,-0.011914,0.009027830587811153
TD,2019-08-29 22:21:10,0.0265,0.0253,0.0051,0.3529411764705882,0.4705882352941176,0.1764705882352941,0.0011999999999999997,1569740.0,0.004829,0.012687,2924.58,-0.002224,0.006545,0.00882149943729629
TD,2019-09-10 20:19:09,0.0415,0.0304,0.0194,0.5,0.5,0.0,0.011100000000000002,1175629.0,0.011873,0.000322,2979.39,0.005426,-9.4e-05,0.007315745773481924
TD,2019-12-05 23:52:24,0.0355,0.0282,0.0233,0.4666666666666667,0.5333333333333333,0.0,0.0072999999999999975,2313531.0,-0.033496,0.0015,3117.43,0.006497,0.006324,0.012065699362702013
TD,2020-02-28 01:39:09,0.0134,0.0366,0.0061,0.4,0.4,0.2,-0.0232,3088642.0,-0.0075,-0.008238,2954.22,-0.053857,-0.044163,0.01803683273502053
TD,2020-05-29 01:56:08,0.0282,0.0388,0.0165,0.3684210526315789,0.4210526315789473,0.2105263157894736,-0.010600000000000002,2493009.0,-0.020371,0.004812,3044.31,-0.038301,-0.002108,0.044932314614564615
TD,2020-08-27 20:53:18,0.0404,0.0262,0.0166,0.4666666666666667,0.4,0.1333333333333333,0.014199999999999997,2009687.0,0.001982,0.001673,3484.55,0.030427,0.010196,0.013167391652613979
TD,2020-12-03 21:48:07,0.0367,0.0156,0.0089,0.375,0.5,0.125,0.021100000000000004,1689939.0,0.003104,-0.000624,3666.72,0.001829,0.001791,0.011940959362165316
TGT,2006-02-16 23:33:06,0.03,0.0072,0.0103,0.2222222222222222,0.3888888888888889,0.3888888888888889,0.0228,5917900.0,-0.021685,0.007328,1289.38,0.008479,0.003504,0.011274565486084154
TGT,2006-05-15 18:19:16,0.0335,0.0151,0.013,0.1666666666666666,0.6666666666666666,0.1666666666666666,0.0184,24871800.0,-0.041946,0.002525,1294.5,-0.022651,-0.011241,0.018112079272009484
TGT,2006-08-10 18:15:11,0.0371,0.0202,0.0146,0.2,0.6,0.2,0.016900000000000002,9260600.0,0.053887,0.004629,1271.81,-0.014367,-0.004349,0.021371773495014925
TGT,2006-11-14 22:00:09,0.04,0.0114,0.0126,0.1764705882352941,0.5882352941176471,0.2352941176470588,0.0286,7796800.0,0.024238,0.006356,1393.22,-0.003107,0.002549,0.018427546556717755
TGT,2007-02-27 21:26:18,0.0461,0.0099,0.0143,0.1764705882352941,0.6470588235294118,0.1764705882352941,0.0362,6495000.0,-0.05036,-0.034725,1399.04,-0.008716,-0.001254,0.01904943835159219
TGT,2007-05-23 18:48:03,0.0369,0.0119,0.0152,0.2142857142857142,0.5714285714285714,0.2142857142857142,0.025,15470120.0,0.009648,-0.001207,1522.28,-0.00172,-0.000643,0.006655157986270696
TGT,2007-08-21 20:46:50,0.024,0.0125,0.0146,0.1875,0.5,0.3125,0.0115,9771500.0,0.017093,0.001086,1447.12,-0.034161,-0.00027,0.03340374593498294
TGT,2007-11-20 22:13:10,0.016,0.0137,0.0091,0.2,0.6,0.2,0.0023,26882450.0,-0.041002,0.004486,1439.7,0.000371,-0.01746,0.03044980488698665
TGT,2008-02-26 20:55:12,0.0269,0.0235,0.0067,0.1875,0.625,0.1875,0.0034000000000000002,14776000.0,0.030798,0.006918,1381.29,0.022662,0.013813,0.02268628671662442
TGT,2008-05-20 22:47:12,0.042,0.0175,0.0035,0.1666666666666666,0.75,0.0833333333333333,0.0245,13699300.0,-0.011471,-0.009274,1413.4,0.000729,0.000898,0.014033135103904798
TGT,2008-08-19 20:43:21,0.0317,0.0352,0.007,0.2307692307692307,0.6153846153846154,0.1538461538461538,-0.003500000000000003,12873300.0,-0.006593,-0.009315,1266.69,-0.023152,-0.015098,0.03911428577742125
TGT,2008-11-17 22:37:18,0.0423,0.0341,0.0129,0.1764705882352941,0.5294117647058824,0.2941176470588235,0.008199999999999999,18709200.0,-0.040872,-0.02581,850.75,-0.065101,-0.041699,0.053509764862125886
TGT,2009-02-24 20:51:36,0.0437,0.0265,0.0173,0.2307692307692307,0.6153846153846154,0.1538461538461538,0.017200000000000003,26996800.0,-0.021104,0.040103,773.14,-0.04437,-0.034699,0.021390939287724463
TGT,2009-05-20 21:49:22,0.0411,0.0361,0.0349,0.3333333333333333,0.5555555555555556,0.1111111111111111,0.0049999999999999975,21713800.0,0.023844,-0.005131,903.47,0.00407,-0.001737,0.02664592878825756
TGT,2009-08-18 18:52:07,0.0505,0.0176,0.0106,0.2727272727272727,0.5454545454545454,0.1818181818181818,0.0329,20121700.0,0.075157,0.010146,989.67,-0.015465,-0.024261,0.028149395966679164
TGT,2009-11-17 19:31:23,0.0623,0.0084,0.0132,0.2307692307692307,0.6153846153846154,0.1538461538461538,0.0539,23494600.0,-0.030225,0.000919,1110.32,0.026536,0.014468,0.01675906199973959
TGT,2010-02-23 18:10:12,0.0624,0.02,0.0141,0.25,0.5833333333333334,0.1666666666666666,0.04239999999999999,15695000.0,-0.011453,-0.012103,1094.6,-0.001774,-0.001046,0.01213346715310837
TGT,2010-05-19 18:27:12,0.0484,0.0248,0.0189,0.2307692307692307,0.5384615384615384,0.2307692307692307,0.0236,10166900.0,-0.003504,-0.00513,1115.05,-0.029616,-0.014196,0.02367821626540132
TGT,2010-11-17 22:03:29,0.0608,0.0179,0.0167,0.2142857142857142,0.4285714285714285,0.3571428571428571,0.0429,10693600.0,0.038669,0.000212,1178.59,-0.006832,-0.016205,0.014146085638790827
TGT,2011-02-24 20:21:32,0.0422,0.0103,0.0171,0.2727272727272727,0.5454545454545454,0.1818181818181818,0.0319,17170400.0,0.03462,-0.000994,1306.1,-0.015861,-0.006112,0.016034588806008783
TGT,2011-05-18 20:11:46,0.0462,0.015,0.0127,0.25,0.5,0.25,0.0312,20200500.0,-0.016148,0.008804,1340.68,0.008741,-0.000369,0.014036363497082371
TGT,2011-08-04 11:01:03,0.0237,0.0089,0.0207,0.0,0.0,1.0,0.014799999999999999,12894900.0,-0.038995,-0.04782,1200.07,0.016343,0.005016,0.020484753131157062
TGT,2011-08-17 18:31:13,0.0571,0.0194,0.0114,0.2307692307692307,0.6923076923076923,0.0769230769230769,0.0377,21730800.0,0.023901,0.000947,1193.89,0.025816,-0.009739,0.03479254885811686
TGT,2011-08-18 21:41:10,0.0492,0.0082,0.0164,0.1739130434782608,0.4347826086956521,0.391304347826087,0.041,14250600.0,0.00178,-0.044594,1140.65,0.023901,0.000947,0.03159925235912331
TGT,2011-10-06 15:21:26,0.0165,0.0033,0.0231,0.0,0.0,1.0,0.0132,13757200.0,0.043207,0.018304,1164.97,0.005862,0.017866,0.023594288118572816
TGT,2011-11-04 01:01:11,0.0319,0.0096,0.0224,0.0,0.0,1.0,0.0223,5265400.0,-0.00134,-0.00628,1253.23,-0.01285,0.018782,0.014601616309314834
TGT,2011-11-16 19:21:11,0.053,0.0161,0.0081,0.2307692307692307,0.6153846153846154,0.1538461538461538,0.0369,13136800.0,-0.004513,-0.016616,1236.91,0.010066,0.004817,0.013970028250985669
TGT,2012-01-05 19:01:09,0.0175,0.0075,0.0224,0.0,0.0,1.0,0.010000000000000002,19513300.0,-0.0298,0.002944,1281.06,-0.021909,0.000188,0.01204797484549924
TGT,2012-02-02 21:41:11,0.0284,0.0063,0.0189,0.0,0.0,1.0,0.0221,9816200.0,0.01128,0.001095,1325.54,0.012005,0.0089,0.010486675257466486
TGT,2012-02-23 18:51:14,0.0482,0.0157,0.0112,0.4,0.5,0.1,0.0325,15639000.0,0.028884,0.004272,1363.46,0.008184,-0.00334,0.010799211660528421
TGT,2012-04-05 14:41:38,0.0272,0.0027,0.0217,0.0,0.0,1.0,0.024499999999999997,7552500.0,-0.001729,-0.000629,1398.08,-0.001037,-0.010202,0.006408533790536555
TGT,2012-05-03 17:11:15,0.0243,0.0091,0.0182,0.0,0.0,1.0,0.015199999999999998,11345200.0,-0.024664,-0.007659,1391.57,-0.000517,-0.002497,0.011343501090443516
TGT,2012-05-16 18:51:11,0.0435,0.0165,0.0141,0.2,0.6666666666666666,0.1333333333333333,0.026999999999999996,9027300.0,0.004357,-0.004404,1324.8,0.002913,-0.005746,0.009319998679065479
TGT,2012-06-13 23:01:05,0.012,0.0251,0.0087,1.0,0.0,0.0,-0.0131,4732800.0,-0.001891,-0.007023,1314.88,-0.009199,0.011651,0.012769347448741105
TGT,2012-08-15 18:21:10,0.04,0.0103,0.0126,0.25,0.5833333333333334,0.1666666666666666,0.0297,9059500.0,0.017671,0.00114,1405.53,0.013918,-0.000128,0.008403864944840266
TGT,2012-11-15 19:31:11,0.0472,0.0046,0.0069,0.2142857142857142,0.7142857142857143,0.0714285714285714,0.0426,8896100.0,0.017269,-0.001594,1353.33,-0.011435,-0.013852,0.010000108477745177
TGT,2013-02-27 18:50:07,0.0394,0.0174,0.0116,0.3333333333333333,0.5555555555555556,0.1111111111111111,0.022,13624700.0,-0.01452,0.012726,1515.99,0.018445,0.006109,0.01193064784540703
TGT,2013-05-22 17:35:04,0.0393,0.0185,0.0092,0.3333333333333333,0.5555555555555556,0.1111111111111111,0.020800000000000003,16202400.0,-0.040135,-0.008274,1655.35,0.008634,0.001722,0.015570932594991932
TGT,2013-05-31 01:30:05,0.031,0.0087,0.005,0.6666666666666666,0.3333333333333333,0.0,0.0223,5653700.0,-0.004583,-0.014307,1630.74,0.005762,0.00367,0.015841903258271995
TGT,2013-08-21 16:59:04,0.037,0.0157,0.0067,0.375,0.25,0.375,0.0213,15252700.0,-0.036056,-0.00578,1642.8,-0.00425,0.003821,0.011840201999027819
TGT,2013-11-02 08:02:38,0.0443,0.0082,0.007,0.3333333333333333,0.1666666666666666,0.5,0.0361,3768800.0,-0.002624,0.002903,1761.64,-0.014001,-0.003839,0.011168509262903437
TGT,2014-02-26 19:31:22,0.0432,0.0273,0.0057,0.3333333333333333,0.5555555555555556,0.1111111111111111,0.0159,24196700.0,0.07043,2.2e-05,1845.16,0.006591,-0.001348,0.023807162558076314
TGT,2014-05-21 20:55:08,0.0456,0.0215,0.0063,0.3333333333333333,0.4444444444444444,0.2222222222222222,0.024100000000000003,14802427.0,0.010422,0.008116,1888.03,-0.028821,-0.006498,0.01349484845907274
TGT,2014-08-20 21:36:09,0.0488,0.0098,0.0049,0.3636363636363636,0.4545454545454545,0.1818181818181818,0.03900000000000001,12834999.0,0.018228,0.002478,1986.51,0.011956,0.005001,0.01066788677605228
TGT,2014-11-19 22:24:04,0.036,0.0112,0.0074,0.3636363636363636,0.5454545454545454,0.0909090909090909,0.024799999999999996,25615383.0,0.073915,-0.001501,2048.72,0.005661,0.005134,0.02271783844862406
TGT,2015-02-25 21:49:10,0.0498,0.0134,0.0073,0.3636363636363636,0.4545454545454545,0.1818181818181818,0.036399999999999995,9410336.0,0.002599,-0.000766,2113.86,0.00339,0.002759,0.005496708352379231
TGT,2015-03-04 19:11:11,0.0493,0.0211,0.0155,0.5,0.5,0.0,0.028199999999999996,8019479.0,-0.00359,-0.004389,2098.53,0.004119,-0.004539,0.0054371828949684835
TGT,2015-03-05 05:40:10,0.0447,0.0118,0.0105,0.3571428571428571,0.3571428571428571,0.2857142857142857,0.0329,6622306.0,0.006176,0.001196,2101.04,-0.00359,-0.004389,0.00462609326538111
TGT,2015-05-20 19:34:07,0.0427,0.011,0.0098,0.3076923076923077,0.5384615384615384,0.1538461538461538,0.031700000000000006,10683386.0,0.003337,-0.000931,2125.85,-0.005615,-0.000643,0.013872108655299992
TGT,2015-08-19 18:13:13,0.0338,0.0082,0.007,0.3636363636363636,0.5454545454545454,0.0909090909090909,0.025599999999999998,21173761.0,0.007098,-0.008255,2079.61,0.016713,-0.002626,0.006816330770045652
TGT,2015-11-18 19:59:15,0.0383,0.0108,0.0108,0.3636363636363636,0.5454545454545454,0.0909090909090909,0.0275,25042825.0,-0.04293,0.016162,2083.58,0.008298,-0.001339,0.021962813992190546
TGT,2016-02-24 19:16:14,0.0407,0.0093,0.007,0.4,0.5,0.1,0.0314,15048367.0,0.03987,0.00444,1929.8,0.020974,-0.012454,0.01874955544480408
TGT,2016-05-18 22:50:23,0.0362,0.0233,0.0058,0.3076923076923077,0.4615384615384615,0.2307692307692307,0.012900000000000002,36439310.0,-0.076212,0.000205,2047.63,-0.013403,-0.009411,0.030402830654215316
TGT,2016-08-17 17:34:32,0.054,0.0204,0.006,0.3333333333333333,0.3333333333333333,0.3333333333333333,0.0336,19611514.0,-0.064256,0.001869,2182.22,-0.000662,-0.005479,0.02570054821291658
TGT,2016-11-16 19:52:07,0.059,0.0118,0.0059,0.3571428571428571,0.5,0.1428571428571428,0.0472,22059179.0,0.06425,-0.001582,2176.94,-0.010115,0.007481,0.024667270282929876
TGT,2017-03-03 18:46:33,0.0476,0.0193,0.0077,0.2857142857142857,0.4285714285714285,0.2857142857142857,0.028300000000000002,9081381.0,-0.010354,0.000504,2383.12,0.002075,-0.00586,0.04038640570015836
TGT,2017-05-17 17:50:10,0.0306,0.0141,0.0094,0.4166666666666667,0.4166666666666667,0.1666666666666666,0.0165,23241063.0,0.009353,-0.018178,2357.03,-0.014815,-0.000687,0.01523437758674638
TGT,2017-08-16 19:44:10,0.0422,0.007,0.0047,0.3571428571428571,0.2142857142857142,0.4285714285714285,0.0352,22059362.0,0.036063,0.00142,2468.11,-0.025811,-0.000499,0.02163062890671477
TGT,2017-11-15 19:02:56,0.0329,0.0097,0.0049,0.0,0.5384615384615384,0.4615384615384615,0.0232,34811172.0,-0.098685,-0.005526,2564.62,0.005132,-0.00231,0.03625780715254463
TGT,2018-03-07 03:18:10,0.0506,0.0114,0.0063,0.3333333333333333,0.5833333333333334,0.0833333333333333,0.0392,7684566.0,-0.005015,-0.000484,2726.8,-0.044583,0.002639,0.021024306279743193
TGT,2018-05-23 18:12:10,0.033,0.0083,0.0047,0.4166666666666667,0.5,0.0833333333333333,0.0247,17346573.0,-0.056976,0.003248,2733.29,-0.018213,-0.003136,0.02611332364564547
TGT,2018-08-22 18:23:09,0.0566,0.0229,0.0108,0.4545454545454545,0.2727272727272727,0.2727272727272727,0.033699999999999994,19633841.0,0.032064,-0.000398,2861.82,-0.0006,0.002069,0.015264599840080384
TGT,2018-11-20 19:15:08,0.047,0.005,0.005,0.3846153846153846,0.3846153846153846,0.2307692307692307,0.042,20866382.0,-0.104384,-0.018151,2641.89,-0.02372,-0.016643,0.03250264420098097
TGT,2019-03-06 01:17:23,0.0486,0.0038,0.0026,0.2941176470588235,0.4705882352941176,0.2352941176470588,0.0448,7874162.0,0.011842,-0.006524,2771.45,0.045824,-0.001131,0.016427273671144303
TGT,2019-05-22 17:07:10,0.0308,0.0118,0.0059,0.3846153846153846,0.3846153846153846,0.2307692307692307,0.019000000000000003,20777816.0,0.077821,-0.002824,2856.27,-0.001665,0.008496,0.029538452856498087
TGT,2019-08-21 17:07:37,0.0436,0.0179,0.0051,0.4166666666666667,0.4166666666666667,0.1666666666666666,0.0257,41478385.0,0.204256,0.008247,2924.43,-0.004505,-0.007915,0.0657981630733125
TGT,2019-11-20 18:07:40,0.0559,0.0114,0.0064,0.3076923076923077,0.4615384615384615,0.2307692307692307,0.0445,32377978.0,0.14055,-0.003756,3108.46,-0.004019,-0.000593,0.045855056602298556
TGT,2020-03-04 00:42:12,0.0443,0.0117,0.0052,0.25,0.5625,0.1875,0.0326,6834765.0,0.018708,0.042203,3130.12,-0.029525,-0.028108,0.029941361544043314
TGT,2020-05-20 19:01:55,0.0279,0.0317,0.0139,0.3333333333333333,0.5833333333333334,0.0833333333333333,-0.003799999999999998,12896985.0,-0.028741,0.016651,2971.61,-0.010942,-0.010484,0.020778042401642396
TGT,2020-08-19 17:58:10,0.0344,0.0234,0.0037,0.4,0.4,0.2,0.011,40211846.0,0.126516,-0.004404,3374.85,-0.004774,0.002303,0.03928640443602742
TGT,2020-11-18 18:46:16,0.035,0.0128,0.0117,0.3333333333333333,0.5833333333333334,0.0833333333333333,0.022200000000000004,13092322.0,0.023369,-0.011564,3567.79,-0.008839,-0.004792,0.01961284155881335
TGT,2021-03-02 21:44:09,0.0281,0.0183,0.0061,0.2857142857142857,0.4285714285714285,0.2857142857142857,0.0098,22090539.0,-0.067709,-0.008081,3870.29,0.014446,0.023791,0.02339857247687476
TMO,2006-10-25 16:49:51,0.0358,0.0081,0.0127,0.0,0.8333333333333334,0.1666666666666666,0.0277,4127000.0,-0.023729,0.003514,1382.22,0.046347,0.000261,0.020844984624871065
TMO,2007-07-27 01:14:58,0.0354,0.0035,0.0024,0.3333333333333333,0.5833333333333334,0.0833333333333333,0.0319,2741906.0,-0.00571,-0.015992,1458.95,-0.01036,-0.023339,0.013900944252899587
TMO,2007-10-25 18:05:21,0.0319,0.0074,0.0037,0.3333333333333333,0.5833333333333334,0.0833333333333333,0.024499999999999997,5677170.0,-0.019973,-0.000976,1514.4,-0.007226,-0.002441,0.012745334704205384
TMO,2008-02-07 00:26:10,0.0488,0.0049,0.0049,0.4,0.4,0.2,0.0439,4679400.0,0.026642,0.007886,1336.91,0.075836,-0.007624,0.03154421918249575
TMO,2008-04-24 17:43:12,0.0441,0.0095,0.0072,0.25,0.6666666666666666,0.0833333333333333,0.0346,7306900.0,-0.009622,0.006442,1388.82,0.017035,0.0029,0.019768034101380266
TMO,2008-07-24 17:16:14,0.0455,0.0108,0.0084,0.4,0.6,0.0,0.034699999999999995,4675800.0,0.000851,-0.023125,1252.54,-0.00927,0.004064,0.02349153516671247
TMO,2008-08-01 03:26:33,0.0455,0.0108,0.0084,0.4,0.6,0.0,0.034699999999999995,2914400.0,-0.005288,-0.005578,1260.31,0.016289,-0.013144,0.020620787345944542
TMO,2008-09-09 17:14:22,0.0455,0.0108,0.0084,0.4,0.6,0.0,0.034699999999999995,1926000.0,-0.025354,-0.034138,1224.51,0.028379,0.02051,0.01988285321605305
TMO,2008-10-24 08:45:12,0.041,0.007,0.0082,0.2727272727272727,0.6363636363636364,0.0909090909090909,0.034,5525000.0,-0.025254,-0.034511,876.77,-0.063856,0.012634,0.07630013484107788
TMO,2009-02-04 17:51:28,0.0327,0.0158,0.0194,0.25,0.6666666666666666,0.0833333333333333,0.0169,10509700.0,0.01063,-0.007489,832.23,0.023431,0.015834,0.02308622307880709
TMO,2009-07-23 18:19:26,0.0492,0.0132,0.0108,0.1818181818181818,0.6363636363636364,0.1818181818181818,0.036000000000000004,15060400.0,0.050454,0.02329,976.29,0.004564,-0.000534,0.014970258835808813
TMO,2009-10-22 18:29:12,0.0692,0.0097,0.0121,0.2307692307692307,0.6923076923076923,0.0769230769230769,0.0595,6223900.0,-0.005496,0.010644,1092.91,0.001482,-0.008854,0.011359468583031948
TMO,2010-02-03 20:43:11,0.0506,0.0138,0.0092,0.2142857142857142,0.7142857142857143,0.0714285714285714,0.0368,6484600.0,0.017017,-0.005474,1097.28,0.014493,0.012973,0.0134153567410222
TMO,2010-04-30 22:30:12,0.0502,0.014,0.0047,0.2142857142857142,0.7142857142857143,0.0714285714285714,0.0362,2815000.0,-0.011798,-0.016648,1186.69,0.000179,0.012943,0.01570508466990515
TMO,2010-07-27 19:06:35,0.054,0.0132,0.0024,0.2142857142857142,0.7142857142857143,0.0714285714285714,0.0408,19242700.0,-0.094528,-0.001049,1113.84,-0.001957,0.0112,0.03455907190127911
TMO,2010-10-27 20:06:26,0.0481,0.007,0.007,0.1764705882352941,0.7647058823529411,0.0588235294117647,0.0411,6863500.0,0.019674,-0.002691,1182.45,0.001792,1.7e-05,0.01756791314995739
TMO,2011-02-02 19:31:20,0.0525,0.0034,0.0057,0.1764705882352941,0.7647058823529411,0.0588235294117647,0.0491,4128900.0,-0.023515,-0.002723,1304.03,0.002445,0.016694,0.012814248153260282
TMO,2011-04-27 19:21:26,0.0467,0.0132,0.0084,0.1875,0.75,0.0625,0.0335,5678300.0,0.029614,0.00625,1355.66,0.021456,0.00898,0.016110231740177523
TMO,2011-07-27 16:41:12,0.0529,0.0071,0.0059,0.1875,0.625,0.1875,0.0458,5866000.0,-0.024695,-0.020309,1304.89,-0.039182,-0.004105,0.01918310379242922
TMO,2011-10-26 18:01:12,0.0569,0.0071,0.0024,0.2,0.8,0.0,0.0498,16623000.0,-0.09149,0.010537,1242.0,-0.022765,-0.020045,0.03533713018027609
TMO,2012-01-10 23:01:03,0.0522,0.0102,0.0025,0.5,0.5,0.0,0.042,4483200.0,0.029369,0.008886,1292.08,0.00105,0.002262,0.022278998367670572
TMO,2012-02-01 18:41:09,0.0501,0.0128,0.0082,0.2307692307692307,0.7692307692307693,0.0,0.0373,4329400.0,0.034215,0.0089,1324.09,0.00858,-0.000457,0.016363138480540183
TMO,2012-04-25 17:21:12,0.0473,0.0071,0.0095,0.15,0.8,0.05,0.0402,4269000.0,0.044179,0.013645,1390.69,-0.018791,0.00368,0.02083267555788266
TMO,2012-05-23 20:01:03,0.0521,0.0104,0.0052,0.3888888888888889,0.5555555555555556,0.0555555555555555,0.0417,3703500.0,-0.007012,0.001694,1318.86,-0.011171,0.000486,0.012258331692272785
TMO,2012-07-25 16:31:12,0.0464,0.0095,0.0071,0.2,0.7333333333333333,0.0666666666666666,0.036899999999999995,5780800.0,0.087585,-0.000314,1337.89,-0.018146,-0.009041,0.032162188006173424
TMO,2012-10-24 16:41:07,0.0502,0.0049,0.0025,0.1666666666666666,0.7777777777777778,0.0555555555555555,0.0453,4480600.0,0.047735,-0.003085,1408.75,-0.014371,-0.014444,0.02064787051409099
TMO,2013-01-31 17:11:23,0.0633,0.0085,0.0061,0.2142857142857142,0.6428571428571429,0.1428571428571428,0.054799999999999995,3841400.0,0.024861,-0.002563,1498.11,-0.000426,-0.0039,0.01100475457649511
TMO,2013-04-16 05:41:06,0.0584,0.0072,0.0107,0.25,0.625,0.125,0.0512,8360300.0,0.041232,0.014307,1574.57,-0.01269,-0.022966,0.02054723245922269
TMO,2013-04-24 17:21:10,0.0354,0.011,0.0073,0.1875,0.6875,0.125,0.0244,4223300.0,0.006944,6e-06,1578.79,0.00863,0.010419,0.017091695118130096
TMO,2013-05-22 18:41:12,0.0098,0.0195,0.0061,1.0,0.0,0.0,-0.0097,2421900.0,-0.01225,-0.008274,1655.35,0.006568,0.001722,0.008956854088722658
TMO,2013-05-22 18:51:09,0.0679,0.0186,0.0067,0.4,0.5333333333333333,0.0666666666666666,0.049300000000000004,2421900.0,-0.01225,-0.008274,1655.35,0.006568,0.001722,0.008956854088722658
TMO,2013-06-11 22:01:11,0.0415,0.0069,0.0124,0.3333333333333333,0.6666666666666666,0.0,0.034600000000000006,2417600.0,-0.004429,-0.010153,1626.13,0.014424,-0.000347,0.014528354362724292
TMO,2013-07-24 17:02:30,0.0513,0.01,0.0075,0.2,0.6666666666666666,0.1333333333333333,0.041299999999999996,3072300.0,0.012176,-0.003811,1685.94,-0.008967,-0.001852,0.00769098902757138
TMO,2013-09-10 19:57:11,0.0389,0.0101,0.0302,0.5,0.5,0.0,0.0288,2844200.0,-0.003732,0.007346,1683.99,0.006629,0.009993,0.008499065047273074
TMO,2013-10-23 17:01:19,0.0447,0.0109,0.0109,0.2,0.6666666666666666,0.1333333333333333,0.0338,2098700.0,0.017324,-0.004725,1746.38,0.005984,0.005738,0.012648791055538384
TMO,2014-01-30 18:11:16,0.068,0.0095,0.0084,0.1666666666666666,0.7222222222222222,0.1111111111111111,0.0585,5155900.0,0.028993,0.011267,1794.19,-0.005075,-0.010209,0.016252858362283403
TMO,2014-04-23 16:27:07,0.0541,0.0108,0.0072,0.2142857142857142,0.6428571428571429,0.1428571428571428,0.043300000000000005,4405399.0,-0.007977,-0.002213,1875.39,0.008294,0.004092,0.015678255359644563
TMO,2014-07-23 18:47:09,0.0664,0.0071,0.0024,0.2142857142857142,0.5714285714285714,0.2142857142857142,0.0593,3888988.0,0.007639,0.001754,1987.01,0.007532,0.005016,0.007236516040195115
TMO,2014-10-22 19:39:11,0.0593,0.0058,0.0023,0.25,0.5,0.25,0.0535,6596471.0,-0.037134,-0.007299,1927.11,0.034024,0.019574,0.024853216408210317
TMO,2015-01-29 19:33:04,0.0596,0.0093,0.0058,0.3,0.6,0.1,0.0503,4902995.0,0.029114,0.009535,2021.25,-0.004324,-0.013496,0.01386110899683801
TMO,2015-04-22 18:31:19,0.0531,0.0094,0.0059,0.2142857142857142,0.7142857142857143,0.0714285714285714,0.0437,3480915.0,-0.027893,0.005088,2107.96,0.003059,-0.001481,0.011534909948114581
TMO,2015-07-22 17:40:07,0.0499,0.0071,0.0048,0.2857142857142857,0.6428571428571429,0.0714285714285714,0.0428,3407463.0,0.026306,-0.002388,2114.15,0.002203,-0.004262,0.013828613951594126
TMO,2015-10-21 16:20:07,0.0629,0.0047,0.0035,0.2142857142857142,0.6428571428571429,0.1428571428571428,0.058199999999999995,4248006.0,-0.01174,-0.005825,2018.94,-0.003178,-0.001421,0.010503868642341126
TMO,2016-01-28 18:20:09,0.0861,0.006,0.0024,0.3,0.7,0.0,0.08009999999999999,4610503.0,-0.056394,0.005529,1893.36,0.012901,-0.010863,0.024201187961888738
TMO,2016-04-28 17:58:20,0.0672,0.0072,0.0036,0.2307692307692307,0.6923076923076923,0.0769230769230769,0.06,3063539.0,-0.012369,-0.009231,2075.81,0.010508,0.001649,0.00754457152969394
TMO,2016-05-27 16:13:37,0.0516,0.0106,0.0106,0.3333333333333333,0.4666666666666667,0.2,0.041,1847627.0,0.006151,0.004287,2099.06,0.000265,-0.00021,0.008634199053119556
TMO,2016-07-28 17:18:43,0.0649,0.0035,0.0047,0.2,0.4666666666666667,0.3333333333333333,0.061399999999999996,1654701.0,-0.000503,0.001606,2170.06,6.3e-05,-0.001199,0.005993865697527907
TMO,2016-10-27 20:02:28,0.0504,0.0117,0.0047,0.0,0.5384615384615384,0.4615384615384615,0.0387,2999764.0,0.007971,-0.002987,2133.04,0.000473,-0.00174,0.013103266278129173
TMO,2017-01-31 18:32:17,0.0658,0.0068,0.0023,0.0,0.6666666666666666,0.3333333333333333,0.059,5340687.0,0.063508,-0.00089,2278.87,-0.01485,-0.00601,0.02264202711380374
TMO,2017-04-26 17:50:05,0.0649,0.0083,0.0035,0.0,0.6923076923076923,0.3076923076923077,0.0566,4182918.0,0.057931,-0.000486,2387.45,0.009343,0.006091,0.018112066661943028
TMO,2017-05-16 22:12:07,0.0423,0.0097,0.0085,0.3333333333333333,0.6666666666666666,0.0,0.0326,1482308.0,5.8e-05,-0.000687,2400.67,0.004314,0.004776,0.005655715917940524
TMO,2017-07-26 16:46:24,0.0601,0.0083,0.0024,0.0,0.6666666666666666,0.3333333333333333,0.0518,3944043.0,-0.028146,0.000283,2477.83,-0.011144,0.002923,0.010642655302027737
TMO,2017-10-25 16:18:45,0.0667,0.0095,0.0024,0.0,0.6153846153846154,0.3846153846153846,0.057199999999999994,2120025.0,0.027215,-0.004663,2557.15,5.1e-05,0.001618,0.011670747055970574
TMO,2018-01-31 17:36:11,0.0664,0.0046,0.0023,0.2727272727272727,0.6363636363636364,0.0909090909090909,0.0618,3414180.0,0.044218,0.000489,2823.81,-0.019149,-0.010899,0.016160520333000875
TMO,2018-04-25 16:40:14,0.0631,0.0069,0.0034,0.0,0.6428571428571429,0.3571428571428571,0.0562,2246495.0,0.006098,0.001837,2639.4,-0.014698,-0.013381,0.008457855946462575
TMO,2018-07-25 16:48:12,0.0656,0.0047,0.0023,0.0,0.6923076923076923,0.3076923076923077,0.0609,2304420.0,0.035592,0.009102,2846.07,0.013365,0.004781,0.01322119655704434
TMO,2018-10-24 17:46:17,0.0618,0.0047,0.0035,0.0,0.7142857142857143,0.2857142857142857,0.0571,4875767.0,-0.012403,-0.030864,2656.1,-0.010807,-0.005512,0.017632546217151993
TMO,2019-01-30 20:28:11,0.0736,0.0045,0.0023,0.25,0.75,0.0,0.0691,2539383.0,0.034445,0.015549,2681.05,-0.00412,-0.001456,0.013203818286558078
TMO,2019-03-13 18:45:23,0.067,0.0246,0.0082,0.5,0.5,0.0,0.04240000000000001,1569114.0,0.015495,0.00695,2810.92,0.002359,0.002953,0.013824759672815733
TMO,2019-04-24 17:17:03,0.0591,0.0068,0.0023,0.2142857142857142,0.5714285714285714,0.2142857142857142,0.0523,2769972.0,-0.008942,-0.002192,2927.25,0.018642,0.008841,0.018425883366129915
TMO,2019-07-24 19:20:40,0.0565,0.0264,0.0138,0.1875,0.375,0.4375,0.030100000000000002,2538263.0,-0.017914,0.004688,3019.56,0.006479,0.006848,0.012720348697613978
TMO,2019-10-23 19:59:10,0.0583,0.0363,0.0155,0.3,0.6,0.1,0.022,2111017.0,0.056728,0.002847,3004.52,-0.008994,-0.003569,0.019941109502176115
TMO,2020-01-30 18:45:12,0.0465,0.0264,0.0151,0.3,0.5,0.2,0.0201,3670005.0,-0.04202,0.003134,3283.66,0.00189,-0.000867,0.015145453067578498
TMO,2020-04-22 18:19:10,0.0271,0.0312,0.0204,0.3333333333333333,0.4444444444444444,0.2222222222222222,-0.0040999999999999995,2322398.0,0.049966,0.02293,2799.31,-0.023047,-0.030675,0.024494203872435748
TMO,2020-07-22 18:19:07,0.0383,0.0173,0.0062,0.3,0.3,0.4,0.021,2284124.0,0.019028,0.005747,3276.02,0.000298,0.001679,0.012339131485733668
TMO,2020-10-21 16:02:22,0.0416,0.0071,0.0036,0.2727272727272727,0.4545454545454545,0.2727272727272727,0.034499999999999996,2212934.0,0.007523,-0.002196,3435.56,0.008606,0.004727,0.010439019699079963
TMO,2021-02-01 18:10:10,0.0378,0.0069,0.0023,0.375,0.375,0.25,0.0309,2083065.0,0.01132,0.016052,3773.86,0.026627,-0.019312,0.023640618254041807
TMUS,2007-11-14 19:21:49,0.0239,0.0076,0.0176,0.3333333333333333,0.5,0.1666666666666666,0.016300000000000002,,,,,,,
TMUS,2008-03-04 11:48:34,0.03,0.0168,0.0312,0.3636363636363636,0.6363636363636364,0.0,0.0132,,,,,,,
TMUS,2008-05-06 21:08:12,0.0311,0.0132,0.0275,0.3333333333333333,0.5833333333333334,0.0833333333333333,0.0179,,,,,,,
TMUS,2008-08-07 17:32:19,0.0455,0.0168,0.024,0.3333333333333333,0.5,0.1666666666666666,0.0287,,,,,,,
TMUS,2008-11-05 20:34:16,0.0478,0.0191,0.0239,0.3636363636363636,0.6363636363636364,0.0,0.028700000000000003,,,,,,,
TMUS,2009-02-26 21:04:26,0.0486,0.0162,0.022,0.4,0.5,0.1,0.0324,,,,,,,
TMUS,2009-05-07 19:08:26,0.0271,0.0071,0.0212,0.3333333333333333,0.6666666666666666,0.0,0.019999999999999997,,,,,,,
TMUS,2009-11-05 22:31:23,0.0383,0.012,0.0192,0.2142857142857142,0.4285714285714285,0.3571428571428571,0.0263,,,,,,,
TMUS,2010-11-04 20:06:27,0.026,0.0124,0.0181,0.3333333333333333,0.5,0.1666666666666666,0.0136,,,,,,,
TMUS,2011-02-24 18:42:17,0.033,0.0068,0.0159,0.3333333333333333,0.5,0.1666666666666666,0.0262,,,,,,,
TMUS,2011-05-03 16:41:19,0.0264,0.0069,0.0184,0.3333333333333333,0.5,0.1666666666666666,0.0195,,,,,,,
TMUS,2011-08-02 18:12:00,0.032,0.0107,0.0189,0.2857142857142857,0.5,0.2142857142857142,0.0213,,,,,,,
TMUS,2011-11-01 18:01:13,0.0369,0.0058,0.0173,0.3076923076923077,0.6153846153846154,0.0769230769230769,0.031100000000000003,,,,,,,
TMUS,2012-02-23 18:41:14,0.0231,0.0066,0.0176,0.3636363636363636,0.5454545454545454,0.0909090909090909,0.0165,,,,,,,
TMUS,2012-04-26 18:01:09,0.0243,0.0099,0.0188,0.2666666666666666,0.7333333333333333,0.0,0.014399999999999998,,,,,,,
TMUS,2012-07-26 17:11:11,0.0218,0.0044,0.0164,0.3076923076923077,0.6923076923076923,0.0,0.0174,,,,,,,
TMUS,2012-10-30 17:01:08,0.0309,0.0085,0.0224,0.3636363636363636,0.6363636363636364,0.0,0.0224,,,,,,,
TMUS,2013-02-26 18:21:09,0.0262,0.0098,0.0153,0.2307692307692307,0.6153846153846154,0.1538461538461538,0.0164,,,,,,,
TMUS,2014-02-26 02:02:27,0.0255,0.0071,0.0112,0.3125,0.5625,0.125,0.0184,5026900.0,-0.004595,2.2e-05,1845.16,-0.056948,-0.001348,0.021185456420226883
TMUS,2014-05-01 17:31:12,0.0283,0.0196,0.0141,0.3333333333333333,0.5,0.1666666666666666,0.0087,10340614.0,0.080574,-0.000143,1883.68,0.008609,0.002992,0.03471596307960423
TMUS,2014-07-31 18:11:16,0.0256,0.0096,0.0075,0.2727272727272727,0.5454545454545454,0.1818181818181818,0.016,29269875.0,0.064641,-0.019999,1930.67,-0.006423,6.1e-05,0.02244983642009198
TMUS,2014-10-28 20:41:10,0.0358,0.0127,0.015,0.3846153846153846,0.6153846153846154,0.0,0.0231,7744801.0,0.030725,0.011939,1985.05,-0.004623,-0.001502,0.01934467073209914
TMUS,2015-02-19 19:41:10,0.0277,0.0133,0.0055,0.3157894736842105,0.5789473684210527,0.1052631578947368,0.0144,11834062.0,0.027419,-0.001062,2097.45,-0.023929,-0.000314,0.013627658510870026
TMUS,2015-04-28 23:57:05,0.0418,0.0187,0.0077,0.4615384615384615,0.3076923076923077,0.2307692307692307,0.023099999999999996,10224765.0,-0.002642,0.002769,2114.76,-0.007287,-0.004141,0.010726449013743738
TMUS,2015-07-31 05:24:05,0.0297,0.0183,0.008,0.3157894736842105,0.4210526315789473,0.2631578947368421,0.0114,10469861.0,0.04632,-0.002272,2103.84,0.049136,2.8e-05,0.023971941693247213
TMUS,2015-10-27 22:02:17,0.0361,0.023,0.0044,0.375,0.4375,0.1875,0.0131,11910765.0,-0.057032,-0.002554,2065.89,0.002665,-0.001913,0.023158282623190245
TMUS,2016-02-17 19:48:11,0.0447,0.0101,0.0089,0.3125,0.5,0.1875,0.0346,9705897.0,0.010974,0.01648,1926.82,0.038166,0.016517,0.0365141421614816
TMUS,2016-04-26 19:59:15,0.0401,0.0089,0.01,0.2941176470588235,0.5294117647058824,0.1764705882352941,0.0312,14907585.0,-0.044925,0.001873,2091.7,0.023869,-0.001812,0.018326942778628154
TMUS,2016-07-28 00:36:37,0.0378,0.0171,0.0085,0.2941176470588235,0.4705882352941176,0.2352941176470588,0.0207,3421991.0,0.012708,0.001606,2170.06,0.014673,-0.001199,0.008235030230667016
TMUS,2016-10-24 23:28:18,0.0386,0.0114,0.0125,0.0,0.5263157894736842,0.4736842105263157,0.027200000000000002,21198268.0,0.094973,0.00475,2151.33,-0.006376,-8.4e-05,0.030776330545115707
TMUS,2017-02-14 20:04:23,0.0409,0.0097,0.0097,0.0,0.5882352941176471,0.4117647058823529,0.0312,17976424.0,0.011494,0.004007,2337.58,-0.023882,0.005246,0.016276769328981974
TMUS,2017-04-25 03:31:04,0.032,0.0132,0.0077,0.0,0.5789473684210527,0.4210526315789473,0.0188,6728291.0,0.021538,0.006091,2388.61,0.019011,0.01084,0.009776498261988613
TMUS,2017-07-20 01:01:46,0.0324,0.0119,0.0086,0.3333333333333333,0.4666666666666667,0.2,0.020499999999999997,13594524.0,-0.013716,-0.000154,2473.45,0.009448,0.005373,0.008571780745886765
TMUS,2018-02-09 17:58:09,0.0401,0.0105,0.0116,0.3125,0.5625,0.125,0.029599999999999994,5150920.0,0.005435,0.014936,2619.55,-0.051241,-0.037536,0.020720344846175777
TMUS,2018-05-02 03:19:11,0.0374,0.0146,0.0042,0.3125,0.375,0.3125,0.0228,14925633.0,-0.041393,-0.007206,2635.67,-0.017848,0.002549,0.02520125961336057
TMUS,2018-08-02 00:55:08,0.038,0.0051,0.0082,0.3846153846153846,0.2307692307692307,0.3846153846153846,0.0329,6326314.0,0.047507,0.004926,2827.22,-0.010667,-0.00104,0.016858715912943432
TMUS,2018-10-03 02:28:08,0.0306,0.0199,0.0066,0.5,0.5,0.0,0.010699999999999998,5561275.0,-0.010614,0.000711,2925.51,-0.007544,-0.000397,0.01093593128737653
TMUS,2018-10-31 03:08:28,0.0345,0.0073,0.0105,0.0,0.4285714285714285,0.5714285714285714,0.027200000000000002,9200483.0,0.072434,0.010851,2711.74,-0.015252,0.015667,0.031283646729028655
TMUS,2018-11-16 21:10:08,0.0353,0.0052,0.0013,0.6666666666666666,0.3333333333333333,0.0,0.0301,5832193.0,0.01557,0.002223,2736.27,-0.000587,0.010594,0.012031441816248642
TMUS,2018-12-04 19:57:09,0.0257,0.0103,0.0077,0.5,0.5,0.0,0.0154,5329090.0,-0.018142,-0.032365,2700.06,-0.009496,0.010941,0.012290893458166434
TMUS,2019-01-10 01:30:07,0.0427,0.0133,0.0027,0.6666666666666666,0.3333333333333333,0.0,0.029400000000000003,3230323.0,0.003544,0.004518,2596.64,-0.000738,0.004098,0.014910037567580631
TMUS,2019-02-07 19:45:08,0.0317,0.0092,0.0051,0.3125,0.375,0.3125,0.0225,7537671.0,0.020018,-0.009357,2706.05,0.001346,-0.002224,0.016216021116304796
TMUS,2019-04-26 03:34:11,0.0314,0.0084,0.0105,0.3125,0.375,0.3125,0.023,3551918.0,0.002888,0.004685,2939.88,-0.008455,-0.000369,0.010712149399941426
TMUS,2019-07-29 10:20:11,0.0295,0.0351,0.007,0.3684210526315789,0.3157894736842105,0.3157894736842105,-0.005600000000000001,5844939.0,-0.022196,-0.001616,3020.97,0.054311,0.007388,0.022634644670160905
TMUS,2019-09-17 20:18:12,0.0345,0.0179,0.0051,0.6,0.2,0.2,0.016600000000000004,2853920.0,0.00817,0.002582,3005.7,0.002015,-0.003136,0.008520088667378944
TMUS,2019-10-29 03:21:55,0.0423,0.0317,0.0053,0.375,0.375,0.25,0.010599999999999998,4209130.0,-0.007525,-0.000832,3036.89,0.009434,0.005581,0.0065787595968641675
TMUS,2020-02-07 05:58:10,0.0359,0.0226,0.0146,0.4,0.4,0.2,0.013300000000000003,6715670.0,0.032258,-0.005401,3327.71,0.011982,0.003326,0.017402402516447077
TMUS,2020-05-07 02:07:17,0.0361,0.0301,0.0108,0.4666666666666667,0.3333333333333333,0.2,0.006000000000000002,10420089.0,0.100474,0.011505,2881.19,-0.026751,-0.006979,0.03863215511059265
TMUS,2020-08-07 06:22:07,0.0359,0.0146,0.0067,0.5,0.25,0.25,0.0213,13735943.0,0.064662,0.000633,3351.28,0.001854,0.006428,0.021489113140275403
TMUS,2020-11-06 05:12:09,0.0335,0.0056,0.0056,0.4,0.3333333333333333,0.2666666666666666,0.0279,8895708.0,0.053727,-0.000288,3509.44,0.010688,0.01946,0.023402587619511007
TMUS,2021-02-05 03:33:15,0.041,0.008,0.0057,0.3333333333333333,0.3333333333333333,0.3333333333333333,0.033,10253517.0,-0.040735,0.003897,3886.83,0.009508,0.010853,0.030635353234276397
TSLA,2011-08-04 02:55:54,0.0228,0.0241,0.019,0.2727272727272727,0.3636363636363636,0.3636363636363636,-0.001299999999999999,3108883.0,-0.090074,-0.04782,1200.07,-0.005121,0.005016,0.03506556742827169
TSLA,2011-11-03 04:07:59,0.0254,0.0307,0.0187,0.2307692307692307,0.4615384615384615,0.3076923076923077,-0.005300000000000003,2556316.0,0.130617,0.018782,1261.15,-0.005886,0.016105,0.04448374658281883
TSLA,2012-02-16 05:34:04,0.0251,0.0172,0.0119,0.2142857142857142,0.5714285714285714,0.2142857142857142,0.0079,2250295.0,0.017262,0.011026,1358.04,0.012964,-0.005383,0.02545958606825079
TSLA,2012-05-10 03:31:08,0.0364,0.0234,0.0156,0.25,0.3125,0.4375,0.013000000000000001,5630476.0,0.096474,0.002517,1357.99,-0.004306,-0.006702,0.04397045077081759
TSLA,2012-07-26 03:25:06,0.0168,0.0259,0.0323,0.25,0.5625,0.1875,-0.0091,2288568.0,-0.028325,0.016541,1360.02,-0.029826,-0.000314,0.03825123393928336
TSLA,2012-11-05 19:14:07,0.0218,0.0282,0.0193,0.1764705882352941,0.4705882352941176,0.3529411764705882,-0.0063999999999999994,1954086.0,0.089279,0.002164,1417.26,-0.011188,-0.009379,0.034378683444024574
TSLA,2013-02-21 01:46:17,0.0287,0.0274,0.0222,0.3076923076923077,0.4615384615384615,0.2307692307692307,0.001299999999999999,8961030.0,-0.087701,-0.006303,1502.42,-0.018839,-0.012404,0.037604974958847695
TSLA,2013-05-09 01:24:05,0.0285,0.0233,0.0246,0.2142857142857142,0.6428571428571429,0.1428571428571428,0.0052,28844209.0,0.244029,-0.003687,1626.67,0.004981,0.004139,0.0870416192695579
TSLA,2013-08-08 00:44:07,0.0215,0.019,0.0215,0.1538461538461538,0.6153846153846154,0.2307692307692307,0.0024999999999999988,27739536.0,0.143411,0.003885,1697.48,-0.055716,-0.003806,0.05361366626109019
TSLA,2013-11-06 01:13:10,0.0218,0.0244,0.0231,0.1538461538461538,0.6153846153846154,0.2307692307692307,-0.0026000000000000016,31782696.0,-0.145071,0.004266,1770.49,0.00919,-0.002806,0.06078149938235047
TSLA,2014-02-20 03:01:10,0.0327,0.0239,0.0176,0.1875,0.8125,0.0,0.008799999999999999,18023328.0,0.084332,0.006031,1839.78,-0.049386,-0.006524,0.0374822173109389
TSLA,2014-05-08 05:17:13,0.0346,0.0243,0.0077,0.2857142857142857,0.5714285714285714,0.1428571428571428,0.0103,20056765.0,-0.113037,-0.001374,1875.63,-0.028609,0.005616,0.04442913651547949
TSLA,2014-08-01 05:23:08,0.033,0.0216,0.0254,0.2857142857142857,0.5714285714285714,0.1428571428571428,0.0114,11899993.0,0.044648,-0.002859,1925.15,-0.02455,-0.019999,0.017613811090227593
TSLA,2014-11-06 06:06:13,0.009,0.036,0.0244,0.1111111111111111,0.5555555555555556,0.3333333333333333,-0.026999999999999996,15356717.0,0.044378,0.003776,2031.21,-0.033315,0.005701,0.04234642447834294
TSLA,2015-02-12 07:12:13,0.0317,0.0355,0.0089,0.2666666666666666,0.6,0.1333333333333333,-0.003799999999999998,15669607.0,-0.046617,0.009645,2088.48,-0.016136,-2.9e-05,0.02460658101764201
TSLA,2015-05-07 05:54:06,0.0169,0.0253,0.0229,0.2352941176470588,0.5294117647058824,0.2352941176470588,-0.008400000000000001,9455909.0,0.027644,0.003774,2088.0,-0.010818,-0.004456,0.023953476185676687
TSLA,2015-06-10 02:45:11,0.0188,0.0238,0.005,0.4,0.0,0.6,-0.005000000000000001,3454453.0,-0.020703,0.012042,2105.2,-0.001132,0.000418,0.014464190165908285
TSLA,2015-08-06 06:06:12,0.0312,0.0125,0.0175,0.25,0.5,0.25,0.018699999999999998,14625018.0,-0.088846,-0.007753,2083.56,0.014458,0.003115,0.03831795978621227
TSLA,2015-11-04 06:20:08,0.0314,0.0251,0.0188,0.2105263157894736,0.5263157894736842,0.2631578947368421,0.006299999999999997,12726366.0,0.111735,-0.003545,2102.31,-0.025445,0.002728,0.04138083425250554
TSLA,2016-02-11 07:14:12,0.0358,0.0111,0.0099,0.2272727272727272,0.4090909090909091,0.3636363636363636,0.0247,14250364.0,0.047331,-0.012301,1829.08,-0.030894,-0.000189,0.04784997365853219
TSLA,2016-05-05 04:16:38,0.0419,0.0356,0.0178,0.1904761904761904,0.4761904761904761,0.3333333333333333,0.0063,11254827.0,-0.04956,-0.000239,2050.63,-0.042011,-0.005937,0.023619658988036082
TSLA,2016-06-23 02:41:36,0.0217,0.019,0.0176,0.1764705882352941,0.4117647058823529,0.4117647058823529,0.002700000000000001,10130756.0,-0.001322,0.013364,2113.32,-0.104503,-0.001652,0.03611173273851284
TSLA,2016-08-04 03:16:52,0.0297,0.0185,0.0124,0.2631578947368421,0.4736842105263157,0.2631578947368421,0.011200000000000002,4146997.0,0.021347,0.000213,2164.25,-0.006206,0.003134,0.016867528963465165
TSLA,2016-10-27 06:42:29,0.0443,0.0197,0.0123,0.0,0.4,0.6,0.0246,13093744.0,0.008752,-0.002987,2133.04,-0.000494,-0.00174,0.016478384332883643
TSLA,2016-11-02 05:11:13,0.0232,0.0168,0.0232,0.3333333333333333,0.4666666666666667,0.2,0.0063999999999999994,4210482.0,-0.014519,-0.006525,2097.94,-0.035098,-0.006787,0.015331245853919886
TSLA,2017-02-23 08:16:43,0.0293,0.0208,0.0134,0.0,0.5263157894736842,0.4736842105263157,0.0085,14915641.0,-0.064056,0.000419,2363.81,-0.013988,-0.001082,0.03128020997176618
TSLA,2017-05-04 05:18:34,0.0326,0.0301,0.0326,0.0,0.5652173913043478,0.4347826086956521,0.0024999999999999988,14257028.0,-0.050029,0.000582,2389.52,-0.024679,-0.001271,0.02352378089791978
TSLA,2017-06-07 03:24:10,0.0089,0.0178,0.0038,0.8,0.0,0.2,-0.0089,9397959.0,0.019272,0.001568,2433.14,0.015922,-0.002779,0.010729858062642197
TSLA,2017-08-03 05:14:40,0.0483,0.0339,0.0183,0.0,0.5294117647058824,0.4705882352941176,0.014400000000000003,13539033.0,0.065053,-0.002184,2472.16,0.019777,0.000493,0.03075376239241131
TSLA,2017-11-02 06:34:44,0.0341,0.0315,0.0144,0.0,0.5789473684210527,0.4210526315789473,0.002599999999999998,19810940.0,-0.067958,0.00019,2579.85,-0.031521,0.001592,0.02743018861198171
TSLA,2018-02-08 04:11:43,0.0278,0.0278,0.0265,0.0,0.5625,0.4375,0.0,10314573.0,-0.08629,-0.037536,2581.0,0.033027,-0.005002,0.034782013960602653
TSLA,2018-05-03 11:10:25,0.0544,0.0253,0.0152,0.0,0.5,0.5,0.029099999999999997,17348830.0,-0.055454,-0.002254,2629.73,0.004101,-0.007206,0.026222434558556534
TSLA,2018-08-02 04:52:13,0.053,0.0177,0.013,0.0,0.3333333333333333,0.6666666666666666,0.0353,23216962.0,0.16188,0.004926,2827.22,0.009056,-0.00104,0.05858158040393094
TSLA,2018-10-25 06:15:08,0.0401,0.0163,0.0163,0.5263157894736842,0.2631578947368421,0.2105263157894736,0.023799999999999998,20840577.0,0.091369,0.018625,2705.57,-0.019175,-0.030864,0.05338360228468001
TSLA,2019-01-31 06:07:26,0.0408,0.0186,0.021,0.2352941176470588,0.2352941176470588,0.5294117647058824,0.022200000000000004,12568995.0,-0.005668,0.008597,2704.1,0.038022,0.015549,0.04625800203256129
TSLA,2019-04-25 07:31:51,0.0316,0.0182,0.0109,0.2777777777777778,0.3333333333333333,0.3888888888888889,0.013400000000000002,21846893.0,-0.042643,-0.000369,2926.17,-0.019856,-0.002192,0.021573629849888528
TSLA,2019-07-25 01:48:11,0.0447,0.0224,0.0075,0.4615384615384615,0.1538461538461538,0.3846153846153846,0.022299999999999997,22414522.0,-0.136137,-0.005262,3003.67,0.018104,0.004688,0.04895375244373227
TSLA,2019-10-24 04:20:08,0.0338,0.0226,0.0063,0.5,0.2,0.3,0.011199999999999998,29817922.0,0.176692,0.00192,3010.29,-0.003521,0.002847,0.056523115936461504
TSLA,2020-01-30 06:27:18,0.0255,0.0268,0.0128,0.3,0.3,0.4,-0.0013000000000000025,28911713.0,0.102962,0.003134,3283.66,0.024854,-0.000867,0.03929878579181694
TSLA,2020-04-30 03:21:10,0.0594,0.031,0.0206,0.375,0.25,0.375,0.0284,28284614.0,-0.023273,-0.009212,2912.43,0.040813,0.026584,0.05433661925074102
TSLA,2020-07-23 02:29:09,0.0509,0.0236,0.0087,0.5,0.375,0.125,0.0273,24367202.0,-0.049776,-0.01232,3235.66,0.015283,0.005747,0.05459913586251465
TSLA,2020-10-22 03:01:06,0.0619,0.018,0.0155,0.4285714285714285,0.2142857142857142,0.3571428571428571,0.043899999999999995,39880101.0,0.007453,0.005219,3453.49,0.001659,-0.002196,0.020902318491550612
TSLA,2021-01-28 02:24:12,0.0457,0.0164,0.0164,0.4166666666666667,0.3333333333333333,0.25,0.029299999999999996,26309015.0,-0.033246,0.009761,3787.38,-0.021436,-0.025678,0.022025734787591743
TXN,2006-01-24 16:12:21,0.035,0.0127,0.0053,0.0,0.625,0.375,0.022300000000000004,26170500.0,-0.031861,0.002405,1266.86,0.001263,0.001847,0.013610939931621996
TXN,2006-04-19 10:49:49,0.028,0.0168,0.0056,0.0,0.7,0.3,0.011200000000000002,35823300.0,0.013235,0.001744,1309.93,0.040392,0.017365,0.01730471151770842
TXN,2006-07-25 03:43:27,0.0206,0.013,0.0065,0.0,0.7222222222222222,0.2777777777777778,0.007600000000000001,19949800.0,0.039871,0.006321,1268.88,0.031111,0.016625,0.025123960759933263
TXN,2006-10-24 03:00:04,0.0295,0.023,0.0033,0.0,0.7333333333333333,0.2666666666666666,0.006499999999999999,41576500.0,-0.04266,0.000261,1377.38,0.016258,0.006152,0.02143744845643301
TXN,2007-01-23 03:25:31,0.021,0.0343,0.0089,0.125,0.5,0.375,-0.013299999999999996,46358100.0,0.035327,0.003542,1427.99,0.007045,-0.005278,0.01675067749210295
TXN,2007-04-24 02:53:46,0.0233,0.0339,0.0064,0.1052631578947368,0.5263157894736842,0.3684210526315789,-0.010599999999999998,58658030.0,0.077445,-0.000351,1480.41,-0.002769,-0.002304,0.026342230147089335
TXN,2007-07-24 01:51:09,0.0239,0.0198,0.0062,0.1111111111111111,0.5555555555555556,0.3333333333333333,0.0040999999999999995,27198780.0,-0.04505,-0.019804,1511.04,0.004473,0.004869,0.01714582505192185
TXN,2007-10-23 02:45:17,0.0296,0.0186,0.0066,0.0833333333333333,0.5,0.4166666666666667,0.011000000000000003,58656330.0,-0.082871,0.008803,1519.59,0.010318,0.003798,0.02881885608108382
TXN,2007-12-11 00:29:25,0.0149,0.0285,0.0136,0.0714285714285714,0.5714285714285714,0.3571428571428571,-0.013600000000000001,21773100.0,0.007958,-0.025271,1477.65,0.00585,0.00751,0.013688776452505417
TXN,2008-01-23 03:38:41,0.0337,0.0213,0.0079,0.1,0.45,0.45,0.012400000000000001,30203000.0,0.045549,0.021442,1338.6,-0.016293,-0.011085,0.019898159390031808
TXN,2008-03-11 03:41:12,0.0179,0.0333,0.0256,0.0,0.6153846153846154,0.3846153846153846,-0.015400000000000004,37085600.0,-0.030017,0.03713,1320.65,0.011945,-0.015463,0.01810332637206028
TXN,2008-04-22 02:43:12,0.0267,0.0312,0.0134,0.1052631578947368,0.6842105263157895,0.2105263157894736,-0.004499999999999997,29713700.0,-0.057862,-0.00881,1375.94,0.033446,-0.001554,0.030677861253860433
TXN,2008-06-10 23:09:17,0.0131,0.0405,0.0287,0.0714285714285714,0.4285714285714285,0.5,-0.0274,18654800.0,-0.029046,-0.002438,1358.44,0.002881,0.000794,0.014093108790390356
TXN,2008-07-22 04:38:09,0.0117,0.0303,0.0128,0.0869565217391304,0.5652173913043478,0.3478260869565217,-0.0186,74088700.0,-0.146213,0.013492,1277.0,-0.010409,-0.000539,0.05250770713333425
TXN,2008-09-10 05:33:14,0.0176,0.027,0.0189,0.0769230769230769,0.6153846153846154,0.3076923076923077,-0.009399999999999999,21299600.0,0.006449,0.006149,1232.04,-0.029937,-0.034138,0.021243604262355185
TXN,2008-10-21 04:10:15,0.0182,0.0285,0.0103,0.15,0.55,0.3,-0.0103,36654000.0,-0.062848,-0.0308,955.05,0.018697,0.047685,0.0465970546236562
TXN,2008-12-09 00:41:25,0.0184,0.0329,0.0184,0.0909090909090909,0.5454545454545454,0.3636363636363636,-0.014499999999999999,34561600.0,0.049258,-0.023118,888.67,0.017857,0.038387,0.05309284073771151
TXN,2009-01-27 04:00:14,0.0223,0.0363,0.0059,0.1,0.45,0.45,-0.013999999999999999,27097300.0,0.036561,0.010926,845.71,-0.014676,0.005553,0.033063496406493684
TXN,2009-04-21 02:52:15,0.0292,0.036,0.0045,0.0952380952380952,0.6190476190476191,0.2857142857142857,-0.006799999999999997,44090800.0,-0.012125,0.021252,850.08,-0.036171,-0.04279,0.024701273656095802
TXN,2009-07-21 02:59:45,0.028,0.0269,0.009,0.1111111111111111,0.6111111111111112,0.2777777777777778,0.0011000000000000003,32684900.0,-0.022872,0.003627,954.58,0.026076,0.011432,0.019960670980706013
TXN,2009-10-20 01:23:11,0.0387,0.0232,0.0077,0.1176470588235294,0.5882352941176471,0.2941176470588235,0.0155,30412100.0,0.005952,-0.006239,1091.06,0.033846,0.009405,0.022751229499377232
TXN,2010-01-26 05:16:18,0.0318,0.0153,0.0044,0.1176470588235294,0.6470588235294118,0.2352941176470588,0.0165,19650800.0,-0.014352,-0.004203,1092.17,0.025097,0.004598,0.021218627246413036
TXN,2010-04-27 04:58:12,0.034,0.011,0.0066,0.1111111111111111,0.5555555555555556,0.3333333333333333,0.023000000000000003,37649100.0,-0.022828,-0.023382,1183.71,0.018373,-0.004296,0.017760094574322746
TXN,2010-07-20 05:49:15,0.03,0.0173,0.0081,0.1111111111111111,0.5,0.3888888888888889,0.0127,30933900.0,-0.030528,0.011417,1083.48,0.03149,0.005982,0.02496460727354272
TXN,2010-10-26 09:17:03,0.0261,0.0125,0.0125,0.0625,0.75,0.1875,0.013600000000000001,17816100.0,-0.003451,1.7e-05,1185.64,0.011165,0.002147,0.012152172634279564
TXN,2011-01-25 03:06:22,0.024,0.0263,0.0103,0.0769230769230769,0.7692307692307693,0.1538461538461538,-0.0023,13185800.0,-0.019336,0.000263,1291.18,0.021823,0.005836,0.015551017830568725
TXN,2011-04-19 05:01:22,0.0353,0.0482,0.0141,0.0555555555555555,0.6111111111111112,0.3333333333333333,-0.012900000000000002,18794700.0,-0.007186,0.005731,1312.62,-0.005716,-0.011018,0.010557942771518815
TXN,2011-07-26 02:51:11,0.0277,0.0301,0.0139,0.0714285714285714,0.7142857142857143,0.2142857142857142,-0.0023999999999999994,11919300.0,0.003178,-0.004105,1331.94,-0.009755,-0.005643,0.01311368490843735
TXN,2011-09-09 00:51:11,0.02,0.0387,0.028,0.0,0.8333333333333334,0.1666666666666666,-0.018699999999999998,23446000.0,0.010853,-0.026705,1154.23,-0.003476,-0.010612,0.019111215009924278
TXN,2011-10-25 02:21:14,0.0187,0.0315,0.0058,0.0769230769230769,0.7692307692307693,0.1538461538461538,-0.012799999999999999,21699200.0,-0.02272,-0.020045,1229.05,0.040381,0.012873,0.022751973940249172
TXN,2011-11-17 20:01:03,0.0412,0.0206,0.0096,0.3333333333333333,0.3333333333333333,0.3333333333333333,0.0206,13049500.0,-0.034011,-0.0168,1216.13,0.009952,-0.016616,0.02193976134403775
TXN,2011-12-09 01:01:10,0.012,0.0441,0.016,0.0909090909090909,0.7272727272727273,0.1818181818181818,-0.032100000000000004,25530000.0,0.000668,0.016883,1255.19,-0.024454,-0.021142,0.020933224056243427
TXN,2012-01-24 02:31:11,0.0191,0.0415,0.0112,0.0769230769230769,0.8461538461538461,0.0769230769230769,-0.022400000000000003,21130350.0,-0.020187,-0.001026,1314.65,-0.013377,0.000471,0.03018584063007761
TXN,2012-03-09 01:41:07,0.0233,0.0479,0.0205,0.0,0.8888888888888888,0.1111111111111111,-0.024599999999999997,12521964.0,-0.010123,0.003631,1370.87,-0.001531,0.009818,0.01198237012586965
TXN,2012-04-19 22:11:09,0.0322,0.0258,0.0077,1.0,0.0,0.0,0.0063999999999999994,9106111.0,-0.002445,-0.005934,1376.92,-0.00183,-0.004055,0.01128981772759075
TXN,2012-04-24 02:21:08,0.0306,0.0353,0.0106,0.0769230769230769,0.8461538461538461,0.0769230769230769,-0.004699999999999999,19139343.0,-0.01662,0.00368,1371.97,-0.017863,-0.008408,0.012487948639032407
TXN,2012-05-04 02:01:03,0.0499,0.0079,0.0053,0.3333333333333333,0.3333333333333333,0.3333333333333333,0.041999999999999996,11671660.0,-0.025486,-0.016147,1369.1,-0.021814,-0.007659,0.014912417318016116
TXN,2012-06-11 23:01:08,0.0305,0.0212,0.0331,0.0,0.9166666666666666,0.0833333333333333,0.0093,7976504.0,-0.030505,-0.01262,1308.93,0.010273,0.008114,0.026382283605143483
TXN,2012-07-24 01:21:11,0.0176,0.0264,0.0121,0.0526315789473684,0.7894736842105263,0.1578947368421052,-0.008799999999999999,11948947.0,-0.009321,-0.009041,1338.31,-0.01578,-0.008909,0.02079470114796877
TXN,2012-09-11 22:31:07,0.0182,0.0351,0.0182,0.0,0.875,0.125,-0.0169,8401092.0,-0.003139,0.003135,1433.56,-0.017478,-0.006148,0.015372045526069588
TXN,2012-09-25 21:51:10,0.0536,0.0083,0.0165,0.1875,0.625,0.1875,0.0453,10704630.0,-0.029637,-0.010502,1441.59,-0.010693,-0.002233,0.015235801142557489
TXN,2012-10-23 02:01:05,0.0306,0.0317,0.0077,0.125,0.8125,0.0625,-0.0011000000000000003,13175545.0,0.001799,-0.014444,1413.11,-0.000719,0.00044,0.017630214768024444
TXN,2012-12-11 00:21:05,0.018,0.0437,0.0193,0.0,0.9090909090909092,0.0909090909090909,-0.025700000000000004,16490855.0,0.039906,0.006549,1427.84,-0.001005,0.000338,0.014881467117040439
TXN,2013-01-23 03:51:05,0.0244,0.0381,0.0085,0.0714285714285714,0.8571428571428571,0.0714285714285714,-0.0137,9560142.0,-0.011357,0.001507,1494.81,-0.00179,0.004428,0.009761640199725108
TXN,2013-02-14 04:16:03,0.0309,0.0169,0.0183,0.5,0.5,0.0,0.014000000000000002,6381418.0,0.002076,0.000691,1521.38,0.004768,0.000592,0.0139880351348334
TXN,2013-02-22 19:41:19,0.0396,0.006,0.018,0.0833333333333333,0.5833333333333334,0.3333333333333333,0.033600000000000005,20540480.0,0.05234,0.008773,1515.6,-0.017544,-0.006303,0.023109670682782715
TXN,2013-02-27 22:21:20,0.0597,0.0125,0.0083,0.3333333333333333,0.3333333333333333,0.3333333333333333,0.047200000000000006,7162899.0,0.015699,0.012726,1515.99,0.000889,0.006109,0.02175578444179336
TXN,2013-03-08 00:11:07,0.0289,0.0342,0.0145,0.0,0.8,0.2,-0.005300000000000003,11469300.0,0.002557,0.004481,1551.18,0.001707,0.001816,0.007664142875176025
TXN,2013-04-18 18:11:19,0.0412,0.0087,0.005,1.0,0.0,0.0,0.0325,12729804.0,-0.008477,-0.006701,1541.61,-0.042675,-0.014328,0.019265367386697946
TXN,2013-04-23 03:11:07,0.0199,0.0188,0.0122,0.0769230769230769,0.8461538461538461,0.0769230769230769,0.0011000000000000003,15428499.0,0.025567,0.010419,1578.78,0.01635,0.004662,0.02006876647817588
TXN,2013-06-10 22:41:09,0.0408,0.0281,0.0102,0.0,0.8,0.2,0.012700000000000003,7973499.0,0.012161,-0.000347,1642.81,0.014298,0.012832,0.012823416046869547
TXN,2013-07-23 01:51:09,0.0273,0.0137,0.0063,0.1333333333333333,0.8,0.0666666666666666,0.013600000000000001,21974262.0,0.040353,-0.001852,1692.39,0.004294,0.002033,0.013945319613484034
TXN,2013-09-04 22:08:05,0.0461,0.0154,0.0126,0.5,0.5,0.0,0.0307,6272317.0,0.018892,0.008117,1653.08,0.011518,0.004164,0.01246186232782958
TXN,2013-09-10 23:31:07,0.0195,0.0246,0.0104,0.1666666666666666,0.6666666666666666,0.1666666666666666,-0.0051,6436444.0,0.014088,0.007346,1683.99,0.014548,0.009993,0.013392411773919682
TXN,2013-10-22 01:31:11,0.024,0.0125,0.0042,0.1176470588235294,0.8235294117647058,0.0588235294117647,0.0115,13056467.0,-0.017321,0.005738,1754.67,0.006878,9.2e-05,0.0105472136204571
TXN,2013-11-20 03:16:08,0.0272,0.0136,0.0136,0.5,0.0,0.5,0.0136,4898107.0,-0.005219,-0.003636,1781.37,-0.006833,-0.002043,0.007460707356991486
TXN,2013-12-04 01:25:12,0.0313,0.0163,0.0136,1.0,0.0,0.0,0.015000000000000003,6632489.0,-0.00957,-0.001304,1792.81,0.000701,-0.003193,0.007198615670159567
TXN,2013-12-10 00:21:07,0.0117,0.0195,0.0208,0.1818181818181818,0.7272727272727273,0.0909090909090909,-0.0078,5092507.0,-0.003901,-0.00318,1802.62,0.002069,0.001817,0.008532436791444763
TXN,2014-01-22 02:32:12,0.0245,0.0303,0.0082,0.1538461538461538,0.7692307692307693,0.0769230769230769,-0.0058,9750769.0,0.017332,0.000575,1844.86,0.009206,0.002774,0.013046746392619636
TXN,2014-04-24 04:24:09,0.0189,0.0178,0.0052,0.1428571428571428,0.8571428571428571,0.0,0.0011000000000000003,13421600.0,0.043263,0.001717,1878.61,-0.00279,-0.002213,0.020918684411575968
TXN,2014-07-22 04:26:07,0.0239,0.0104,0.0073,0.1428571428571428,0.7619047619047619,0.0952380952380952,0.013500000000000002,8210488.0,-0.001017,0.005016,1983.53,0.007169,-0.00232,0.009861348053554013
TXN,2014-10-21 03:37:06,0.0294,0.0147,0.0095,0.1176470588235294,0.7647058823529411,0.1176470588235294,0.0147,15036910.0,0.053141,0.019574,1941.28,0.016945,0.009143,0.03311988137391531
TXN,2015-01-27 04:33:09,0.0275,0.0085,0.0106,0.1428571428571428,0.6428571428571429,0.2142857142857142,0.019,8532688.0,-0.003996,-0.013388,2029.55,-0.000182,0.002568,0.008332289217255985
TXN,2015-04-23 01:30:11,0.0169,0.0201,0.0148,0.0714285714285714,0.6428571428571429,0.2857142857142857,-0.0032000000000000015,22987497.0,-0.068279,0.002358,2112.93,0.009801,0.005088,0.026131184605754105
TXN,2015-07-23 00:54:11,0.0198,0.0219,0.0125,0.1538461538461538,0.5384615384615384,0.3076923076923077,-0.0020999999999999977,13271821.0,0.024544,-0.005676,2102.15,-0.018515,-0.002388,0.012611698159072628
TXN,2015-09-18 04:14:08,0.0175,0.0094,0.0175,0.3333333333333333,0.6666666666666666,0.0,0.008100000000000001,17206523.0,-0.007269,-0.016164,1958.03,-0.011294,-0.002561,0.01951527889429773
TXN,2015-10-22 01:00:08,0.0222,0.019,0.0116,0.1538461538461538,0.6153846153846154,0.2307692307692307,0.0032000000000000015,21234227.0,0.119268,0.016628,2052.51,-0.010109,-0.005825,0.03976124293217091
TXN,2016-01-28 04:20:08,0.0238,0.0207,0.0103,0.1818181818181818,0.3636363636363636,0.4545454545454545,0.003100000000000002,10033828.0,0.016578,0.005529,1893.36,-0.000592,-0.010863,0.016982759578466636
TXN,2016-04-28 04:27:16,0.0282,0.0163,0.0119,0.1428571428571428,0.7857142857142857,0.0714285714285714,0.0119,9418236.0,-0.014186,-0.009231,2075.81,0.008754,0.001649,0.008119521496574368
TXN,2016-07-26 02:20:34,0.0244,0.0127,0.0117,0.1428571428571428,0.5714285714285714,0.2857142857142857,0.011700000000000002,22033099.0,0.078526,0.000323,2169.18,0.011147,-0.003011,0.02454826939906129
TXN,2016-10-27 02:51:20,0.0259,0.0097,0.014,0.1428571428571428,0.7142857142857143,0.1428571428571428,0.0162,9627053.0,-0.013666,-0.002987,2133.04,0.007163,-0.00174,0.010484991901125463
TXN,2017-01-25 01:35:07,0.0277,0.0067,0.0078,0.2307692307692307,0.6923076923076923,0.0769230769230769,0.020999999999999998,8119910.0,0.01946,0.008026,2298.37,0.017826,0.006565,0.010081105045248432
TXN,2017-04-26 06:26:37,0.0248,0.0062,0.0155,0.0,0.7692307692307693,0.2307692307692307,0.0186,6763868.0,-0.015177,-0.000486,2387.45,0.015787,0.006091,0.013324267068022921
TXN,2017-07-26 01:06:49,0.0305,0.0074,0.0137,0.2,0.5,0.3,0.0231,6982993.0,0.014007,0.000283,2477.83,0.005808,0.002923,0.009582296407669966
TXN,2017-10-25 00:10:38,0.0268,0.0075,0.0139,0.0,0.5,0.5,0.0193,6967092.0,-0.006429,-0.004663,2557.15,0.002391,0.001618,0.008498942157050441
TXN,2018-01-24 03:09:34,0.0247,0.0097,0.0172,0.2,0.7,0.1,0.015,19224002.0,-0.084995,-0.00056,2837.54,0.003768,0.002174,0.036209636666378074
TXN,2018-04-25 00:41:48,0.0383,0.012,0.0098,0.1818181818181818,0.6363636363636364,0.1818181818181818,0.0263,12686220.0,0.046535,0.001837,2639.4,0.003364,-0.013381,0.02455061875119784
TXN,2018-07-25 00:01:09,0.0367,0.0162,0.0108,0.2,0.7,0.1,0.020500000000000004,8215114.0,-0.005097,0.009102,2846.07,-0.007587,0.004781,0.01369171787127776
TXN,2018-10-24 01:55:10,0.0222,0.0169,0.0085,0.2,0.6,0.2,0.005300000000000003,25110878.0,-0.082194,-0.030864,2656.1,0.005315,-0.005512,0.030480875833326496
TXN,2018-11-27 20:43:20,0.025,0.0362,0.0153,0.3333333333333333,0.3333333333333333,0.3333333333333333,-0.011200000000000002,5043677.0,-0.001038,0.003262,2682.17,0.01346,0.015532,0.018861299278033736
TXN,2019-01-24 02:51:11,0.0277,0.0244,0.0089,0.2857142857142857,0.5714285714285714,0.1428571428571428,0.0032999999999999974,14251150.0,0.069117,0.001376,2642.33,-0.011695,0.002203,0.02738248300891163
TXN,2019-04-24 00:02:21,0.0283,0.0261,0.012,0.2222222222222222,0.6666666666666666,0.1111111111111111,0.002199999999999997,14482715.0,0.017615,-0.002192,2927.25,0.01244,0.008841,0.010796512459534778
TXN,2019-05-15 20:52:10,0.0606,0.0181,0.0129,0.5,0.5,0.0,0.042499999999999996,4803451.0,0.011464,0.005839,2850.96,0.018019,0.008016,0.01949116014134501
TXN,2019-06-05 01:47:09,0.0277,0.0166,0.0166,0.5,0.5,0.0,0.011099999999999999,3971079.0,0.003299,0.008162,2826.15,0.037558,0.021432,0.015738464463077594
TXN,2019-06-12 19:49:11,0.0242,0.0114,0.0085,0.6666666666666666,0.3333333333333333,0.0,0.012799999999999999,4100086.0,-0.022935,-0.002038,2879.84,0.002664,-0.00035,0.01576295774416861
TXN,2019-07-24 02:24:11,0.0226,0.0324,0.0141,0.2,0.8,0.0,-0.0098,16509522.0,0.074373,0.004688,3019.56,0.015993,0.006848,0.02502841198429409
TXN,2019-09-11 19:37:27,0.0457,0.0354,0.0177,0.3333333333333333,0.3333333333333333,0.3333333333333333,0.010299999999999997,4282000.0,0.012122,0.00723,3000.93,-0.000472,0.000322,0.010968131900090302
TXN,2019-10-23 00:07:10,0.0229,0.0511,0.0108,0.2,0.7,0.1,-0.0282,18558265.0,-0.074823,0.002847,3004.52,-0.018025,-0.003569,0.026934823201573102
TXN,2019-12-03 19:12:25,0.0316,0.0233,0.0137,1.0,0.0,0.0,0.008300000000000002,6045186.0,-0.008755,-0.006638,3093.2,-0.011813,-0.008631,0.012432745965125077
TXN,2019-12-10 20:44:11,0.0126,0.0267,0.0183,0.5,0.5,0.0,-0.014100000000000001,4035426.0,-0.005164,-0.001097,3132.52,-0.003024,-0.003163,0.012919345941476916
TXN,2019-12-12 22:25:09,0.0189,0.0174,0.0261,0.5,0.5,0.0,0.0015000000000000013,5382142.0,0.018994,0.008575,3168.57,0.019362,0.002908,0.013634383391101925
TXN,2020-01-23 03:21:11,0.0232,0.0322,0.0116,0.2222222222222222,0.5555555555555556,0.2222222222222222,-0.009000000000000001,8553515.0,0.006825,0.001141,3325.54,0.018952,0.000289,0.01020567606993505
TXN,2020-04-22 03:36:49,0.0145,0.0315,0.0145,0.2,0.6,0.2,-0.017,10936721.0,0.048109,0.02293,2799.31,-0.042051,-0.030675,0.03153937226106797
TXN,2020-05-28 18:37:07,0.025,0.0222,0.0097,0.5,0.5,0.0,0.0028000000000000004,3793503.0,-0.016551,-0.002108,3029.73,0.018059,0.014827,0.029014469490621805
TXN,2020-06-04 18:30:14,0.0205,0.0233,0.0219,0.5,0.5,0.0,-0.0028000000000000004,5043210.0,0.01077,-0.003369,3112.35,0.03701,0.013649,0.023880144171582313
TXN,2020-07-22 01:26:09,0.0354,0.0206,0.0183,0.2222222222222222,0.5555555555555556,0.2222222222222222,0.0148,10881510.0,-0.021774,0.005747,3276.02,-0.008054,0.001679,0.014409452024818883
TXN,2020-10-21 02:21:07,0.0318,0.0204,0.0102,0.1818181818181818,0.6363636363636364,0.1818181818181818,0.0114,6672128.0,-0.031161,-0.002196,3435.56,0.000464,0.004727,0.01668055242090826
TXN,2021-01-27 01:38:14,0.0323,0.0129,0.0075,0.25,0.625,0.125,0.0194,9962702.0,-0.049805,-0.025678,3750.77,-0.008385,-0.001489,0.02021823490042815
UNP,2008-01-24 22:42:06,0.0574,0.0298,0.0043,0.2666666666666666,0.6666666666666666,0.0666666666666666,0.0276,4336700.0,0.033758,0.010063,1352.07,0.060161,0.021442,0.028866179551124835
UNP,2008-04-28 05:31:14,0.0763,0.0226,0.0021,0.3636363636363636,0.6363636363636364,0.0,0.05370000000000001,1650100.0,0.007184,-0.001052,1396.37,0.018473,0.006495,0.01752722499712947
UNP,2008-07-24 17:48:12,0.0538,0.0409,0.0022,0.4,0.5,0.1,0.012900000000000002,5984100.0,-0.00194,-0.023125,1252.54,0.042886,0.004064,0.024662500639409796
UNP,2008-10-23 20:51:26,0.0573,0.032,0.0033,0.2857142857142857,0.5,0.2142857142857142,0.025299999999999996,8652400.0,0.024266,0.012634,908.11,-0.026532,-0.061013,0.0611374811225578
UNP,2009-01-22 22:17:15,0.0605,0.054,0.0076,0.2666666666666666,0.4666666666666667,0.2666666666666666,0.006499999999999999,12133800.0,0.067374,-0.015162,827.5,0.071108,0.043491,0.047751219425965094
UNP,2009-04-23 23:43:16,0.0479,0.0359,0.0054,0.2352941176470588,0.5882352941176471,0.1764705882352941,0.011999999999999997,7600400.0,0.038349,0.009922,851.92,0.015319,-0.007682,0.02776718714378135
UNP,2009-07-23 19:14:27,0.0423,0.0477,0.0087,0.2857142857142857,0.4285714285714285,0.2857142857142857,-0.005400000000000002,8968800.0,-0.001351,0.02329,976.29,0.010061,-0.000534,0.014835032464856004
UNP,2009-10-22 20:11:27,0.0558,0.047,0.0033,0.3333333333333333,0.5833333333333334,0.0833333333333333,0.008800000000000002,9332800.0,-0.028608,0.010644,1092.91,-0.020548,-0.008854,0.02076566698931458
UNP,2010-01-21 19:44:11,0.0565,0.0366,0.0031,0.1904761904761904,0.5714285714285714,0.238095238095238,0.0199,8742100.0,0.026989,-0.018945,1116.48,-0.02732,-0.010598,0.018707770107631697
UNP,2010-04-22 23:19:12,0.0521,0.0191,0.0011,0.2352941176470588,0.5882352941176471,0.1764705882352941,0.033,5934200.0,-0.010126,0.002264,1208.67,0.004172,-0.001019,0.010406830312614593
UNP,2010-07-23 09:06:28,0.064,0.0192,0.0011,0.2,0.55,0.25,0.044800000000000006,4394200.0,0.020718,0.00822,1102.66,0.047454,0.022513,0.024544822949045655
UNP,2010-10-21 18:46:36,0.0769,0.016,0.0021,0.2222222222222222,0.6111111111111112,0.1666666666666666,0.060899999999999996,7264500.0,-0.006178,0.001774,1180.26,0.017554,0.010524,0.017811659695890786
UNP,2011-01-21 16:40:31,0.0644,0.0133,0.0031,0.1739130434782608,0.6086956521739131,0.217391304347826,0.0511,5659500.0,-0.005681,0.002414,1283.35,-0.023124,-0.001295,0.015270027832689407
UNP,2011-04-21 01:31:22,0.0624,0.0248,0.0043,0.2105263157894736,0.631578947368421,0.1578947368421052,0.037599999999999995,3381600.0,-0.000104,0.005277,1337.38,-0.012844,0.013515,0.009394469328043694
UNP,2011-07-21 20:31:50,0.0709,0.018,0.0085,0.1904761904761904,0.6190476190476191,0.1904761904761904,0.0529,5445500.0,0.045778,0.013546,1343.8,-0.007161,-0.000671,0.01886736666104256
UNP,2011-10-20 19:11:21,0.0568,0.0251,0.0033,0.2,0.65,0.15,0.031700000000000006,5421500.0,0.039908,0.004554,1215.39,-0.015584,-0.012649,0.02517154071146395
UNP,2012-01-19 18:41:14,0.0617,0.0245,0.0043,0.2105263157894736,0.6842105263157895,0.1052631578947368,0.0372,4909600.0,0.02149,0.004939,1314.5,0.002922,0.011108,0.012072714756838989
UNP,2012-04-19 19:11:30,0.053,0.0343,0.0031,0.1904761904761904,0.7619047619047619,0.0476190476190476,0.0187,7275800.0,-0.036024,-0.005934,1376.92,0.004121,-0.004055,0.01804183821781405
UNP,2012-07-19 19:31:09,0.0549,0.0373,0.0052,0.2,0.7,0.1,0.017599999999999998,5539200.0,0.03516,0.002717,1376.51,0.002197,0.006681,0.01417290150055528
UNP,2012-10-18 19:01:54,0.0491,0.0438,0.0021,0.1666666666666666,0.75,0.0833333333333333,0.005299999999999999,3404500.0,0.013012,-0.002444,1457.34,0.002674,0.004117,0.00864855036600533
UNP,2013-01-24 21:01:54,0.0583,0.0491,0.0031,0.1304347826086956,0.782608695652174,0.0869565217391304,0.0092,4120300.0,-0.011156,7e-06,1494.82,0.01219,0.001507,0.006369181967358992
UNP,2013-02-20 21:51:20,0.0569,0.0222,0.0167,0.5,0.5,0.0,0.034699999999999995,3514200.0,-0.020432,-0.012404,1511.95,0.005116,0.007337,0.009254143480985381
UNP,2013-03-06 19:31:09,0.0395,0.015,0.0085,0.5,0.5,0.0,0.0245,1483700.0,-0.000863,0.001085,1541.46,0.005276,0.009566,0.01180931884384333
UNP,2013-04-18 23:51:08,0.0533,0.042,0.0041,0.1739130434782608,0.6956521739130435,0.1304347826086956,0.011299999999999998,3906400.0,0.04031,-0.006701,1541.61,-0.019125,-0.014328,0.022138537996494255
UNP,2013-07-18 18:21:10,0.0618,0.0304,0.003,0.2105263157894736,0.7368421052631579,0.0526315789473684,0.0314,1907800.0,0.010521,0.005033,1689.37,0.002889,0.002774,0.01056431141785072
UNP,2013-09-10 21:24:04,0.0431,0.0165,0.033,0.5,0.5,0.0,0.0266,1684900.0,0.003958,0.007346,1683.99,0.011038,0.009993,0.009128666846807248
UNP,2013-10-17 17:41:10,0.0548,0.0351,0.0062,0.1818181818181818,0.6363636363636364,0.1818181818181818,0.019700000000000002,7159600.0,-0.038178,0.006744,1733.15,0.005438,0.013828,0.016935580910221668
UNP,2013-12-04 18:50:07,0.039,0.0134,0.0089,0.75,0.25,0.0,0.025599999999999998,1504600.0,-0.006586,-0.001304,1792.81,-0.006543,-0.003193,0.006895957402710494
UNP,2014-01-23 18:11:11,0.0587,0.0253,0.0061,0.1739130434782608,0.6521739130434783,0.1739130434782608,0.0334,3676800.0,0.033353,-0.00889,1828.46,0.00226,0.000575,0.013377756440366801
UNP,2014-04-18 05:32:10,0.0634,0.0264,0.0106,0.1818181818181818,0.5454545454545454,0.2727272727272727,0.037,3126256.0,0.007653,0.001364,1864.85,0.014122,0.010488,0.011944040405621074
UNP,2014-07-24 20:02:09,0.0753,0.022,0.0073,0.1739130434782608,0.6956521739130435,0.1304347826086956,0.05330000000000001,3283643.0,-0.007219,0.000488,1987.98,-0.003403,0.001754,0.007840587081901877
UNP,2014-10-23 17:21:14,0.0728,0.0225,0.0139,0.1904761904761904,0.7142857142857143,0.0952380952380952,0.050300000000000004,6441873.0,0.050253,0.012303,1950.82,-0.018372,-0.007299,0.03056622006234984
UNP,2015-01-23 01:12:15,0.0542,0.0125,0.0042,0.1739130434782608,0.5652173913043478,0.2608695652173913,0.0417,5124092.0,0.00217,-0.005492,2051.82,0.047465,0.01527,0.019517372831232477
UNP,2015-04-23 23:36:09,0.0464,0.0179,0.0063,0.1666666666666666,0.5833333333333334,0.25,0.028499999999999998,12014452.0,-0.023571,0.002358,2112.93,0.011233,0.005088,0.015417976009263371
UNP,2015-07-23 23:27:14,0.0494,0.0294,0.0095,0.1538461538461538,0.6153846153846154,0.2307692307692307,0.02,13654072.0,-0.056921,-0.005676,2102.15,-0.011536,-0.002388,0.020938527005392577
UNP,2015-09-17 22:49:13,0.0413,0.0179,0.022,1.0,0.0,0.0,0.023400000000000004,4501931.0,-0.00078,-0.002561,1990.2,0.020573,0.008705,0.016864959892563515
UNP,2015-10-22 19:25:11,0.0495,0.0316,0.0032,0.1666666666666666,0.5,0.3333333333333333,0.0179,6998940.0,0.03854,0.016628,2052.51,-0.00352,-0.005825,0.017307071434981537
UNP,2016-01-21 20:14:09,0.0432,0.036,0.0051,0.1818181818181818,0.5454545454545454,0.2727272727272727,0.007200000000000005,19539911.0,-0.035457,0.005195,1868.99,-0.006613,-0.011694,0.021120354550106888
UNP,2016-04-21 18:32:31,0.0276,0.0471,0.0092,0.0,0.5,0.5,-0.019500000000000003,9851850.0,0.041383,-0.005194,2091.48,0.019577,0.000762,0.01634666870615805
UNP,2016-07-21 21:59:07,0.0468,0.0468,0.0051,0.1666666666666666,0.5416666666666666,0.2916666666666667,0.0,6661076.0,-0.033893,-0.003612,2165.17,0.00181,0.00427,0.017234570734427895
UNP,2016-10-20 20:47:07,0.0474,0.0392,0.0052,0.1904761904761904,0.3809523809523809,0.4285714285714285,0.008199999999999999,16101886.0,-0.066722,-0.001376,2141.34,0.004136,0.002192,0.02132465377105932
UNP,2017-01-19 22:22:10,0.0515,0.0357,0.0126,0.1904761904761904,0.4285714285714285,0.3809523809523809,0.015799999999999995,10103890.0,0.023803,-0.003609,2263.69,0.00387,0.001764,0.011905316396467514
UNP,2017-04-27 17:14:19,0.0514,0.0315,0.0115,0.0,0.5,0.5,0.0199,5156602.0,0.030498,0.000553,2388.77,-0.002806,-0.000486,0.01024152326126877
UNP,2017-07-20 20:42:09,0.0481,0.0157,0.0084,0.2105263157894736,0.631578947368421,0.1578947368421052,0.0324,6779593.0,-0.015764,-0.000154,2473.45,-0.012906,0.005373,0.007678225655130839
UNP,2017-10-26 19:32:00,0.0404,0.0213,0.0074,0.0,0.55,0.45,0.0191,6288783.0,0.056226,0.001271,2560.4,-0.023295,-0.004663,0.021814308493891457
UNP,2018-01-25 22:19:06,0.0435,0.0223,0.0085,0.2,0.6,0.2,0.021199999999999997,13806679.0,-0.053757,0.000603,2839.25,-0.001203,-0.00056,0.01788369211848849
UNP,2018-04-26 17:14:15,0.0499,0.0181,0.0085,0.0,0.5294117647058824,0.4705882352941176,0.031799999999999995,8308347.0,-0.028517,0.010434,2666.94,0.024317,0.001837,0.017648312095558057
UNP,2018-07-19 21:13:09,0.0569,0.0274,0.0074,0.1904761904761904,0.3809523809523809,0.4285714285714285,0.0295,6186089.0,-0.005947,-0.003953,2804.49,0.021626,0.00216,0.012505537675143877
UNP,2018-10-25 20:46:12,0.0533,0.0163,0.0065,0.0,0.6,0.4,0.037000000000000005,9038090.0,0.026344,0.018625,2705.57,-0.024111,-0.030864,0.015460690608766427
UNP,2019-01-24 23:34:10,0.0539,0.019,0.0085,0.2272727272727272,0.5454545454545454,0.2272727272727272,0.0349,9222413.0,0.038942,0.001376,2642.33,-0.004451,0.002203,0.019549766859649893
UNP,2019-04-18 21:18:10,0.0349,0.0251,0.0131,0.1904761904761904,0.4285714285714285,0.3809523809523809,0.0098,8684655.0,0.043596,0.001579,2905.03,0.007739,-0.002274,0.016327462388394685
UNP,2019-07-18 18:43:11,0.0494,0.0309,0.0074,0.2105263157894736,0.4210526315789473,0.3684210526315789,0.0185,7477178.0,0.058949,0.003582,2995.11,-0.06052,-0.006531,0.029488948975091574
UNP,2019-10-17 20:49:14,0.0479,0.0239,0.0101,0.25,0.5,0.25,0.023999999999999997,6321197.0,0.002266,0.002763,2997.95,0.001042,-0.002,0.018405865944191666
UNP,2019-12-04 19:37:31,0.0463,0.0225,0.0126,0.6666666666666666,0.3333333333333333,0.0,0.0238,3623012.0,0.020595,0.006324,3112.76,-0.028902,-0.006638,0.016799939027667115
UNP,2020-01-23 22:27:17,0.0574,0.0339,0.0104,0.1818181818181818,0.5,0.3181818181818182,0.0235,4950550.0,0.034599,0.001141,3325.54,-0.008385,0.000289,0.014579256858442531
UNP,2020-04-23 17:23:08,0.0417,0.0378,0.0156,0.1904761904761904,0.5238095238095238,0.2857142857142857,0.0039000000000000007,6233273.0,0.035282,-0.000539,2797.8,0.018628,0.02293,0.023313091654452157
UNP,2020-05-30 00:16:51,0.0254,0.0174,0.0134,0.5,0.5,0.0,0.008,3677028.0,-0.003812,0.004812,3044.31,-0.013576,-0.002108,0.02376596135372319
UNP,2020-07-23 19:38:15,0.0502,0.0262,0.0044,0.1904761904761904,0.6190476190476191,0.1904761904761904,0.024,4010599.0,-0.024417,-0.01232,3235.66,0.00403,0.005747,0.016309470721366428
UNP,2020-10-22 21:30:06,0.0695,0.0159,0.0023,0.1666666666666666,0.5416666666666666,0.2916666666666667,0.05360000000000001,7579338.0,-0.061861,0.005219,3453.49,-0.035303,-0.002196,0.025130419273152658
UNP,2020-11-18 15:40:08,0.0676,0.0133,0.0097,0.6666666666666666,0.0,0.3333333333333333,0.054299999999999994,2244182.0,-0.008841,-0.011564,3567.79,-0.00416,-0.004792,0.017432774703924066
UNP,2021-01-21 20:19:09,0.0671,0.019,0.0056,0.1739130434782608,0.4347826086956521,0.391304347826087,0.048100000000000004,6346356.0,-0.047117,0.000317,3853.07,0.013471,0.013936,0.020067670967393127
VZ,2006-01-30 17:55:17,0.0447,0.0069,0.0069,0.3333333333333333,0.6666666666666666,0.0,0.0378,11254400.0,-0.007467,0.001153,1285.2,0.01452,0.007764,0.012958074640933352
VZ,2006-05-02 17:49:07,0.0174,0.0076,0.0076,0.2727272727272727,0.4545454545454545,0.2727272727272727,0.0098,10027300.0,-0.004575,0.006145,1313.21,-0.007266,-0.004135,0.009378225491945573
VZ,2006-08-01 17:10:57,0.0372,0.0175,0.0088,0.375,0.5,0.125,0.019699999999999995,14247500.0,-0.016263,-0.004496,1270.92,0.002668,-0.001478,0.013720128700805492
VZ,2006-10-30 18:43:38,0.0303,0.0065,0.0054,0.3,0.5,0.2,0.0238,28379200.0,-0.030638,0.000428,1377.93,0.002581,-0.008452,0.014259827717908952
VZ,2007-01-29 17:42:14,0.0339,0.0055,0.0055,0.3076923076923077,0.6153846153846154,0.0769230769230769,0.0284,15922100.0,0.005287,-0.001097,1420.62,0.0088,-0.001208,0.010923445791303926
VZ,2007-04-30 18:27:49,0.0354,0.0043,0.0043,0.3076923076923077,0.5384615384615384,0.1538461538461538,0.031100000000000003,16825060.0,0.007654,-0.007831,1482.37,-0.002107,-0.00012,0.00714772909080608
VZ,2007-07-30 16:23:57,0.0362,0.0045,0.0057,0.2307692307692307,0.5384615384615384,0.2307692307692307,0.031700000000000006,17595220.0,-0.011667,0.010254,1473.91,-0.009434,-0.015992,0.010218765724554664
VZ,2007-10-29 15:52:05,0.0261,0.0011,0.0054,0.1818181818181818,0.4545454545454545,0.3636363636363636,0.025,16118850.0,0.008553,0.003713,1540.98,0.015364,0.013788,0.01008319917045731
VZ,2008-01-28 18:53:34,0.0346,0.0051,0.0051,0.3333333333333333,0.5,0.1666666666666666,0.0295,22718100.0,0.009269,0.017556,1353.97,-0.012294,-0.015872,0.02054334702390154
VZ,2008-04-28 17:27:10,0.0417,0.0032,0.0085,0.2142857142857142,0.5714285714285714,0.2142857142857142,0.0385,22955600.0,0.024568,-0.001052,1396.37,0.018702,0.006495,0.011888879453786505
VZ,2008-07-28 19:22:15,0.0458,0.0033,0.0098,0.2727272727272727,0.4545454545454545,0.2727272727272727,0.0425,20266400.0,-0.024674,-0.018597,1234.37,-0.018239,0.004168,0.01743823277998344
VZ,2008-10-27 19:15:15,0.0393,0.0147,0.0184,0.3076923076923077,0.4615384615384615,0.2307692307692307,0.024600000000000004,33249200.0,0.100877,-0.031764,848.92,-0.044207,-0.034511,0.059348554632217734
VZ,2009-01-27 20:03:20,0.0355,0.0122,0.0078,0.2857142857142857,0.5714285714285714,0.1428571428571428,0.023299999999999994,31453500.0,-0.033237,0.010926,845.71,0.018068,0.005553,0.022134099926734464
VZ,2009-04-27 20:06:58,0.0462,0.0071,0.0059,0.25,0.4166666666666667,0.3333333333333333,0.039099999999999996,24018600.0,-0.014839,-0.010067,857.51,0.0,0.016797,0.01146155777661424
VZ,2009-07-27 16:29:20,0.0369,0.0089,0.0067,0.25,0.3333333333333333,0.4166666666666667,0.028000000000000004,19139300.0,-0.015873,0.002982,982.18,0.007355,0.003042,0.014719969246646609
VZ,2009-10-26 17:55:09,0.0325,0.0073,0.0063,0.2727272727272727,0.4545454545454545,0.2727272727272727,0.0252,26814400.0,-0.007279,-0.011717,1066.95,-0.005858,-0.012179,0.005430347225444101
VZ,2010-01-26 20:49:09,0.0349,0.0123,0.0072,0.2727272727272727,0.5454545454545454,0.1818181818181818,0.022600000000000002,35462900.0,-0.016623,-0.004203,1092.17,0.011206,0.004598,0.014037521226262745
VZ,2010-04-22 18:55:11,0.0306,0.012,0.0033,0.25,0.5,0.25,0.0186,24910400.0,-0.009472,0.002264,1208.67,-0.00672,-0.001019,0.0056351044000976045
VZ,2010-07-23 15:24:15,0.0272,0.0272,0.0065,0.2,0.6,0.2,0.0,47095200.0,0.037778,0.00822,1102.66,0.0181,0.022513,0.01420534031036683
VZ,2010-10-22 15:59:19,0.0418,0.0064,0.0054,0.25,0.5833333333333334,0.1666666666666666,0.035399999999999994,23989600.0,-0.013223,0.002389,1183.08,-0.003676,0.001774,0.010386949688591577
VZ,2011-01-26 00:06:13,0.0494,0.0047,0.0012,0.3333333333333333,0.5833333333333334,0.0833333333333333,0.0447,24419500.0,0.017044,0.004221,1296.63,0.015607,0.000263,0.014171143545168723
VZ,2011-04-21 17:11:23,0.0427,0.0067,0.0079,0.1666666666666666,0.6666666666666666,0.1666666666666666,0.036000000000000004,30027900.0,-0.023287,0.005277,1337.38,0.014769,0.013515,0.01042207464951193
VZ,2011-07-22 15:31:16,0.0445,0.0022,0.0033,0.2307692307692307,0.6153846153846154,0.1538461538461538,0.0423,30321800.0,-0.022092,0.000908,1345.02,0.006429,0.013546,0.009187480416305616
VZ,2011-10-21 16:21:17,0.0318,0.0148,0.0053,0.1333333333333333,0.8666666666666667,0.0,0.017,17613800.0,0.008625,0.018809,1238.25,0.00135,0.004554,0.009864819667214718
VZ,2012-01-24 17:02:19,0.0455,0.0085,0.0063,0.2,0.8,0.0,0.037,29602000.0,-0.015885,-0.001026,1314.65,-0.014627,0.000471,0.007830939262523541
VZ,2012-04-19 16:51:08,0.0402,0.0095,0.0063,0.1818181818181818,0.8181818181818182,0.0,0.030699999999999998,18472600.0,0.013011,-0.005934,1376.92,-0.00212,-0.004055,0.010333234681787132
VZ,2012-07-19 14:48:05,0.0428,0.0096,0.0043,0.1538461538461538,0.7692307692307693,0.0769230769230769,0.0332,25534000.0,-0.029418,0.002717,1376.51,0.005037,0.006681,0.011598538245543395
VZ,2012-10-18 14:22:03,0.0325,0.0119,0.0184,0.1428571428571428,0.6428571428571429,0.2142857142857142,0.0206,21682600.0,0.023703,-0.002444,1457.34,0.014519,0.004117,0.012683658782070707
VZ,2013-01-22 17:12:07,0.0485,0.0077,0.0055,0.1666666666666666,0.6666666666666666,0.1666666666666666,0.0408,30236000.0,0.009403,0.004428,1492.56,0.009732,0.003403,0.013944107524924863
VZ,2013-04-18 15:48:12,0.0514,0.0055,0.0022,0.1818181818181818,0.6363636363636364,0.1818181818181818,0.0459,18139300.0,0.027654,-0.006701,1541.61,-0.018232,-0.014328,0.01225683015755341
VZ,2013-05-22 17:18:06,0.0261,0.0174,0.0044,0.5,0.5,0.0,0.008700000000000003,14028000.0,-0.011523,-0.008274,1655.35,-0.012704,0.001722,0.00886305782698297
VZ,2013-05-30 19:43:05,0.0234,0.0152,0.0083,0.5,0.5,0.0,0.0082,12461400.0,-0.009885,0.00367,1654.41,-0.024597,-0.007048,0.008886196114073638
VZ,2013-07-18 15:29:05,0.0497,0.0032,0.0086,0.1428571428571428,0.7142857142857143,0.1428571428571428,0.0465,12951400.0,-0.015175,0.005033,1689.37,0.009149,0.002774,0.010634191537467962
VZ,2013-09-03 17:03:05,0.0333,0.0131,0.0131,0.2142857142857142,0.5714285714285714,0.2142857142857142,0.020200000000000003,47087400.0,-0.028915,0.004164,1639.77,-0.009201,-0.003174,0.015861856748537063
VZ,2013-10-17 15:04:08,0.0376,0.0064,0.0043,0.1538461538461538,0.6153846153846154,0.2307692307692307,0.031200000000000002,29363600.0,0.034921,0.006744,1733.15,0.020078,0.013828,0.014838355823862536
VZ,2013-12-09 19:40:05,0.0437,0.0079,0.0066,0.5,0.0,0.5,0.0358,11948100.0,0.001819,0.001817,1808.37,0.011654,0.011238,0.006613904882056335
VZ,2014-01-21 16:06:07,0.0542,0.0087,0.0065,0.1538461538461538,0.6153846153846154,0.2307692307692307,0.0455,33197200.0,-0.013444,0.002774,1843.8,-0.003709,-0.003895,0.01383600258424054
VZ,2014-04-24 18:57:12,0.0316,0.0101,0.009,0.1818181818181818,0.6363636363636364,0.1818181818181818,0.021500000000000005,41610870.0,-0.024246,0.001717,1878.61,-0.010225,-0.002213,0.01062475838208933
VZ,2014-05-20 20:58:04,0.0358,0.0027,0.008,0.5,0.5,0.0,0.0331,14023956.0,-0.010173,-0.006498,1872.83,0.00163,0.003845,0.01010100182545165
VZ,2014-07-22 18:24:11,0.0418,0.0043,0.0021,0.1818181818181818,0.6363636363636364,0.1818181818181818,0.0375,15037383.0,0.005523,0.005016,1983.53,-0.000985,-0.00232,0.007746036245145699
VZ,2014-09-12 01:17:08,0.0472,0.0,0.0094,0.5,0.5,0.0,0.0472,15362323.0,-0.012446,-0.005963,1985.54,0.005333,0.000882,0.007340939449416521
VZ,2014-10-21 17:56:13,0.0414,0.0087,0.0054,0.1538461538461538,0.6923076923076923,0.1538461538461538,0.0327,22564467.0,0.004332,0.019574,1941.28,0.008529,0.009143,0.010234813402739133
VZ,2014-11-12 21:32:11,0.014,0.0126,0.0056,0.5,0.5,0.0,0.0014000000000000002,9888652.0,0.004149,-0.000701,2038.25,-0.002169,0.000697,0.004536619520940398
VZ,2014-12-09 20:46:09,0.0203,0.0029,0.0131,0.5,0.0,0.5,0.0174,49742009.0,-0.040491,-0.000238,2059.82,0.005966,-0.007257,0.0158114712018416
VZ,2015-01-22 16:08:05,0.0414,0.0087,0.0065,0.1666666666666666,0.6666666666666666,0.1666666666666666,0.0327,38451112.0,-0.009326,0.01527,2063.15,0.001453,0.004732,0.010318117461802577
VZ,2015-02-17 18:07:06,0.0481,0.0106,0.0035,0.3,0.4,0.3,0.0375,15363735.0,-0.002636,0.001598,2100.34,-0.004241,0.004075,0.01178061974459181
VZ,2015-03-03 01:25:10,0.0229,0.0129,0.0114,0.5,0.5,0.0,0.01,11381428.0,0.001617,-0.004539,2107.78,0.000404,0.006125,0.003934046546919984
VZ,2015-04-21 17:18:11,0.0455,0.0055,0.0089,0.1666666666666666,0.5833333333333334,0.25,0.04,33469126.0,-0.004253,-0.001481,2097.29,0.009816,0.009235,0.005788149718750061
VZ,2015-05-19 15:58:10,0.0245,0.0029,0.0072,0.5,0.5,0.0,0.0216,15675071.0,-0.001008,-0.000643,2127.83,-0.003816,0.003048,0.0053366899270781585
VZ,2015-07-21 17:16:11,0.0341,0.0033,0.0077,0.1818181818181818,0.7272727272727273,0.0909090909090909,0.030799999999999998,31961575.0,-0.023493,-0.004262,2119.21,0.010717,0.000771,0.011302840716681202
VZ,2015-09-09 22:27:11,0.0395,0.0095,0.0109,0.5,0.5,0.0,0.03,14423647.0,-0.01068,-0.013898,1942.04,0.02365,0.025083,0.01999332193508622
VZ,2015-09-17 17:46:12,0.0462,0.019,0.0054,0.5,0.5,0.0,0.0272,31674962.0,-0.020784,-0.002561,1990.2,-0.003882,0.008705,0.014390071050708685
VZ,2015-10-20 16:45:06,0.041,0.0046,0.0034,0.1666666666666666,0.6666666666666666,0.1666666666666666,0.0364,19747381.0,0.012081,-0.001421,2030.77,0.0,0.000271,0.007094860302438016
VZ,2015-12-07 17:27:07,0.0193,0.0055,0.011,0.5,0.0,0.5,0.013800000000000002,13192101.0,0.007657,-0.00699,2077.07,0.025808,0.020526,0.01148854767148571
VZ,2016-01-21 18:41:11,0.0354,0.0075,0.0043,0.1818181818181818,0.6363636363636364,0.1818181818181818,0.0279,31354119.0,0.032643,0.005195,1868.99,-0.010029,-0.011694,0.015242390188768504
VZ,2016-03-10 02:17:24,0.0157,0.0057,0.0114,0.5,0.5,0.0,0.009999999999999998,15111117.0,-0.000382,0.000156,1989.57,-0.002287,0.005052,0.007155126370496717
VZ,2016-04-21 18:30:14,0.0631,0.0103,0.008,0.1818181818181818,0.6363636363636364,0.1818181818181818,0.0528,32172208.0,-0.033237,-0.005194,2091.48,-0.006336,0.000762,0.012650937929216495
VZ,2016-05-24 14:56:28,0.0262,0.0039,0.0039,0.6666666666666666,0.3333333333333333,0.0,0.0223,11827342.0,0.008954,0.013681,2076.06,-0.010471,-0.002085,0.008479625888629213
VZ,2016-06-07 15:55:08,0.0084,0.0223,0.0209,0.5,0.5,0.0,-0.013900000000000001,15210890.0,0.020509,0.001289,2112.13,-0.004124,0.004897,0.007945173696444053
VZ,2016-07-26 19:00:35,0.027,0.0124,0.0079,0.25,0.5,0.25,0.0146,18753859.0,-0.018973,0.000323,2169.18,-0.0041,-0.003011,0.00868159086547824
VZ,2016-09-14 22:56:05,0.0256,0.0071,0.01,0.5,0.5,0.0,0.018500000000000003,11941837.0,0.000777,-0.000588,2125.77,-0.021305,-0.014831,0.0147758771008695
VZ,2016-09-22 18:42:15,0.0287,0.0143,0.0072,0.5,0.5,0.0,0.0144,12751895.0,0.009254,0.0065,2177.18,0.011703,0.010917,0.01565923354339753
VZ,2016-10-20 19:18:05,0.0308,0.0127,0.0042,0.2307692307692307,0.6153846153846154,0.1538461538461538,0.0181,27098224.0,-0.024613,-0.001376,2141.34,0.002188,0.002192,0.00914888252374753
VZ,2016-12-06 18:40:07,0.0417,0.0187,0.0115,0.5,0.0,0.5,0.023,13581523.0,0.012261,0.003411,2212.23,-0.001205,0.005821,0.012439207897254181
VZ,2017-01-24 19:34:05,0.0388,0.0226,0.0086,0.1818181818181818,0.6363636363636364,0.1818181818181818,0.016200000000000003,43484680.0,-0.043694,0.006565,2280.07,-0.00588,-0.00269,0.014590282268231346
VZ,2017-03-06 21:18:05,0.0245,0.0095,0.0149,0.5,0.5,0.0,0.015000000000000001,10827336.0,-0.001198,-0.003277,2375.31,0.002201,0.000504,0.0071246917313429305
VZ,2017-04-20 17:45:05,0.04,0.0111,0.0067,0.1538461538461538,0.6153846153846154,0.2307692307692307,0.028900000000000002,30398242.0,-0.01083,0.007557,2355.84,-0.005689,-0.001716,0.006083021869652142
VZ,2017-05-17 18:44:08,0.0273,0.0245,0.0129,0.5,0.5,0.0,0.0028000000000000004,21333481.0,-0.018318,-0.018178,2357.03,-0.001543,-0.000687,0.009129758123241183
VZ,2017-05-22 21:06:05,0.0189,0.0041,0.0041,0.5,0.5,0.0,0.0148,9290107.0,0.001321,0.00516,2394.02,0.008437,0.006767,0.008858071498795734
VZ,2017-07-27 16:46:22,0.0335,0.013,0.0032,0.0,0.6923076923076923,0.3076923076923077,0.020500000000000004,44702494.0,0.076802,-0.000973,2475.42,0.00955,0.000283,0.024905479358968377
VZ,2017-08-09 14:40:27,0.0606,0.0042,0.0099,0.6666666666666666,0.0,0.3333333333333333,0.0564,18887110.0,-0.007819,-0.000364,2474.02,-0.005321,-0.002414,0.025293831530851765
VZ,2017-09-08 20:10:04,0.0542,0.0203,0.0108,0.5,0.5,0.0,0.0339,14152041.0,-0.001948,-0.001489,2461.43,-0.015135,-0.000178,0.006546342425779069
VZ,2017-09-14 18:49:08,0.0341,0.0131,0.0092,0.5,0.5,0.0,0.020999999999999998,11808457.0,-0.001481,-0.001101,2495.62,0.009831,0.000757,0.008568654091123812
VZ,2017-10-19 18:14:08,0.0327,0.0158,0.0074,0.2307692307692307,0.5384615384615384,0.2307692307692307,0.0169,29173869.0,0.011511,0.000328,2562.1,0.005165,0.000742,0.007822042319269562
VZ,2017-12-05 23:43:36,0.028,0.0126,0.0028,0.5,0.0,0.5,0.0154,17574132.0,-0.015468,-0.003739,2629.57,0.009171,-0.001052,0.012783776350863174
VZ,2017-12-07 23:37:48,0.0272,0.0086,0.0086,1.0,0.0,0.0,0.0186,11986747.0,-0.00513,0.002932,2636.98,-0.004713,-0.000114,0.013391474007740881
VZ,2018-01-23 18:00:05,0.0461,0.011,0.011,0.25,0.6666666666666666,0.0833333333333333,0.035100000000000006,33000480.0,-0.004302,0.002174,2839.13,0.029859,0.008067,0.010609941101522538
VZ,2018-03-07 18:37:07,0.0449,0.0145,0.0145,0.5,0.5,0.0,0.030400000000000003,16738156.0,-0.001023,-0.000484,2726.8,0.003695,0.002639,0.010427225571124415
VZ,2018-04-24 17:30:07,0.0364,0.0044,0.0077,0.1538461538461538,0.6923076923076923,0.1538461538461538,0.032,20920383.0,0.020756,-0.013381,2634.56,0.015866,5.6e-05,0.012006833138305492
VZ,2018-05-16 02:44:11,0.026,0.0168,0.0153,0.5,0.5,0.0,0.0092,9798768.0,0.001465,0.004061,2722.46,-0.014436,-0.006842,0.014866183149461497
VZ,2018-07-24 19:37:09,0.0436,0.0092,0.0069,0.3333333333333333,0.5,0.1666666666666666,0.0344,23265217.0,0.014975,0.004781,2820.4,0.002568,0.001838,0.0063493228020351945
VZ,2018-09-13 17:54:08,0.0275,0.0232,0.0087,0.5,0.5,0.0,0.004300000000000002,12559919.0,-0.000546,0.005282,2904.18,0.004569,0.000357,0.010104898051055331
VZ,2018-10-23 19:11:52,0.0409,0.0075,0.0043,0.1428571428571428,0.6428571428571429,0.2142857142857142,0.0334,29328713.0,0.04056,-0.005512,2740.69,0.001457,-0.004299,0.015767078905463458
VZ,2018-11-14 16:08:09,0.0444,0.0029,0.0043,0.5,0.5,0.0,0.0415,18288710.0,0.004773,-0.007567,2701.58,-0.001022,-0.001482,0.008619820292661416
VZ,2019-01-08 19:59:11,0.0258,0.0168,0.0116,0.2666666666666666,0.3333333333333333,0.4,0.009000000000000001,21425008.0,0.029267,0.009695,2574.41,0.006388,0.00701,0.017800857670972534
VZ,2019-01-29 17:48:10,0.0409,0.0086,0.0065,0.25,0.5833333333333334,0.1666666666666666,0.032299999999999995,33789235.0,-0.032504,-0.001456,2640.0,-0.023582,-0.007847,0.013824813664004431
VZ,2019-03-02 03:08:11,0.0497,0.0041,0.0097,0.5,0.5,0.0,0.0456,10942737.0,0.000703,0.006895,2803.69,0.003526,-0.002826,0.007284985780509231
VZ,2019-04-23 19:22:15,0.0446,0.0046,0.0046,0.2142857142857142,0.5714285714285714,0.2142857142857142,0.04,23488682.0,-0.020901,0.008841,2933.68,0.005686,0.001012,0.0091880872849334
VZ,2019-08-01 16:39:10,0.0467,0.0353,0.0063,0.2142857142857142,0.6428571428571429,0.1428571428571428,0.0114,18677002.0,-0.000181,-0.008999,2953.56,-0.024016,-0.010886,0.012615724322359648
VZ,2019-10-25 17:48:11,0.0426,0.0168,0.0065,0.2307692307692307,0.5384615384615384,0.2307692307692307,0.0258,15036377.0,-0.003467,0.004073,3022.55,-0.004928,0.00192,0.007281343941883192
VZ,2020-01-30 18:37:16,0.0264,0.0277,0.0101,0.25,0.5,0.25,-0.001299999999999999,16719648.0,-0.002856,0.003134,3283.66,-0.019275,-0.000867,0.009268323885986862
VZ,2020-04-24 19:11:09,0.0238,0.0476,0.0079,0.25,0.5,0.25,-0.0238,15373621.0,0.005904,0.013918,2836.74,-0.006898,-0.000539,0.017253423835414353
VZ,2020-07-24 20:43:09,0.0388,0.0138,0.0063,0.2307692307692307,0.6153846153846154,0.1538461538461538,0.025,17981683.0,0.017905,-0.00619,3215.63,0.001794,-0.01232,0.009643410672002342
VZ,2020-10-21 19:27:05,0.0258,0.0111,0.0062,0.25,0.5833333333333334,0.1666666666666666,0.0147,21498297.0,-0.008734,-0.002196,3435.56,-0.000873,0.004727,0.006741080214294673
VZ,2021-01-26 20:02:17,0.0497,0.0081,0.0069,0.2307692307692307,0.5384615384615384,0.2307692307692307,0.0416,37892724.0,-0.031667,-0.001489,3849.62,0.01653,0.003616,0.01234976585652986
WFC,2007-07-17 17:10:44,0.0228,0.0093,0.0062,1.0,0.0,0.0,0.013500000000000002,15446550.0,0.003949,-9.7e-05,1549.37,-0.002532,-0.001919,0.010436163561279495
WFC,2007-07-17 23:36:03,0.0229,0.0094,0.0062,1.0,0.0,0.0,0.0135,15446550.0,0.003949,-9.7e-05,1549.37,-0.002532,-0.001919,0.010436163561279495
WFC,2007-10-16 14:10:49,0.0117,0.0149,0.0085,1.0,0.0,0.0,-0.0031999999999999997,34443800.0,-0.038943,-0.006573,1538.53,-0.002497,-0.008381,0.014492063754958357
WFC,2008-01-16 16:52:20,0.0196,0.0176,0.0072,1.0,0.0,0.0,0.0019999999999999983,43682900.0,0.03322,-0.005612,1373.2,-0.060971,-0.024925,0.03271115749523055
WFC,2008-04-16 16:57:18,0.0362,0.0197,0.0104,1.0,0.0,0.0,0.016500000000000004,69846000.0,0.04315,0.022691,1364.71,0.022426,0.0046,0.024517702456252573
WFC,2008-07-16 18:44:18,0.028,0.0166,0.0114,1.0,0.0,0.0,0.0114,206249200.0,0.327645,0.025064,1245.36,-0.049142,-0.010901,0.11364534265908129
WFC,2008-10-03 04:04:15,0.0337,0.0096,0.0169,0.2666666666666666,0.4666666666666667,0.2666666666666666,0.024100000000000003,81081500.0,-0.017065,-0.013506,1099.23,-0.041962,-0.040291,0.07653632217196686
WFC,2008-10-15 16:05:16,0.0403,0.0191,0.0127,1.0,0.0,0.0,0.021200000000000004,95036200.0,-0.005072,-0.09035,907.84,0.102632,-0.005322,0.07529686460382438
WFC,2009-01-28 19:27:19,0.0156,0.0245,0.0268,1.0,0.0,0.0,-0.008900000000000002,203427600.0,0.308833,0.033558,874.09,0.045866,0.010926,0.15293225444490113
WFC,2009-04-24 01:51:36,0.0307,0.0154,0.0066,1.0,0.0,0.0,0.015300000000000001,222241900.0,0.065207,0.016797,866.23,0.10506,0.009922,0.08427678765176075
WFC,2009-07-22 19:56:47,0.0364,0.0107,0.0054,1.0,0.0,0.0,0.0257,150692200.0,-0.035503,-0.000534,954.07,-0.006661,0.003627,0.034409613469526146
WFC,2009-10-21 19:06:21,0.0263,0.0209,0.0055,1.0,0.0,0.0,0.005400000000000002,113718700.0,-0.051215,-0.008854,1081.4,0.01297,-0.006239,0.029733367280436074
WFC,2010-01-20 21:30:16,0.057,0.0109,0.0158,0.2727272727272727,0.5454545454545454,0.1818181818181818,0.0461,75712200.0,-0.016266,-0.010598,1138.04,0.007123,0.0125,0.020689581725001824
WFC,2010-04-21 19:11:31,0.0426,0.0158,0.0158,0.2727272727272727,0.5454545454545454,0.1818181818181818,0.026799999999999997,96227100.0,-0.020184,-0.001019,1205.94,0.020291,0.008058,0.01868096666693362
WFC,2010-07-21 19:55:16,0.0391,0.0166,0.0107,0.2142857142857142,0.3571428571428571,0.4285714285714285,0.022500000000000003,70914600.0,0.005789,-0.01282,1069.59,-0.004228,0.011417,0.02271284767605174
WFC,2010-10-20 20:41:38,0.0382,0.0191,0.0048,0.1764705882352941,0.4117647058823529,0.4117647058823529,0.0191,101499400.0,0.04277,0.010524,1178.17,-0.012867,-0.015877,0.032186865620242186
WFC,2011-01-20 01:06:19,0.0397,0.0082,0.0082,0.2307692307692307,0.3076923076923077,0.4615384615384615,0.0315,34435600.0,0.002515,-0.001295,1280.26,-0.02093,-0.010116,0.015612525336336561
WFC,2011-04-20 20:21:31,0.0449,0.018,0.0135,0.2307692307692307,0.4615384615384615,0.3076923076923077,0.026900000000000004,143287700.0,-0.041237,0.013515,1330.36,0.018631,0.005731,0.015523390034968226
WFC,2011-07-19 18:01:16,0.0401,0.0108,0.0054,0.2307692307692307,0.4615384615384615,0.3076923076923077,0.029299999999999996,64686600.0,0.05692,0.016309,1326.73,-0.011038,-0.00813,0.02310187844815453
WFC,2011-10-17 21:41:15,0.0411,0.01,0.0122,0.1875,0.6875,0.125,0.031099999999999996,77765400.0,-0.084364,-0.01937,1200.86,0.021057,0.01738,0.04469986140619798
WFC,2012-01-17 17:51:26,0.043,0.0147,0.0042,0.1666666666666666,0.7222222222222222,0.1111111111111111,0.0283,50043500.0,0.007261,0.003553,1293.67,0.0,-0.004948,0.01011681761776324
WFC,2012-04-13 19:41:10,0.0449,0.0163,0.0072,0.1764705882352941,0.6470588235294118,0.1764705882352941,0.028600000000000004,41932900.0,-0.034685,-0.012475,1370.26,0.011898,0.013779,0.01660086350799512
WFC,2012-07-13 20:21:10,0.045,0.0199,0.0084,0.2142857142857142,0.7142857142857143,0.0714285714285714,0.025099999999999997,39552500.0,0.032268,0.016497,1356.78,-0.012624,-0.004987,0.015662071485313952
WFC,2012-10-12 16:48:05,0.0457,0.0234,0.0096,0.1666666666666666,0.5555555555555556,0.2777777777777778,0.022299999999999997,61324900.0,-0.026435,-0.002966,1428.59,-0.001419,0.000195,0.013673787368131107
WFC,2013-01-11 21:57:07,0.0498,0.0173,0.0108,0.1578947368421052,0.5263157894736842,0.3157894736842105,0.0325,44149100.0,-0.008475,-4.8e-05,1472.05,0.019879,0.007597,0.011964751713539227
WFC,2013-03-05 17:31:10,0.0453,0.0186,0.0139,1.0,0.0,0.0,0.0267,23312200.0,0.000837,0.009566,1539.79,0.012998,0.004611,0.012295530194612991
WFC,2013-04-12 18:16:08,0.0499,0.02,0.0089,0.1875,0.5,0.3125,0.0299,36673800.0,-0.007998,-0.002837,1588.85,-0.001597,0.003552,0.008989143699793024
WFC,2013-05-31 06:30:04,0.0292,0.0093,0.0172,0.5,0.5,0.0,0.0199,26913500.0,-0.01697,-0.014307,1630.74,0.01227,0.00367,0.011097509651067157
WFC,2013-07-12 20:12:07,0.0547,0.015,0.0107,0.1875,0.5625,0.25,0.0397,35812400.0,0.017665,0.003087,1680.19,-0.004279,0.013554,0.012044385150580686
WFC,2013-09-09 16:17:05,0.0466,0.0093,0.0128,0.5,0.5,0.0,0.0373,27419800.0,0.007,0.009993,1671.71,-0.009326,5.4e-05,0.011629490819080764
WFC,2013-10-11 21:39:07,0.0466,0.0239,0.0098,0.25,0.5833333333333334,0.1666666666666666,0.0227,46034600.0,-0.000241,0.006286,1703.2,0.026759,0.02183,0.0118584902280544
WFC,2013-12-10 19:37:09,0.0549,0.0125,0.0075,0.5,0.5,0.0,0.04239999999999999,14352400.0,-0.004738,-0.00318,1802.62,0.004761,0.001817,0.00900135063692453
WFC,2014-01-14 18:26:10,0.05,0.0167,0.0042,0.2142857142857142,0.5714285714285714,0.2142857142857142,0.0333,28526900.0,0.000658,0.010818,1838.88,-0.008272,-0.012576,0.006483634873019875
WFC,2014-02-16 02:19:10,0.0456,0.0111,0.0078,1.0,0.0,0.0,0.0345,11372300.0,0.003262,0.004809,1838.63,-0.000217,0.00581,0.009876315980385467
WFC,2014-04-11 19:42:08,0.0413,0.0159,0.0085,0.1666666666666666,0.5,0.3333333333333333,0.025400000000000002,36428623.0,0.007755,-0.009487,1815.69,-0.02831,-0.020885,0.01197604628182511
WFC,2014-05-29 18:33:06,0.0243,0.0094,0.0121,1.0,0.0,0.0,0.014899999999999998,13028589.0,-0.00337,0.005367,1920.03,-0.002176,-0.001114,0.00755283209943099
WFC,2014-06-10 20:16:08,0.0092,0.0276,0.0262,0.5,0.5,0.0,-0.0184,12331656.0,0.001524,-0.000246,1950.79,0.010196,0.000939,0.005625686470702016
WFC,2014-07-11 23:25:07,0.0402,0.0124,0.0062,0.1764705882352941,0.4705882352941176,0.3529411764705882,0.0278,29998928.0,-0.006176,0.001471,1967.57,-0.007281,-0.004131,0.006429842718827703
WFC,2014-09-10 18:34:06,0.0305,0.0098,0.0109,0.3333333333333333,0.3333333333333333,0.3333333333333333,0.0207,11381362.0,0.008811,0.003646,1995.69,-0.007772,-0.006545,0.004980903336184834
WFC,2014-10-14 18:53:10,0.0482,0.0161,0.0075,0.2,0.5333333333333333,0.2666666666666666,0.032100000000000004,45851953.0,-0.027291,0.001579,1877.7,-0.008689,-0.016468,0.015105269449947854
WFC,2014-11-13 22:28:09,0.0428,0.0055,0.0088,0.5,0.5,0.0,0.0373,13494404.0,-0.002802,0.00053,2039.33,-0.000747,-0.000701,0.006601063429476568
WFC,2014-12-09 17:39:08,0.06,0.0049,0.0086,1.0,0.0,0.0,0.055099999999999996,12895842.0,0.001096,-0.000238,2059.82,-0.004725,-0.007257,0.006672688980711316
WFC,2015-01-15 14:25:04,0.0492,0.0157,0.0126,0.1764705882352941,0.5294117647058824,0.2941176470588235,0.0335,32144687.0,-0.010341,-0.009248,1992.67,-0.011572,-0.005813,0.014143799220859024
WFC,2015-04-14 18:40:05,0.0428,0.0104,0.0146,0.1875,0.625,0.1875,0.0324,29289610.0,-0.007327,0.00163,2095.84,0.004971,-0.004581,0.005735248532828031
WFC,2015-05-19 18:43:11,0.0468,0.0033,0.0076,0.6666666666666666,0.3333333333333333,0.0,0.043500000000000004,17194050.0,0.011659,-0.000643,2127.83,0.004143,0.003048,0.010203327202436118
WFC,2015-05-29 18:07:09,0.0316,0.0219,0.0123,1.0,0.0,0.0,0.009700000000000004,17291512.0,-0.004448,-0.006318,2107.39,0.002497,-0.001267,0.006582492152164414
WFC,2015-06-03 19:40:04,0.0332,0.0093,0.0159,1.0,0.0,0.0,0.0239,16197740.0,0.012994,0.002119,2114.07,0.002498,-0.001009,0.005959565126749839
WFC,2015-06-10 16:54:08,0.0422,0.0149,0.0137,0.5,0.5,0.0,0.0273,18622390.0,0.008995,0.012042,2105.2,0.010335,0.000418,0.00867292598389927
WFC,2015-07-14 21:07:07,0.0477,0.0135,0.0062,0.1764705882352941,0.5294117647058824,0.2941176470588235,0.0342,20066280.0,0.008988,0.004453,2108.95,0.011769,0.011066,0.00954233091486885
WFC,2015-09-16 20:06:09,0.0414,0.0083,0.0071,0.5,0.5,0.0,0.0331,15218544.0,0.004676,0.008705,1995.31,0.013265,0.012831,0.015347035052050342
WFC,2015-10-14 21:01:20,0.0406,0.0156,0.0031,0.2307692307692307,0.3846153846153846,0.3846153846153846,0.024999999999999998,26269117.0,-0.006942,-0.004716,1994.24,-0.006133,-0.006825,0.009243085869988042
WFC,2015-11-18 18:16:13,0.0347,0.0058,0.0069,0.5,0.5,0.0,0.028900000000000002,16612571.0,0.012918,0.016162,2083.58,-0.005609,-0.001339,0.010710495947121496
WFC,2015-12-09 09:08:05,0.0532,0.0099,0.0087,0.5,0.5,0.0,0.0433,18499649.0,-0.005147,-0.007739,2047.62,-0.018405,-0.00649,0.01342998106890265
WFC,2016-01-16 00:50:07,0.0475,0.0134,0.0093,0.1764705882352941,0.5294117647058824,0.2941176470588235,0.0341,41090425.0,-0.03594,-0.021599,1880.33,0.018299,0.016696,0.022269110039593577
WFC,2016-04-14 22:57:08,0.0331,0.0238,0.0114,0.1764705882352941,0.5294117647058824,0.2941176470588235,0.009299999999999996,30067893.0,-0.004895,0.000173,2082.78,0.026376,0.01004,0.015290865976856718
WFC,2016-06-01 20:46:12,0.0147,0.012,0.0187,1.0,0.0,0.0,0.0026999999999999993,16774325.0,0.00552,0.00113,2099.33,-0.002556,-0.001,0.010301091435699385
WFC,2016-06-03 18:07:21,0.0467,0.0096,0.0137,0.5,0.5,0.0,0.0371,25452559.0,-0.018,-0.002912,2099.13,0.002157,0.002825,0.011182472851146968
WFC,2016-06-14 16:07:22,0.0241,0.0255,0.0161,0.5,0.5,0.0,-0.0013999999999999985,25311654.0,-0.022723,-0.001799,2075.32,-0.007654,-0.008115,0.010387767575907862
WFC,2016-07-15 19:39:21,0.0338,0.0127,0.0127,0.1666666666666666,0.5,0.3333333333333333,0.021099999999999997,35120978.0,-0.025133,-0.000929,2161.74,0.01388,0.005259,0.014064169879519096
WFC,2016-09-13 18:58:07,0.0368,0.0173,0.0207,0.5,0.5,0.0,0.0195,59000513.0,-0.032551,-0.014831,2127.02,-0.003695,0.014677,0.015026582138551613
WFC,2016-10-15 03:14:05,0.026,0.0198,0.0124,0.1578947368421052,0.4736842105263157,0.3684210526315789,0.006199999999999997,45418598.0,-0.000894,0.000202,2132.98,-0.012577,-0.003099,0.011374852265217677
WFC,2016-11-15 20:08:23,0.0417,0.0094,0.0067,0.0,0.5,0.5,0.0323,39437914.0,-0.011838,0.007481,2180.39,0.028803,-0.000116,0.030027794887958495
WFC,2016-12-06 19:14:08,0.0395,0.0197,0.0128,0.5,0.5,0.0,0.0198,30706669.0,0.022079,0.003411,2212.23,0.014371,0.005821,0.01530397900329538
WFC,2017-01-13 23:45:08,0.0387,0.0148,0.0103,0.1333333333333333,0.4,0.4666666666666667,0.023899999999999998,37231593.0,0.014862,0.00185,2274.64,-0.005474,-0.002145,0.01078615544523909
WFC,2017-04-14 00:20:07,0.0433,0.0155,0.0044,0.1875,0.5,0.3125,0.0278,47981952.0,-0.033321,-0.006815,2328.95,-0.019202,-0.00376,0.010790735695234862
WFC,2017-06-01 05:17:07,0.0133,0.016,0.012,0.5,0.5,0.0,-0.002700000000000001,21001799.0,0.018381,0.007571,2430.06,-0.019555,-0.00046,0.010980611814566355
WFC,2017-06-01 17:02:07,0.0837,0.0054,0.0202,0.5,0.5,0.0,0.0783,21001799.0,0.018381,0.007571,2430.06,-0.019555,-0.00046,0.010980611814566355
WFC,2017-06-13 17:51:10,0.0333,0.008,0.0213,1.0,0.0,0.0,0.025300000000000003,17965974.0,0.006656,0.004511,2440.35,0.00539,-0.000979,0.012030867919184434
WFC,2017-07-14 20:07:06,0.0429,0.0165,0.0165,0.2142857142857142,0.5714285714285714,0.2142857142857142,0.0264,17949644.0,-0.010971,0.004674,2459.27,0.007794,0.001875,0.006554764441904897
WFC,2017-09-12 18:54:08,0.026,0.0195,0.0119,0.5,0.5,0.0,0.006499999999999999,17129536.0,0.017963,0.003364,2496.48,0.021783,0.010839,0.01145771338686422
WFC,2017-10-14 00:12:26,0.0308,0.0286,0.0066,0.2,0.6666666666666666,0.1333333333333333,0.0022000000000000006,35310028.0,-0.027531,0.000878,2553.17,-0.008085,-0.001687,0.011183807433565854
WFC,2017-11-15 20:34:06,0.0315,0.0341,0.0236,0.5,0.5,0.0,-0.002599999999999998,18238575.0,-0.005366,-0.005526,2564.62,0.005957,-0.00231,0.008975820237354635
WFC,2017-12-05 21:56:55,0.0463,0.0171,0.0134,0.5,0.5,0.0,0.0292,39754878.0,0.020213,-0.003739,2629.57,0.021174,-0.001052,0.013702276793777952
WFC,2018-01-12 22:02:08,0.0446,0.0174,0.0141,0.2142857142857142,0.4285714285714285,0.3571428571428571,0.027200000000000002,25886119.0,-0.0073,0.00675,2786.24,-0.001743,0.007034,0.00918900855551378
WFC,2018-03-07 22:30:07,0.0194,0.0069,0.0139,0.0,0.0,1.0,0.0125,24788705.0,-0.008236,-0.000484,2726.8,-0.009029,0.002639,0.010723303046790431
WFC,2018-04-14 00:07:07,0.0289,0.0144,0.03,0.1538461538461538,0.4615384615384615,0.3846153846153846,0.014499999999999999,32054903.0,-0.034345,-0.002887,2656.3,0.014828,0.008251,0.017721260550849167
WFC,2018-05-30 19:40:11,0.0318,0.0203,0.0232,1.0,0.0,0.0,0.011500000000000003,16416151.0,0.024174,0.012696,2724.01,-0.035519,-0.011564,0.020050706178751876
WFC,2018-05-31 15:17:15,0.0481,0.0072,0.0156,0.5,0.5,0.0,0.0409,17515910.0,-0.004426,-0.00688,2705.27,0.024174,0.012696,0.019959265252841984
WFC,2018-06-13 20:01:08,0.0221,0.0132,0.0206,0.5,0.5,0.0,0.008900000000000002,14901056.0,-0.003973,-0.004026,2775.63,-0.002342,0.001743,0.008335725627280775
WFC,2018-07-13 22:45:10,0.0436,0.0157,0.0201,0.2,0.6,0.2,0.0279,34345394.0,-0.011958,0.001079,2801.31,-0.000713,0.008749,0.015382360534065383
WFC,2018-09-14 16:53:07,0.027,0.027,0.0056,0.5,0.5,0.0,0.0,20997594.0,-0.004909,0.000275,2904.98,-0.016804,0.005282,0.010183385466859157
WFC,2018-10-12 23:56:06,0.0453,0.0166,0.0166,0.2142857142857142,0.4285714285714285,0.3571428571428571,0.0287,32067278.0,0.013025,0.014206,2767.13,-0.018882,-0.020573,0.012791626410793329
WFC,2018-12-04 17:36:07,0.0442,0.0105,0.0221,0.5,0.5,0.0,0.0337,33280486.0,-0.045354,-0.032365,2700.06,-0.000737,0.010941,0.0191585213790967
WFC,2019-01-15 23:44:09,0.0483,0.009,0.0236,0.2142857142857142,0.4285714285714285,0.3571428571428571,0.0393,27447612.0,-0.015489,0.010722,2610.3,0.011489,-0.005258,0.013428696951759493
WFC,2019-04-12 23:03:09,0.0593,0.0129,0.0284,0.2142857142857142,0.4285714285714285,0.3571428571428571,0.0464,70271436.0,-0.026183,0.006609,2907.41,-0.001046,3.8e-05,0.012331514101861797
WFC,2019-07-16 19:14:10,0.0288,0.0406,0.021,0.2142857142857142,0.4285714285714285,0.3571428571428571,-0.011799999999999998,37548254.0,-0.030186,-0.003404,3004.04,-0.013725,0.000176,0.012081334284753976
WFC,2019-10-15 17:55:08,0.039,0.0302,0.0289,0.2142857142857142,0.5714285714285714,0.2142857142857142,0.008799999999999999,39507014.0,0.017049,0.009956,2995.68,0.001219,-0.001387,0.012387547963354853
WFC,2019-12-11 02:20:10,0.0394,0.0293,0.0178,1.0,0.0,0.0,0.010099999999999998,16834475.0,-0.009685,0.002908,3141.63,-0.004266,-0.001097,0.012910606401541635
WFC,2020-04-15 00:49:11,0.0186,0.0453,0.0173,0.1875,0.4375,0.375,-0.0267,41883866.0,-0.057654,-0.02203,2783.36,-0.039771,0.030573,0.06291081191690676
WFC,2020-05-29 19:16:47,0.0528,0.0161,0.0088,0.5,0.0,0.5,0.036699999999999997,51382843.0,-0.027553,0.004812,3044.31,-0.026118,-0.002108,0.052131327420488684
WFC,2020-07-14 21:09:06,0.0196,0.0242,0.0311,0.1764705882352941,0.4705882352941176,0.3529411764705882,-0.0046,118952601.0,-0.045651,0.013406,3197.52,-0.002356,-0.009363,0.029741531385514216
WFC,2020-10-14 20:33:08,0.0576,0.0212,0.0306,0.2307692307692307,0.4615384615384615,0.3076923076923077,0.0364,75497816.0,-0.060226,-0.006623,3488.67,-0.036604,-0.006307,0.028053884497318014
WMT,2006-08-15 16:26:12,0.0383,0.012,0.0239,1.0,0.0,0.0,0.0263,18589800.0,-0.012195,0.013696,1285.58,0.009174,0.00116,0.011003611233489575
WMT,2006-11-14 16:42:29,0.0394,0.0104,0.0046,0.5,0.0833333333333333,0.4166666666666667,0.028999999999999998,28622200.0,0.028929,0.006356,1393.22,-0.003228,0.002549,0.013190228691893279
WMT,2007-02-20 18:34:23,0.031,0.008,0.0241,1.0,0.0,0.0,0.023,36502900.0,0.036716,0.002844,1459.68,0.002481,-0.000872,0.012757471345146048
WMT,2007-05-15 19:53:30,0.0282,0.0169,0.0113,0.4615384615384615,0.0,0.5384615384615384,0.011300000000000001,19379750.0,-0.004599,-0.001304,1501.19,0.001256,-0.001793,0.0046560539909527325
WMT,2007-08-14 19:04:25,0.0378,0.0201,0.0059,0.3333333333333333,0.3333333333333333,0.3333333333333333,0.0177,63325400.0,-0.050899,-0.018157,1426.54,0.002171,-0.000495,0.027635926353008128
WMT,2007-11-13 17:28:07,0.042,0.0058,0.0093,0.5384615384615384,0.1538461538461538,0.3076923076923077,0.0362,40737010.0,0.061173,0.029093,1481.05,0.00979,-0.009988,0.02346844063394262
WMT,2008-02-19 17:53:11,0.0462,0.0104,0.0081,0.4666666666666667,0.2,0.3333333333333333,0.0358,22027400.0,0.00445,-0.000896,1348.78,-0.010606,0.000838,0.015150397957369534
WMT,2008-05-14 16:08:12,0.0309,0.0057,0.0046,0.5,0.125,0.375,0.0252,17469800.0,0.018314,0.004006,1408.66,-0.023613,-0.000385,0.012976391364491309
WMT,2008-08-14 17:56:25,0.0506,0.0106,0.0024,0.5333333333333333,0.0666666666666666,0.4,0.04,26814600.0,0.003801,0.005522,1292.93,-0.019114,-0.002916,0.026461127769701064
WMT,2008-11-13 18:16:33,0.0508,0.0142,0.0059,0.4736842105263157,0.1052631578947368,0.4210526315789473,0.036599999999999994,37744400.0,0.0439,0.069213,911.29,-0.038904,-0.051894,0.025369250745297493
WMT,2009-05-14 19:11:47,0.0536,0.0093,0.0047,0.4285714285714285,0.0952380952380952,0.4761904761904761,0.044300000000000006,26333200.0,-0.018589,0.010352,893.07,-0.011739,-0.026895,0.012288231054775786
WMT,2009-08-13 19:12:00,0.0323,0.0072,0.0108,0.5714285714285714,0.0714285714285714,0.3571428571428571,0.025100000000000004,32146800.0,0.027123,0.00688,1012.73,0.014838,0.011525,0.011156972110648044
WMT,2009-11-12 20:34:11,0.0612,0.0059,0.0094,0.5454545454545454,0.1818181818181818,0.2727272727272727,0.055299999999999995,28265400.0,0.005097,-0.010259,1087.24,0.012617,0.005032,0.010255372688931853
WMT,2010-02-18 18:46:21,0.0433,0.0189,0.0033,0.5714285714285714,0.0714285714285714,0.3571428571428571,0.024399999999999998,29458000.0,-0.010914,0.006585,1106.75,0.009335,0.004238,0.011300213860316502
WMT,2010-05-18 14:49:13,0.0376,0.0059,0.0047,0.6428571428571429,0.0,0.3571428571428571,0.0317,32230600.0,0.01849,-0.014196,1120.8,0.011704,0.001109,0.014106792335609124
WMT,2010-08-17 15:59:17,0.0215,0.0079,0.0226,1.0,0.0,0.0,0.013599999999999998,16320100.0,0.012101,0.012192,1092.54,0.000198,0.00012,0.00856346627897322
WMT,2010-11-18 22:10:26,0.0444,0.0011,0.0068,0.5,0.1875,0.3125,0.043300000000000005,11587400.0,0.003906,0.015357,1196.69,-0.009031,0.000212,0.005177666708513081
WMT,2011-02-22 23:11:18,0.0225,0.0075,0.0182,1.0,0.0,0.0,0.015,28702000.0,-0.030878,-0.020529,1315.44,0.011507,0.001925,0.013776996342938238
WMT,2011-05-24 02:11:17,0.011,0.0099,0.0199,1.0,0.0,0.0,0.0010999999999999985,12240600.0,-0.007968,-0.000827,1316.28,-0.001266,-0.011926,0.006380677975993908
WMT,2011-08-16 16:01:18,0.0102,0.009,0.0237,1.0,0.0,0.0,0.0012000000000000014,25595400.0,0.038815,-0.009739,1192.76,0.004623,0.021785,0.029112703076912057
WMT,2011-10-12 20:01:03,0.0269,0.0156,0.0042,0.3265306122448979,0.3265306122448979,0.3469387755102041,0.011300000000000001,22097200.0,0.008772,0.009795,1207.25,-0.001642,0.000544,0.009257768920089678
WMT,2011-11-15 17:11:58,0.0256,0.01,0.0189,1.0,0.0,0.0,0.015600000000000001,16007300.0,-0.024283,0.004817,1257.81,-0.005237,-0.00955,0.015686578720535464
WMT,2012-02-21 18:51:06,0.0235,0.0112,0.0213,1.0,0.0,0.0,0.0123,23896200.0,-0.038572,0.00072,1362.21,0.007092,0.002349,0.013432878410824701
WMT,2012-04-13 00:41:09,0.0334,0.0073,0.0029,0.3333333333333333,0.3703703703703703,0.2962962962962963,0.026099999999999998,6696000.0,-0.006152,-0.012475,1370.26,0.005686,0.013779,0.006691591025724444
WMT,2012-06-01 23:21:09,0.034,0.0151,0.0076,0.875,0.0,0.125,0.0189,15302100.0,-0.004102,-0.024643,1278.04,0.005807,-0.002277,0.00608809050980324
WMT,2012-08-16 15:21:08,0.0198,0.0121,0.0176,1.0,0.0,0.0,0.007700000000000002,17816000.0,-0.030893,0.007101,1415.51,0.005945,0.00114,0.011760602348519415
WMT,2012-11-15 12:01:03,0.0256,0.0122,0.0189,1.0,0.0,0.0,0.0134,23049900.0,-0.03632,-0.001594,1353.33,-0.006963,-0.013852,0.012331021008911728
WMT,2013-02-25 20:34:05,0.0412,0.0098,0.0184,1.0,0.0,0.0,0.0314,11819700.0,0.000568,-0.01831,1487.85,0.001993,0.008773,0.009680696552073808
WMT,2013-03-05 22:20:07,0.0334,0.0077,0.0077,0.75,0.25,0.0,0.0257,9142300.0,0.006279,0.009566,1539.79,0.021188,0.004611,0.009170407237413209
WMT,2013-03-13 02:12:08,0.0483,0.0205,0.0109,1.0,0.0,0.0,0.027800000000000002,5329200.0,0.000679,0.001314,1554.52,0.008495,-0.002403,0.009467901142515429
WMT,2013-05-16 13:19:09,0.0373,0.014,0.0047,0.8888888888888888,0.0,0.1111111111111111,0.0233,12129200.0,-0.01703,-0.00501,1650.47,0.013709,0.005114,0.008721618836100476
WMT,2013-08-15 12:56:07,0.0622,0.0124,0.0034,1.0,0.0,0.0,0.0498,13221800.0,-0.026047,-0.014282,1661.32,-0.005985,-0.005177,0.009062024176627319
WMT,2013-09-11 21:29:05,0.0479,0.0066,0.0146,0.5,0.5,0.0,0.041299999999999996,5335800.0,0.001217,0.003052,1689.13,0.006122,0.007346,0.005900135185833584
WMT,2013-11-14 15:42:06,0.0605,0.0078,0.0067,1.0,0.0,0.0,0.0527,9306000.0,0.002281,0.004837,1790.62,0.002414,0.008095,0.0061504048186549285
WMT,2014-02-20 14:02:16,0.0503,0.0078,0.0034,0.875,0.0,0.125,0.042499999999999996,13103300.0,-0.017769,0.006031,1839.78,-0.006372,-0.006524,0.009501710755905451
WMT,2014-03-04 20:47:10,0.0538,0.0144,0.0052,0.6666666666666666,0.3333333333333333,0.0,0.039400000000000004,7549037.0,0.013626,0.015268,1873.91,-0.007764,-0.007379,0.010716549206717637
WMT,2014-05-15 14:03:05,0.0487,0.0081,0.0127,0.875,0.0,0.125,0.0406,13035789.0,-0.024257,-0.009362,1870.85,-0.005054,-0.004701,0.00964437524098317
WMT,2014-06-19 19:23:08,0.0424,0.0085,0.0042,0.6666666666666666,0.3333333333333333,0.0,0.0339,5255313.0,0.002246,0.001277,1959.48,0.009468,0.007719,0.0049346714896851464
WMT,2014-08-15 13:37:10,0.0435,0.0057,0.0092,1.0,0.0,0.0,0.0378,6942723.0,-0.006587,-6.1e-05,1955.06,0.004863,0.004346,0.00766151819086069
WMT,2014-11-13 17:55:26,0.0489,0.0058,0.0047,1.0,0.0,0.0,0.0431,22812356.0,0.047222,0.00053,2039.33,0.002405,-0.000701,0.014941195995933172
WMT,2015-02-19 17:34:14,0.0377,0.0069,0.0057,1.0,0.0,0.0,0.030799999999999998,18646754.0,-0.032101,-0.001062,2097.45,0.003839,-0.000314,0.013505190829619722
WMT,2015-03-04 21:04:10,0.0177,0.0163,0.0136,0.5,0.5,0.0,0.001400000000000002,6214421.0,-0.009476,-0.004389,2098.53,-0.007027,-0.004539,0.011703491427774885
WMT,2015-04-01 20:30:10,0.0392,0.0095,0.0054,0.15,0.6,0.25,0.029699999999999997,8306662.0,-0.018723,-0.003965,2059.69,-0.003393,-0.008796,0.01357443248823972
WMT,2015-05-19 15:28:12,0.0536,0.0047,0.0047,1.0,0.0,0.0,0.0489,22458581.0,-0.043669,-0.000643,2127.83,0.008582,0.003048,0.016239780176399495
WMT,2015-08-18 19:59:08,0.0702,0.0092,0.0058,1.0,0.0,0.0,0.061,21314976.0,-0.033792,-0.002626,2096.92,-0.006493,0.005211,0.016345835975358786
WMT,2015-11-17 17:55:17,0.0461,0.009,0.0045,1.0,0.0,0.0,0.0371,24679343.0,0.035424,-0.001339,2050.44,0.0257,0.014903,0.016503668322527573
WMT,2016-02-18 17:42:11,0.0412,0.0071,0.0035,1.0,0.0,0.0,0.0341,27894634.0,-0.030101,-0.004666,1917.83,0.003187,0.01648,0.012489378498904144
WMT,2016-03-10 02:03:55,0.0627,0.0039,0.0039,0.6666666666666666,0.3333333333333333,0.0,0.058800000000000005,10225809.0,-0.001777,0.000156,1989.57,-0.000147,0.005052,0.010047108307037091
WMT,2016-03-15 20:41:09,0.0618,0.0134,0.0108,0.5,0.5,0.0,0.0484,7566895.0,0.010837,-0.001837,2015.93,0.002829,-0.001261,0.006910479095788785
WMT,2016-05-19 13:27:56,0.0527,0.008,0.0034,1.0,0.0,0.0,0.0447,35076690.0,0.095804,-0.003707,2040.04,-0.029954,0.000205,0.0370005988780362
WMT,2016-06-15 17:08:24,0.0416,0.0013,0.0025,0.5,0.5,0.0,0.040299999999999996,8016982.0,0.002396,-0.001841,2071.5,0.005955,-0.001799,0.0044151586368882815
WMT,2016-08-18 16:14:00,0.062,0.0056,0.0034,1.0,0.0,0.0,0.0564,26858329.0,0.018785,0.0022,2187.02,0.000549,0.001869,0.008449109386990658
WMT,2016-09-07 22:37:08,0.0375,0.0097,0.0056,0.5,0.5,0.0,0.0278,9618272.0,-0.012877,-0.000146,2186.16,0.006897,0.002982,0.009701375275358314
WMT,2016-11-17 14:59:21,0.0833,0.0034,0.0034,1.0,0.0,0.0,0.0799,23440319.0,-0.030817,0.004676,2187.12,-0.00042,-0.001582,0.013859724545924035
WMT,2017-02-21 15:10:10,0.0548,0.0057,0.0046,1.0,0.0,0.0,0.049100000000000005,22412893.0,0.029984,0.006048,2365.38,0.00726,0.001679,0.012574041798704031
WMT,2017-03-14 18:44:08,0.0432,0.007,0.0111,0.5,0.5,0.0,0.0362,9958370.0,0.011008,-0.003379,2365.45,-0.00214,0.000367,0.006255052898790466
WMT,2017-05-18 12:16:50,0.0428,0.0101,0.0056,1.0,0.0,0.0,0.0327,19166801.0,0.032215,0.003687,2365.72,0.000133,-0.018178,0.012912269044508722
WMT,2017-06-08 02:40:09,0.028,0.0089,0.0076,0.3333333333333333,0.3333333333333333,0.3333333333333333,0.0191,10933040.0,-0.00278,0.000267,2433.79,0.002787,0.001568,0.008363539660667364
WMT,2017-06-13 11:57:06,0.0515,0.0083,0.0042,0.5,0.5,0.0,0.043199999999999995,5528030.0,0.003534,0.004511,2440.35,-0.002266,-0.000979,0.008532695333571684
WMT,2017-08-17 12:42:07,0.0702,0.0058,0.0046,0.75,0.0,0.25,0.0644,17293701.0,-0.015806,-0.015437,2430.01,0.0026,0.00142,0.008093204519156131
WMT,2017-11-16 14:26:45,0.0365,0.028,0.0122,0.0,0.6470588235294118,0.3529411764705882,0.008499999999999997,38122384.0,0.108984,0.008196,2585.64,-0.013832,-0.005526,0.03511851186118861
WMT,2018-02-20 18:01:10,0.0598,0.0152,0.0152,0.1,0.5,0.4,0.0446,52088475.0,-0.101832,-0.005841,2716.26,0.015015,0.000373,0.03654094053417649
WMT,2018-03-06 18:49:08,0.0615,0.0055,0.0,0.5,0.5,0.0,0.056,11054682.0,-0.010225,0.002639,2728.12,0.013631,0.011032,0.013477791246672755
WMT,2018-03-08 21:10:07,0.0564,0.0141,0.0071,0.5,0.0,0.5,0.0423,9588676.0,0.007978,0.004463,2738.97,-0.014821,-0.000484,0.010777355437314949
WMT,2018-03-14 20:32:09,0.0724,0.0057,0.0043,0.5,0.5,0.0,0.06670000000000001,11040586.0,-0.007135,-0.005724,2749.48,0.002612,-0.006364,0.0096995004504814
WMT,2018-05-09 19:01:03,0.0512,0.0163,0.0198,0.1739130434782608,0.5652173913043478,0.2608695652173913,0.0349,32265233.0,-0.031257,0.009682,2697.79,0.003159,-0.000266,0.015459754390747031
WMT,2018-05-18 02:21:09,0.0418,0.0246,0.0111,0.0,0.6470588235294118,0.3529411764705882,0.017199999999999997,12043137.0,-0.01006,-0.002632,2712.97,-0.019041,-0.000856,0.016485613208020028
WMT,2018-05-30 20:40:09,0.046,0.0048,0.0061,0.75,0.0,0.25,0.0412,9314100.0,0.020874,0.012696,2724.01,-0.000728,-0.011564,0.013316754368088345
WMT,2018-06-04 23:34:12,0.0647,0.0084,0.0056,0.3888888888888889,0.3888888888888889,0.2222222222222222,0.056299999999999996,10921966.0,0.029281,0.00448,2746.87,0.005452,0.010849,0.014765627399470708
WMT,2019-02-19 23:08:10,0.072,0.0046,0.0116,0.1176470588235294,0.5882352941176471,0.2941176470588235,0.06739999999999999,20697252.0,0.022102,0.001499,2779.76,0.014921,0.010879,0.008950828813889575
WMT,2019-03-05 19:28:07,0.027,0.0085,0.0114,0.5,0.5,0.0,0.0185,6119520.0,0.005008,-0.001131,2789.65,-0.000817,-0.003881,0.008755050763860699
WMT,2019-03-06 22:03:09,0.0438,0.0155,0.0056,0.6666666666666666,0.0,0.3333333333333333,0.0283,4696686.0,-0.000813,-0.006524,2771.45,0.005008,-0.001131,0.0057151841508194514
WMT,2019-06-11 13:22:38,0.0288,0.0125,0.0175,0.5,0.5,0.0,0.0163,6747261.0,0.003906,-0.00035,2885.72,0.013766,0.00466,0.007477320461829168
WMT,2019-09-04 19:34:10,0.0422,0.0054,0.0232,0.5,0.5,0.0,0.0368,5797254.0,0.011078,0.010842,2937.78,0.003326,-0.006899,0.006591228775172875
WMT,2020-03-06 18:06:09,0.0434,0.013,0.013,0.5,0.0,0.5,0.030400000000000003,9803711.0,0.011301,-0.017054,2972.37,-0.007279,-0.033922,0.03326243793363452
WMT,2020-05-19 20:13:11,0.0392,0.0248,0.0092,0.25,0.4,0.35,0.0144,24915440.0,-0.021228,-0.010484,2922.94,0.013657,0.031501,0.012232169454625224
WMT,2020-05-27 22:49:16,0.0251,0.0162,0.0059,0.5,0.0,0.5,0.008900000000000002,10357895.0,-0.011142,0.014827,3036.13,-0.00378,0.012289,0.011765129342444312
WMT,2020-06-04 02:46:45,0.0278,0.0342,0.0063,0.7727272727272727,0.0,0.2272727272727272,-0.006400000000000003,8004963.0,-0.011015,-0.003369,3112.35,-0.003792,0.013649,0.006245035967337017
WMT,2020-08-18 14:54:10,0.0398,0.0205,0.0133,0.1428571428571428,0.5714285714285714,0.2857142857142857,0.0193,26744177.0,-0.006563,0.002303,3389.78,0.022624,0.00271,0.012017391094206378
WMT,2020-11-17 19:04:07,0.0513,0.0131,0.0119,0.2222222222222222,0.3888888888888889,0.3888888888888889,0.0382,14237213.0,-0.020139,-0.004792,3609.53,0.012621,0.011648,0.0137833862796242
WMT,2021-02-20 19:55:06,0.051,0.0075,0.005,0.36,0.44,0.2,0.0435,12201992.0,0.00494,-0.001855,3906.71,-0.06481,-0.004416,0.02283409539093286
