caldt,sprtrn,spindx
2005-11-16,0.001790,1231.21
2005-11-17,0.009414,1242.80
2005-11-18,0.004401,1248.27
2005-11-21,0.005271,1254.85
2005-11-22,0.005084,1261.23
2005-11-23,0.003473,1265.61
2005-11-25,0.002086,1268.25
2005-11-28,-0.008508,1257.46
2005-11-29,0.000016,1257.48
2005-11-30,-0.006362,1249.48
2005-12-01,0.012157,1264.67
2005-12-02,0.000324,1265.08
2005-12-05,-0.002363,1262.09
2005-12-06,0.001276,1263.70
2005-12-07,-0.005009,1257.37
2005-12-08,-0.001217,1255.84
2005-12-09,0.002811,1259.37
2005-12-12,0.000842,1260.43
2005-12-13,0.005554,1267.43
2005-12-14,0.004190,1272.74
2005-12-15,-0.001414,1270.94
2005-12-16,-0.002848,1267.32
2005-12-19,-0.005839,1259.92
2005-12-20,-0.000238,1259.62
2005-12-21,0.002517,1262.79
2005-12-22,0.004221,1268.12
2005-12-23,0.000426,1268.66
2005-12-27,-0.009553,1256.54
2005-12-28,0.001297,1258.17
2005-12-29,-0.002981,1254.42
2005-12-30,-0.004887,1248.29
2006-01-03,0.016430,1268.80
2006-01-04,0.003673,1273.46
2006-01-05,0.000016,1273.48
2006-01-06,0.009399,1285.45
2006-01-09,0.003656,1290.15
2006-01-10,-0.000357,1289.69
2006-01-11,0.003481,1294.18
2006-01-12,-0.006274,1286.06
2006-01-13,0.001205,1287.61
2006-01-17,-0.003635,1282.93
2006-01-18,-0.003897,1277.93
2006-01-19,0.005564,1285.04
2006-01-20,-0.018326,1261.49
2006-01-23,0.001847,1263.82
2006-01-24,0.002405,1266.86
2006-01-25,-0.001721,1264.68
2006-01-26,0.007235,1273.83
2006-01-27,0.007764,1283.72
2006-01-30,0.001153,1285.20
2006-01-31,-0.003984,1280.08
2006-02-01,0.001859,1282.46
2006-02-02,-0.009061,1270.84
2006-02-03,-0.005359,1264.03
2006-02-06,0.000783,1265.02
2006-02-07,-0.008095,1254.78
2006-02-08,0.008663,1265.65
2006-02-09,-0.001478,1263.78
2006-02-10,0.002540,1266.99
2006-02-13,-0.003260,1262.86
2006-02-14,0.010033,1275.53
2006-02-15,0.003504,1280.00
2006-02-16,0.007328,1289.38
2006-02-17,-0.001660,1287.24
2006-02-21,-0.003271,1283.03
2006-02-22,0.007513,1292.67
2006-02-23,-0.003775,1287.79
2006-02-24,0.001274,1289.43
2006-02-27,0.003637,1294.12
2006-02-28,-0.010401,1280.66
2006-03-01,0.008261,1291.24
2006-03-02,-0.001626,1289.14
2006-03-03,-0.001482,1287.23
2006-03-06,-0.006968,1278.26
2006-03-07,-0.001862,1275.88
2006-03-08,0.002030,1278.47
2006-03-09,-0.004881,1272.23
2006-03-10,0.007349,1281.58
2006-03-13,0.001990,1284.13
2006-03-14,0.010396,1297.48
2006-03-15,0.004270,1303.02
2006-03-16,0.001773,1305.33
2006-03-17,0.001471,1307.25
2006-03-20,-0.001660,1305.08
2006-03-21,-0.006015,1297.23
2006-03-22,0.006021,1305.04
2006-03-23,-0.002582,1301.67
2006-03-24,0.000983,1302.95
2006-03-27,-0.001028,1301.61
2006-03-28,-0.006438,1293.23
2006-03-29,0.007470,1302.89
2006-03-30,-0.002026,1300.25
2006-03-31,-0.004168,1294.83
2006-04-03,0.002301,1297.81
2006-04-04,0.006257,1305.93
2006-04-05,0.004311,1311.56
2006-04-06,-0.001921,1309.04
2006-04-07,-0.010343,1295.50
2006-04-10,0.000849,1296.60
2006-04-11,-0.007736,1286.57
2006-04-12,0.001205,1288.12
2006-04-13,0.000776,1289.12
2006-04-17,-0.002940,1285.33
2006-04-18,0.017365,1307.65
2006-04-19,0.001744,1309.93
2006-04-20,0.001168,1311.46
2006-04-21,-0.000137,1311.28
2006-04-24,-0.002417,1308.11
2006-04-25,-0.004870,1301.74
2006-04-26,0.002819,1305.41
2006-04-27,0.003302,1309.72
2006-04-28,0.000680,1310.61
2006-05-01,-0.004135,1305.19
2006-05-02,0.006145,1313.21
2006-05-03,-0.004082,1307.85
2006-05-04,0.003364,1312.25
2006-05-05,0.010295,1325.76
2006-05-08,-0.000830,1324.66
2006-05-09,0.000362,1325.14
2006-05-10,-0.001728,1322.85
2006-05-11,-0.012798,1305.92
2006-05-12,-0.011241,1291.24
2006-05-15,0.002525,1294.50
2006-05-16,-0.001869,1292.08
2006-05-17,-0.016841,1270.32
2006-05-18,-0.006699,1261.81
2006-05-19,0.004137,1267.03
2006-05-22,-0.003915,1262.07
2006-05-23,-0.004350,1256.58
2006-05-24,0.001584,1258.57
2006-05-25,0.011370,1272.88
2006-05-26,0.005719,1280.16
2006-05-30,-0.015873,1259.84
2006-05-31,0.008136,1270.09
2006-06-01,0.012298,1285.71
2006-06-02,0.001952,1288.22
2006-06-05,-0.017800,1265.29
2006-06-06,-0.001138,1263.85
2006-06-07,-0.006092,1256.15
2006-06-08,0.001417,1257.93
2006-06-09,-0.004476,1252.30
2006-06-12,-0.012697,1236.40
2006-06-13,-0.010280,1223.69
2006-06-14,0.005189,1230.04
2006-06-15,0.021235,1256.16
2006-06-16,-0.003678,1251.54
2006-06-19,-0.009109,1240.14
2006-06-20,-0.000016,1240.12
2006-06-21,0.009741,1252.20
2006-06-22,-0.005271,1245.60
2006-06-23,-0.000883,1244.50
2006-06-26,0.004869,1250.56
2006-06-27,-0.009084,1239.20
2006-06-28,0.005487,1246.00
2006-06-29,0.021565,1272.87
2006-06-30,-0.002098,1270.20
2006-07-03,0.007865,1280.19
2006-07-05,-0.007249,1270.91
2006-07-06,0.002494,1274.08
2006-07-07,-0.006750,1265.48
2006-07-10,0.001470,1267.34
2006-07-11,0.004087,1272.52
2006-07-12,-0.010939,1258.60
2006-07-13,-0.012959,1242.29
2006-07-14,-0.004902,1236.20
2006-07-17,-0.001383,1234.49
2006-07-18,0.001920,1236.86
2006-07-19,0.018555,1259.81
2006-07-20,-0.008477,1249.13
2006-07-21,-0.007077,1240.29
2006-07-24,0.016625,1260.91
2006-07-25,0.006321,1268.88
2006-07-26,-0.000378,1268.40
2006-07-27,-0.004100,1263.20
2006-07-28,0.012152,1278.55
2006-07-31,-0.001478,1276.66
2006-08-01,-0.004496,1270.92
2006-08-02,0.006004,1278.55
2006-08-03,0.001345,1280.27
2006-08-04,-0.000711,1279.36
2006-08-07,-0.002806,1275.77
2006-08-08,-0.003363,1271.48
2006-08-09,-0.004349,1265.95
2006-08-10,0.004629,1271.81
2006-08-11,-0.003986,1266.74
2006-08-14,0.001160,1268.21
2006-08-15,0.013696,1285.58
2006-08-16,0.007662,1295.43
2006-08-17,0.001582,1297.48
2006-08-18,0.003715,1302.30
2006-08-21,-0.003670,1297.52
2006-08-22,0.001002,1298.82
2006-08-23,-0.004489,1292.99
2006-08-24,0.002374,1296.06
2006-08-25,-0.000748,1295.09
2006-08-28,0.005166,1301.78
2006-08-29,0.001920,1304.28
2006-08-30,-0.000008,1304.27
2006-08-31,-0.000345,1303.82
2006-09-01,0.005515,1311.01
2006-09-05,0.001709,1313.25
2006-09-06,-0.009891,1300.26
2006-09-07,-0.004799,1294.02
2006-09-08,0.003787,1298.92
2006-09-11,0.000477,1299.54
2006-09-12,0.010442,1313.11
2006-09-13,0.003777,1318.07
2006-09-14,-0.001358,1316.28
2006-09-15,0.002727,1319.87
2006-09-18,0.000993,1321.18
2006-09-19,-0.002172,1318.31
2006-09-20,0.005211,1325.18
2006-09-21,-0.005395,1318.03
2006-09-22,-0.002466,1314.78
2006-09-25,0.008815,1326.37
2006-09-26,0.007517,1336.34
2006-09-27,0.000187,1336.59
2006-09-28,0.001915,1339.15
2006-09-29,-0.002464,1335.85
2006-10-02,-0.003391,1331.32
2006-10-03,0.002096,1334.11
2006-10-04,0.012075,1350.22
2006-10-05,0.002222,1353.22
2006-10-06,-0.002690,1349.58
2006-10-09,0.000800,1350.66
2006-10-10,0.002043,1353.42
2006-10-11,-0.002564,1349.95
2006-10-12,0.009541,1362.83
2006-10-13,0.002047,1365.62
2006-10-16,0.002512,1369.05
2006-10-17,-0.003652,1364.05
2006-10-18,0.001400,1365.96
2006-10-19,0.000732,1366.96
2006-10-20,0.001200,1368.60
2006-10-23,0.006152,1377.02
2006-10-24,0.000261,1377.38
2006-10-25,0.003514,1382.22
2006-10-26,0.004963,1389.08
2006-10-27,-0.008452,1377.34
2006-10-30,0.000428,1377.93
2006-10-31,0.000007,1377.94
2006-11-01,-0.007352,1367.81
2006-11-02,-0.000344,1367.34
2006-11-03,-0.002223,1364.30
2006-11-06,0.011346,1379.78
2006-11-07,0.002218,1382.84
2006-11-08,0.002083,1385.72
2006-11-09,-0.005333,1378.33
2006-11-10,0.001865,1380.90
2006-11-13,0.002549,1384.42
2006-11-14,0.006356,1393.22
2006-11-15,0.002405,1396.57
2006-11-16,0.002284,1399.76
2006-11-17,0.001029,1401.20
2006-11-20,-0.000500,1400.50
2006-11-21,0.001649,1402.81
2006-11-22,0.002338,1406.09
2006-11-24,-0.003656,1400.95
2006-11-27,-0.013598,1381.90
2006-11-28,0.003488,1386.72
2006-11-29,0.009202,1399.48
2006-11-30,0.000822,1400.63
2006-12-01,-0.002799,1396.71
2006-12-04,0.008885,1409.12
2006-12-05,0.004002,1414.76
2006-12-06,-0.001315,1412.90
2006-12-07,-0.003971,1407.29
2006-12-08,0.001812,1409.84
2006-12-11,0.002270,1413.04
2006-12-12,-0.001047,1411.56
2006-12-13,0.001169,1413.21
2006-12-14,0.008689,1425.49
2006-12-15,0.001122,1427.09
2006-12-18,-0.003230,1422.48
2006-12-19,0.002158,1425.55
2006-12-20,-0.001417,1423.53
2006-12-21,-0.003674,1418.30
2006-12-22,-0.005316,1410.76
2006-12-26,0.004352,1416.90
2006-12-27,0.007015,1426.84
2006-12-28,-0.001479,1424.73
2006-12-29,-0.004513,1418.30
2007-01-03,-0.001199,1416.60
2007-01-04,0.001228,1418.34
2007-01-05,-0.006085,1409.71
2007-01-08,0.002220,1412.84
2007-01-09,-0.000517,1412.11
2007-01-10,0.001940,1414.85
2007-01-11,0.006340,1423.82
2007-01-12,0.004853,1430.73
2007-01-16,0.000818,1431.90
2007-01-17,-0.000894,1430.62
2007-01-18,-0.002971,1426.37
2007-01-19,0.002895,1430.50
2007-01-22,-0.005278,1422.95
2007-01-23,0.003542,1427.99
2007-01-24,0.008501,1440.13
2007-01-25,-0.011270,1423.90
2007-01-26,-0.001208,1422.18
2007-01-29,-0.001097,1420.62
2007-01-30,0.005772,1428.82
2007-01-31,0.006593,1438.24
2007-02-01,0.005354,1445.94
2007-02-02,0.001694,1448.39
2007-02-05,-0.000967,1446.99
2007-02-06,0.000698,1448.00
2007-02-07,0.001395,1450.02
2007-02-08,-0.001179,1448.31
2007-02-09,-0.007077,1438.06
2007-02-12,-0.003261,1433.37
2007-02-13,0.007597,1444.26
2007-02-14,0.007644,1455.30
2007-02-15,0.001038,1456.81
2007-02-16,-0.000872,1455.54
2007-02-20,0.002844,1459.68
2007-02-21,-0.001404,1457.63
2007-02-22,-0.000858,1456.38
2007-02-23,-0.003564,1451.19
2007-02-26,-0.001254,1449.37
2007-02-27,-0.034725,1399.04
2007-02-28,0.005561,1406.82
2007-03-01,-0.002595,1403.17
2007-03-02,-0.011403,1387.17
2007-03-05,-0.009408,1374.12
2007-03-06,0.015494,1395.41
2007-03-07,-0.002465,1391.97
2007-03-08,0.007127,1401.89
2007-03-09,0.000685,1402.85
2007-03-12,0.002673,1406.60
2007-03-13,-0.020368,1377.95
2007-03-14,0.006691,1387.17
2007-03-15,0.003684,1392.28
2007-03-16,-0.003828,1386.95
2007-03-19,0.010894,1402.06
2007-03-20,0.006334,1410.94
2007-03-21,0.017081,1435.04
2007-03-22,-0.000348,1434.54
2007-03-23,0.001094,1436.11
2007-03-26,0.000968,1437.50
2007-03-27,-0.006184,1428.61
2007-03-28,-0.007966,1417.23
2007-03-29,0.003740,1422.53
2007-03-30,-0.001174,1420.86
2007-04-02,0.002597,1424.55
2007-04-03,0.009280,1437.77
2007-04-04,0.001113,1439.37
2007-04-05,0.003050,1443.76
2007-04-09,0.000589,1444.61
2007-04-10,0.002617,1448.39
2007-04-11,-0.006573,1438.87
2007-04-12,0.006206,1447.80
2007-04-13,0.003488,1452.85
2007-04-16,0.010751,1468.47
2007-04-17,0.002050,1471.48
2007-04-18,0.000693,1472.50
2007-04-19,-0.001202,1470.73
2007-04-20,0.009261,1484.35
2007-04-23,-0.002304,1480.93
2007-04-24,-0.000351,1480.41
2007-04-25,0.010139,1495.42
2007-04-26,-0.000782,1494.25
2007-04-27,-0.000120,1494.07
2007-04-30,-0.007831,1482.37
2007-05-01,0.002651,1486.30
2007-05-02,0.006472,1495.92
2007-05-03,0.004325,1502.39
2007-05-04,0.002150,1505.62
2007-05-07,0.002564,1509.48
2007-05-08,-0.001166,1507.72
2007-05-09,0.003223,1512.58
2007-05-10,-0.013956,1491.47
2007-05-11,0.009641,1505.85
2007-05-14,-0.001793,1503.15
2007-05-15,-0.001304,1501.19
2007-05-16,0.008626,1514.14
2007-05-17,-0.000918,1512.75
2007-05-18,0.006610,1522.75
2007-05-21,0.001543,1525.10
2007-05-22,-0.000643,1524.12
2007-05-23,-0.001207,1522.28
2007-05-24,-0.009703,1507.51
2007-05-25,0.005453,1515.73
2007-05-29,0.001570,1518.11
2007-05-30,0.007984,1530.23
2007-05-31,0.000255,1530.62
2007-06-01,0.003737,1536.34
2007-06-04,0.001849,1539.18
2007-06-05,-0.005347,1530.95
2007-06-06,-0.008864,1517.38
2007-06-07,-0.017570,1490.72
2007-06-08,0.011370,1507.67
2007-06-11,0.000962,1509.12
2007-06-12,-0.010682,1493.00
2007-06-13,0.015184,1515.67
2007-06-14,0.004816,1522.97
2007-06-15,0.006527,1532.91
2007-06-18,-0.001213,1531.05
2007-06-19,0.001731,1533.70
2007-06-20,-0.013601,1512.84
2007-06-21,0.006180,1522.19
2007-06-22,-0.012896,1502.56
2007-06-25,-0.003208,1497.74
2007-06-26,-0.003238,1492.89
2007-06-27,0.009009,1506.34
2007-06-28,-0.000418,1505.71
2007-06-29,-0.001567,1503.35
2007-07-02,0.010696,1519.43
2007-07-03,0.003580,1524.87
2007-07-05,0.000348,1525.40
2007-07-06,0.003304,1530.44
2007-07-09,0.000921,1531.85
2007-07-10,-0.014185,1510.12
2007-07-11,0.005721,1518.76
2007-07-12,0.019055,1547.70
2007-07-13,0.003101,1552.50
2007-07-16,-0.001919,1549.52
2007-07-17,-0.000097,1549.37
2007-07-18,-0.002065,1546.17
2007-07-19,0.004469,1553.08
2007-07-20,-0.012221,1534.10
2007-07-23,0.004869,1541.57
2007-07-24,-0.019804,1511.04
2007-07-25,0.004666,1518.09
2007-07-26,-0.023339,1482.66
2007-07-27,-0.015992,1458.95
2007-07-30,0.010254,1473.91
2007-07-31,-0.012647,1455.27
2007-08-01,0.007243,1465.81
2007-08-02,0.004359,1472.20
2007-08-03,-0.026586,1433.06
2007-08-06,0.024151,1467.67
2007-08-07,0.006159,1476.71
2007-08-08,0.014072,1497.49
2007-08-09,-0.029650,1453.09
2007-08-10,0.000379,1453.64
2007-08-13,-0.000495,1452.92
2007-08-14,-0.018157,1426.54
2007-08-15,-0.013908,1406.70
2007-08-16,0.003249,1411.27
2007-08-17,0.024567,1445.94
2007-08-20,-0.000270,1445.55
2007-08-21,0.001086,1447.12
2007-08-22,0.011713,1464.07
2007-08-23,-0.001072,1462.50
2007-08-24,0.011535,1479.37
2007-08-27,-0.008504,1466.79
2007-08-28,-0.023473,1432.36
2007-08-29,0.021922,1463.76
2007-08-30,-0.004181,1457.64
2007-08-31,0.011217,1473.99
2007-09-04,0.010468,1489.42
2007-09-05,-0.011501,1472.29
2007-09-06,0.004252,1478.55
2007-09-07,-0.016908,1453.55
2007-09-10,-0.001273,1451.70
2007-09-11,0.013632,1471.49
2007-09-12,0.000048,1471.56
2007-09-13,0.008420,1483.95
2007-09-14,0.000202,1484.25
2007-09-17,-0.005120,1476.65
2007-09-18,0.029208,1519.78
2007-09-19,0.006086,1529.03
2007-09-20,-0.006723,1518.75
2007-09-21,0.004609,1525.75
2007-09-24,-0.005256,1517.73
2007-09-25,-0.000343,1517.21
2007-09-26,0.005411,1525.42
2007-09-27,0.003907,1531.38
2007-09-28,-0.003023,1526.75
2007-10-01,0.013290,1547.04
2007-10-02,-0.000265,1546.63
2007-10-03,-0.004552,1539.59
2007-10-04,0.002111,1542.84
2007-10-05,0.009560,1557.59
2007-10-08,-0.003217,1552.58
2007-10-09,0.008096,1565.15
2007-10-10,-0.001712,1562.47
2007-10-11,-0.005158,1554.41
2007-10-12,0.004754,1561.80
2007-10-15,-0.008381,1548.71
2007-10-16,-0.006573,1538.53
2007-10-17,0.001761,1541.24
2007-10-18,-0.000753,1540.08
2007-10-19,-0.025616,1500.63
2007-10-22,0.003798,1506.33
2007-10-23,0.008803,1519.59
2007-10-24,-0.002441,1515.88
2007-10-25,-0.000976,1514.40
2007-10-26,0.013788,1535.28
2007-10-29,0.003713,1540.98
2007-10-30,-0.006463,1531.02
2007-10-31,0.011992,1549.38
2007-11-01,-0.026423,1508.44
2007-11-02,0.000802,1509.65
2007-11-05,-0.004955,1502.17
2007-11-06,0.012049,1520.27
2007-11-07,-0.029370,1475.62
2007-11-08,-0.000576,1474.77
2007-11-09,-0.014287,1453.70
2007-11-12,-0.009988,1439.18
2007-11-13,0.029093,1481.05
2007-11-14,-0.007069,1470.58
2007-11-15,-0.013212,1451.15
2007-11-16,0.005230,1458.74
2007-11-19,-0.017460,1433.27
2007-11-20,0.004486,1439.70
2007-11-21,-0.015927,1416.77
2007-11-23,0.016891,1440.70
2007-11-26,-0.023239,1407.22
2007-11-27,0.014930,1428.23
2007-11-28,0.028560,1469.02
2007-11-29,0.000477,1469.72
2007-11-30,0.007770,1481.14
2007-12-03,-0.005887,1472.42
2007-12-04,-0.006540,1462.79
2007-12-05,0.015190,1485.01
2007-12-06,0.015037,1507.34
2007-12-07,-0.001778,1504.66
2007-12-10,0.007510,1515.96
2007-12-11,-0.025271,1477.65
2007-12-12,0.006050,1486.59
2007-12-13,0.001224,1488.41
2007-12-14,-0.013746,1467.95
2007-12-17,-0.015021,1445.90
2007-12-18,0.006280,1454.98
2007-12-19,-0.001361,1453.00
2007-12-20,0.004900,1460.12
2007-12-21,0.016670,1484.46
2007-12-24,0.008077,1496.45
2007-12-26,0.000809,1497.66
2007-12-27,-0.014216,1476.37
2007-12-28,0.001436,1478.49
2007-12-31,-0.006852,1468.36
2008-01-02,-0.014438,1447.16
2008-01-03,0.000000,1447.16
2008-01-04,-0.024552,1411.63
2008-01-07,0.003223,1416.18
2008-01-08,-0.018352,1390.19
2008-01-09,0.013624,1409.13
2008-01-10,0.007948,1420.33
2008-01-11,-0.013595,1401.02
2008-01-14,0.010871,1416.25
2008-01-15,-0.024925,1380.95
2008-01-16,-0.005612,1373.20
2008-01-17,-0.029093,1333.25
2008-01-18,-0.006045,1325.19
2008-01-22,-0.011085,1310.50
2008-01-23,0.021442,1338.60
2008-01-24,0.010063,1352.07
2008-01-25,-0.015872,1330.61
2008-01-28,0.017556,1353.97
2008-01-29,0.006152,1362.30
2008-01-30,-0.004764,1355.81
2008-01-31,0.016772,1378.55
2008-02-01,0.012238,1395.42
2008-02-04,-0.010463,1380.82
2008-02-05,-0.031995,1336.64
2008-02-06,-0.007624,1326.45
2008-02-07,0.007886,1336.91
2008-02-08,-0.004204,1331.29
2008-02-11,0.005889,1339.13
2008-02-12,0.007266,1348.86
2008-02-13,0.013604,1367.21
2008-02-14,-0.013421,1348.86
2008-02-15,0.000838,1349.99
2008-02-19,-0.000896,1348.78
2008-02-20,0.008341,1360.03
2008-02-21,-0.012867,1342.53
2008-02-22,0.007881,1353.11
2008-02-25,0.013813,1371.80
2008-02-26,0.006918,1381.29
2008-02-27,-0.000919,1380.02
2008-02-28,-0.008942,1367.68
2008-02-29,-0.027090,1330.63
2008-03-03,0.000534,1331.34
2008-03-04,-0.003448,1326.75
2008-03-05,0.005238,1333.70
2008-03-06,-0.022014,1304.34
2008-03-07,-0.008410,1293.37
2008-03-10,-0.015463,1273.37
2008-03-11,0.037130,1320.65
2008-03-12,-0.008996,1308.77
2008-03-13,0.005127,1315.48
2008-03-14,-0.020783,1288.14
2008-03-17,-0.008959,1276.60
2008-03-18,0.042410,1330.74
2008-03-19,-0.024287,1298.42
2008-03-20,0.023944,1329.51
2008-03-24,0.015321,1349.88
2008-03-25,0.002304,1352.99
2008-03-26,-0.008766,1341.13
2008-03-27,-0.011460,1325.76
2008-03-28,-0.007950,1315.22
2008-03-31,0.005687,1322.70
2008-04-01,0.035896,1370.18
2008-04-02,-0.001934,1367.53
2008-04-03,0.001302,1369.31
2008-04-04,0.000796,1370.40
2008-04-07,0.001562,1372.54
2008-04-08,-0.005100,1365.54
2008-04-09,-0.008092,1354.49
2008-04-10,0.004474,1360.55
2008-04-11,-0.020374,1332.83
2008-04-14,-0.003384,1328.32
2008-04-15,0.004600,1334.43
2008-04-16,0.022691,1364.71
2008-04-17,0.000623,1365.56
2008-04-18,0.018139,1390.33
2008-04-21,-0.001554,1388.17
2008-04-22,-0.008810,1375.94
2008-04-23,0.002900,1379.93
2008-04-24,0.006442,1388.82
2008-04-25,0.006495,1397.84
2008-04-28,-0.001052,1396.37
2008-04-29,-0.003889,1390.94
2008-04-30,-0.003846,1385.59
2008-05-01,0.017141,1409.34
2008-05-02,0.003236,1413.90
2008-05-05,-0.004534,1407.49
2008-05-06,0.007652,1418.26
2008-05-07,-0.018114,1392.57
2008-05-08,0.003669,1397.68
2008-05-09,-0.006725,1388.28
2008-05-12,0.011021,1403.58
2008-05-13,-0.000385,1403.04
2008-05-14,0.004006,1408.66
2008-05-15,0.010585,1423.57
2008-05-16,0.001250,1425.35
2008-05-19,0.000898,1426.63
2008-05-20,-0.009274,1413.40
2008-05-21,-0.016053,1390.71
2008-05-22,0.002617,1394.35
2008-05-23,-0.013210,1375.93
2008-05-27,0.006846,1385.35
2008-05-28,0.003963,1390.84
2008-05-29,0.005335,1398.26
2008-05-30,0.001516,1400.38
2008-06-02,-0.010504,1385.67
2008-06-03,-0.005788,1377.65
2008-06-04,-0.000327,1377.20
2008-06-05,0.019496,1404.05
2008-06-06,-0.030889,1360.68
2008-06-09,0.000794,1361.76
2008-06-10,-0.002438,1358.44
2008-06-11,-0.016894,1335.49
2008-06-12,0.003280,1339.87
2008-06-13,0.015046,1360.03
2008-06-16,0.000081,1360.14
2008-06-17,-0.006771,1350.93
2008-06-18,-0.009712,1337.81
2008-06-19,0.003752,1342.83
2008-06-20,-0.018543,1317.93
2008-06-23,0.000053,1318.00
2008-06-24,-0.002815,1314.29
2008-06-25,0.005843,1321.97
2008-06-26,-0.029365,1283.15
2008-06-27,-0.003717,1278.38
2008-06-30,0.001267,1280.00
2008-07-01,0.003836,1284.91
2008-07-02,-0.018204,1261.52
2008-07-03,0.001094,1262.90
2008-07-07,-0.008385,1252.31
2008-07-08,0.017080,1273.70
2008-07-09,-0.022776,1244.69
2008-07-10,0.006990,1253.39
2008-07-11,-0.011090,1239.49
2008-07-14,-0.009028,1228.30
2008-07-15,-0.010901,1214.91
2008-07-16,0.025064,1245.36
2008-07-17,0.012013,1260.32
2008-07-18,0.000286,1260.68
2008-07-21,-0.000539,1260.00
2008-07-22,0.013492,1277.00
2008-07-23,0.004064,1282.19
2008-07-24,-0.023125,1252.54
2008-07-25,0.004168,1257.76
2008-07-28,-0.018597,1234.37
2008-07-29,0.023356,1263.20
2008-07-30,0.016672,1284.26
2008-07-31,-0.013144,1267.38
2008-08-01,-0.005578,1260.31
2008-08-04,-0.008966,1249.01
2008-08-05,0.028719,1284.88
2008-08-06,0.003354,1289.19
2008-08-07,-0.017934,1266.07
2008-08-08,0.023893,1296.32
2008-08-11,0.006943,1305.32
2008-08-12,-0.012051,1289.59
2008-08-13,-0.002916,1285.83
2008-08-14,0.005522,1292.93
2008-08-15,0.004076,1298.20
2008-08-18,-0.015098,1278.60
2008-08-19,-0.009315,1266.69
2008-08-20,0.006197,1274.54
2008-08-21,0.002495,1277.72
2008-08-22,0.011333,1292.20
2008-08-25,-0.019625,1266.84
2008-08-26,0.003686,1271.51
2008-08-27,0.007983,1281.66
2008-08-28,0.014840,1300.68
2008-08-29,-0.013724,1282.83
2008-09-02,-0.004093,1277.58
2008-09-03,-0.002035,1274.98
2008-09-04,-0.029922,1236.83
2008-09-05,0.004431,1242.31
2008-09-08,0.020510,1267.79
2008-09-09,-0.034138,1224.51
2008-09-10,0.006149,1232.04
2008-09-11,0.013806,1249.05
2008-09-12,0.002122,1251.70
2008-09-15,-0.047136,1192.70
2008-09-16,0.017515,1213.59
2008-09-17,-0.047133,1156.39
2008-09-18,0.043342,1206.51
2008-09-19,0.040257,1255.08
2008-09-22,-0.038237,1207.09
2008-09-23,-0.015633,1188.22
2008-09-24,-0.001978,1185.87
2008-09-25,0.019656,1209.18
2008-09-26,0.003167,1213.01
2008-09-29,-0.087897,1106.39
2008-09-30,0.054203,1166.36
2008-10-01,-0.004544,1161.06
2008-10-02,-0.040291,1114.28
2008-10-03,-0.013506,1099.23
2008-10-06,-0.038518,1056.89
2008-10-07,-0.057395,996.23
2008-10-08,-0.011333,984.94
2008-10-09,-0.076167,909.92
2008-10-10,-0.011759,899.22
2008-10-13,0.115800,1003.35
2008-10-14,-0.005322,998.01
2008-10-15,-0.090350,907.84
2008-10-16,0.042507,946.43
2008-10-17,-0.006213,940.55
2008-10-20,0.047685,985.40
2008-10-21,-0.030800,955.05
2008-10-22,-0.061013,896.78
2008-10-23,0.012634,908.11
2008-10-24,-0.034511,876.77
2008-10-27,-0.031764,848.92
2008-10-28,0.107890,940.51
2008-10-29,-0.011079,930.09
2008-10-30,0.025804,954.09
2008-10-31,0.015365,968.75
2008-11-03,-0.002529,966.30
2008-11-04,0.040826,1005.75
2008-11-05,-0.052677,952.77
2008-11-06,-0.050264,904.88
2008-11-07,0.028855,930.99
2008-11-10,-0.012653,919.21
2008-11-11,-0.022041,898.95
2008-11-12,-0.051894,852.30
2008-11-13,0.069213,911.29
2008-11-14,-0.041699,873.29
2008-11-17,-0.025810,850.75
2008-11-18,0.009838,859.12
2008-11-19,-0.061156,806.58
2008-11-20,-0.067123,752.44
2008-11-21,0.063248,800.03
2008-11-24,0.064723,851.81
2008-11-25,0.006551,857.39
2008-11-26,0.035328,887.68
2008-11-28,0.009643,896.24
2008-12-01,-0.089295,816.21
2008-12-02,0.039941,848.81
2008-12-03,0.025836,870.74
2008-12-04,-0.029308,845.22
2008-12-05,0.036499,876.07
2008-12-08,0.038387,909.70
2008-12-09,-0.023118,888.67
2008-12-10,0.011894,899.24
2008-12-11,-0.028524,873.59
2008-12-12,0.007028,879.73
2008-12-15,-0.012686,868.57
2008-12-16,0.051360,913.18
2008-12-17,-0.009593,904.42
2008-12-18,-0.021163,885.28
2008-12-19,0.002937,887.88
2008-12-22,-0.018302,871.63
2008-12-23,-0.009717,863.16
2008-12-24,0.005781,868.15
2008-12-26,0.005356,872.80
2008-12-29,-0.003873,869.42
2008-12-30,0.024407,890.64
2008-12-31,0.014158,903.25
2009-01-02,0.031608,931.80
2009-01-05,-0.004668,927.45
2009-01-06,0.007817,934.70
2009-01-07,-0.030010,906.65
2009-01-08,0.003397,909.73
2009-01-09,-0.021303,890.35
2009-01-12,-0.022564,870.26
2009-01-13,0.001758,871.79
2009-01-14,-0.033460,842.62
2009-01-15,0.001329,843.74
2009-01-16,0.007562,850.12
2009-01-20,-0.052816,805.22
2009-01-21,0.043491,840.24
2009-01-22,-0.015162,827.50
2009-01-23,0.005378,831.95
2009-01-26,0.005553,836.57
2009-01-27,0.010926,845.71
2009-01-28,0.033558,874.09
2009-01-29,-0.033120,845.14
2009-01-30,-0.022789,825.88
2009-02-02,-0.000533,825.44
2009-02-03,0.015834,838.51
2009-02-04,-0.007489,832.23
2009-02-05,0.016366,845.85
2009-02-06,0.026896,868.60
2009-02-09,0.001485,869.89
2009-02-10,-0.049121,827.16
2009-02-11,0.007955,833.74
2009-02-12,0.001739,835.19
2009-02-13,-0.009998,826.84
2009-02-17,-0.045559,789.17
2009-02-18,-0.000950,788.42
2009-02-19,-0.012024,778.94
2009-02-20,-0.011413,770.05
2009-02-23,-0.034699,743.33
2009-02-24,0.040103,773.14
2009-02-25,-0.010658,764.90
2009-02-26,-0.015780,752.83
2009-02-27,-0.023564,735.09
2009-03-02,-0.046620,700.82
2009-03-03,-0.006407,696.33
2009-03-04,0.023753,712.87
2009-03-05,-0.042532,682.55
2009-03-06,0.001216,683.38
2009-03-09,-0.010024,676.53
2009-03-10,0.063663,719.60
2009-03-11,0.002446,721.36
2009-03-12,0.040729,750.74
2009-03-13,0.007739,756.55
2009-03-16,-0.003516,753.89
2009-03-17,0.032140,778.12
2009-03-18,0.020858,794.35
2009-03-19,-0.012979,784.04
2009-03-20,-0.019769,768.54
2009-03-23,0.070758,822.92
2009-03-24,-0.020415,806.12
2009-03-25,0.009626,813.88
2009-03-26,0.023320,832.86
2009-03-27,-0.020316,815.94
2009-03-30,-0.034819,787.53
2009-03-31,0.013130,797.87
2009-04-01,0.016557,811.08
2009-04-02,0.028727,834.38
2009-04-03,0.009732,842.50
2009-04-06,-0.008332,835.48
2009-04-07,-0.023855,815.55
2009-04-08,0.011783,825.16
2009-04-09,0.038053,856.56
2009-04-13,0.002533,858.73
2009-04-14,-0.020065,841.50
2009-04-15,0.012549,852.06
2009-04-16,0.015539,865.30
2009-04-17,0.004969,869.60
2009-04-20,-0.042790,832.39
2009-04-21,0.021252,850.08
2009-04-22,-0.007682,843.55
2009-04-23,0.009922,851.92
2009-04-24,0.016797,866.23
2009-04-27,-0.010067,857.51
2009-04-28,-0.002740,855.16
2009-04-29,0.021610,873.64
2009-04-30,-0.000950,872.81
2009-05-01,0.005396,877.52
2009-05-04,0.033868,907.24
2009-05-05,-0.003792,903.80
2009-05-06,0.017404,919.53
2009-05-07,-0.013202,907.39
2009-05-08,0.024069,929.23
2009-05-11,-0.021512,909.24
2009-05-12,-0.000979,908.35
2009-05-13,-0.026895,883.92
2009-05-14,0.010352,893.07
2009-05-15,-0.011410,882.88
2009-05-18,0.030389,909.71
2009-05-19,-0.001737,908.13
2009-05-20,-0.005131,903.47
2009-05-21,-0.016758,888.33
2009-05-22,-0.001497,887.00
2009-05-26,0.026302,910.33
2009-05-27,-0.018971,893.06
2009-05-28,0.015419,906.83
2009-05-29,0.013575,919.14
2009-06-01,0.025818,942.87
2009-06-02,0.001983,944.74
2009-06-03,-0.013739,931.76
2009-06-04,0.011484,942.46
2009-06-05,-0.002515,940.09
2009-06-08,-0.001011,939.14
2009-06-09,0.003503,942.43
2009-06-10,-0.003480,939.15
2009-06-11,0.006112,944.89
2009-06-12,0.001397,946.21
2009-06-15,-0.023769,923.72
2009-06-16,-0.012720,911.97
2009-06-17,-0.001382,910.71
2009-06-18,0.008411,918.37
2009-06-19,0.003114,921.23
2009-06-22,-0.030600,893.04
2009-06-23,0.002307,895.10
2009-06-24,0.006524,900.94
2009-06-25,0.021444,920.26
2009-06-26,-0.001478,918.90
2009-06-29,0.009065,927.23
2009-06-30,-0.008531,919.32
2009-07-01,0.004362,923.33
2009-07-02,-0.029145,896.42
2009-07-06,0.002566,898.72
2009-07-07,-0.019684,881.03
2009-07-08,-0.001669,879.56
2009-07-09,0.003547,882.68
2009-07-10,-0.004022,879.13
2009-07-13,0.024934,901.05
2009-07-14,0.005316,905.84
2009-07-15,0.029630,932.68
2009-07-16,0.008642,940.74
2009-07-17,-0.000383,940.38
2009-07-20,0.011432,951.13
2009-07-21,0.003627,954.58
2009-07-22,-0.000534,954.07
2009-07-23,0.023290,976.29
2009-07-24,0.003042,979.26
2009-07-27,0.002982,982.18
2009-07-28,-0.002606,979.62
2009-07-29,-0.004563,975.15
2009-07-30,0.011896,986.75
2009-07-31,0.000740,987.48
2009-08-03,0.015342,1002.63
2009-08-04,0.003012,1005.65
2009-08-05,-0.002914,1002.72
2009-08-06,-0.005625,997.08
2009-08-07,0.013439,1010.48
2009-08-10,-0.003345,1007.10
2009-08-11,-0.012660,994.35
2009-08-12,0.011525,1005.81
2009-08-13,0.006880,1012.73
2009-08-14,-0.008531,1004.09
2009-08-17,-0.024261,979.73
2009-08-18,0.010146,989.67
2009-08-19,0.006861,996.46
2009-08-20,0.010949,1007.37
2009-08-21,0.018623,1026.13
2009-08-24,-0.000546,1025.57
2009-08-25,0.002369,1028.00
2009-08-26,0.000117,1028.12
2009-08-27,0.002782,1030.98
2009-08-28,-0.001988,1028.93
2009-08-31,-0.008076,1020.62
2009-09-01,-0.022124,998.04
2009-09-02,-0.003296,994.75
2009-09-03,0.008535,1003.24
2009-09-04,0.013118,1016.40
2009-09-08,0.008845,1025.39
2009-09-09,0.007782,1033.37
2009-09-10,0.010422,1044.14
2009-09-11,-0.001350,1042.73
2009-09-14,0.006339,1049.34
2009-09-15,0.003135,1052.63
2009-09-16,0.015324,1068.76
2009-09-17,-0.003060,1065.49
2009-09-18,0.002637,1068.30
2009-09-21,-0.003407,1064.66
2009-09-22,0.006575,1071.66
2009-09-23,-0.010068,1060.87
2009-09-24,-0.009511,1050.78
2009-09-25,-0.006091,1044.38
2009-09-28,0.017810,1062.98
2009-09-29,-0.002230,1060.61
2009-09-30,-0.003328,1057.08
2009-10-01,-0.025760,1029.85
2009-10-02,-0.004506,1025.21
2009-10-05,0.014875,1040.46
2009-10-06,0.013705,1054.72
2009-10-07,0.002712,1057.58
2009-10-08,0.007470,1065.48
2009-10-09,0.005641,1071.49
2009-10-12,0.004386,1076.19
2009-10-13,-0.002788,1073.19
2009-10-14,0.017546,1092.02
2009-10-15,0.004157,1096.56
2009-10-16,-0.008098,1087.68
2009-10-19,0.009405,1097.91
2009-10-20,-0.006239,1091.06
2009-10-21,-0.008854,1081.40
2009-10-22,0.010644,1092.91
2009-10-23,-0.012179,1079.60
2009-10-26,-0.011717,1066.95
2009-10-27,-0.003318,1063.41
2009-10-28,-0.019541,1042.63
2009-10-29,0.022520,1066.11
2009-10-30,-0.028065,1036.19
2009-11-02,0.006456,1042.88
2009-11-03,0.002426,1045.41
2009-11-04,0.001043,1046.50
2009-11-05,0.019236,1066.63
2009-11-06,0.002503,1069.30
2009-11-09,0.022239,1093.08
2009-11-10,-0.000064,1093.01
2009-11-11,0.005032,1098.51
2009-11-12,-0.010259,1087.24
2009-11-13,0.005739,1093.48
2009-11-16,0.014468,1109.30
2009-11-17,0.000919,1110.32
2009-11-18,-0.000468,1109.80
2009-11-19,-0.013426,1094.90
2009-11-20,-0.003215,1091.38
2009-11-23,0.013616,1106.24
2009-11-24,-0.000533,1105.65
2009-11-25,0.004504,1110.63
2009-11-27,-0.017233,1091.49
2009-11-30,0.003793,1095.63
2009-12-01,0.012075,1108.86
2009-12-02,0.000343,1109.24
2009-12-03,-0.008402,1099.92
2009-12-04,0.005509,1105.98
2009-12-07,-0.002468,1103.25
2009-12-08,-0.010252,1091.94
2009-12-09,0.003672,1095.95
2009-12-10,0.005840,1102.35
2009-12-11,0.003683,1106.41
2009-12-14,0.006959,1114.11
2009-12-15,-0.005547,1107.93
2009-12-16,0.001128,1109.18
2009-12-17,-0.011811,1096.08
2009-12-18,0.005830,1102.47
2009-12-21,0.010504,1114.05
2009-12-22,0.003564,1118.02
2009-12-23,0.002299,1120.59
2009-12-24,0.005256,1126.48
2009-12-28,0.001154,1127.78
2009-12-29,-0.001401,1126.20
2009-12-30,0.000195,1126.42
2009-12-31,-0.010050,1115.10
2010-01-04,0.016043,1132.99
2010-01-05,0.003116,1136.52
2010-01-06,0.000546,1137.14
2010-01-07,0.004001,1141.69
2010-01-08,0.002882,1144.98
2010-01-11,0.001747,1146.98
2010-01-12,-0.009381,1136.22
2010-01-13,0.008326,1145.68
2010-01-14,0.002427,1148.46
2010-01-15,-0.010823,1136.03
2010-01-19,0.012500,1150.23
2010-01-20,-0.010598,1138.04
2010-01-21,-0.018945,1116.48
2010-01-22,-0.022141,1091.76
2010-01-25,0.004598,1096.78
2010-01-26,-0.004203,1092.17
2010-01-27,0.004880,1097.50
2010-01-28,-0.011818,1084.53
2010-01-29,-0.009829,1073.87
2010-02-01,0.014266,1089.19
2010-02-02,0.012973,1103.32
2010-02-03,-0.005474,1097.28
2010-02-04,-0.031141,1063.11
2010-02-05,0.002897,1066.19
2010-02-08,-0.008863,1056.74
2010-02-09,0.013040,1070.52
2010-02-10,-0.002233,1068.13
2010-02-11,0.009680,1078.47
2010-02-12,-0.002745,1075.51
2010-02-16,0.018001,1094.87
2010-02-17,0.004238,1099.51
2010-02-18,0.006585,1106.75
2010-02-19,0.002187,1109.17
2010-02-22,-0.001046,1108.01
2010-02-23,-0.012103,1094.60
2010-02-24,0.009720,1105.24
2010-02-25,-0.002081,1102.94
2010-02-26,0.001405,1104.49
2010-03-01,0.010159,1115.71
2010-03-02,0.002330,1118.31
2010-03-03,0.000429,1118.79
2010-03-04,0.003736,1122.97
2010-03-05,0.014008,1138.70
2010-03-08,-0.000176,1138.50
2010-03-09,0.001713,1140.45
2010-03-10,0.004525,1145.61
2010-03-11,0.004042,1150.24
2010-03-12,-0.000217,1149.99
2010-03-15,0.000452,1150.51
2010-03-16,0.007779,1159.46
2010-03-17,0.005822,1166.21
2010-03-18,-0.000326,1165.83
2010-03-19,-0.005087,1159.90
2010-03-22,0.005095,1165.81
2010-03-23,0.007171,1174.17
2010-03-24,-0.005493,1167.72
2010-03-25,-0.001704,1165.73
2010-03-26,0.000738,1166.59
2010-03-29,0.005683,1173.22
2010-03-30,0.000043,1173.27
2010-03-31,-0.003273,1169.43
2010-04-01,0.007414,1178.10
2010-04-05,0.007928,1187.44
2010-04-06,0.001684,1189.44
2010-04-07,-0.005877,1182.45
2010-04-08,0.003374,1186.44
2010-04-09,0.006684,1194.37
2010-04-12,0.001767,1196.48
2010-04-13,0.000685,1197.30
2010-04-14,0.011150,1210.65
2010-04-15,0.000843,1211.67
2010-04-16,-0.016127,1192.13
2010-04-19,0.004521,1197.52
2010-04-20,0.008058,1207.17
2010-04-21,-0.001019,1205.94
2010-04-22,0.002264,1208.67
2010-04-23,0.007124,1217.28
2010-04-26,-0.004296,1212.05
2010-04-27,-0.023382,1183.71
2010-04-28,0.006463,1191.36
2010-04-29,0.012943,1206.78
2010-04-30,-0.016648,1186.69
2010-05-03,0.013121,1202.26
2010-05-04,-0.023838,1173.60
2010-05-05,-0.006561,1165.90
2010-05-06,-0.032378,1128.15
2010-05-07,-0.015308,1110.88
2010-05-10,0.043974,1159.73
2010-05-11,-0.003397,1155.79
2010-05-12,0.013740,1171.67
2010-05-13,-0.012145,1157.44
2010-05-14,-0.018800,1135.68
2010-05-17,0.001109,1136.94
2010-05-18,-0.014196,1120.80
2010-05-19,-0.005130,1115.05
2010-05-20,-0.038976,1071.59
2010-05-21,0.015024,1087.69
2010-05-24,-0.012908,1073.65
2010-05-25,0.000354,1074.03
2010-05-26,-0.005661,1067.95
2010-05-27,0.032876,1103.06
2010-05-28,-0.012375,1089.41
2010-06-01,-0.017165,1070.71
2010-06-02,0.025843,1098.38
2010-06-03,0.004051,1102.83
2010-06-04,-0.034411,1064.88
2010-06-07,-0.013532,1050.47
2010-06-08,0.010976,1062.00
2010-06-09,-0.005942,1055.69
2010-06-10,0.029507,1086.84
2010-06-11,0.004380,1091.60
2010-06-14,-0.001805,1089.63
2010-06-15,0.023494,1115.23
2010-06-16,-0.000556,1114.61
2010-06-17,0.001283,1116.04
2010-06-18,0.001317,1117.51
2010-06-21,-0.003857,1113.20
2010-06-22,-0.016071,1095.31
2010-06-23,-0.002985,1092.04
2010-06-24,-0.016803,1073.69
2010-06-25,0.002859,1076.76
2010-06-28,-0.002034,1074.57
2010-06-29,-0.031017,1041.24
2010-06-30,-0.010113,1030.71
2010-07-01,-0.003240,1027.37
2010-07-02,-0.004662,1022.58
2010-07-06,0.005359,1028.06
2010-07-07,0.031331,1060.27
2010-07-08,0.009413,1070.25
2010-07-09,0.007204,1077.96
2010-07-12,0.000733,1078.75
2010-07-13,0.015379,1095.34
2010-07-14,-0.000155,1095.17
2010-07-15,0.001196,1096.48
2010-07-16,-0.028820,1064.88
2010-07-19,0.005982,1071.25
2010-07-20,0.011417,1083.48
2010-07-21,-0.012820,1069.59
2010-07-22,0.022513,1093.67
2010-07-23,0.008220,1102.66
2010-07-26,0.011200,1115.01
2010-07-27,-0.001049,1113.84
2010-07-28,-0.006922,1106.13
2010-07-29,-0.004159,1101.53
2010-07-30,0.000064,1101.60
2010-08-02,0.022023,1125.86
2010-08-03,-0.004796,1120.46
2010-08-04,0.006051,1127.24
2010-08-05,-0.001269,1125.81
2010-08-06,-0.003704,1121.64
2010-08-09,0.005483,1127.79
2010-08-10,-0.005967,1121.06
2010-08-11,-0.028179,1089.47
2010-08-12,-0.005379,1083.61
2010-08-13,-0.004024,1079.25
2010-08-16,0.000120,1079.38
2010-08-17,0.012192,1092.54
2010-08-18,0.001483,1094.16
2010-08-19,-0.016935,1075.63
2010-08-20,-0.003663,1071.69
2010-08-23,-0.004040,1067.36
2010-08-24,-0.014512,1051.87
2010-08-25,0.003289,1055.33
2010-08-26,-0.007685,1047.22
2010-08-27,0.016587,1064.59
2010-08-30,-0.014719,1048.92
2010-08-31,0.000391,1049.33
2010-09-01,0.029505,1080.29
2010-09-02,0.009081,1090.10
2010-09-03,0.013219,1104.51
2010-09-07,-0.011471,1091.84
2010-09-08,0.006439,1098.87
2010-09-09,0.004832,1104.18
2010-09-10,0.004863,1109.55
2010-09-13,0.011131,1121.90
2010-09-14,-0.000713,1121.10
2010-09-15,0.003541,1125.07
2010-09-16,-0.000364,1124.66
2010-09-17,0.000827,1125.59
2010-09-20,0.015210,1142.71
2010-09-21,-0.002564,1139.78
2010-09-22,-0.004825,1134.28
2010-09-23,-0.008331,1124.83
2010-09-24,0.021194,1148.67
2010-09-27,-0.005667,1142.16
2010-09-28,0.004850,1147.70
2010-09-29,-0.002588,1144.73
2010-09-30,-0.003084,1141.20
2010-10-01,0.004416,1146.24
2010-10-04,-0.008035,1137.03
2010-10-05,0.020861,1160.75
2010-10-06,-0.000672,1159.97
2010-10-07,-0.001647,1158.06
2010-10-08,0.006122,1165.15
2010-10-11,0.000146,1165.32
2010-10-12,0.003819,1169.77
2010-10-13,0.007121,1178.10
2010-10-14,-0.003641,1173.81
2010-10-15,0.002028,1176.19
2010-10-18,0.007244,1184.71
2010-10-19,-0.015877,1165.90
2010-10-20,0.010524,1178.17
2010-10-21,0.001774,1180.26
2010-10-22,0.002389,1183.08
2010-10-25,0.002147,1185.62
2010-10-26,0.000017,1185.64
2010-10-27,-0.002691,1182.45
2010-10-28,0.001125,1183.78
2010-10-29,-0.000439,1183.26
2010-11-01,0.000947,1184.38
2010-11-02,0.007759,1193.57
2010-11-03,0.003678,1197.96
2010-11-04,0.019283,1221.06
2010-11-05,0.003923,1225.85
2010-11-08,-0.002121,1223.25
2010-11-09,-0.008052,1213.40
2010-11-10,0.004376,1218.71
2010-11-11,-0.004242,1213.54
2010-11-12,-0.011808,1199.21
2010-11-15,-0.001217,1197.75
2010-11-16,-0.016205,1178.34
2010-11-17,0.000212,1178.59
2010-11-18,0.015357,1196.69
2010-11-19,0.002540,1199.73
2010-11-22,-0.001575,1197.84
2010-11-23,-0.014284,1180.73
2010-11-24,0.014923,1198.35
2010-11-26,-0.007469,1189.40
2010-11-29,-0.001379,1187.76
2010-11-30,-0.006070,1180.55
2010-12-01,0.021617,1206.07
2010-12-02,0.012818,1221.53
2010-12-03,0.002603,1224.71
2010-12-06,-0.001298,1223.12
2010-12-07,0.000515,1223.75
2010-12-08,0.003702,1228.28
2010-12-09,0.003843,1233.00
2010-12-10,0.006002,1240.40
2010-12-13,0.000048,1240.46
2010-12-14,0.000911,1241.59
2010-12-15,-0.005122,1235.23
2010-12-16,0.006185,1242.87
2010-12-17,0.000837,1243.91
2010-12-20,0.002548,1247.08
2010-12-21,0.006030,1254.60
2010-12-22,0.003380,1258.84
2010-12-23,-0.001644,1256.77
2010-12-27,0.000613,1257.54
2010-12-28,0.000771,1258.51
2010-12-29,0.001009,1259.78
2010-12-30,-0.001508,1257.88
2010-12-31,-0.000191,1257.64
2011-01-03,0.011315,1271.87
2011-01-04,-0.001313,1270.20
2011-01-05,0.005007,1276.56
2011-01-06,-0.002123,1273.85
2011-01-07,-0.001845,1271.50
2011-01-10,-0.001376,1269.75
2011-01-11,0.003725,1274.48
2011-01-12,0.009008,1285.96
2011-01-13,-0.001711,1283.76
2011-01-14,0.007385,1293.24
2011-01-18,0.001376,1295.02
2011-01-19,-0.010116,1281.92
2011-01-20,-0.001295,1280.26
2011-01-21,0.002414,1283.35
2011-01-24,0.005836,1290.84
2011-01-25,0.000263,1291.18
2011-01-26,0.004221,1296.63
2011-01-27,0.002244,1299.54
2011-01-28,-0.017852,1276.34
2011-01-31,0.007663,1286.12
2011-02-01,0.016694,1307.59
2011-02-02,-0.002723,1304.03
2011-02-03,0.002354,1307.10
2011-02-04,0.002884,1310.87
2011-02-07,0.006240,1319.05
2011-02-08,0.004185,1324.57
2011-02-09,-0.002786,1320.88
2011-02-10,0.000750,1321.87
2011-02-11,0.005507,1329.15
2011-02-14,0.002385,1332.32
2011-02-15,-0.003235,1328.01
2011-02-16,0.006257,1336.32
2011-02-17,0.003076,1340.43
2011-02-18,0.001925,1343.01
2011-02-22,-0.020529,1315.44
2011-02-23,-0.006112,1307.40
2011-02-24,-0.000994,1306.10
2011-02-25,0.010550,1319.88
2011-02-28,0.005561,1327.22
2011-03-01,-0.015740,1306.33
2011-03-02,0.001615,1308.44
2011-03-03,0.017219,1330.97
2011-03-04,-0.007378,1321.15
2011-03-07,-0.008341,1310.13
2011-03-08,0.008923,1321.82
2011-03-09,-0.001362,1320.02
2011-03-10,-0.018871,1295.11
2011-03-11,0.007080,1304.28
2011-03-14,-0.006049,1296.39
2011-03-15,-0.011200,1281.87
2011-03-16,-0.019495,1256.88
2011-03-17,0.013398,1273.72
2011-03-18,0.004302,1279.20
2011-03-21,0.014994,1298.38
2011-03-22,-0.003551,1293.77
2011-03-23,0.002914,1297.54
2011-03-24,0.009341,1309.66
2011-03-25,0.003161,1313.80
2011-03-28,-0.002748,1310.19
2011-03-29,0.007060,1319.44
2011-03-30,0.006685,1328.26
2011-03-31,-0.001829,1325.83
2011-04-01,0.004963,1332.41
2011-04-04,0.000345,1332.87
2011-04-05,-0.000180,1332.63
2011-04-06,0.002184,1335.54
2011-04-07,-0.001520,1333.51
2011-04-08,-0.004004,1328.17
2011-04-11,-0.002793,1324.46
2011-04-12,-0.007777,1314.16
2011-04-13,0.000190,1314.41
2011-04-14,0.000084,1314.52
2011-04-15,0.003925,1319.68
2011-04-18,-0.011018,1305.14
2011-04-19,0.005731,1312.62
2011-04-20,0.013515,1330.36
2011-04-21,0.005277,1337.38
2011-04-25,-0.001593,1335.25
2011-04-26,0.008980,1347.24
2011-04-27,0.006250,1355.66
2011-04-28,0.003555,1360.48
2011-04-29,0.002301,1363.61
2011-05-02,-0.001753,1361.22
2011-05-03,-0.003379,1356.62
2011-05-04,-0.006855,1347.32
2011-05-05,-0.009070,1335.10
2011-05-06,0.003820,1340.20
2011-05-09,0.004544,1346.29
2011-05-10,0.008074,1357.16
2011-05-11,-0.011111,1342.08
2011-05-12,0.004895,1348.65
2011-05-13,-0.008067,1337.77
2011-05-16,-0.006204,1329.47
2011-05-17,-0.000369,1328.98
2011-05-18,0.008804,1340.68
2011-05-19,0.002178,1343.60
2011-05-20,-0.007688,1333.27
2011-05-23,-0.011926,1317.37
2011-05-24,-0.000827,1316.28
2011-05-25,0.003183,1320.47
2011-05-26,0.003953,1325.69
2011-05-27,0.004081,1331.10
2011-05-31,0.010593,1345.20
2011-06-01,-0.022785,1314.55
2011-06-02,-0.001225,1312.94
2011-06-03,-0.009734,1300.16
2011-06-06,-0.010760,1286.17
2011-06-07,-0.000956,1284.94
2011-06-08,-0.004187,1279.56
2011-06-09,0.007378,1289.00
2011-06-10,-0.013980,1270.98
2011-06-13,0.000669,1271.83
2011-06-14,0.012612,1287.87
2011-06-15,-0.017432,1265.42
2011-06-16,0.001754,1267.64
2011-06-17,0.003045,1271.50
2011-06-20,0.005395,1278.36
2011-06-21,0.013423,1295.52
2011-06-22,-0.006468,1287.14
2011-06-23,-0.002828,1283.50
2011-06-24,-0.011726,1268.45
2011-06-27,0.009184,1280.10
2011-06-28,0.012944,1296.67
2011-06-29,0.008283,1307.41
2011-06-30,0.010119,1320.64
2011-07-01,0.014410,1339.67
2011-07-05,-0.001336,1337.88
2011-07-06,0.001002,1339.22
2011-07-07,0.010454,1353.22
2011-07-08,-0.006961,1343.80
2011-07-11,-0.018090,1319.49
2011-07-12,-0.004434,1313.64
2011-07-13,0.003106,1317.72
2011-07-14,-0.006716,1308.87
2011-07-15,0.005554,1316.14
2011-07-18,-0.008130,1305.44
2011-07-19,0.016309,1326.73
2011-07-20,-0.000671,1325.84
2011-07-21,0.013546,1343.80
2011-07-22,0.000908,1345.02
2011-07-25,-0.005643,1337.43
2011-07-26,-0.004105,1331.94
2011-07-27,-0.020309,1304.89
2011-07-28,-0.003234,1300.67
2011-07-29,-0.006451,1292.28
2011-08-01,-0.004132,1286.94
2011-08-02,-0.025557,1254.05
2011-08-03,0.005016,1260.34
2011-08-04,-0.047820,1200.07
2011-08-05,-0.000575,1199.38
2011-08-08,-0.066634,1119.46
2011-08-09,0.047407,1172.53
2011-08-10,-0.044152,1120.76
2011-08-11,0.046290,1172.64
2011-08-12,0.005262,1178.81
2011-08-15,0.021785,1204.49
2011-08-16,-0.009739,1192.76
2011-08-17,0.000947,1193.89
2011-08-18,-0.044594,1140.65
2011-08-19,-0.015009,1123.53
2011-08-22,0.000258,1123.82
2011-08-23,0.034285,1162.35
2011-08-24,0.013120,1177.60
2011-08-25,-0.015566,1159.27
2011-08-26,0.015122,1176.80
2011-08-29,0.028280,1210.08
2011-08-30,0.002347,1212.92
2011-08-31,0.004922,1218.89
2011-09-01,-0.011871,1204.42
2011-09-02,-0.025282,1173.97
2011-09-06,-0.007436,1165.24
2011-09-07,0.028646,1198.62
2011-09-08,-0.010612,1185.90
2011-09-09,-0.026705,1154.23
2011-09-12,0.006966,1162.27
2011-09-13,0.009120,1172.87
2011-09-14,0.013480,1188.68
2011-09-15,0.017187,1209.11
2011-09-16,0.005707,1216.01
2011-09-19,-0.009803,1204.09
2011-09-20,-0.001661,1202.09
2011-09-21,-0.029390,1166.76
2011-09-22,-0.031883,1129.56
2011-09-23,0.006082,1136.43
2011-09-26,0.023336,1162.95
2011-09-27,0.010688,1175.38
2011-09-28,-0.020691,1151.06
2011-09-29,0.008114,1160.40
2011-09-30,-0.024974,1131.42
2011-10-03,-0.028451,1099.23
2011-10-04,0.022488,1123.95
2011-10-05,0.017866,1144.03
2011-10-06,0.018304,1164.97
2011-10-07,-0.008163,1155.46
2011-10-10,0.034125,1194.89
2011-10-11,0.000544,1195.54
2011-10-12,0.009795,1207.25
2011-10-13,-0.002974,1203.66
2011-10-14,0.017380,1224.58
2011-10-17,-0.019370,1200.86
2011-10-18,0.020419,1225.38
2011-10-19,-0.012649,1209.88
2011-10-20,0.004554,1215.39
2011-10-21,0.018809,1238.25
2011-10-24,0.012873,1254.19
2011-10-25,-0.020045,1229.05
2011-10-26,0.010537,1242.00
2011-10-27,0.034291,1284.59
2011-10-28,0.000389,1285.09
2011-10-31,-0.024738,1253.30
2011-11-01,-0.027942,1218.28
2011-11-02,0.016105,1237.90
2011-11-03,0.018782,1261.15
2011-11-04,-0.006280,1253.23
2011-11-07,0.006296,1261.12
2011-11-08,0.011736,1275.92
2011-11-09,-0.036695,1229.10
2011-11-10,0.008616,1239.69
2011-11-11,0.019489,1263.85
2011-11-14,-0.009550,1251.78
2011-11-15,0.004817,1257.81
2011-11-16,-0.016616,1236.91
2011-11-17,-0.016800,1216.13
2011-11-18,-0.000395,1215.65
2011-11-21,-0.018648,1192.98
2011-11-22,-0.004141,1188.04
2011-11-23,-0.022095,1161.79
2011-11-25,-0.002686,1158.67
2011-11-28,0.029240,1192.55
2011-11-29,0.002214,1195.19
2011-11-30,0.043315,1246.96
2011-12-01,-0.001909,1244.58
2011-12-02,-0.000241,1244.28
2011-12-05,0.010287,1257.08
2011-12-06,0.001106,1258.47
2011-12-07,0.002018,1261.01
2011-12-08,-0.021142,1234.35
2011-12-09,0.016883,1255.19
2011-12-12,-0.014914,1236.47
2011-12-13,-0.008686,1225.73
2011-12-14,-0.011348,1211.82
2011-12-15,0.003243,1215.75
2011-12-16,0.003216,1219.66
2011-12-19,-0.011733,1205.35
2011-12-20,0.029825,1241.30
2011-12-21,0.001950,1243.72
2011-12-22,0.008266,1254.00
2011-12-23,0.009035,1265.33
2011-12-27,0.000079,1265.43
2011-12-28,-0.012478,1249.64
2011-12-29,0.010707,1263.02
2011-12-30,-0.004291,1257.60
2012-01-03,0.015474,1277.06
2012-01-04,0.000188,1277.30
2012-01-05,0.002944,1281.06
2012-01-06,-0.002537,1277.81
2012-01-09,0.002262,1280.70
2012-01-10,0.008886,1292.08
2012-01-11,0.000310,1292.48
2012-01-12,0.002337,1295.50
2012-01-13,-0.004948,1289.09
2012-01-17,0.003553,1293.67
2012-01-18,0.011108,1308.04
2012-01-19,0.004939,1314.50
2012-01-20,0.000669,1315.38
2012-01-23,0.000471,1316.00
2012-01-24,-0.001026,1314.65
2012-01-25,0.008672,1326.05
2012-01-26,-0.005746,1318.43
2012-01-27,-0.001593,1316.33
2012-01-30,-0.002522,1313.01
2012-01-31,-0.000457,1312.41
2012-02-01,0.008900,1324.09
2012-02-02,0.001095,1325.54
2012-02-03,0.014605,1344.90
2012-02-06,-0.000424,1344.33
2012-02-07,0.002023,1347.05
2012-02-08,0.002160,1349.96
2012-02-09,0.001474,1351.95
2012-02-10,-0.006886,1342.64
2012-02-13,0.006800,1351.77
2012-02-14,-0.000940,1350.50
2012-02-15,-0.005383,1343.23
2012-02-16,0.011026,1358.04
2012-02-17,0.002349,1361.23
2012-02-21,0.000720,1362.21
2012-02-22,-0.003340,1357.66
2012-02-23,0.004272,1363.46
2012-02-24,0.001672,1365.74
2012-02-27,0.001355,1367.59
2012-02-28,0.003356,1372.18
2012-02-29,-0.004737,1365.68
2012-03-01,0.006158,1374.09
2012-03-02,-0.003246,1369.63
2012-03-05,-0.003870,1364.33
2012-03-06,-0.015370,1343.36
2012-03-07,0.006901,1352.63
2012-03-08,0.009818,1365.91
2012-03-09,0.003631,1370.87
2012-03-12,0.000160,1371.09
2012-03-13,0.018132,1395.95
2012-03-14,-0.001196,1394.28
2012-03-15,0.005967,1402.60
2012-03-16,0.001119,1404.17
2012-03-19,0.003974,1409.75
2012-03-20,-0.003001,1405.52
2012-03-21,-0.001871,1402.89
2012-03-22,-0.007207,1392.78
2012-03-23,0.003109,1397.11
2012-03-26,0.013886,1416.51
2012-03-27,-0.002817,1412.52
2012-03-28,-0.004942,1405.54
2012-03-29,-0.001608,1403.28
2012-03-30,0.003698,1408.47
2012-04-02,0.007505,1419.04
2012-04-03,-0.003989,1413.38
2012-04-04,-0.010202,1398.96
2012-04-05,-0.000629,1398.08
2012-04-09,-0.011358,1382.20
2012-04-10,-0.017081,1358.59
2012-04-11,0.007449,1368.71
2012-04-12,0.013779,1387.57
2012-04-13,-0.012475,1370.26
2012-04-16,-0.000504,1369.57
2012-04-17,0.015487,1390.78
2012-04-18,-0.004055,1385.14
2012-04-19,-0.005934,1376.92
2012-04-20,0.001169,1378.53
2012-04-23,-0.008408,1366.94
2012-04-24,0.003680,1371.97
2012-04-25,0.013645,1390.69
2012-04-26,0.006680,1399.98
2012-04-27,0.002414,1403.36
2012-04-30,-0.003884,1397.91
2012-05-01,0.005658,1405.82
2012-05-02,-0.002497,1402.31
2012-05-03,-0.007659,1391.57
2012-05-04,-0.016147,1369.10
2012-05-07,0.000351,1369.58
2012-05-08,-0.004279,1363.72
2012-05-09,-0.006702,1354.58
2012-05-10,0.002517,1357.99
2012-05-11,-0.003387,1353.39
2012-05-14,-0.011113,1338.35
2012-05-15,-0.005746,1330.66
2012-05-16,-0.004404,1324.80
2012-05-17,-0.015051,1304.86
2012-05-18,-0.007388,1295.22
2012-05-21,0.016036,1315.99
2012-05-22,0.000486,1316.63
2012-05-23,0.001694,1318.86
2012-05-24,0.001380,1320.68
2012-05-25,-0.002166,1317.82
2012-05-29,0.011079,1332.42
2012-05-30,-0.014335,1313.32
2012-05-31,-0.002277,1310.33
2012-06-01,-0.024643,1278.04
2012-06-04,0.000110,1278.18
2012-06-05,0.005727,1285.50
2012-06-06,0.023049,1315.13
2012-06-07,-0.000106,1314.99
2012-06-08,0.008114,1325.66
2012-06-11,-0.012620,1308.93
2012-06-12,0.011651,1324.18
2012-06-13,-0.007023,1314.88
2012-06-14,0.010815,1329.10
2012-06-15,0.010338,1342.84
2012-06-18,0.001445,1344.78
2012-06-19,0.009816,1357.98
2012-06-20,-0.001686,1355.69
2012-06-21,-0.022262,1325.51
2012-06-22,0.007175,1335.02
2012-06-25,-0.015955,1313.72
2012-06-26,0.004773,1319.99
2012-06-27,0.008985,1331.85
2012-06-28,-0.002110,1329.04
2012-06-29,0.024920,1362.16
2012-07-02,0.002459,1365.51
2012-07-03,0.006232,1374.02
2012-07-05,-0.004687,1367.58
2012-07-06,-0.009433,1354.68
2012-07-09,-0.001639,1352.46
2012-07-10,-0.008126,1341.47
2012-07-11,-0.000015,1341.45
2012-07-12,-0.004987,1334.76
2012-07-13,0.016497,1356.78
2012-07-16,-0.002314,1353.64
2012-07-17,0.007410,1363.67
2012-07-18,0.006681,1372.78
2012-07-19,0.002717,1376.51
2012-07-20,-0.010062,1362.66
2012-07-23,-0.008909,1350.52
2012-07-24,-0.009041,1338.31
2012-07-25,-0.000314,1337.89
2012-07-26,0.016541,1360.02
2012-07-27,0.019081,1385.97
2012-07-30,-0.000483,1385.30
2012-07-31,-0.004317,1379.32
2012-08-01,-0.003030,1375.14
2012-08-02,-0.007374,1365.00
2012-08-03,0.019040,1390.99
2012-08-06,0.002329,1394.23
2012-08-07,0.005107,1401.35
2012-08-08,0.000621,1402.22
2012-08-09,0.000414,1402.80
2012-08-10,0.002188,1405.87
2012-08-13,-0.001252,1404.11
2012-08-14,-0.000128,1403.93
2012-08-15,0.001140,1405.53
2012-08-16,0.007101,1415.51
2012-08-17,0.001872,1418.16
2012-08-20,-0.000021,1418.13
2012-08-21,-0.003498,1413.17
2012-08-22,0.000226,1413.49
2012-08-23,-0.008072,1402.08
2012-08-24,0.006455,1411.13
2012-08-27,-0.000489,1410.44
2012-08-28,-0.000808,1409.30
2012-08-29,0.000844,1410.49
2012-08-30,-0.007806,1399.48
2012-08-31,0.005073,1406.58
2012-09-04,-0.001166,1404.94
2012-09-05,-0.001068,1403.44
2012-09-06,0.020436,1432.12
2012-09-07,0.004050,1437.92
2012-09-10,-0.006148,1429.08
2012-09-11,0.003135,1433.56
2012-09-12,0.002093,1436.56
2012-09-13,0.016310,1459.99
2012-09-14,0.003959,1465.77
2012-09-17,-0.003125,1461.19
2012-09-18,-0.001280,1459.32
2012-09-19,0.001185,1461.05
2012-09-20,-0.000541,1460.26
2012-09-21,-0.000075,1460.15
2012-09-24,-0.002233,1456.89
2012-09-25,-0.010502,1441.59
2012-09-26,-0.005737,1433.32
2012-09-27,0.009649,1447.15
2012-09-28,-0.004478,1440.67
2012-10-01,0.002652,1444.49
2012-10-02,0.000872,1445.75
2012-10-03,0.003624,1450.99
2012-10-04,0.007174,1461.40
2012-10-05,-0.000322,1460.93
2012-10-08,-0.003457,1455.88
2012-10-09,-0.009891,1441.48
2012-10-10,-0.006188,1432.56
2012-10-11,0.000195,1432.84
2012-10-12,-0.002966,1428.59
2012-10-15,0.008078,1440.13
2012-10-16,0.010270,1454.92
2012-10-17,0.004117,1460.91
2012-10-18,-0.002444,1457.34
2012-10-19,-0.016571,1433.19
2012-10-22,0.000440,1433.82
2012-10-23,-0.014444,1413.11
2012-10-24,-0.003085,1408.75
2012-10-25,0.002996,1412.97
2012-10-26,-0.000729,1411.94
2012-10-31,0.000156,1412.16
2012-11-01,0.010927,1427.59
2012-11-02,-0.009379,1414.20
2012-11-05,0.002164,1417.26
2012-11-06,0.007853,1428.39
2012-11-07,-0.023705,1394.53
2012-11-08,-0.012205,1377.51
2012-11-09,0.001699,1379.85
2012-11-12,0.000130,1380.03
2012-11-13,-0.003985,1374.53
2012-11-14,-0.013852,1355.49
2012-11-15,-0.001594,1353.33
2012-11-16,0.004840,1359.88
2012-11-19,0.019862,1386.89
2012-11-20,0.000663,1387.81
2012-11-21,0.002320,1391.03
2012-11-23,0.013026,1409.15
2012-11-26,-0.002030,1406.29
2012-11-27,-0.005227,1398.94
2012-11-28,0.007856,1409.93
2012-11-29,0.004270,1415.95
2012-11-30,0.000162,1416.18
2012-12-03,-0.004745,1409.46
2012-12-04,-0.001710,1407.05
2012-12-05,0.001585,1409.28
2012-12-06,0.003307,1413.94
2012-12-07,0.002921,1418.07
2012-12-10,0.000338,1418.55
2012-12-11,0.006549,1427.84
2012-12-12,0.000448,1428.48
2012-12-13,-0.006321,1419.45
2012-12-14,-0.004135,1413.58
2012-12-17,0.011871,1430.36
2012-12-18,0.011487,1446.79
2012-12-19,-0.007589,1435.81
2012-12-20,0.005488,1443.69
2012-12-21,-0.009379,1430.15
2012-12-24,-0.002440,1426.66
2012-12-26,-0.004787,1419.83
2012-12-27,-0.001218,1418.10
2012-12-28,-0.011050,1402.43
2012-12-31,0.016942,1426.19
2013-01-02,0.025403,1462.42
2013-01-03,-0.002086,1459.37
2013-01-04,0.004865,1466.47
2013-01-07,-0.003123,1461.89
2013-01-08,-0.003242,1457.15
2013-01-09,0.002656,1461.02
2013-01-10,0.007597,1472.12
2013-01-11,-0.000048,1472.05
2013-01-14,-0.000931,1470.68
2013-01-15,0.001129,1472.34
2013-01-16,0.000197,1472.63
2013-01-17,0.005643,1480.94
2013-01-18,0.003403,1485.98
2013-01-22,0.004428,1492.56
2013-01-23,0.001507,1494.81
2013-01-24,0.000007,1494.82
2013-01-25,0.005445,1502.96
2013-01-28,-0.001850,1500.18
2013-01-29,0.005106,1507.84
2013-01-30,-0.003900,1501.96
2013-01-31,-0.002563,1498.11
2013-02-01,0.010053,1513.17
2013-02-04,-0.011539,1495.71
2013-02-05,0.010416,1511.29
2013-02-06,0.000549,1512.12
2013-02-07,-0.001805,1509.39
2013-02-08,0.005658,1517.93
2013-02-11,-0.000606,1517.01
2013-02-12,0.001595,1519.43
2013-02-13,0.000592,1520.33
2013-02-14,0.000691,1521.38
2013-02-15,-0.001045,1519.79
2013-02-19,0.007337,1530.94
2013-02-20,-0.012404,1511.95
2013-02-21,-0.006303,1502.42
2013-02-22,0.008773,1515.60
2013-02-25,-0.018310,1487.85
2013-02-26,0.006109,1496.94
2013-02-27,0.012726,1515.99
2013-02-28,-0.000864,1514.68
2013-03-01,0.002324,1518.20
2013-03-04,0.004611,1525.20
2013-03-05,0.009566,1539.79
2013-03-06,0.001085,1541.46
2013-03-07,0.001816,1544.26
2013-03-08,0.004481,1551.18
2013-03-11,0.003249,1556.22
2013-03-12,-0.002403,1552.48
2013-03-13,0.001314,1554.52
2013-03-14,0.005603,1563.23
2013-03-15,-0.001618,1560.70
2013-03-18,-0.005510,1552.10
2013-03-19,-0.002423,1548.34
2013-03-20,0.006697,1558.71
2013-03-21,-0.008282,1545.80
2013-03-22,0.007174,1556.89
2013-03-25,-0.003340,1551.69
2013-03-26,0.007785,1563.77
2013-03-27,-0.000588,1562.85
2013-03-28,0.004057,1569.19
2013-04-01,-0.004474,1562.17
2013-04-02,0.005172,1570.25
2013-04-03,-0.010546,1553.69
2013-04-04,0.004048,1559.98
2013-04-05,-0.004295,1553.28
2013-04-08,0.006303,1563.07
2013-04-09,0.003544,1568.61
2013-04-10,0.012189,1587.73
2013-04-11,0.003552,1593.37
2013-04-12,-0.002837,1588.85
2013-04-15,-0.022966,1552.36
2013-04-16,0.014307,1574.57
2013-04-17,-0.014328,1552.01
2013-04-18,-0.006701,1541.61
2013-04-19,0.008848,1555.25
2013-04-22,0.004662,1562.50
2013-04-23,0.010419,1578.78
2013-04-24,0.000006,1578.79
2013-04-25,0.004035,1585.16
2013-04-26,-0.001842,1582.24
2013-04-29,0.007186,1593.61
2013-04-30,0.002485,1597.57
2013-05-01,-0.009308,1582.70
2013-05-02,0.009408,1597.59
2013-05-03,0.010535,1614.42
2013-05-06,0.001908,1617.50
2013-05-07,0.005230,1625.96
2013-05-08,0.004139,1632.69
2013-05-09,-0.003687,1626.67
2013-05-10,0.004322,1633.70
2013-05-13,0.000043,1633.77
2013-05-14,0.010142,1650.34
2013-05-15,0.005114,1658.78
2013-05-16,-0.005010,1650.47
2013-05-17,0.010300,1667.47
2013-05-20,-0.000708,1666.29
2013-05-21,0.001722,1669.16
2013-05-22,-0.008274,1655.35
2013-05-23,-0.002924,1650.51
2013-05-24,-0.000551,1649.60
2013-05-28,0.006341,1660.06
2013-05-29,-0.007048,1648.36
2013-05-30,0.003670,1654.41
2013-05-31,-0.014307,1630.74
2013-06-03,0.005936,1640.42
2013-06-04,-0.005511,1631.38
2013-06-05,-0.013780,1608.90
2013-06-06,0.008490,1622.56
2013-06-07,0.012832,1643.38
2013-06-10,-0.000347,1642.81
2013-06-11,-0.010153,1626.13
2013-06-12,-0.008370,1612.52
2013-06-13,0.014784,1636.36
2013-06-14,-0.005885,1626.73
2013-06-17,0.007567,1639.04
2013-06-18,0.007791,1651.81
2013-06-19,-0.013851,1628.93
2013-06-20,-0.025010,1588.19
2013-06-21,0.002670,1592.43
2013-06-24,-0.012145,1573.09
2013-06-25,0.009497,1588.03
2013-06-26,0.009590,1603.26
2013-06-27,0.006200,1613.20
2013-06-28,-0.004290,1606.28
2013-07-01,0.005404,1614.96
2013-07-02,-0.000545,1614.08
2013-07-03,0.000824,1615.41
2013-07-05,0.010202,1631.89
2013-07-08,0.005252,1640.46
2013-07-09,0.007230,1652.32
2013-07-10,0.000182,1652.62
2013-07-11,0.013554,1675.02
2013-07-12,0.003087,1680.19
2013-07-15,0.001375,1682.50
2013-07-16,-0.003709,1676.26
2013-07-17,0.002774,1680.91
2013-07-18,0.005033,1689.37
2013-07-19,0.001610,1692.09
2013-07-22,0.002033,1695.53
2013-07-23,-0.001852,1692.39
2013-07-24,-0.003811,1685.94
2013-07-25,0.002556,1690.25
2013-07-26,0.000828,1691.65
2013-07-29,-0.003736,1685.33
2013-07-30,0.000374,1685.96
2013-07-31,-0.000136,1685.73
2013-08-01,0.012541,1706.87
2013-08-02,0.001640,1709.67
2013-08-05,-0.001480,1707.14
2013-08-06,-0.005723,1697.37
2013-08-07,-0.003806,1690.91
2013-08-08,0.003885,1697.48
2013-08-09,-0.003570,1691.42
2013-08-12,-0.001153,1689.47
2013-08-13,0.002776,1694.16
2013-08-14,-0.005177,1685.39
2013-08-15,-0.014282,1661.32
2013-08-16,-0.003305,1655.83
2013-08-19,-0.005900,1646.06
2013-08-20,0.003821,1652.35
2013-08-21,-0.005780,1642.80
2013-08-22,0.008619,1656.96
2013-08-23,0.003947,1663.50
2013-08-26,-0.004040,1656.78
2013-08-27,-0.015874,1630.48
2013-08-28,0.002748,1634.96
2013-08-29,0.001963,1638.17
2013-08-30,-0.003174,1632.97
2013-09-03,0.004164,1639.77
2013-09-04,0.008117,1653.08
2013-09-05,0.001210,1655.08
2013-09-06,0.000054,1655.17
2013-09-09,0.009993,1671.71
2013-09-10,0.007346,1683.99
2013-09-11,0.003052,1689.13
2013-09-12,-0.003380,1683.42
2013-09-13,0.002715,1687.99
2013-09-16,0.005693,1697.60
2013-09-17,0.004218,1704.76
2013-09-18,0.012178,1725.52
2013-09-19,-0.001843,1722.34
2013-09-20,-0.007217,1709.91
2013-09-23,-0.004720,1701.84
2013-09-24,-0.002597,1697.42
2013-09-25,-0.002739,1692.77
2013-09-26,0.003485,1698.67
2013-09-27,-0.004074,1691.75
2013-09-30,-0.006029,1681.55
2013-10-01,0.007999,1695.00
2013-10-02,-0.000667,1693.87
2013-10-03,-0.008979,1678.66
2013-10-04,0.007053,1690.50
2013-10-07,-0.008506,1676.12
2013-10-08,-0.012332,1655.45
2013-10-09,0.000574,1656.40
2013-10-10,0.021830,1692.56
2013-10-11,0.006286,1703.20
2013-10-14,0.004075,1710.14
2013-10-15,-0.007064,1698.06
2013-10-16,0.013828,1721.54
2013-10-17,0.006744,1733.15
2013-10-18,0.006549,1744.50
2013-10-21,0.000092,1744.66
2013-10-22,0.005738,1754.67
2013-10-23,-0.004725,1746.38
2013-10-24,0.003258,1752.07
2013-10-25,0.004395,1759.77
2013-10-28,0.001330,1762.11
2013-10-29,0.005584,1771.95
2013-10-30,-0.004876,1763.31
2013-10-31,-0.003839,1756.54
2013-11-01,0.002903,1761.64
2013-11-04,0.003571,1767.93
2013-11-05,-0.002806,1762.97
2013-11-06,0.004266,1770.49
2013-11-07,-0.013183,1747.15
2013-11-08,0.013428,1770.61
2013-11-11,0.000723,1771.89
2013-11-12,-0.002370,1767.69
2013-11-13,0.008095,1782.00
2013-11-14,0.004837,1790.62
2013-11-15,0.004222,1798.18
2013-11-18,-0.003698,1791.53
2013-11-19,-0.002043,1787.87
2013-11-20,-0.003636,1781.37
2013-11-21,0.008129,1795.85
2013-11-22,0.004961,1804.76
2013-11-25,-0.001263,1802.48
2013-11-26,0.000150,1802.75
2013-11-27,0.002485,1807.23
2013-11-29,-0.000786,1805.81
2013-12-02,-0.002719,1800.90
2013-12-03,-0.003193,1795.15
2013-12-04,-0.001304,1792.81
2013-12-05,-0.004340,1785.03
2013-12-06,0.011238,1805.09
2013-12-09,0.001817,1808.37
2013-12-10,-0.003180,1802.62
2013-12-11,-0.011317,1782.22
2013-12-12,-0.003771,1775.50
2013-12-13,-0.000101,1775.32
2013-12-16,0.006320,1786.54
2013-12-17,-0.003101,1781.00
2013-12-18,0.016648,1810.65
2013-12-19,-0.000580,1809.60
2013-12-20,0.004819,1818.32
2013-12-23,0.005318,1827.99
2013-12-24,0.002916,1833.32
2013-12-26,0.004745,1842.02
2013-12-27,-0.000337,1841.40
2013-12-30,-0.000179,1841.07
2013-12-31,0.003960,1848.36
2014-01-02,-0.008862,1831.98
2014-01-03,-0.000333,1831.37
2014-01-06,-0.002512,1826.77
2014-01-07,0.006082,1837.88
2014-01-08,-0.000212,1837.49
2014-01-09,0.000348,1838.13
2014-01-10,0.002307,1842.37
2014-01-13,-0.012576,1819.20
2014-01-14,0.010818,1838.88
2014-01-15,0.005166,1848.38
2014-01-16,-0.001347,1845.89
2014-01-17,-0.003895,1838.70
2014-01-21,0.002774,1843.80
2014-01-22,0.000575,1844.86
2014-01-23,-0.008890,1828.46
2014-01-24,-0.020875,1790.29
2014-01-27,-0.004876,1781.56
2014-01-28,0.006141,1792.50
2014-01-29,-0.010209,1774.20
2014-01-30,0.011267,1794.19
2014-01-31,-0.006465,1782.59
2014-02-03,-0.022832,1741.89
2014-02-04,0.007641,1755.20
2014-02-05,-0.002028,1751.64
2014-02-06,0.012440,1773.43
2014-02-07,0.013302,1797.02
2014-02-10,0.001569,1799.84
2014-02-11,0.011062,1819.75
2014-02-12,-0.000269,1819.26
2014-02-13,0.005810,1829.83
2014-02-14,0.004809,1838.63
2014-02-18,0.001158,1840.76
2014-02-19,-0.006524,1828.75
2014-02-20,0.006031,1839.78
2014-02-21,-0.001919,1836.25
2014-02-24,0.006187,1847.61
2014-02-25,-0.001348,1845.12
2014-02-26,0.000022,1845.16
2014-02-27,0.004948,1854.29
2014-02-28,0.002783,1859.45
2014-03-03,-0.007379,1845.73
2014-03-04,0.015268,1873.91
2014-03-05,-0.000053,1873.81
2014-03-06,0.001718,1877.03
2014-03-07,0.000538,1878.04
2014-03-10,-0.000463,1877.17
2014-03-11,-0.005082,1867.63
2014-03-12,0.000305,1868.20
2014-03-13,-0.011701,1846.34
2014-03-14,-0.002822,1841.13
2014-03-17,0.009614,1858.83
2014-03-18,0.007220,1872.25
2014-03-19,-0.006132,1860.77
2014-03-20,0.006041,1872.01
2014-03-21,-0.002933,1866.52
2014-03-24,-0.004865,1857.44
2014-03-25,0.004404,1865.62
2014-03-26,-0.007000,1852.56
2014-03-27,-0.001900,1849.04
2014-03-28,0.004640,1857.62
2014-03-31,0.007924,1872.34
2014-04-01,0.007039,1885.52
2014-04-02,0.002853,1890.90
2014-04-03,-0.001126,1888.77
2014-04-04,-0.012537,1865.09
2014-04-07,-0.010750,1845.04
2014-04-08,0.003751,1851.96
2014-04-09,0.010918,1872.18
2014-04-10,-0.020885,1833.08
2014-04-11,-0.009487,1815.69
2014-04-14,0.008217,1830.61
2014-04-15,0.006757,1842.98
2014-04-16,0.010488,1862.31
2014-04-17,0.001364,1864.85
2014-04-21,0.003775,1871.89
2014-04-22,0.004092,1879.55
2014-04-23,-0.002213,1875.39
2014-04-24,0.001717,1878.61
2014-04-25,-0.008096,1863.40
2014-04-28,0.003236,1869.43
2014-04-29,0.004761,1878.33
2014-04-30,0.002992,1883.95
2014-05-01,-0.000143,1883.68
2014-05-02,-0.001348,1881.14
2014-05-05,0.001871,1884.66
2014-05-06,-0.008988,1867.72
2014-05-07,0.005616,1878.21
2014-05-08,-0.001374,1875.63
2014-05-09,0.001519,1878.48
2014-05-12,0.009673,1896.65
2014-05-13,0.000422,1897.45
2014-05-14,-0.004701,1888.53
2014-05-15,-0.009362,1870.85
2014-05-16,0.003747,1877.86
2014-05-19,0.003845,1885.08
2014-05-20,-0.006498,1872.83
2014-05-21,0.008116,1888.03
2014-05-22,0.002362,1892.49
2014-05-23,0.004248,1900.53
2014-05-27,0.005988,1911.91
2014-05-28,-0.001114,1909.78
2014-05-29,0.005367,1920.03
2014-05-30,0.001844,1923.57
2014-06-02,0.000728,1924.97
2014-06-03,-0.000379,1924.24
2014-06-04,0.001892,1927.88
2014-06-05,0.006525,1940.46
2014-06-06,0.004628,1949.44
2014-06-09,0.000939,1951.27
2014-06-10,-0.000246,1950.79
2014-06-11,-0.003537,1943.89
2014-06-12,-0.007089,1930.11
2014-06-13,0.003135,1936.16
2014-06-16,0.000837,1937.78
2014-06-17,0.002173,1941.99
2014-06-18,0.007719,1956.98
2014-06-19,0.001277,1959.48
2014-06-20,0.001730,1962.87
2014-06-23,-0.000132,1962.61
2014-06-24,-0.006435,1949.98
2014-06-25,0.004897,1959.53
2014-06-26,-0.001179,1957.22
2014-06-27,0.001911,1960.96
2014-06-30,-0.000372,1960.23
2014-07-01,0.006678,1973.32
2014-07-02,0.000659,1974.62
2014-07-03,0.005480,1985.44
2014-07-07,-0.003924,1977.65
2014-07-08,-0.007049,1963.71
2014-07-09,0.004644,1972.83
2014-07-10,-0.004131,1964.68
2014-07-11,0.001471,1967.57
2014-07-14,0.004844,1977.10
2014-07-15,-0.001932,1973.28
2014-07-16,0.004201,1981.57
2014-07-17,-0.011834,1958.12
2014-07-18,0.010265,1978.22
2014-07-21,-0.002320,1973.63
2014-07-22,0.005016,1983.53
2014-07-23,0.001754,1987.01
2014-07-24,0.000488,1987.98
2014-07-25,-0.004849,1978.34
2014-07-28,0.000288,1978.91
2014-07-29,-0.004528,1969.95
2014-07-30,0.000061,1970.07
2014-07-31,-0.019999,1930.67
2014-08-01,-0.002859,1925.15
2014-08-04,0.007189,1938.99
2014-08-05,-0.009685,1920.21
2014-08-06,0.000016,1920.24
2014-08-07,-0.005557,1909.57
2014-08-08,0.011531,1931.59
2014-08-11,0.002759,1936.92
2014-08-12,-0.001637,1933.75
2014-08-13,0.006707,1946.72
2014-08-14,0.004346,1955.18
2014-08-15,-0.000061,1955.06
2014-08-18,0.008532,1971.74
2014-08-19,0.005001,1981.60
2014-08-20,0.002478,1986.51
2014-08-21,0.002950,1992.37
2014-08-22,-0.001993,1988.40
2014-08-25,0.004788,1997.92
2014-08-26,0.001051,2000.02
2014-08-27,0.000050,2000.12
2014-08-28,-0.001690,1996.74
2014-08-29,0.003320,2003.37
2014-09-02,-0.000544,2002.28
2014-09-03,-0.000779,2000.72
2014-09-04,-0.001534,1997.65
2014-09-05,0.005036,2007.71
2014-09-08,-0.003073,2001.54
2014-09-09,-0.006545,1988.44
2014-09-10,0.003646,1995.69
2014-09-11,0.000882,1997.45
2014-09-12,-0.005963,1985.54
2014-09-15,-0.000710,1984.13
2014-09-16,0.007484,1998.98
2014-09-17,0.001296,2001.57
2014-09-18,0.004891,2011.36
2014-09-19,-0.000477,2010.40
2014-09-22,-0.008013,1994.29
2014-09-23,-0.005776,1982.77
2014-09-24,0.007832,1998.30
2014-09-25,-0.016169,1965.99
2014-09-26,0.008576,1982.85
2014-09-29,-0.002547,1977.80
2014-09-30,-0.002786,1972.29
2014-10-01,-0.013249,1946.16
2014-10-02,0.000005,1946.17
2014-10-03,0.011166,1967.90
2014-10-06,-0.001565,1964.82
2014-10-07,-0.015126,1935.10
2014-10-08,0.017462,1968.89
2014-10-09,-0.020661,1928.21
2014-10-10,-0.011451,1906.13
2014-10-13,-0.016468,1874.74
2014-10-14,0.001579,1877.70
2014-10-15,-0.008100,1862.49
2014-10-16,0.000145,1862.76
2014-10-17,0.012884,1886.76
2014-10-20,0.009143,1904.01
2014-10-21,0.019574,1941.28
2014-10-22,-0.007299,1927.11
2014-10-23,0.012303,1950.82
2014-10-24,0.007053,1964.58
2014-10-27,-0.001502,1961.63
2014-10-28,0.011939,1985.05
2014-10-29,-0.001385,1982.30
2014-10-30,0.006230,1994.65
2014-10-31,0.011731,2018.05
2014-11-03,-0.000119,2017.81
2014-11-04,-0.002830,2012.10
2014-11-05,0.005701,2023.57
2014-11-06,0.003776,2031.21
2014-11-07,0.000350,2031.92
2014-11-10,0.003120,2038.26
2014-11-11,0.000697,2039.68
2014-11-12,-0.000701,2038.25
2014-11-13,0.000530,2039.33
2014-11-14,0.000240,2039.82
2014-11-17,0.000735,2041.32
2014-11-18,0.005134,2051.80
2014-11-19,-0.001501,2048.72
2014-11-20,0.001967,2052.75
2014-11-21,0.005237,2063.50
2014-11-24,0.002864,2069.41
2014-11-25,-0.001150,2067.03
2014-11-26,0.002806,2072.83
2014-11-28,-0.002542,2067.56
2014-12-01,-0.006829,2053.44
2014-12-02,0.006384,2066.55
2014-12-03,0.003765,2074.33
2014-12-04,-0.001162,2071.92
2014-12-05,0.001665,2075.37
2014-12-08,-0.007257,2060.31
2014-12-09,-0.000238,2059.82
2014-12-10,-0.016351,2026.14
2014-12-11,0.004536,2035.33
2014-12-12,-0.016214,2002.33
2014-12-15,-0.006343,1989.63
2014-12-16,-0.008489,1972.74
2014-12-17,0.020352,2012.89
2014-12-18,0.024015,2061.23
2014-12-19,0.004570,2070.65
2014-12-22,0.003810,2078.54
2014-12-23,0.001746,2082.17
2014-12-24,-0.000139,2081.88
2014-12-26,0.003310,2088.77
2014-12-29,0.000862,2090.57
2014-12-30,-0.004889,2080.35
2014-12-31,-0.010311,2058.90
2015-01-02,-0.000340,2058.20
2015-01-05,-0.018278,2020.58
2015-01-06,-0.008893,2002.61
2015-01-07,0.011630,2025.90
2015-01-08,0.017888,2062.14
2015-01-09,-0.008404,2044.81
2015-01-12,-0.008094,2028.26
2015-01-13,-0.002579,2023.03
2015-01-14,-0.005813,2011.27
2015-01-15,-0.009248,1992.67
2015-01-16,0.013424,2019.42
2015-01-20,0.001550,2022.55
2015-01-21,0.004732,2032.12
2015-01-22,0.015270,2063.15
2015-01-23,-0.005492,2051.82
2015-01-26,0.002568,2057.09
2015-01-27,-0.013388,2029.55
2015-01-28,-0.013496,2002.16
2015-01-29,0.009535,2021.25
2015-01-30,-0.012992,1994.99
2015-02-02,0.012962,2020.85
2015-02-03,0.014439,2050.03
2015-02-04,-0.004156,2041.51
2015-02-05,0.010291,2062.52
2015-02-06,-0.003418,2055.47
2015-02-09,-0.004247,2046.74
2015-02-10,0.010676,2068.59
2015-02-11,-0.000029,2068.53
2015-02-12,0.009645,2088.48
2015-02-13,0.004075,2096.99
2015-02-17,0.001598,2100.34
2015-02-18,-0.000314,2099.68
2015-02-19,-0.001062,2097.45
2015-02-20,0.006126,2110.30
2015-02-23,-0.000303,2109.66
2015-02-24,0.002759,2115.48
2015-02-25,-0.000766,2113.86
2015-02-26,-0.001476,2110.74
2015-02-27,-0.002956,2104.50
2015-03-02,0.006125,2117.39
2015-03-03,-0.004539,2107.78
2015-03-04,-0.004389,2098.53
2015-03-05,0.001196,2101.04
2015-03-06,-0.014174,2071.26
2015-03-09,0.003944,2079.43
2015-03-10,-0.016961,2044.16
2015-03-11,-0.001918,2040.24
2015-03-12,0.012601,2065.95
2015-03-13,-0.006075,2053.40
2015-03-16,0.013534,2081.19
2015-03-17,-0.003320,2074.28
2015-03-18,0.012158,2099.50
2015-03-19,-0.004873,2089.27
2015-03-20,0.009013,2108.10
2015-03-23,-0.001746,2104.42
2015-03-24,-0.006139,2091.50
2015-03-25,-0.014559,2061.05
2015-03-26,-0.002377,2056.15
2015-03-27,0.002369,2061.02
2015-03-30,0.012237,2086.24
2015-03-31,-0.008796,2067.89
2015-04-01,-0.003965,2059.69
2015-04-02,0.003530,2066.96
2015-04-06,0.006609,2080.62
2015-04-07,-0.002062,2076.33
2015-04-08,0.002683,2081.90
2015-04-09,0.004457,2091.18
2015-04-10,0.005203,2102.06
2015-04-13,-0.004581,2092.43
2015-04-14,0.001630,2095.84
2015-04-15,0.005148,2106.63
2015-04-16,-0.000778,2104.99
2015-04-17,-0.011311,2081.18
2015-04-20,0.009235,2100.40
2015-04-21,-0.001481,2097.29
2015-04-22,0.005088,2107.96
2015-04-23,0.002358,2112.93
2015-04-24,0.002253,2117.69
2015-04-27,-0.004141,2108.92
2015-04-28,0.002769,2114.76
2015-04-29,-0.003740,2106.85
2015-04-30,-0.010129,2085.51
2015-05-01,0.010923,2108.29
2015-05-04,0.002941,2114.49
2015-05-05,-0.011837,2089.46
2015-05-06,-0.004456,2080.15
2015-05-07,0.003774,2088.00
2015-05-08,0.013458,2116.10
2015-05-11,-0.005090,2105.33
2015-05-12,-0.002950,2099.12
2015-05-13,-0.000305,2098.48
2015-05-14,0.010779,2121.10
2015-05-15,0.000768,2122.73
2015-05-18,0.003048,2129.20
2015-05-19,-0.000643,2127.83
2015-05-20,-0.000931,2125.85
2015-05-21,0.002338,2130.82
2015-05-22,-0.002234,2126.06
2015-05-26,-0.010282,2104.20
2015-05-27,0.009163,2123.48
2015-05-28,-0.001267,2120.79
2015-05-29,-0.006318,2107.39
2015-06-01,0.002059,2111.73
2015-06-02,-0.001009,2109.60
2015-06-03,0.002119,2114.07
2015-06-04,-0.008623,2095.84
2015-06-05,-0.001436,2092.83
2015-06-08,-0.006474,2079.28
2015-06-09,0.000418,2080.15
2015-06-10,0.012042,2105.20
2015-06-11,0.001739,2108.86
2015-06-12,-0.006994,2094.11
2015-06-15,-0.004622,2084.43
2015-06-16,0.005690,2096.29
2015-06-17,0.001980,2100.44
2015-06-18,0.009903,2121.24
2015-06-19,-0.005304,2109.99
2015-06-22,0.006095,2122.85
2015-06-23,0.000636,2124.20
2015-06-24,-0.007353,2108.58
2015-06-25,-0.002974,2102.31
2015-06-26,-0.000390,2101.49
2015-06-29,-0.020866,2057.64
2015-06-30,0.002658,2063.11
2015-07-01,0.006936,2077.42
2015-07-02,-0.000308,2076.78
2015-07-06,-0.003862,2068.76
2015-07-07,0.006081,2081.34
2015-07-08,-0.016653,2046.68
2015-07-09,0.002262,2051.31
2015-07-10,0.012338,2076.62
2015-07-13,0.011066,2099.60
2015-07-14,0.004453,2108.95
2015-07-15,-0.000735,2107.40
2015-07-16,0.008015,2124.29
2015-07-17,0.001106,2126.64
2015-07-20,0.000771,2128.28
2015-07-21,-0.004262,2119.21
2015-07-22,-0.002388,2114.15
2015-07-23,-0.005676,2102.15
2015-07-24,-0.010703,2079.65
2015-07-27,-0.005775,2067.64
2015-07-28,0.012386,2093.25
2015-07-29,0.007319,2108.57
2015-07-30,0.000028,2108.63
2015-07-31,-0.002272,2103.84
2015-08-03,-0.002757,2098.04
2015-08-04,-0.002250,2093.32
2015-08-05,0.003115,2099.84
2015-08-06,-0.007753,2083.56
2015-08-07,-0.002875,2077.57
2015-08-10,0.012808,2104.18
2015-08-11,-0.009557,2084.07
2015-08-12,0.000950,2086.05
2015-08-13,-0.001275,2083.39
2015-08-14,0.003912,2091.54
2015-08-17,0.005211,2102.44
2015-08-18,-0.002626,2096.92
2015-08-19,-0.008255,2079.61
2015-08-20,-0.021100,2035.73
2015-08-21,-0.031851,1970.89
2015-08-24,-0.039414,1893.21
2015-08-25,-0.013522,1867.61
2015-08-26,0.039034,1940.51
2015-08-27,0.024298,1987.66
2015-08-28,0.000609,1988.87
2015-08-31,-0.008392,1972.18
2015-09-01,-0.029576,1913.85
2015-09-02,0.018293,1948.86
2015-09-03,0.001165,1951.13
2015-09-04,-0.015330,1921.22
2015-09-08,0.025083,1969.41
2015-09-09,-0.013898,1942.04
2015-09-10,0.005278,1952.29
2015-09-11,0.004487,1961.05
2015-09-14,-0.004090,1953.03
2015-09-15,0.012831,1978.09
2015-09-16,0.008705,1995.31
2015-09-17,-0.002561,1990.20
2015-09-18,-0.016164,1958.03
2015-09-21,0.004566,1966.97
2015-09-22,-0.012318,1942.74
2015-09-23,-0.002049,1938.76
2015-09-24,-0.003363,1932.24
2015-09-25,-0.000466,1931.34
2015-09-28,-0.025666,1881.77
2015-09-29,0.001233,1884.09
2015-09-30,0.019076,1920.03
2015-10-01,0.001974,1923.82
2015-10-02,0.014315,1951.36
2015-10-05,0.018290,1987.05
2015-10-06,-0.003588,1979.92
2015-10-07,0.008036,1995.83
2015-10-08,0.008818,2013.43
2015-10-09,0.000725,2014.89
2015-10-12,0.001276,2017.46
2015-10-13,-0.006825,2003.69
2015-10-14,-0.004716,1994.24
2015-10-15,0.014853,2023.86
2015-10-16,0.004570,2033.11
2015-10-19,0.000271,2033.66
2015-10-20,-0.001421,2030.77
2015-10-21,-0.005825,2018.94
2015-10-22,0.016628,2052.51
2015-10-23,0.011030,2075.15
2015-10-26,-0.001913,2071.18
2015-10-27,-0.002554,2065.89
2015-10-28,0.011840,2090.35
2015-10-29,-0.000450,2089.41
2015-10-30,-0.004810,2079.36
2015-11-02,0.011874,2104.05
2015-11-03,0.002728,2109.79
2015-11-04,-0.003545,2102.31
2015-11-05,-0.001132,2099.93
2015-11-06,-0.000348,2099.20
2015-11-09,-0.009823,2078.58
2015-11-10,0.001511,2081.72
2015-11-11,-0.003228,2075.00
2015-11-12,-0.013990,2045.97
2015-11-13,-0.011207,2023.04
2015-11-16,0.014903,2053.19
2015-11-17,-0.001339,2050.44
2015-11-18,0.016162,2083.58
2015-11-19,-0.001123,2081.24
2015-11-20,0.003810,2089.17
2015-11-23,-0.001235,2086.59
2015-11-24,0.001222,2089.14
2015-11-25,-0.000129,2088.87
2015-11-27,0.000594,2090.11
2015-11-30,-0.004641,2080.41
2015-12-01,0.010681,2102.63
2015-12-02,-0.010996,2079.51
2015-12-03,-0.014374,2049.62
2015-12-04,0.020526,2091.69
2015-12-07,-0.006990,2077.07
2015-12-08,-0.006490,2063.59
2015-12-09,-0.007739,2047.62
2015-12-10,0.002251,2052.23
2015-12-11,-0.019423,2012.37
2015-12-14,0.004756,2021.94
2015-12-15,0.010619,2043.41
2015-12-16,0.014515,2073.07
2015-12-17,-0.015041,2041.89
2015-12-18,-0.017797,2005.55
2015-12-21,0.007778,2021.15
2015-12-22,0.008817,2038.97
2015-12-23,0.012418,2064.29
2015-12-24,-0.001599,2060.99
2015-12-28,-0.002179,2056.50
2015-12-29,0.010630,2078.36
2015-12-30,-0.007217,2063.36
2015-12-31,-0.009412,2043.94
2016-01-04,-0.015304,2012.66
2016-01-05,0.002012,2016.71
2016-01-06,-0.013115,1990.26
2016-01-07,-0.023700,1943.09
2016-01-08,-0.010838,1922.03
2016-01-11,0.000853,1923.67
2016-01-12,0.007803,1938.68
2016-01-13,-0.024965,1890.28
2016-01-14,0.016696,1921.84
2016-01-15,-0.021599,1880.33
2016-01-19,0.000532,1881.33
2016-01-20,-0.011694,1859.33
2016-01-21,0.005195,1868.99
2016-01-22,0.020284,1906.90
2016-01-25,-0.015638,1877.08
2016-01-26,0.014144,1903.63
2016-01-27,-0.010863,1882.95
2016-01-28,0.005529,1893.36
2016-01-29,0.024760,1940.24
2016-02-01,-0.000443,1939.38
2016-02-02,-0.018743,1903.03
2016-02-03,0.004992,1912.53
2016-02-04,0.001527,1915.45
2016-02-05,-0.018481,1880.05
2016-02-08,-0.014154,1853.44
2016-02-09,-0.000664,1852.21
2016-02-10,-0.000189,1851.86
2016-02-11,-0.012301,1829.08
2016-02-12,0.019518,1864.78
2016-02-16,0.016517,1895.58
2016-02-17,0.016480,1926.82
2016-02-18,-0.004666,1917.83
2016-02-19,-0.000026,1917.78
2016-02-22,0.014454,1945.50
2016-02-23,-0.012454,1921.27
2016-02-24,0.004440,1929.80
2016-02-25,0.011348,1951.70
2016-02-26,-0.001870,1948.05
2016-02-29,-0.008121,1932.23
2016-03-01,0.023869,1978.35
2016-03-02,0.004094,1986.45
2016-03-03,0.003499,1993.40
2016-03-04,0.003306,1999.99
2016-03-07,0.000885,2001.76
2016-03-08,-0.011240,1979.26
2016-03-09,0.005052,1989.26
2016-03-10,0.000156,1989.57
2016-03-11,0.016396,2022.19
2016-03-14,-0.001261,2019.64
2016-03-15,-0.001837,2015.93
2016-03-16,0.005600,2027.22
2016-03-17,0.006595,2040.59
2016-03-18,0.004406,2049.58
2016-03-21,0.000986,2051.60
2016-03-22,-0.000877,2049.80
2016-03-23,-0.006386,2036.71
2016-03-24,-0.000378,2035.94
2016-03-28,0.000545,2037.05
2016-03-29,0.008817,2055.01
2016-03-30,0.004350,2063.95
2016-03-31,-0.002040,2059.74
2016-04-01,0.006331,2072.78
2016-04-04,-0.003208,2066.13
2016-04-05,-0.010145,2045.17
2016-04-06,0.010508,2066.66
2016-04-07,-0.011976,2041.91
2016-04-08,0.002787,2047.60
2016-04-11,-0.002740,2041.99
2016-04-12,0.009662,2061.72
2016-04-13,0.010040,2082.42
2016-04-14,0.000173,2082.78
2016-04-15,-0.000984,2080.73
2016-04-18,0.006541,2094.34
2016-04-19,0.003085,2100.80
2016-04-20,0.000762,2102.40
2016-04-21,-0.005194,2091.48
2016-04-22,0.000048,2091.58
2016-04-25,-0.001812,2087.79
2016-04-26,0.001873,2091.70
2016-04-27,0.001649,2095.15
2016-04-28,-0.009231,2075.81
2016-04-29,-0.005063,2065.30
2016-05-02,0.007810,2081.43
2016-05-03,-0.008677,2063.37
2016-05-04,-0.005937,2051.12
2016-05-05,-0.000239,2050.63
2016-05-06,0.003175,2057.14
2016-05-09,0.000753,2058.69
2016-05-10,0.012484,2084.39
2016-05-11,-0.009562,2064.46
2016-05-12,-0.000170,2064.11
2016-05-13,-0.008478,2046.61
2016-05-16,0.009797,2066.66
2016-05-17,-0.009411,2047.21
2016-05-18,0.000205,2047.63
2016-05-19,-0.003707,2040.04
2016-05-20,0.006019,2052.32
2016-05-23,-0.002085,2048.04
2016-05-24,0.013681,2076.06
2016-05-25,0.006975,2090.54
2016-05-26,-0.000210,2090.10
2016-05-27,0.004287,2099.06
2016-05-31,-0.001000,2096.96
2016-06-01,0.001130,2099.33
2016-06-02,0.002825,2105.26
2016-06-03,-0.002912,2099.13
2016-06-06,0.004897,2109.41
2016-06-07,0.001289,2112.13
2016-06-08,0.003309,2119.12
2016-06-09,-0.001718,2115.48
2016-06-10,-0.009175,2096.07
2016-06-13,-0.008115,2079.06
2016-06-14,-0.001799,2075.32
2016-06-15,-0.001841,2071.50
2016-06-16,0.003133,2077.99
2016-06-17,-0.003258,2071.22
2016-06-20,0.005808,2083.25
2016-06-21,0.002712,2088.90
2016-06-22,-0.001652,2085.45
2016-06-23,0.013364,2113.32
2016-06-24,-0.035920,2037.41
2016-06-27,-0.018097,2000.54
2016-06-28,0.017770,2036.09
2016-06-29,0.017033,2070.77
2016-06-30,0.013565,2098.86
2016-07-01,0.001949,2102.95
2016-07-05,-0.006848,2088.55
2016-07-06,0.005353,2099.73
2016-07-07,-0.000872,2097.90
2016-07-08,0.015253,2129.90
2016-07-11,0.003409,2137.16
2016-07-12,0.007009,2152.14
2016-07-13,0.000135,2152.43
2016-07-14,0.005259,2163.75
2016-07-15,-0.000929,2161.74
2016-07-18,0.002382,2166.89
2016-07-19,-0.001435,2163.78
2016-07-20,0.004270,2173.02
2016-07-21,-0.003612,2165.17
2016-07-22,0.004554,2175.03
2016-07-25,-0.003011,2168.48
2016-07-26,0.000323,2169.18
2016-07-27,-0.001199,2166.58
2016-07-28,0.001606,2170.06
2016-07-29,0.001631,2173.60
2016-08-01,-0.001270,2170.84
2016-08-02,-0.006362,2157.03
2016-08-03,0.003134,2163.79
2016-08-04,0.000213,2164.25
2016-08-05,0.008603,2182.87
2016-08-08,-0.000907,2180.89
2016-08-09,0.000390,2181.74
2016-08-10,-0.002865,2175.49
2016-08-11,0.004735,2185.79
2016-08-12,-0.000796,2184.05
2016-08-15,0.002793,2190.15
2016-08-16,-0.005479,2178.15
2016-08-17,0.001869,2182.22
2016-08-18,0.002200,2187.02
2016-08-19,-0.001440,2183.87
2016-08-22,-0.000563,2182.64
2016-08-23,0.001952,2186.90
2016-08-24,-0.005240,2175.44
2016-08-25,-0.001365,2172.47
2016-08-26,-0.001579,2169.04
2016-08-29,0.005228,2180.38
2016-08-30,-0.001954,2176.12
2016-08-31,-0.002376,2170.95
2016-09-01,-0.000041,2170.86
2016-09-02,0.004201,2179.98
2016-09-06,0.002982,2186.48
2016-09-07,-0.000146,2186.16
2016-09-08,-0.002223,2181.30
2016-09-09,-0.024522,2127.81
2016-09-12,0.014677,2159.04
2016-09-13,-0.014831,2127.02
2016-09-14,-0.000588,2125.77
2016-09-15,0.010109,2147.26
2016-09-16,-0.003772,2139.16
2016-09-19,-0.000019,2139.12
2016-09-20,0.000299,2139.76
2016-09-21,0.010917,2163.12
2016-09-22,0.006500,2177.18
2016-09-23,-0.005737,2164.69
2016-09-26,-0.008588,2146.10
2016-09-27,0.006444,2159.93
2016-09-28,0.005296,2171.37
2016-09-29,-0.009321,2151.13
2016-09-30,0.007968,2168.27
2016-10-03,-0.003261,2161.20
2016-10-04,-0.004956,2150.49
2016-10-05,0.004297,2159.73
2016-10-06,0.000482,2160.77
2016-10-07,-0.003253,2153.74
2016-10-10,0.004606,2163.66
2016-10-11,-0.012447,2136.73
2016-10-12,0.001147,2139.18
2016-10-13,-0.003099,2132.55
2016-10-14,0.000202,2132.98
2016-10-17,-0.003038,2126.50
2016-10-18,0.006160,2139.60
2016-10-19,0.002192,2144.29
2016-10-20,-0.001376,2141.34
2016-10-21,-0.000084,2141.16
2016-10-24,0.004750,2151.33
2016-10-25,-0.003798,2143.16
2016-10-26,-0.001740,2139.43
2016-10-27,-0.002987,2133.04
2016-10-28,-0.003108,2126.41
2016-10-31,-0.000122,2126.15
2016-11-01,-0.006787,2111.72
2016-11-02,-0.006525,2097.94
2016-11-03,-0.004423,2088.66
2016-11-04,-0.001666,2085.18
2016-11-07,0.022224,2131.52
2016-11-08,0.003772,2139.56
2016-11-09,0.011077,2163.26
2016-11-10,0.001951,2167.48
2016-11-11,-0.001398,2164.45
2016-11-14,-0.000116,2164.20
2016-11-15,0.007481,2180.39
2016-11-16,-0.001582,2176.94
2016-11-17,0.004676,2187.12
2016-11-18,-0.002387,2181.90
2016-11-21,0.007461,2198.18
2016-11-22,0.002165,2202.94
2016-11-23,0.000808,2204.72
2016-11-25,0.003914,2213.35
2016-11-28,-0.005254,2201.72
2016-11-29,0.001335,2204.66
2016-11-30,-0.002653,2198.81
2016-12-01,-0.003516,2191.08
2016-12-02,0.000397,2191.95
2016-12-05,0.005821,2204.71
2016-12-06,0.003411,2212.23
2016-12-07,0.013163,2241.35
2016-12-08,0.002159,2246.19
2016-12-09,0.005939,2259.53
2016-12-12,-0.001137,2256.96
2016-12-13,0.006540,2271.72
2016-12-14,-0.008117,2253.28
2016-12-15,0.003883,2262.03
2016-12-16,-0.001751,2258.07
2016-12-19,0.001975,2262.53
2016-12-20,0.003638,2270.76
2016-12-21,-0.002457,2265.18
2016-12-22,-0.001863,2260.96
2016-12-23,0.001252,2263.79
2016-12-27,0.002248,2268.88
2016-12-28,-0.008357,2249.92
2016-12-29,-0.000293,2249.26
2016-12-30,-0.004637,2238.83
2017-01-03,0.008487,2257.83
2017-01-04,0.005722,2270.75
2017-01-05,-0.000771,2269.00
2017-01-06,0.003517,2276.98
2017-01-09,-0.003549,2268.90
2017-01-10,0.000000,2268.90
2017-01-11,0.002830,2275.32
2017-01-12,-0.002145,2270.44
2017-01-13,0.001850,2274.64
2017-01-17,-0.002968,2267.89
2017-01-18,0.001764,2271.89
2017-01-19,-0.003609,2263.69
2017-01-20,0.003366,2271.31
2017-01-23,-0.002690,2265.20
2017-01-24,0.006565,2280.07
2017-01-25,0.008026,2298.37
2017-01-26,-0.000735,2296.68
2017-01-27,-0.000866,2294.69
2017-01-30,-0.006010,2280.90
2017-01-31,-0.000890,2278.87
2017-02-01,0.000298,2279.55
2017-02-02,0.000570,2280.85
2017-02-03,0.007265,2297.42
2017-02-06,-0.002115,2292.56
2017-02-07,0.000227,2293.08
2017-02-08,0.000693,2294.67
2017-02-09,0.005752,2307.87
2017-02-10,0.003566,2316.10
2017-02-13,0.005246,2328.25
2017-02-14,0.004007,2337.58
2017-02-15,0.004992,2349.25
2017-02-16,-0.000864,2347.22
2017-02-17,0.001679,2351.16
2017-02-21,0.006048,2365.38
2017-02-22,-0.001082,2362.82
2017-02-23,0.000419,2363.81
2017-02-24,0.001493,2367.34
2017-02-27,0.001018,2369.75
2017-02-28,-0.002578,2363.64
2017-03-01,0.013674,2395.96
2017-03-02,-0.005860,2381.92
2017-03-03,0.000504,2383.12
2017-03-06,-0.003277,2375.31
2017-03-07,-0.002913,2368.39
2017-03-08,-0.002284,2362.98
2017-03-09,0.000800,2364.87
2017-03-10,0.003269,2372.60
2017-03-13,0.000367,2373.47
2017-03-14,-0.003379,2365.45
2017-03-15,0.008375,2385.26
2017-03-16,-0.001627,2381.38
2017-03-17,-0.001314,2378.25
2017-03-20,-0.002010,2373.47
2017-03-21,-0.012408,2344.02
2017-03-22,0.001890,2348.45
2017-03-23,-0.001060,2345.96
2017-03-24,-0.000844,2343.98
2017-03-27,-0.001020,2341.59
2017-03-28,0.007251,2358.57
2017-03-29,0.001085,2361.13
2017-03-30,0.002935,2368.06
2017-03-31,-0.002255,2362.72
2017-04-03,-0.001642,2358.84
2017-04-04,0.000560,2360.16
2017-04-05,-0.003055,2352.95
2017-04-06,0.001929,2357.49
2017-04-07,-0.000827,2355.54
2017-04-10,0.000688,2357.16
2017-04-11,-0.001434,2353.78
2017-04-12,-0.003760,2344.93
2017-04-13,-0.006815,2328.95
2017-04-17,0.008613,2349.01
2017-04-18,-0.002903,2342.19
2017-04-19,-0.001716,2338.17
2017-04-20,0.007557,2355.84
2017-04-21,-0.003035,2348.69
2017-04-24,0.010840,2374.15
2017-04-25,0.006091,2388.61
2017-04-26,-0.000486,2387.45
2017-04-27,0.000553,2388.77
2017-04-28,-0.001913,2384.20
2017-05-01,0.001732,2388.33
2017-05-02,0.001189,2391.17
2017-05-03,-0.001271,2388.13
2017-05-04,0.000582,2389.52
2017-05-05,0.004089,2399.29
2017-05-08,0.000038,2399.38
2017-05-09,-0.001025,2396.92
2017-05-10,0.001131,2399.63
2017-05-11,-0.002163,2394.44
2017-05-12,-0.001478,2390.90
2017-05-15,0.004776,2402.32
2017-05-16,-0.000687,2400.67
2017-05-17,-0.018178,2357.03
2017-05-18,0.003687,2365.72
2017-05-19,0.006767,2381.73
2017-05-22,0.005160,2394.02
2017-05-23,0.001838,2398.42
2017-05-24,0.002489,2404.39
2017-05-25,0.004442,2415.07
2017-05-26,0.000311,2415.82
2017-05-30,-0.001205,2412.91
2017-05-31,-0.000460,2411.80
2017-06-01,0.007571,2430.06
2017-06-02,0.003708,2439.07
2017-06-05,-0.001218,2436.10
2017-06-06,-0.002779,2429.33
2017-06-07,0.001568,2433.14
2017-06-08,0.000267,2433.79
2017-06-09,-0.000830,2431.77
2017-06-12,-0.000979,2429.39
2017-06-13,0.004511,2440.35
2017-06-14,-0.000996,2437.92
2017-06-15,-0.002240,2432.46
2017-06-16,0.000284,2433.15
2017-06-19,0.008347,2453.46
2017-06-20,-0.006697,2437.03
2017-06-21,-0.000583,2435.61
2017-06-22,-0.000456,2434.50
2017-06-23,0.001561,2438.30
2017-06-26,0.000316,2439.07
2017-06-27,-0.008073,2419.38
2017-06-28,0.008808,2440.69
2017-06-29,-0.008600,2419.70
2017-06-30,0.001533,2423.41
2017-07-03,0.002311,2429.01
2017-07-05,0.001453,2432.54
2017-07-06,-0.009369,2409.75
2017-07-07,0.006403,2425.18
2017-07-10,0.000928,2427.43
2017-07-11,-0.000783,2425.53
2017-07-12,0.007306,2443.25
2017-07-13,0.001875,2447.83
2017-07-14,0.004674,2459.27
2017-07-17,-0.000053,2459.14
2017-07-18,0.000598,2460.61
2017-07-19,0.005373,2473.83
2017-07-20,-0.000154,2473.45
2017-07-21,-0.000368,2472.54
2017-07-24,-0.001064,2469.91
2017-07-25,0.002923,2477.13
2017-07-26,0.000283,2477.83
2017-07-27,-0.000973,2475.42
2017-07-28,-0.001341,2472.10
2017-07-31,-0.000728,2470.30
2017-08-01,0.002449,2476.35
2017-08-02,0.000493,2477.57
2017-08-03,-0.002184,2472.16
2017-08-04,0.001889,2476.83
2017-08-07,0.001647,2480.91
2017-08-08,-0.002414,2474.92
2017-08-09,-0.000364,2474.02
2017-08-10,-0.014474,2438.21
2017-08-11,0.001276,2441.32
2017-08-14,0.010044,2465.84
2017-08-15,-0.000499,2464.61
2017-08-16,0.001420,2468.11
2017-08-17,-0.015437,2430.01
2017-08-18,-0.001835,2425.55
2017-08-21,0.001163,2428.37
2017-08-22,0.009941,2452.51
2017-08-23,-0.003454,2444.04
2017-08-24,-0.002074,2438.97
2017-08-25,0.001673,2443.05
2017-08-28,0.000487,2444.24
2017-08-29,0.000843,2446.30
2017-08-30,0.004615,2457.59
2017-08-31,0.005721,2471.65
2017-09-01,0.001982,2476.55
2017-09-05,-0.007551,2457.85
2017-09-06,0.003129,2465.54
2017-09-07,-0.000178,2465.10
2017-09-08,-0.001489,2461.43
2017-09-11,0.010839,2488.11
2017-09-12,0.003364,2496.48
2017-09-13,0.000757,2498.37
2017-09-14,-0.001101,2495.62
2017-09-15,0.001847,2500.23
2017-09-18,0.001456,2503.87
2017-09-19,0.001110,2506.65
2017-09-20,0.000634,2508.24
2017-09-21,-0.003046,2500.60
2017-09-22,0.000648,2502.22
2017-09-25,-0.002222,2496.66
2017-09-26,0.000072,2496.84
2017-09-27,0.004085,2507.04
2017-09-28,0.001205,2510.06
2017-09-29,0.003705,2519.36
2017-10-02,0.003874,2529.12
2017-10-03,0.002159,2534.58
2017-10-04,0.001247,2537.74
2017-10-05,0.005647,2552.07
2017-10-06,-0.001074,2549.33
2017-10-09,-0.001804,2544.73
2017-10-10,0.002322,2550.64
2017-10-11,0.001803,2555.24
2017-10-12,-0.001687,2550.93
2017-10-13,0.000878,2553.17
2017-10-16,0.001751,2557.64
2017-10-17,0.000672,2559.36
2017-10-18,0.000742,2561.26
2017-10-19,0.000328,2562.10
2017-10-20,0.005117,2575.21
2017-10-23,-0.003972,2564.98
2017-10-24,0.001618,2569.13
2017-10-25,-0.004663,2557.15
2017-10-26,0.001271,2560.40
2017-10-27,0.008073,2581.07
2017-10-30,-0.003192,2572.83
2017-10-31,0.000944,2575.26
2017-11-01,0.001592,2579.36
2017-11-02,0.000190,2579.85
2017-11-03,0.003097,2587.84
2017-11-06,0.001271,2591.13
2017-11-07,-0.000189,2590.64
2017-11-08,0.001444,2594.38
2017-11-09,-0.003762,2584.62
2017-11-10,-0.000898,2582.30
2017-11-13,0.000984,2584.84
2017-11-14,-0.002310,2578.87
2017-11-15,-0.005526,2564.62
2017-11-16,0.008196,2585.64
2017-11-17,-0.002626,2578.85
2017-11-20,0.001276,2582.14
2017-11-21,0.006541,2599.03
2017-11-22,-0.000750,2597.08
2017-11-24,0.002056,2602.42
2017-11-27,-0.000384,2601.42
2017-11-28,0.009848,2627.04
2017-11-29,-0.000369,2626.07
2017-11-30,0.008191,2647.58
2017-12-01,-0.002024,2642.22
2017-12-04,-0.001052,2639.44
2017-12-05,-0.003739,2629.57
2017-12-06,-0.000114,2629.27
2017-12-07,0.002932,2636.98
2017-12-08,0.005506,2651.50
2017-12-11,0.003202,2659.99
2017-12-12,0.001549,2664.11
2017-12-13,-0.000473,2662.85
2017-12-14,-0.004071,2652.01
2017-12-15,0.008974,2675.81
2017-12-18,0.005363,2690.16
2017-12-19,-0.003230,2681.47
2017-12-20,-0.000828,2679.25
2017-12-21,0.001986,2684.57
2017-12-22,-0.000458,2683.34
2017-12-26,-0.001058,2680.50
2017-12-27,0.000791,2682.62
2017-12-28,0.001834,2687.54
2017-12-29,-0.005183,2673.61
2018-01-02,0.008303,2695.81
2018-01-03,0.006399,2713.06
2018-01-04,0.004029,2723.99
2018-01-05,0.007034,2743.15
2018-01-08,0.001662,2747.71
2018-01-09,0.001303,2751.29
2018-01-10,-0.001112,2748.23
2018-01-11,0.007034,2767.56
2018-01-12,0.006750,2786.24
2018-01-16,-0.003524,2776.42
2018-01-17,0.009415,2802.56
2018-01-18,-0.001616,2798.03
2018-01-19,0.004385,2810.30
2018-01-22,0.008067,2832.97
2018-01-23,0.002174,2839.13
2018-01-24,-0.000560,2837.54
2018-01-25,0.000603,2839.25
2018-01-26,0.011841,2872.87
2018-01-29,-0.006732,2853.53
2018-01-30,-0.010899,2822.43
2018-01-31,0.000489,2823.81
2018-02-01,-0.000648,2821.98
2018-02-02,-0.021209,2762.13
2018-02-05,-0.040979,2648.94
2018-02-06,0.017441,2695.14
2018-02-07,-0.005002,2681.66
2018-02-08,-0.037536,2581.00
2018-02-09,0.014936,2619.55
2018-02-12,0.013915,2656.00
2018-02-13,0.002613,2662.94
2018-02-14,0.013402,2698.63
2018-02-15,0.012069,2731.20
2018-02-16,0.000373,2732.22
2018-02-20,-0.005841,2716.26
2018-02-21,-0.005497,2701.33
2018-02-22,0.000974,2703.96
2018-02-23,0.016028,2747.30
2018-02-26,0.011757,2779.60
2018-02-27,-0.012707,2744.28
2018-02-28,-0.011096,2713.83
2018-03-01,-0.013324,2677.67
2018-03-02,0.005072,2691.25
2018-03-05,0.011032,2720.94
2018-03-06,0.002639,2728.12
2018-03-07,-0.000484,2726.80
2018-03-08,0.004463,2738.97
2018-03-09,0.017379,2786.57
2018-03-12,-0.001274,2783.02
2018-03-13,-0.006364,2765.31
2018-03-14,-0.005724,2749.48
2018-03-15,-0.000782,2747.33
2018-03-16,0.001703,2752.01
2018-03-19,-0.014204,2712.92
2018-03-20,0.001482,2716.94
2018-03-21,-0.001844,2711.93
2018-03-22,-0.025163,2643.69
2018-03-23,-0.020967,2588.26
2018-03-26,0.027157,2658.55
2018-03-27,-0.017276,2612.62
2018-03-28,-0.002917,2605.00
2018-03-29,0.013770,2640.87
2018-04-02,-0.022337,2581.88
2018-04-03,0.012615,2614.45
2018-04-04,0.011566,2644.69
2018-04-05,0.006863,2662.84
2018-04-06,-0.021920,2604.47
2018-04-09,0.003337,2613.16
2018-04-10,0.016727,2656.87
2018-04-11,-0.005525,2642.19
2018-04-12,0.008251,2663.99
2018-04-13,-0.002887,2656.30
2018-04-16,0.008109,2677.84
2018-04-17,0.010662,2706.39
2018-04-18,0.000831,2708.64
2018-04-19,-0.005726,2693.13
2018-04-20,-0.008537,2670.14
2018-04-23,0.000056,2670.29
2018-04-24,-0.013381,2634.56
2018-04-25,0.001837,2639.40
2018-04-26,0.010434,2666.94
2018-04-27,0.001114,2669.91
2018-04-30,-0.008188,2648.05
2018-05-01,0.002549,2654.80
2018-05-02,-0.007206,2635.67
2018-05-03,-0.002254,2629.73
2018-05-04,0.012811,2663.42
2018-05-07,0.003458,2672.63
2018-05-08,-0.000266,2671.92
2018-05-09,0.009682,2697.79
2018-05-10,0.009371,2723.07
2018-05-11,0.001708,2727.72
2018-05-14,0.000884,2730.13
2018-05-15,-0.006842,2711.45
2018-05-16,0.004061,2722.46
2018-05-17,-0.000856,2720.13
2018-05-18,-0.002632,2712.97
2018-05-21,0.007387,2733.01
2018-05-22,-0.003136,2724.44
2018-05-23,0.003248,2733.29
2018-05-24,-0.002023,2727.76
2018-05-25,-0.002357,2721.33
2018-05-29,-0.011564,2689.86
2018-05-30,0.012696,2724.01
2018-05-31,-0.006880,2705.27
2018-06-01,0.010849,2734.62
2018-06-04,0.004480,2746.87
2018-06-05,0.000703,2748.80
2018-06-06,0.008567,2772.35
2018-06-07,-0.000714,2770.37
2018-06-08,0.003126,2779.03
2018-06-11,0.001069,2782.00
2018-06-12,0.001743,2786.85
2018-06-13,-0.004026,2775.63
2018-06-14,0.002472,2782.49
2018-06-15,-0.001017,2779.66
2018-06-18,-0.002126,2773.75
2018-06-19,-0.004023,2762.59
2018-06-20,0.001712,2767.32
2018-06-21,-0.006345,2749.76
2018-06-22,0.001862,2754.88
2018-06-25,-0.013725,2717.07
2018-06-26,0.002205,2723.06
2018-06-27,-0.008604,2699.63
2018-06-28,0.006179,2716.31
2018-06-29,0.000758,2718.37
2018-07-02,0.003068,2726.71
2018-07-03,-0.004947,2713.22
2018-07-05,0.008621,2736.61
2018-07-06,0.008481,2759.82
2018-07-09,0.008823,2784.17
2018-07-10,0.003473,2793.84
2018-07-11,-0.007094,2774.02
2018-07-12,0.008749,2798.29
2018-07-13,0.001079,2801.31
2018-07-16,-0.001028,2798.43
2018-07-17,0.003974,2809.55
2018-07-18,0.002160,2815.62
2018-07-19,-0.003953,2804.49
2018-07-20,-0.000948,2801.83
2018-07-23,0.001838,2806.98
2018-07-24,0.004781,2820.40
2018-07-25,0.009102,2846.07
2018-07-26,-0.003032,2837.44
2018-07-27,-0.006562,2818.82
2018-07-30,-0.005754,2802.60
2018-07-31,0.004885,2816.29
2018-08-01,-0.001040,2813.36
2018-08-02,0.004926,2827.22
2018-08-03,0.004644,2840.35
2018-08-06,0.003538,2850.40
2018-08-07,0.002824,2858.45
2018-08-08,-0.000262,2857.70
2018-08-09,-0.001442,2853.58
2018-08-10,-0.007114,2833.28
2018-08-13,-0.004006,2821.93
2018-08-14,0.006389,2839.96
2018-08-15,-0.007602,2818.37
2018-08-16,0.007919,2840.69
2018-08-17,0.003323,2850.13
2018-08-20,0.002428,2857.05
2018-08-21,0.002069,2862.96
2018-08-22,-0.000398,2861.82
2018-08-23,-0.001691,2856.98
2018-08-24,0.006199,2874.69
2018-08-27,0.007670,2896.74
2018-08-28,0.000269,2897.52
2018-08-29,0.005701,2914.04
2018-08-30,-0.004430,2901.13
2018-08-31,0.000134,2901.52
2018-09-04,-0.001654,2896.72
2018-09-05,-0.002803,2888.60
2018-09-06,-0.003652,2878.05
2018-09-07,-0.002213,2871.68
2018-09-10,0.001898,2877.13
2018-09-11,0.003740,2887.89
2018-09-12,0.000357,2888.92
2018-09-13,0.005282,2904.18
2018-09-14,0.000275,2904.98
2018-09-17,-0.005570,2888.80
2018-09-18,0.005369,2904.31
2018-09-19,0.001253,2907.95
2018-09-20,0.007841,2930.75
2018-09-21,-0.000369,2929.67
2018-09-24,-0.003516,2919.37
2018-09-25,-0.001305,2915.56
2018-09-26,-0.003289,2905.97
2018-09-27,0.002763,2914.00
2018-09-28,-0.000007,2913.98
2018-10-01,0.003641,2924.59
2018-10-02,-0.000397,2923.43
2018-10-03,0.000711,2925.51
2018-10-04,-0.008170,2901.61
2018-10-05,-0.005528,2885.57
2018-10-08,-0.000395,2884.43
2018-10-09,-0.001418,2880.34
2018-10-10,-0.032864,2785.68
2018-10-11,-0.020573,2728.37
2018-10-12,0.014206,2767.13
2018-10-15,-0.005905,2750.79
2018-10-16,0.021496,2809.92
2018-10-17,-0.000253,2809.21
2018-10-18,-0.014392,2768.78
2018-10-19,-0.000361,2767.78
2018-10-22,-0.004299,2755.88
2018-10-23,-0.005512,2740.69
2018-10-24,-0.030864,2656.10
2018-10-25,0.018625,2705.57
2018-10-26,-0.017327,2658.69
2018-10-29,-0.006560,2641.25
2018-10-30,0.015667,2682.63
2018-10-31,0.010851,2711.74
2018-11-01,0.010558,2740.37
2018-11-02,-0.006317,2723.06
2018-11-05,0.005600,2738.31
2018-11-06,0.006259,2755.45
2018-11-07,0.021209,2813.89
2018-11-08,-0.002509,2806.83
2018-11-09,-0.009199,2781.01
2018-11-12,-0.019701,2726.22
2018-11-13,-0.001482,2722.18
2018-11-14,-0.007567,2701.58
2018-11-15,0.010594,2730.20
2018-11-16,0.002223,2736.27
2018-11-19,-0.016643,2690.73
2018-11-20,-0.018151,2641.89
2018-11-21,0.003043,2649.93
2018-11-23,-0.006555,2632.56
2018-11-26,0.015532,2673.45
2018-11-27,0.003262,2682.17
2018-11-28,0.022974,2743.79
2018-11-29,-0.002198,2737.76
2018-11-30,0.008186,2760.17
2018-12-03,0.010941,2790.37
2018-12-04,-0.032365,2700.06
2018-12-06,-0.001522,2695.95
2018-12-07,-0.023320,2633.08
2018-12-10,0.001762,2637.72
2018-12-11,-0.000356,2636.78
2018-12-12,0.005419,2651.07
2018-12-13,-0.000200,2650.54
2018-12-14,-0.019087,2599.95
2018-12-17,-0.020773,2545.94
2018-12-18,0.000086,2546.16
2018-12-19,-0.015396,2506.96
2018-12-20,-0.015772,2467.42
2018-12-21,-0.020588,2416.62
2018-12-24,-0.027112,2351.10
2018-12-26,0.049594,2467.70
2018-12-27,0.008563,2488.83
2018-12-28,-0.001242,2485.74
2018-12-31,0.008492,2506.85
2019-01-02,0.001269,2510.03
2019-01-03,-0.024757,2447.89
2019-01-04,0.034336,2531.94
2019-01-07,0.007010,2549.69
2019-01-08,0.009695,2574.41
2019-01-09,0.004098,2584.96
2019-01-10,0.004518,2596.64
2019-01-11,-0.000146,2596.26
2019-01-14,-0.005258,2582.61
2019-01-15,0.010722,2610.30
2019-01-16,0.002222,2616.10
2019-01-17,0.007591,2635.96
2019-01-18,0.013183,2670.71
2019-01-22,-0.014157,2632.90
2019-01-23,0.002203,2638.70
2019-01-24,0.001376,2642.33
2019-01-25,0.008489,2664.76
2019-01-28,-0.007847,2643.85
2019-01-29,-0.001456,2640.00
2019-01-30,0.015549,2681.05
2019-01-31,0.008597,2704.10
2019-02-01,0.000899,2706.53
2019-02-04,0.006776,2724.87
2019-02-05,0.004708,2737.70
2019-02-06,-0.002224,2731.61
2019-02-07,-0.009357,2706.05
2019-02-08,0.000676,2707.88
2019-02-11,0.000709,2709.80
2019-02-12,0.012890,2744.73
2019-02-13,0.003024,2753.03
2019-02-14,-0.002652,2745.73
2019-02-15,0.010879,2775.60
2019-02-19,0.001499,2779.76
2019-02-20,0.001777,2784.70
2019-02-21,-0.003526,2774.88
2019-02-22,0.006411,2792.67
2019-02-25,0.001232,2796.11
2019-02-26,-0.000790,2793.90
2019-02-27,-0.000544,2792.38
2019-02-28,-0.002826,2784.49
2019-03-01,0.006895,2803.69
2019-03-04,-0.003881,2792.81
2019-03-05,-0.001131,2789.65
2019-03-06,-0.006524,2771.45
2019-03-07,-0.008126,2748.93
2019-03-08,-0.002132,2743.07
2019-03-11,0.014666,2783.30
2019-03-12,0.002953,2791.52
2019-03-13,0.006950,2810.92
2019-03-14,-0.000868,2808.48
2019-03-15,0.004985,2822.48
2019-03-18,0.003706,2832.94
2019-03-19,-0.000131,2832.57
2019-03-20,-0.002944,2824.23
2019-03-21,0.010853,2854.88
2019-03-22,-0.018975,2800.71
2019-03-25,-0.000839,2798.36
2019-03-26,0.007183,2818.46
2019-03-27,-0.004644,2805.37
2019-03-28,0.003590,2815.44
2019-03-29,0.006734,2834.40
2019-04-01,0.011569,2867.19
2019-04-02,0.000017,2867.24
2019-04-03,0.002148,2873.40
2019-04-04,0.002085,2879.39
2019-04-05,0.004636,2892.74
2019-04-08,0.001047,2895.77
2019-04-09,-0.006067,2878.20
2019-04-10,0.003478,2888.21
2019-04-11,0.000038,2888.32
2019-04-12,0.006609,2907.41
2019-04-15,-0.000629,2905.58
2019-04-16,0.000509,2907.06
2019-04-17,-0.002274,2900.45
2019-04-18,0.001579,2905.03
2019-04-22,0.001012,2907.97
2019-04-23,0.008841,2933.68
2019-04-24,-0.002192,2927.25
2019-04-25,-0.000369,2926.17
2019-04-26,0.004685,2939.88
2019-04-29,0.001071,2943.03
2019-04-30,0.000951,2945.83
2019-05-01,-0.007502,2923.73
2019-05-02,-0.002124,2917.52
2019-05-03,0.009638,2945.64
2019-05-06,-0.004471,2932.47
2019-05-07,-0.016512,2884.05
2019-05-08,-0.001605,2879.42
2019-05-09,-0.003021,2870.72
2019-05-10,0.003720,2881.40
2019-05-13,-0.024131,2811.87
2019-05-14,0.008016,2834.41
2019-05-15,0.005839,2850.96
2019-05-16,0.008895,2876.32
2019-05-17,-0.005837,2859.53
2019-05-20,-0.006749,2840.23
2019-05-21,0.008496,2864.36
2019-05-22,-0.002824,2856.27
2019-05-23,-0.011914,2822.24
2019-05-24,0.001354,2826.06
2019-05-28,-0.008376,2802.39
2019-05-29,-0.006912,2783.02
2019-05-30,0.002098,2788.86
2019-05-31,-0.013195,2752.06
2019-06-03,-0.002765,2744.45
2019-06-04,0.021432,2803.27
2019-06-05,0.008162,2826.15
2019-06-06,0.006136,2843.49
2019-06-07,0.010498,2873.34
2019-06-10,0.004660,2886.73
2019-06-11,-0.000350,2885.72
2019-06-12,-0.002038,2879.84
2019-06-13,0.004097,2891.64
2019-06-14,-0.001612,2886.98
2019-06-17,0.000932,2889.67
2019-06-18,0.009717,2917.75
2019-06-19,0.002985,2926.46
2019-06-20,0.009472,2954.18
2019-06-21,-0.001259,2950.46
2019-06-24,-0.001732,2945.35
2019-06-25,-0.009496,2917.38
2019-06-26,-0.001234,2913.78
2019-06-27,0.003823,2924.92
2019-06-28,0.005757,2941.76
2019-07-01,0.007672,2964.33
2019-07-02,0.002928,2973.01
2019-07-03,0.007672,2995.82
2019-07-05,-0.001806,2990.41
2019-07-08,-0.004835,2975.95
2019-07-09,0.001237,2979.63
2019-07-10,0.004511,2993.07
2019-07-11,0.002285,2999.91
2019-07-12,0.004620,3013.77
2019-07-15,0.000176,3014.30
2019-07-16,-0.003404,3004.04
2019-07-17,-0.006531,2984.42
2019-07-18,0.003582,2995.11
2019-07-19,-0.006177,2976.61
2019-07-22,0.002829,2985.03
2019-07-23,0.006848,3005.47
2019-07-24,0.004688,3019.56
2019-07-25,-0.005262,3003.67
2019-07-26,0.007388,3025.86
2019-07-29,-0.001616,3020.97
2019-07-30,-0.002579,3013.18
2019-07-31,-0.010886,2980.38
2019-08-01,-0.008999,2953.56
2019-08-02,-0.007283,2932.05
2019-08-05,-0.029778,2844.74
2019-08-06,0.013017,2881.77
2019-08-07,0.000767,2883.98
2019-08-08,0.018762,2938.09
2019-08-09,-0.006617,2918.65
2019-08-12,-0.012184,2883.09
2019-08-13,0.014994,2926.32
2019-08-14,-0.029293,2840.60
2019-08-15,0.002464,2847.60
2019-08-16,0.014426,2888.68
2019-08-19,0.012106,2923.65
2019-08-20,-0.007915,2900.51
2019-08-21,0.008247,2924.43
2019-08-22,-0.000506,2922.95
2019-08-23,-0.025946,2847.11
2019-08-26,0.010983,2878.38
2019-08-27,-0.003203,2869.16
2019-08-28,0.006545,2887.94
2019-08-29,0.012687,2924.58
2019-08-30,0.000643,2926.46
2019-09-03,-0.006899,2906.27
2019-09-04,0.010842,2937.78
2019-09-05,0.013010,2976.00
2019-09-06,0.000911,2978.71
2019-09-09,-0.000094,2978.43
2019-09-10,0.000322,2979.39
2019-09-11,0.007230,3000.93
2019-09-12,0.002879,3009.57
2019-09-13,-0.000724,3007.39
2019-09-16,-0.003136,2997.96
2019-09-17,0.002582,3005.70
2019-09-18,0.000343,3006.73
2019-09-19,0.000020,3006.79
2019-09-20,-0.004896,2992.07
2019-09-23,-0.000097,2991.78
2019-09-24,-0.008416,2966.60
2019-09-25,0.006159,2984.87
2019-09-26,-0.002429,2977.62
2019-09-27,-0.005316,2961.79
2019-09-30,0.005048,2976.74
2019-10-01,-0.012258,2940.25
2019-10-02,-0.017903,2887.61
2019-10-03,0.007972,2910.63
2019-10-04,0.014217,2952.01
2019-10-07,-0.004478,2938.79
2019-10-08,-0.015561,2893.06
2019-10-09,0.009105,2919.40
2019-10-10,0.006416,2938.13
2019-10-11,0.010939,2970.27
2019-10-14,-0.001387,2966.15
2019-10-15,0.009956,2995.68
2019-10-16,-0.002000,2989.69
2019-10-17,0.002763,2997.95
2019-10-18,-0.003919,2986.20
2019-10-21,0.006872,3006.72
2019-10-22,-0.003569,2995.99
2019-10-23,0.002847,3004.52
2019-10-24,0.001920,3010.29
2019-10-25,0.004073,3022.55
2019-10-28,0.005581,3039.42
2019-10-29,-0.000832,3036.89
2019-10-30,0.003253,3046.77
2019-10-31,-0.003023,3037.56
2019-11-01,0.009662,3066.91
2019-11-04,0.003704,3078.27
2019-11-05,-0.001186,3074.62
2019-11-06,0.000703,3076.78
2019-11-07,0.002730,3085.18
2019-11-08,0.002561,3093.08
2019-11-11,-0.001962,3087.01
2019-11-12,0.001565,3091.84
2019-11-13,0.000712,3094.04
2019-11-14,0.000837,3096.63
2019-11-15,0.007695,3120.46
2019-11-18,0.000503,3122.03
2019-11-19,-0.000593,3120.18
2019-11-20,-0.003756,3108.46
2019-11-21,-0.001583,3103.54
2019-11-22,0.002175,3110.29
2019-11-25,0.007507,3133.64
2019-11-26,0.002196,3140.52
2019-11-27,0.004174,3153.63
2019-11-29,-0.004011,3140.98
2019-12-02,-0.008631,3113.87
2019-12-03,-0.006638,3093.20
2019-12-04,0.006324,3112.76
2019-12-05,0.001500,3117.43
2019-12-06,0.009136,3145.91
2019-12-09,-0.003163,3135.96
2019-12-10,-0.001097,3132.52
2019-12-11,0.002908,3141.63
2019-12-12,0.008575,3168.57
2019-12-13,0.000073,3168.80
2019-12-16,0.007148,3191.45
2019-12-17,0.000335,3192.52
2019-12-18,-0.000432,3191.14
2019-12-19,0.004459,3205.37
2019-12-20,0.004945,3221.22
2019-12-23,0.000866,3224.01
2019-12-24,-0.000195,3223.38
2019-12-26,0.005128,3239.91
2019-12-27,0.000034,3240.02
2019-12-30,-0.005781,3221.29
2019-12-31,0.002946,3230.78
2020-01-02,0.008379,3257.85
2020-01-03,-0.007060,3234.85
2020-01-06,0.003533,3246.28
2020-01-07,-0.002803,3237.18
2020-01-08,0.004902,3253.05
2020-01-09,0.006655,3274.70
2020-01-10,-0.002855,3265.35
2020-01-13,0.006976,3288.13
2020-01-14,-0.001515,3283.15
2020-01-15,0.001870,3289.29
2020-01-16,0.008367,3316.81
2020-01-17,0.003862,3329.62
2020-01-21,-0.002652,3320.79
2020-01-22,0.000289,3321.75
2020-01-23,0.001141,3325.54
2020-01-24,-0.009042,3295.47
2020-01-27,-0.015731,3243.63
2020-01-28,0.010054,3276.24
2020-01-29,-0.000867,3273.40
2020-01-30,0.003134,3283.66
2020-01-31,-0.017706,3225.52
2020-02-03,0.007255,3248.92
2020-02-04,0.014980,3297.59
2020-02-05,0.011251,3334.69
2020-02-06,0.003326,3345.78
2020-02-07,-0.005401,3327.71
2020-02-10,0.007326,3352.09
2020-02-11,0.001688,3357.75
2020-02-12,0.006463,3379.45
2020-02-13,-0.001630,3373.94
2020-02-14,0.001844,3380.16
2020-02-18,-0.002920,3370.29
2020-02-19,0.004706,3386.15
2020-02-20,-0.003816,3373.23
2020-02-21,-0.010518,3337.75
2020-02-24,-0.033514,3225.89
2020-02-25,-0.030280,3128.21
2020-02-26,-0.003779,3116.39
2020-02-27,-0.044163,2978.76
2020-02-28,-0.008238,2954.22
2020-03-02,0.046039,3090.23
2020-03-03,-0.028108,3003.37
2020-03-04,0.042203,3130.12
2020-03-05,-0.033922,3023.94
2020-03-06,-0.017054,2972.37
2020-03-09,-0.075970,2746.56
2020-03-10,0.049396,2882.23
2020-03-11,-0.048868,2741.38
2020-03-12,-0.095113,2480.64
2020-03-13,0.092871,2711.02
2020-03-16,-0.119841,2386.13
2020-03-17,0.059955,2529.19
2020-03-18,-0.051831,2398.10
2020-03-19,0.004708,2409.39
2020-03-20,-0.043360,2304.92
2020-03-23,-0.029294,2237.40
2020-03-24,0.093828,2447.33
2020-03-25,0.011535,2475.56
2020-03-26,0.062414,2630.07
2020-03-27,-0.033687,2541.47
2020-03-30,0.033516,2626.65
2020-03-31,-0.016013,2584.59
2020-04-01,-0.044142,2470.50
2020-04-02,0.022829,2526.90
2020-04-03,-0.015137,2488.65
2020-04-06,0.070331,2663.68
2020-04-07,-0.001603,2659.41
2020-04-08,0.034056,2749.98
2020-04-09,0.014487,2789.82
2020-04-13,-0.010105,2761.63
2020-04-14,0.030573,2846.06
2020-04-15,-0.022030,2783.36
2020-04-16,0.005817,2799.55
2020-04-17,0.026794,2874.56
2020-04-20,-0.017881,2823.16
2020-04-21,-0.030675,2736.56
2020-04-22,0.022930,2799.31
2020-04-23,-0.000539,2797.80
2020-04-24,0.013918,2836.74
2020-04-27,0.014714,2878.48
2020-04-28,-0.005242,2863.39
2020-04-29,0.026584,2939.51
2020-04-30,-0.009212,2912.43
2020-05-01,-0.028059,2830.71
2020-05-04,0.004250,2842.74
2020-05-05,0.009041,2868.44
2020-05-06,-0.006979,2848.42
2020-05-07,0.011505,2881.19
2020-05-08,0.016872,2929.80
2020-05-11,0.000177,2930.32
2020-05-12,-0.020544,2870.12
2020-05-13,-0.017463,2820.00
2020-05-14,0.011525,2852.50
2020-05-15,0.003926,2863.70
2020-05-18,0.031501,2953.91
2020-05-19,-0.010484,2922.94
2020-05-20,0.016651,2971.61
2020-05-21,-0.007774,2948.51
2020-05-22,0.002354,2955.45
2020-05-26,0.012289,2991.77
2020-05-27,0.014827,3036.13
2020-05-28,-0.002108,3029.73
2020-05-29,0.004812,3044.31
2020-06-01,0.003751,3055.73
2020-06-02,0.008211,3080.82
2020-06-03,0.013649,3122.87
2020-06-04,-0.003369,3112.35
2020-06-05,0.026212,3193.93
2020-06-08,0.012042,3232.39
2020-06-09,-0.007799,3207.18
2020-06-10,-0.005313,3190.14
2020-06-11,-0.058944,3002.10
2020-06-12,0.013061,3041.31
2020-06-15,0.008312,3066.59
2020-06-16,0.018962,3124.74
2020-06-17,-0.003600,3113.49
2020-06-18,0.000594,3115.34
2020-06-19,-0.005649,3097.74
2020-06-22,0.006495,3117.86
2020-06-23,0.004307,3131.29
2020-06-24,-0.025855,3050.33
2020-06-25,0.010959,3083.76
2020-06-26,-0.024227,3009.05
2020-06-29,0.014686,3053.24
2020-06-30,0.015410,3100.29
2020-07-01,0.005022,3115.86
2020-07-02,0.004541,3130.01
2020-07-06,0.015882,3179.72
2020-07-07,-0.010819,3145.32
2020-07-08,0.007828,3169.94
2020-07-09,-0.005644,3152.05
2020-07-10,0.010466,3185.04
2020-07-13,-0.009363,3155.22
2020-07-14,0.013406,3197.52
2020-07-15,0.009082,3226.56
2020-07-16,-0.003406,3215.57
2020-07-17,0.002849,3224.73
2020-07-20,0.008407,3251.84
2020-07-21,0.001679,3257.30
2020-07-22,0.005747,3276.02
2020-07-23,-0.012320,3235.66
2020-07-24,-0.006190,3215.63
2020-07-27,0.007395,3239.41
2020-07-28,-0.006473,3218.44
2020-07-29,0.012428,3258.44
2020-07-30,-0.003750,3246.22
2020-07-31,0.007670,3271.12
2020-08-03,0.007181,3294.61
2020-08-04,0.003612,3306.51
2020-08-05,0.006430,3327.77
2020-08-06,0.006428,3349.16
2020-08-07,0.000633,3351.28
2020-08-10,0.002742,3360.47
2020-08-11,-0.007969,3333.69
2020-08-12,0.013997,3380.35
2020-08-13,-0.002047,3373.43
2020-08-14,-0.000172,3372.85
2020-08-17,0.002710,3381.99
2020-08-18,0.002303,3389.78
2020-08-19,-0.004404,3374.85
2020-08-20,0.003159,3385.51
2020-08-21,0.003441,3397.16
2020-08-24,0.010044,3431.28
2020-08-25,0.003596,3443.62
2020-08-26,0.010196,3478.73
2020-08-27,0.001673,3484.55
2020-08-28,0.006733,3508.01
2020-08-31,-0.002195,3500.31
2020-09-01,0.007525,3526.65
2020-09-02,0.015366,3580.84
2020-09-03,-0.035126,3455.06
2020-09-04,-0.008133,3426.96
2020-09-08,-0.027756,3331.84
2020-09-09,0.020145,3398.96
2020-09-10,-0.017585,3339.19
2020-09-11,0.000533,3340.97
2020-09-14,0.012742,3383.54
2020-09-15,0.005219,3401.20
2020-09-16,-0.004619,3385.49
2020-09-17,-0.008412,3357.01
2020-09-18,-0.011183,3319.47
2020-09-21,-0.011571,3281.06
2020-09-22,0.010518,3315.57
2020-09-23,-0.023721,3236.92
2020-09-24,0.002987,3246.59
2020-09-25,0.015977,3298.46
2020-09-28,0.016111,3351.60
2020-09-29,-0.004813,3335.47
2020-09-30,0.008254,3363.00
2020-10-01,0.005293,3380.80
2020-10-02,-0.009572,3348.44
2020-10-05,0.017976,3408.63
2020-10-06,-0.013988,3360.95
2020-10-07,0.017406,3419.45
2020-10-08,0.008007,3446.83
2020-10-09,0.008791,3477.13
2020-10-12,0.016419,3534.22
2020-10-13,-0.006307,3511.93
2020-10-14,-0.006623,3488.67
2020-10-15,-0.001528,3483.34
2020-10-16,0.000135,3483.81
2020-10-19,-0.016330,3426.92
2020-10-20,0.004727,3443.12
2020-10-21,-0.002196,3435.56
2020-10-22,0.005219,3453.49
2020-10-23,0.003446,3465.39
2020-10-26,-0.018590,3400.97
2020-10-27,-0.003026,3390.68
2020-10-28,-0.035288,3271.03
2020-10-29,0.011947,3310.11
2020-10-30,-0.012130,3269.96
2020-11-02,0.012318,3310.24
2020-11-03,0.017799,3369.16
2020-11-04,0.022047,3443.44
2020-11-05,0.019460,3510.45
2020-11-06,-0.000288,3509.44
2020-11-09,0.011700,3550.50
2020-11-10,-0.001400,3545.53
2020-11-11,0.007652,3572.66
2020-11-12,-0.009979,3537.01
2020-11-13,0.013610,3585.15
2020-11-16,0.011648,3626.91
2020-11-17,-0.004792,3609.53
2020-11-18,-0.011564,3567.79
2020-11-19,0.003946,3581.87
2020-11-20,-0.006793,3557.54
2020-11-23,0.005636,3577.59
2020-11-24,0.016162,3635.41
2020-11-25,-0.001584,3629.65
2020-11-27,0.002397,3638.35
2020-11-30,-0.004595,3621.63
2020-12-01,0.011271,3662.45
2020-12-02,0.001791,3669.01
2020-12-03,-0.000624,3666.72
2020-12-04,0.008836,3699.12
2020-12-07,-0.001936,3691.96
2020-12-08,0.002787,3702.25
2020-12-09,-0.007949,3672.82
2020-12-10,-0.001285,3668.10
2020-12-11,-0.001265,3663.46
2020-12-14,-0.004359,3647.49
2020-12-15,0.012921,3694.62
2020-12-16,0.001773,3701.17
2020-12-17,0.005758,3722.48
2020-12-18,-0.003511,3709.41
2020-12-21,-0.003906,3694.92
2020-12-22,-0.002073,3687.26
2020-12-23,0.000746,3690.01
2020-12-24,0.003537,3703.06
2020-12-28,0.008723,3735.36
2020-12-29,-0.002227,3727.04
2020-12-30,0.001342,3732.04
2020-12-31,0.006439,3756.07
2021-01-04,-0.014755,3700.65
2021-01-05,0.007083,3726.86
2021-01-06,0.005710,3748.14
2021-01-07,0.014847,3803.79
2021-01-08,0.005492,3824.68
2021-01-11,-0.006555,3799.61
2021-01-12,0.000416,3801.19
2021-01-13,0.002276,3809.84
2021-01-14,-0.003753,3795.54
2021-01-15,-0.007190,3768.25
2021-01-19,0.008136,3798.91
2021-01-20,0.013936,3851.85
2021-01-21,0.000317,3853.07
2021-01-22,-0.003011,3841.47
2021-01-25,0.003616,3855.36
2021-01-26,-0.001489,3849.62
2021-01-27,-0.025678,3750.77
2021-01-28,0.009761,3787.38
2021-01-29,-0.019312,3714.24
2021-02-01,0.016052,3773.86
2021-02-02,0.013898,3826.31
2021-02-03,0.001009,3830.17
2021-02-04,0.010853,3871.74
2021-02-05,0.003897,3886.83
2021-02-08,0.007399,3915.59
2021-02-09,-0.001113,3911.23
2021-02-10,-0.000345,3909.88
2021-02-11,0.001662,3916.38
2021-02-12,0.004711,3934.83
2021-02-16,-0.000569,3932.59
2021-02-17,-0.000320,3931.33
2021-02-18,-0.004416,3913.97
2021-02-19,-0.001855,3906.71
2021-02-22,-0.007733,3876.50
2021-02-23,0.001256,3881.37
2021-02-24,0.011352,3925.43
2021-02-25,-0.024479,3829.34
2021-02-26,-0.004750,3811.15
2021-03-01,0.023791,3901.82
2021-03-02,-0.008081,3870.29
2021-03-03,-0.013066,3819.72
2021-03-04,-0.013417,3768.47
2021-03-05,0.019496,3841.94
2021-03-08,-0.005359,3821.35
2021-03-09,0.014155,3875.44
2021-03-10,0.006030,3898.81
2021-03-11,0.010395,3939.34
2021-03-12,0.001015,3943.34
