ticker,date,pos,neg,unc,ceo_ratio,analyst_ratio,net_sentiment,sector,Adj Close,returns_market,rolling_corr_net_sent,recommendation_mean
ABBV,2013-03-13 23:56:19,0.0222,0.025,0.018,0.0,0.0,-0.0028000000000000004,Healthcare,23.164216995239258,0.0,,2.1
ABBV,2013-04-26 16:01:16,0.0308,0.0262,0.0137,0.0714285714285714,0.0,0.0046,Healthcare,28.831710815429688,0.03616606245832776,,2.1
ABBV,2013-05-15 03:26:07,0.0437,0.0159,0.0106,0.6666666666666666,0.0,0.027800000000000002,Healthcare,28.951231002807617,0.01499457088165701,,2.1
ABBV,2013-06-13 23:59:05,0.053,0.0149,0.0109,0.0,0.0,0.038099999999999995,Healthcare,27.139816284179688,0.008884929978646205,-0.10658091055364334,2.1
ABBV,2013-07-26 17:10:06,0.0291,0.019,0.0101,0.3333333333333333,0.0,0.010100000000000001,Healthcare,28.4303035736084,0.012432219999793492,-0.7215741891294086,2.1
ABBV,2013-09-10 22:25:10,0.0637,0.0083,0.0069,0.5,0.0,0.055400000000000005,Healthcare,28.423952102661133,0.007877525698368082,-0.7200604123828149,2.1
ABBV,2013-10-25 16:30:05,0.0472,0.0173,0.0115,0.4166666666666667,0.0,0.0299,Healthcare,31.57486915588379,0.028583739947521725,-0.3188832971291198,2.1
ABBV,2014-01-31 16:51:14,0.0417,0.0214,0.0158,0.4166666666666667,0.0,0.020300000000000002,Healthcare,31.779781341552734,0.01904333547477033,-0.3091497929918136,2.1
ABBV,2014-03-05 18:57:07,0.0474,0.0325,0.0149,0.6666666666666666,0.0,0.014899999999999997,Healthcare,33.37424850463867,0.002132357598751744,-0.04240784300034536,2.1
ABBV,2014-04-25 18:44:09,0.0367,0.0201,0.0154,0.3076923076923077,0.0,0.016600000000000004,Healthcare,32.00557327270508,-0.00364988901297314,0.9027102621273524,2.1
ABBV,2014-07-25 15:58:12,0.0461,0.011,0.0099,0.3333333333333333,0.0,0.035100000000000006,Healthcare,34.89960479736328,-0.01664213661167946,-0.6012934550112703,2.1
ABBV,2014-10-31 19:29:15,0.0353,0.0125,0.0091,0.0666666666666666,0.0,0.022799999999999997,Healthcare,41.95659637451172,0.03726749195360335,-0.3008324998944595,2.1
ABBV,2015-01-30 20:44:14,0.0497,0.0059,0.0083,0.3333333333333333,0.0,0.0438,Healthcare,40.19996643066406,-0.04388422069366471,-0.7446222400104845,2.1
ABBV,2015-03-05 21:41:17,0.0611,0.018,0.0084,0.3125,0.0,0.0431,Healthcare,37.87521743774414,-0.056578883980734296,-0.9879213671825452,2.1
ABBV,2015-03-13 06:15:11,0.0664,0.0083,0.0111,0.5,0.0,0.0581,Healthcare,38.634578704833984,0.0,-0.4603976734246271,2.1
ABBV,2015-04-23 21:30:10,0.0541,0.015,0.0115,0.3333333333333333,0.0,0.0391,Healthcare,43.15275573730469,-0.004185116997885041,0.4136007362135989,2.1
ABBV,2015-07-24 18:17:10,0.0721,0.0081,0.014,0.3846153846153846,0.0,0.064,Healthcare,46.064476013183594,-0.03460002683015473,0.05683365162918422,2.1
ABBV,2015-10-30 23:38:12,0.0349,0.0146,0.0214,0.3846153846153846,0.0,0.0203,Healthcare,40.664764404296875,0.10073965201216506,-0.8985495141289356,2.1
ABBV,2016-01-29 18:50:13,0.055,0.008,0.0103,0.2666666666666666,0.0,0.047,Healthcare,37.883174896240234,-0.017009920028253855,-0.9187022569212477,2.1
ABBV,2016-04-29 05:36:22,0.0508,0.0169,0.0102,0.3846153846153846,0.0,0.0339,Healthcare,42.49687957763672,-0.0032679221034735972,-0.8729663417364082,2.1
ABBV,2016-07-29 20:04:23,0.0597,0.0172,0.0092,0.1538461538461538,0.0,0.0425,Healthcare,46.545528411865234,0.02333126625684101,-0.8643334438349528,2.1
ABBV,2016-10-28 18:47:11,0.0427,0.0058,0.0081,0.2857142857142857,0.0,0.0369,Healthcare,40.85373306274414,-0.06280472127755021,0.2511574392247112,2.1
ABBV,2017-01-27 19:31:15,0.0445,0.0156,0.0122,0.0714285714285714,0.0,0.0289,Healthcare,42.985347747802734,-0.020727889023455903,0.3575239406655235,2.1
ABBV,2017-04-27 19:34:39,0.0368,0.0184,0.0138,0.0,0.0,0.0184,Healthcare,47.804931640625,0.01583628887910926,-0.18420855171376907,2.1
ABBV,2017-07-28 22:38:23,0.0544,0.0113,0.0102,0.0,0.0,0.0431,Healthcare,51.42497634887695,-0.017984025935436576,-0.6530261413779967,2.1
ABBV,2017-10-27 18:12:06,0.0418,0.0215,0.0084,0.0,0.0,0.0203,Healthcare,67.58203125,0.026462656027187892,-0.8022420549934544,2.1
ABBV,2018-01-26 21:18:06,0.0527,0.0092,0.0115,0.3333333333333333,0.0,0.0435,Healthcare,91.2271499633789,0.13767306180059902,0.34513377948288254,2.1
ABBV,2018-04-26 18:04:21,0.064,0.0116,0.014,0.0,0.0,0.0524,Healthcare,72.89383697509766,0.06062886141880974,0.25629745530635567,2.1
ABBV,2018-07-27 21:46:59,0.0604,0.0107,0.013,0.0909090909090909,0.0909090909090909,0.0497,Healthcare,68.4388656616211,-0.0359804303496154,0.02677302190767241,2.1
ABBV,2018-09-12 19:19:10,0.0347,0.0232,0.009,0.0,0.0,0.011500000000000003,Healthcare,70.4642105102539,0.0006437742898304233,0.22888164688412338,2.1
ABBV,2018-11-02 16:23:27,0.0478,0.007,0.0117,0.0,0.0,0.0408,Healthcare,60.76905822753906,-0.008103353922916057,0.17587277687925196,2.1
ABBV,2018-11-27 20:25:24,0.0267,0.0053,0.0093,0.0,0.0,0.021400000000000002,Healthcare,66.9712142944336,0.016697933015770605,-0.8023307175563791,2.1
ABBV,2019-01-09 21:27:30,0.0628,0.0083,0.0107,0.5,0.0,0.05449999999999999,Healthcare,67.07049560546875,-0.032823366183654,-0.8345714820595078,2.1
ABBV,2019-01-25 18:52:18,0.0446,0.0241,0.0193,0.1666666666666666,0.0833333333333333,0.0205,Healthcare,62.27208709716797,-0.062179884243867556,-0.04394222553563646,2.1
ABBV,2019-03-12 16:14:08,0.0656,0.0171,0.0143,0.5,0.0,0.0485,Healthcare,60.88036346435547,0.008452796033477483,0.11890806581541667,2.1
ABBV,2019-03-13 19:19:09,0.0439,0.012,0.0146,0.3333333333333333,0.0,0.0319,Healthcare,61.02726364135742,0.002412931997161305,0.45140455848007244,2.1
ABBV,2019-04-25 22:11:10,0.0574,0.0164,0.0105,0.1666666666666666,0.0,0.040999999999999995,Healthcare,62.157630920410156,0.008516741839025066,0.8656247809766151,2.1
ABBV,2019-06-12 21:21:57,0.0298,0.0117,0.0207,0.6666666666666666,0.0,0.018099999999999998,Healthcare,61.55440139770508,0.005117240507251708,0.6440287094537726,2.1
ABBV,2019-06-25 19:29:10,0.0343,0.0581,0.0092,0.1764705882352941,0.0588235294117647,-0.0238,Healthcare,51.47158432006836,-0.16252410006809437,0.948517176648737,2.1
ABBV,2019-07-26 17:56:58,0.0327,0.0497,0.0078,0.3846153846153846,0.0769230769230769,-0.017,Healthcare,53.89494323730469,0.01650117620920466,0.5872848864917737,2.1
ABBV,2019-09-10 20:22:25,0.0392,0.0216,0.0149,0.6666666666666666,0.0,0.017599999999999998,Healthcare,54.22901916503906,0.022188970121645335,0.6606231712805758,2.1
ABBV,2019-11-01 19:45:10,0.0334,0.0527,0.009,0.4166666666666667,0.0833333333333333,-0.019299999999999998,Healthcare,65.97046661376953,0.027655814351487562,0.45912178778461404,2.1
ABBV,2020-01-15 19:22:17,0.0505,0.0093,0.0252,0.5,0.0,0.0412,Healthcare,73.00403594970703,0.012018318059470179,-0.6221301425517992,2.1
ABBV,2020-02-07 18:36:46,0.0307,0.0473,0.0141,0.3076923076923077,0.0769230769230769,-0.0166,Healthcare,75.48219299316406,0.05861398592973299,-0.7504927830790519,2.1
ABBV,2020-05-01 19:27:53,0.0209,0.0561,0.0235,0.2857142857142857,0.0714285714285714,-0.035199999999999995,Healthcare,68.76370239257812,0.007785771910237438,-0.21298094793358813,2.1
ABBV,2020-07-31 19:59:11,0.0449,0.0112,0.0157,0.2857142857142857,0.0714285714285714,0.0337,Healthcare,79.74431610107422,-0.011765966145180329,-0.45723463942927556,2.1
ABBV,2020-10-30 20:18:17,0.0549,0.0082,0.014,0.3125,0.0625,0.0467,Healthcare,72.4755630493164,0.05491512165566581,0.03350718606101369,2.1
ABBV,2021-02-04 00:59:09,0.0433,0.0122,0.02,0.3125,0.0625,0.031099999999999996,Healthcare,93.51083374023438,0.01477345783296613,0.35553409742085057,2.1
ADBE,2005-12-20 17:54:08,0.0472,0.0045,0.009,0.3076923076923077,0.0769230769230769,0.0427,Technology,38.06999969482422,-0.00988299247269464,,2.0
ADBE,2006-03-23 12:38:02,0.0187,0.0104,0.0083,0.2307692307692307,0.0,0.008300000000000002,Technology,36.33000183105469,-0.007919090914488836,,2.0
ADBE,2006-06-16 03:50:42,0.0212,0.0131,0.0071,0.2105263157894736,0.0,0.0081,Technology,29.1200008392334,0.005524922645682384,,2.0
ADBE,2006-09-15 03:21:03,0.016,0.009,0.013,0.2,0.1,0.007000000000000001,Technology,37.0,0.0995541849097612,-0.43402310225543184,2.0
ADBE,2006-12-15 02:13:04,0.0191,0.0067,0.0076,0.1111111111111111,0.0,0.012399999999999998,Technology,42.810001373291016,0.04900759452826042,-0.07130879748749637,2.0
ADBE,2007-03-21 02:34:42,0.0239,0.005,0.0179,0.1176470588235294,0.0,0.0189,Technology,43.29999923706055,0.06283744362108945,0.032810242791106156,2.0
ADBE,2007-06-15 02:05:35,0.0329,0.0039,0.0135,0.1666666666666666,0.0555555555555555,0.028999999999999998,Technology,42.75,-0.027525002494825923,-0.9226644367145499,2.0
ADBE,2007-09-18 00:14:16,0.0241,0.0039,0.0154,0.1666666666666666,0.1111111111111111,0.0202,Technology,43.709999084472656,0.01509516234211783,-0.8467926392707683,2.0
ADBE,2007-12-18 02:57:05,0.0115,0.001,0.0076,0.1666666666666666,0.0,0.010499999999999999,Technology,42.029998779296875,0.02762829367385189,-0.6478230555804926,2.0
ADBE,2008-03-19 01:25:12,0.0141,0.003,0.0111,0.0714285714285714,0.0,0.011099999999999999,Technology,34.75,0.09002512279753727,-0.8365532455699652,2.0
ADBE,2008-06-17 01:56:32,0.0224,0.001,0.0146,0.1875,0.0,0.0214,Technology,41.400001525878906,-0.03383890314763727,-0.7809907586115501,2.0
ADBE,2008-09-17 03:21:32,0.0246,0.0039,0.0147,0.1875,0.0,0.0207,Technology,36.22999954223633,-0.05007865437802028,-0.8877994695726444,2.0
ADBE,2008-12-17 02:10:16,0.0301,0.0047,0.0066,0.2142857142857142,0.0,0.0254,Technology,21.690000534057617,-0.028225769237474108,-0.8912677101721811,2.0
ADBE,2009-03-18 02:43:19,0.0205,0.0029,0.0117,0.1666666666666666,0.0555555555555555,0.0176,Technology,21.350000381469727,0.11604816090405734,-0.6970794429413683,2.0
ADBE,2009-06-17 01:01:48,0.017,0.0028,0.0094,0.1875,0.0625,0.0142,Technology,28.68000030517578,0.018104374423165925,-0.5143931046461492,2.0
ADBE,2009-09-16 03:05:17,0.0178,0.0069,0.0069,0.1111111111111111,0.0555555555555555,0.0109,Technology,33.349998474121094,-0.06372825732265008,0.11666594550354016,2.0
ADBE,2009-12-16 02:52:11,0.0204,0.0139,0.0107,0.1176470588235294,0.0,0.006500000000000002,Technology,37.86000061035156,0.04125412472003531,0.47477495758127936,2.0
ADBE,2010-03-24 19:11:33,0.0203,0.0046,0.0166,0.1764705882352941,0.0588235294117647,0.0157,Technology,36.5099983215332,0.036626832939227416,0.04046010376063264,2.0
ADBE,2010-06-23 19:46:27,0.0429,0.004,0.012,0.3333333333333333,0.0,0.038900000000000004,Technology,30.3799991607666,-0.07264955075416546,-0.6053681598426808,2.0
ADBE,2010-09-22 01:39:20,0.0405,0.0059,0.0118,0.0526315789473684,0.0,0.0346,Technology,26.670000076293945,-0.1903460477175336,-0.8193287508363816,2.0
ADBE,2010-12-21 07:42:24,0.0454,0.0042,0.0084,0.0555555555555555,0.0,0.0412,Technology,30.93000030517578,0.05997258333440092,-0.23585185433777525,2.0
ADBE,2011-03-23 01:51:22,0.0206,0.0028,0.0094,0.125,0.0625,0.0178,Technology,31.68000030517578,-0.03649637238312409,0.10459556218519862,2.0
ADBE,2011-06-22 05:31:22,0.0403,0.0032,0.0074,0.1333333333333333,0.0666666666666666,0.0371,Technology,30.010000228881836,-0.06248041854178932,0.12925279957782398,2.0
ADBE,2011-09-21 00:21:14,0.0277,0.0029,0.0115,0.2,0.7333333333333333,0.0248,Technology,24.889999389648438,0.010146104147430668,0.3580127687254772,2.0
ADBE,2011-12-16 02:21:14,0.0506,0.0067,0.009,0.2307692307692307,0.7692307692307693,0.0439,Technology,28.200000762939453,0.06575970289764177,0.4436907048290424,2.0
ADBE,2012-03-20 01:01:37,0.0483,0.0042,0.0126,0.1875,0.8125,0.0441,Technology,33.15999984741211,-0.03911905360130763,0.037667000013555184,2.0
ADBE,2012-06-20 00:51:11,0.0468,0.0031,0.0114,0.1666666666666666,0.8333333333333334,0.0437,Technology,31.989999771118164,-0.02736392931687115,-0.11175066830144427,2.0
ADBE,2012-09-20 01:11:10,0.0568,0.0033,0.0142,0.2307692307692307,0.7692307692307693,0.053500000000000006,Technology,34.529998779296875,0.042572460533949474,0.41170747011970554,2.0
ADBE,2012-12-14 03:11:11,0.0669,0.0021,0.0227,0.1875,0.8125,0.0648,Technology,37.560001373291016,0.057134890620289314,0.9298034949148848,2.0
ADBE,2013-02-26 22:01:10,0.0365,0.0149,0.0054,0.6666666666666666,0.3333333333333333,0.021599999999999998,Technology,38.59000015258789,0.012595107177876708,0.5632377582296174,2.0
ADBE,2013-03-20 00:31:08,0.0778,0.0011,0.0108,0.1875,0.75,0.07669999999999999,Technology,42.459999084472656,0.041963167717120387,0.8418881162834689,2.0
ADBE,2013-05-07 02:51:11,0.0559,0.0086,0.0043,0.4,0.5,0.047299999999999995,Technology,45.599998474121094,-0.019143970148702616,0.5863702570696021,2.0
ADBE,2013-06-19 01:01:43,0.064,0.0087,0.013,0.1764705882352941,0.8235294117647058,0.0553,Technology,45.779998779296875,0.055811765103332966,0.47961006565565034,2.0
ADBE,2013-09-18 00:41:11,0.0527,0.0022,0.0108,0.2,0.7333333333333333,0.050499999999999996,Technology,52.58000183105469,0.09223104482134636,0.13082800058645314,2.0
ADBE,2013-11-21 00:26:17,0.0563,0.0137,0.0041,0.6666666666666666,0.0,0.0426,Technology,56.22999954223633,0.0051841423426293165,0.6218050257216986,2.0
ADBE,2013-12-13 02:41:11,0.0588,0.0031,0.0115,0.2,0.8,0.0557,Technology,60.88999938964844,0.12780139834545734,0.7766810670249776,2.0
ADBE,2014-03-19 03:49:11,0.066,0.001,0.0094,0.2,0.0,0.065,Technology,67.62999725341797,-0.01298890007663911,-0.09988319938655024,2.0
ADBE,2014-06-18 03:09:11,0.0693,0.0042,0.0095,0.2142857142857142,0.0,0.0651,Technology,73.08000183105469,0.08202547883373956,0.14245329401052692,2.0
ADBE,2014-09-17 00:43:14,0.0728,0.0033,0.0077,0.1333333333333333,0.0,0.0695,Technology,67.30000305175781,-0.048494276012777005,-0.8587029283083135,2.0
ADBE,2015-03-18 00:54:08,0.0544,0.0021,0.0085,0.2,0.0666666666666666,0.0523,Technology,76.88999938964844,-0.034772836368553994,0.15467373421810543,2.0
ADBE,2015-06-17 03:50:06,0.0723,0.0022,0.0076,0.0526315789473684,0.0,0.07010000000000001,Technology,77.91000366210938,-0.02539402948836289,0.055250914819064204,2.0
ADBE,2015-09-18 04:22:07,0.0726,0.0032,0.0105,0.0555555555555555,0.0,0.0694,Technology,81.25,0.01170467525815111,0.26331873006160916,2.0
ADBE,2015-12-11 01:23:13,0.0561,0.0031,0.0104,0.1764705882352941,0.1176470588235294,0.053,Technology,91.41999816894531,0.02765286769098041,-0.05371851972118415,2.0
ADBE,2016-03-18 00:03:14,0.0581,0.0054,0.0097,0.0625,0.125,0.0527,Technology,93.41999816894531,0.038461528675914236,-0.8425370649136309,2.0
ADBE,2016-06-22 03:17:15,0.0474,0.0074,0.0095,0.2,0.0666666666666666,0.039999999999999994,Technology,94.01000213623047,-0.05726031903905737,0.5842907494343574,2.0
ADBE,2016-09-21 02:49:07,0.0597,0.0043,0.0087,0.2142857142857142,0.0,0.055400000000000005,Technology,107.77999877929688,0.0711587739740751,0.9821536900053991,2.0
ADBE,2016-12-16 03:20:07,0.0568,0.0042,0.0095,0.1875,0.0625,0.0526,Technology,103.55000305175781,-0.014747815840786549,0.8628580962682033,2.0
ADBE,2017-03-17 00:22:09,0.0436,0.0055,0.0076,0.1875,0.0,0.0381,Technology,127.01000213623047,0.038087484431763574,0.39955290546405026,2.0
ADBE,2017-06-21 00:31:09,0.0479,0.0052,0.0094,0.2,0.0666666666666666,0.0427,Technology,144.24000549316406,0.023632117979641487,0.05848031615127712,2.0
ADBE,2017-09-20 00:25:11,0.0557,0.0053,0.0084,0.0555555555555555,0.0,0.0504,Technology,149.9600067138672,-0.04240101616125913,-0.895448267280101,2.0
ADBE,2017-12-15 03:07:07,0.0529,0.0032,0.0106,0.0625,0.0,0.0497,Technology,177.50999450683594,0.01434282575334822,-0.7810223652591951,2.0
ADBE,2018-03-16 02:05:13,0.0539,0.0065,0.0086,0.0625,0.0,0.047400000000000005,Technology,225.5500030517578,0.03052043717090447,-0.6023961596529406,2.0
ADBE,2018-06-15 01:03:11,0.0611,0.0042,0.0105,0.05,0.05,0.0569,Technology,251.82000732421875,-0.024331649092554364,-0.5935270368295537,2.0
ADBE,2018-09-05 16:55:07,0.0388,0.0107,0.0067,0.0,0.0,0.0281,Technology,256.1400146484375,-0.03952294254094202,0.4388428648133938,2.0
ADBE,2018-09-14 03:02:08,0.0497,0.0021,0.0106,0.0588235294117647,0.0,0.0476,Technology,274.69000244140625,0.02297785520697393,0.40718982302042805,2.0
ADBE,2018-11-14 03:37:09,0.0515,0.0026,0.0168,0.0,0.0,0.0489,Technology,235.22000122070312,-0.01474409060680748,0.4110977429011352,2.0
ADBE,2018-12-14 04:41:11,0.0483,0.0011,0.0084,0.0555555555555555,0.0,0.047200000000000006,Technology,230.0,-0.07287972306355983,0.2460361836967791,2.0
ADBE,2019-03-15 02:29:23,0.0564,0.0011,0.0076,0.1875,0.0,0.0553,Technology,257.0899963378906,-0.0395980649514015,-0.15473571758142127,2.0
ADBE,2019-06-19 02:31:11,0.0562,0.0232,0.0098,0.2,0.0,0.033,Technology,291.2099914550781,0.05213524365713895,-0.7826430006128907,2.0
ADBE,2019-09-18 02:20:12,0.0432,0.018,0.0108,0.1875,0.0,0.025200000000000004,Technology,279.7200012207031,-0.017457589581938437,-0.5676319164123753,2.0
ADBE,2019-12-13 02:34:09,0.0331,0.0137,0.0091,0.2,0.0,0.019399999999999997,Technology,317.94000244140625,0.03915548215749998,-0.618406765105907,2.0
ADBE,2020-03-13 03:39:38,0.0485,0.0294,0.0192,0.2142857142857142,0.0,0.019100000000000002,Technology,335.5,0.17719298245614046,-0.4013222894210655,2.0
ADBE,2020-06-12 03:13:09,0.0512,0.0171,0.0128,0.2142857142857142,0.0714285714285714,0.034100000000000005,Technology,406.5400085449219,0.04867540553457084,-0.39798565557244203,2.0
ADBE,2020-06-23 00:05:12,0.0305,0.0111,0.0042,0.0,0.0,0.0194,Technology,440.54998779296875,0.004354306676881858,-0.18295233704412128,2.0
ADBE,2020-09-16 00:56:10,0.0557,0.0075,0.0107,0.0555555555555555,0.0555555555555555,0.0482,Technology,476.0,-0.043542935766775925,-0.6599016184636765,2.0
ADBE,2020-12-10 20:17:01,0.056,0.0137,0.01,0.3,0.05,0.042300000000000004,Technology,476.8699951171875,-0.014201834158591997,-0.5426042693739958,2.0
AMGN,2006-04-19 10:37:37,0.0246,0.0168,0.0123,0.1428571428571428,0.0,0.007800000000000001,Healthcare,48.41572952270508,-0.03762134569604514,,2.3
AMGN,2006-07-21 05:56:16,0.0268,0.0128,0.0058,0.05,0.0,0.014,Healthcare,46.89165115356445,0.03488760832973914,,2.3
AMGN,2006-10-24 04:03:06,0.055,0.0225,0.0075,0.0416666666666666,0.0833333333333333,0.0325,Healthcare,53.12260437011719,0.021398449834146627,,2.3
AMGN,2007-01-26 01:26:52,0.041,0.0179,0.0051,0.0952380952380952,0.0,0.023100000000000002,Healthcare,50.6840934753418,-0.04475612489886083,0.275726434178922,2.3
AMGN,2007-04-24 01:08:44,0.0438,0.0066,0.008,0.0476190476190476,0.0,0.0372,Healthcare,43.39691925048828,-0.01559737889340651,-0.2880913421751528,2.3
AMGN,2007-07-27 02:52:23,0.0316,0.0222,0.0047,0.05,0.0,0.009400000000000002,Healthcare,39.42726516723633,-0.009615210476462854,0.2325286652344729,2.3
AMGN,2007-10-25 02:00:07,0.0193,0.0169,0.0073,0.1333333333333333,0.0,0.002400000000000003,Healthcare,40.625247955322266,-0.014106588150669563,-0.30087585820402274,2.3
AMGN,2008-01-25 04:20:08,0.0306,0.0235,0.0082,0.0555555555555555,0.1111111111111111,0.007099999999999999,Healthcare,34.12491989135742,0.04379846254695585,-0.3386737363494986,2.3
AMGN,2008-04-25 15:18:11,0.0306,0.022,0.0147,0.0666666666666666,0.0666666666666666,0.0086,Healthcare,29.94969367980957,-0.003537882150765781,0.169209732859671,2.3
AMGN,2008-07-29 03:23:16,0.0263,0.0103,0.0114,0.0454545454545454,0.0454545454545454,0.016,Healthcare,44.148338317871094,0.02976188781371847,0.5332197737077056,2.3
AMGN,2008-10-23 00:57:12,0.0283,0.0106,0.0059,0.05,0.05,0.0177,Healthcare,39.37763214111328,0.11770617195697786,0.643647826140215,2.3
AMGN,2009-01-27 05:44:17,0.0253,0.0092,0.0035,0.15,0.0,0.0161,Healthcare,37.633819580078125,-0.024260655020080568,0.5113055183471378,2.3
AMGN,2009-04-24 02:49:21,0.0195,0.0281,0.0134,0.2631578947368421,0.0,-0.0086,Healthcare,35.322914123535156,0.06428826672554555,-0.13948442905609562,2.3
AMGN,2009-07-28 04:07:16,0.0266,0.0181,0.0048,0.2272727272727272,0.0,0.008499999999999997,Healthcare,44.24757766723633,0.027151889716302335,-0.0864004034953558,2.3
AMGN,2009-10-22 02:31:25,0.0211,0.0082,0.0094,0.217391304347826,0.0,0.0129,Healthcare,40.29916763305664,-0.04292961687777286,-0.894547283233928,2.3
AMGN,2010-01-26 03:53:20,0.0262,0.016,0.008,0.2105263157894736,0.0,0.0102,Healthcare,40.10777282714844,0.015616461777500756,-0.8357895510781559,2.3
AMGN,2010-04-22 05:43:13,0.0431,0.0072,0.0084,0.25,0.0,0.0359,Healthcare,41.227779388427734,-0.009368619569974812,-0.2844011397664412,2.3
AMGN,2010-07-30 05:21:55,0.0367,0.0073,0.011,0.2105263157894736,0.0526315789473684,0.029400000000000003,Healthcare,38.65460205078125,0.021735187037314807,0.216119904092492,2.3
AMGN,2010-10-26 09:17:02,0.0185,0.0104,0.0093,0.2272727272727272,0.0454545454545454,0.0081,Healthcare,40.589813232421875,-0.01190702819438516,0.04146855115185089,2.3
AMGN,2011-01-25 05:06:32,0.0336,0.0146,0.0101,0.24,0.04,0.018999999999999996,Healthcare,40.51891326904297,-0.002269126457232984,0.3653839413412407,2.3
AMGN,2011-04-21 00:01:21,0.0225,0.0045,0.0079,0.2631578947368421,0.0,0.018,Healthcare,38.05915069580078,-0.04432183962656344,0.5406354311782934,2.3
AMGN,2011-07-29 20:41:14,0.0189,0.0133,0.0089,0.2631578947368421,0.0,0.005600000000000001,Healthcare,38.775108337402344,0.023769670452037817,-0.6328616775690341,2.3
AMGN,2011-10-25 01:41:14,0.0238,0.0114,0.0045,0.25,0.7,0.012400000000000001,Healthcare,40.24821090698242,-0.04206937833904578,-0.5541663007965207,2.3
AMGN,2012-01-10 01:01:04,0.0783,0.0039,0.0013,0.5,0.5,0.0744,Healthcare,47.03509521484375,0.022897109308495756,0.44285905923924906,2.3
AMGN,2012-01-27 03:51:11,0.0339,0.0068,0.0034,0.2608695652173913,0.6956521739130435,0.0271,Healthcare,48.947444915771484,0.003818982304114593,0.4065852531483569,2.3
AMGN,2012-04-25 02:31:09,0.0473,0.0097,0.0024,0.2727272727272727,0.6818181818181818,0.0376,Healthcare,50.542606353759766,0.022730902434842992,0.7658440998658707,2.3
AMGN,2012-07-27 01:51:10,0.0434,0.0045,0.0011,0.217391304347826,0.7391304347826086,0.038900000000000004,Healthcare,60.738258361816406,0.05839313680392877,0.09528213996999758,2.3
AMGN,2012-10-24 01:31:08,0.0421,0.0055,0.0067,0.2083333333333333,0.75,0.0366,Healthcare,63.6077995300293,0.0020610444391975236,0.6050836147749687,2.3
AMGN,2013-01-24 00:08:09,0.0252,0.0055,0.0044,0.0454545454545454,0.0454545454545454,0.019700000000000002,Healthcare,60.314212799072266,-0.005416955005003055,0.6615036802897415,2.3
AMGN,2013-03-06 17:15:07,0.0352,0.0117,0.0052,0.3333333333333333,0.0,0.0235,Healthcare,68.45970153808594,-0.001819898971134104,0.7180297085550795,2.3
AMGN,2013-04-23 23:54:07,0.0312,0.0056,0.0033,0.0476190476190476,0.0476190476190476,0.025599999999999998,Healthcare,82.7652816772461,-0.005819344539031879,0.8334298998369228,2.3
AMGN,2013-05-21 17:48:05,0.0338,0.0099,0.0155,0.5,0.0,0.023899999999999998,Healthcare,76.84957122802734,0.020160285297336822,0.2025555859840085,2.3
AMGN,2013-05-30 19:10:07,0.0254,0.008,0.004,0.5,0.5,0.0174,Healthcare,77.57205963134766,0.007950971323307687,-0.275005280433824,2.3
AMGN,2013-06-12 00:22:09,0.0315,0.0066,0.0052,0.0,0.0,0.0249,Healthcare,71.04751586914062,-0.01592969057444693,-0.40087457429948886,2.3
AMGN,2013-07-31 00:23:08,0.0376,0.0103,0.0046,0.25,0.0,0.0273,Healthcare,79.83538818359375,-0.026168923404190747,-0.6067057505462239,2.3
AMGN,2013-08-26 15:01:07,0.0459,0.0136,0.0037,0.1875,0.6875,0.0323,Healthcare,84.22770690917969,0.07717800849729883,0.48956305366002983,2.3
AMGN,2013-09-03 23:19:10,0.0335,0.0307,0.0084,0.0,0.25,0.0028000000000000004,Healthcare,82.1988525390625,0.019001396473018906,0.13946054779152803,2.3
AMGN,2013-09-11 18:11:12,0.0563,0.0124,0.0124,0.5,0.0,0.0439,Healthcare,82.90966033935547,0.007286725651576731,0.04354615678405008,2.3
AMGN,2013-10-23 01:15:05,0.036,0.009,0.0034,0.0454545454545454,0.0454545454545454,0.026999999999999996,Healthcare,85.64940643310547,-0.004646480140123255,0.06463342107924852,2.3
AMGN,2014-01-29 02:34:09,0.0274,0.0055,0.0077,0.0454545454545454,0.0454545454545454,0.021900000000000003,Healthcare,88.6090087890625,-0.012676232824297085,-0.34716924647200215,2.3
AMGN,2014-04-23 04:42:08,0.0338,0.0164,0.0065,0.0434782608695652,0.0,0.017399999999999995,Healthcare,84.68866729736328,-0.05012576065880736,0.8150746337483764,2.3
AMGN,2014-06-12 00:20:07,0.0417,0.0161,0.0108,0.0,0.0,0.0256,Healthcare,87.31773376464844,-0.0012036267284025737,0.9358451281298715,2.3
AMGN,2014-07-30 02:04:07,0.0308,0.0091,0.0091,0.05,0.0,0.0217,Healthcare,97.69515228271484,0.054334313858036776,0.47803910572857244,2.3
AMGN,2014-10-28 02:27:08,0.0427,0.0196,0.0035,0.1052631578947368,0.0,0.023100000000000002,Healthcare,118.68804931640625,0.06066129709333823,0.5214996175828398,2.3
AMGN,2015-01-28 03:46:10,0.0364,0.0099,0.0055,0.0869565217391304,0.0,0.026500000000000003,Healthcare,117.20875549316406,-0.02674841511028503,-0.9459939218710779,2.3
AMGN,2015-04-22 01:19:12,0.0413,0.0152,0.0065,0.0555555555555555,0.0,0.026100000000000005,Healthcare,128.84722900390625,0.003798659966379736,-0.9266790562113499,2.3
AMGN,2015-07-31 01:46:16,0.0506,0.0086,0.0086,0.2777777777777778,0.0,0.041999999999999996,Healthcare,135.2176055908203,0.02853965612436138,0.04305259971047678,2.3
AMGN,2015-10-29 03:29:14,0.0475,0.0077,0.0088,0.2941176470588235,0.0,0.0398,Healthcare,123.53045654296875,-0.012848456352548498,0.5315402589069331,2.3
AMGN,2016-01-29 05:10:11,0.0535,0.0,0.0033,0.2105263157894736,0.0,0.0535,Healthcare,118.08639526367188,0.029525057366856844,0.560727017587092,2.3
AMGN,2016-04-29 05:33:53,0.0404,0.0055,0.0066,0.2105263157894736,0.0,0.0349,Healthcare,123.24403381347656,-0.014075410480418604,0.7766569662662719,2.3
AMGN,2016-07-28 02:54:40,0.0423,0.0056,0.0022,0.2105263157894736,0.0,0.036699999999999997,Healthcare,134.22744750976562,0.003515434899315606,0.8834490989413352,2.3
AMGN,2016-10-28 03:14:31,0.061,0.0162,0.005,0.0,0.0,0.0448,Healthcare,114.43497467041016,-0.09584596803516887,0.13661760741715637,2.3
AMGN,2017-02-03 04:08:22,0.0375,0.0094,0.0106,0.0,0.0,0.0281,Healthcare,132.9438934326172,0.04981822561231031,-0.9680663168481862,2.3
AMGN,2017-04-27 03:36:21,0.0572,0.0137,0.0087,0.0,0.0,0.0435,Healthcare,130.0174560546875,-0.011481712904043873,-0.8578948943157237,2.3
AMGN,2017-07-26 03:06:25,0.0517,0.0022,0.0022,0.0,0.0,0.0495,Healthcare,141.55665588378906,-0.027641252661209093,-0.7379241741958416,2.3
AMGN,2017-10-26 02:28:27,0.0431,0.012,0.006,0.0,0.0,0.0311,Healthcare,143.0218048095703,-0.0055211003283355264,-0.8169932279900394,2.3
AMGN,2018-02-02 07:09:09,0.0601,0.0048,0.006,0.0869565217391304,0.0434782608695652,0.0553,Healthcare,152.5569305419922,0.00781416086829112,0.09753150227902613,2.3
AMGN,2018-04-25 04:45:10,0.0287,0.0096,0.0042,0.0952380952380952,0.0,0.0191,Healthcare,143.69895935058594,0.016808324101846406,-0.47167405644544996,2.3
AMGN,2018-07-27 05:40:20,0.044,0.011,0.0122,0.0,0.0,0.033,Healthcare,159.39402770996094,-0.00829719052029032,-0.12494913751822853,2.3
AMGN,2018-09-12 18:21:54,0.0728,0.007,0.0098,0.5,0.0,0.0658,Healthcare,166.3663787841797,0.00015034837893446173,-0.3296194424651125,2.3
AMGN,2018-09-14 14:58:11,0.0462,0.0125,0.0075,0.6666666666666666,0.0,0.033699999999999994,Healthcare,167.26705932617188,-0.011580328832612174,-0.2954398769659409,2.3
AMGN,2018-10-31 03:40:11,0.038,0.0127,0.0095,0.0434782608695652,0.0,0.0253,Healthcare,160.7708282470703,0.019621488054697434,-0.20344367796337492,2.3
AMGN,2018-11-28 09:15:20,0.0326,0.0163,0.0151,0.3333333333333333,0.0,0.0163,Healthcare,169.14041137695312,0.02191824164347911,-0.5672881399618263,2.3
AMGN,2018-11-29 07:51:47,0.0288,0.017,0.0183,0.25,0.0,0.011799999999999998,Healthcare,169.93814086914062,0.004716374317014438,-0.5213324379970405,2.3
AMGN,2019-01-08 21:39:11,0.0758,0.0053,0.004,0.5,0.0,0.07050000000000001,Healthcare,168.4601593017578,0.012823539049814814,-0.026533474119112367,2.3
AMGN,2019-01-30 02:55:12,0.0566,0.0115,0.0046,0.1,0.0,0.0451,Healthcare,155.2342987060547,-0.03773855813374094,-0.20616192272408437,2.3
AMGN,2019-03-12 18:31:12,0.053,0.0095,0.0136,0.6666666666666666,0.0,0.0435,Healthcare,155.85914611816406,0.0002172898482064589,0.0746620570833871,2.3
AMGN,2019-05-01 03:52:43,0.0428,0.0158,0.0068,0.0476190476190476,0.0,0.026999999999999996,Healthcare,149.0554656982422,-0.017733292012130142,0.5962098111936213,2.3
AMGN,2019-05-15 21:42:11,0.0435,0.0286,0.0122,0.3333333333333333,0.0,0.014899999999999997,Healthcare,143.74952697753906,0.012275579523444158,-0.6232937615548151,2.3
AMGN,2019-06-08 11:50:12,0.0227,0.0401,0.0094,0.0666666666666666,0.0666666666666666,-0.017399999999999995,Healthcare,,,,2.3
AMGN,2019-06-12 22:30:11,0.0307,0.0187,0.0307,0.5,0.0,0.012,Healthcare,149.8778076171875,0.005612346076143915,,2.3
AMGN,2019-07-31 03:32:09,0.0336,0.0427,0.0155,0.1,0.0,-0.009100000000000004,Healthcare,159.24942016601562,0.057410098707833646,,2.3
AMGN,2019-08-27 20:22:25,0.0662,0.0268,0.0178,0.1176470588235294,0.0,0.03939999999999999,Healthcare,177.49159240722656,0.005257772496489066,,2.3
AMGN,2019-09-18 13:02:37,0.0451,0.0282,0.0197,0.0,0.0,0.016900000000000002,Healthcare,167.6495819091797,-0.008539919795844009,-0.7352136504899075,2.3
AMGN,2019-10-30 01:24:08,0.0465,0.0289,0.0126,0.0952380952380952,0.0,0.0176,Healthcare,181.26507568359375,0.009043380143296531,-0.7735023304098229,2.3
AMGN,2020-01-15 02:16:47,0.0361,0.0219,0.0116,0.2,0.2,0.0142,Healthcare,209.1373291015625,0.007083222872285022,0.14186089456756354,2.3
AMGN,2020-01-31 03:44:07,0.0485,0.0361,0.0062,0.0454545454545454,0.0454545454545454,0.012400000000000001,Healthcare,186.9429931640625,-0.04466060117118886,0.7105560370981228,2.3
AMGN,2020-05-01 04:19:11,0.0334,0.045,0.0116,0.074074074074074,0.074074074074074,-0.0116,Healthcare,201.28030395507812,-0.034445236115073885,0.5557657430862393,2.3
AMGN,2020-06-03 01:43:09,0.0337,0.0274,0.0112,0.3333333333333333,0.3333333333333333,0.0063,Healthcare,193.8870849609375,-0.012158075741898866,0.38879786187085785,2.3
AMGN,2020-06-10 21:58:12,0.0466,0.0172,0.0074,0.0,0.0,0.029400000000000003,Healthcare,199.25625610351562,0.009871070018236283,0.6503591321090517,2.3
AMGN,2020-06-23 23:22:10,0.0352,0.0194,0.0146,0.3333333333333333,0.0,0.0158,Healthcare,206.8275146484375,0.0066611431927441345,0.9653728118410335,2.3
AMGN,2020-07-29 03:20:13,0.0318,0.0294,0.0118,0.0833333333333333,0.0416666666666666,0.002400000000000003,Healthcare,218.32032775878906,-0.02515021833525588,0.9066802358957985,2.3
AMGN,2020-10-29 03:31:58,0.0394,0.0127,0.0093,0.2272727272727272,0.0,0.026699999999999998,Healthcare,192.3772735595703,0.006654908713780161,0.9029338225737119,2.3
AMGN,2021-02-03 02:27:07,0.0423,0.016,0.0057,0.04,0.04,0.026299999999999997,Healthcare,210.8099365234375,-0.014179319289351455,0.5750662216703019,2.3
ASML,2006-10-18 19:46:06,0.0375,0.0242,0.0133,0.1304347826086956,0.0,0.0133,Technology,15.607894897460938,-0.056137727917971114,,1.8
ASML,2007-01-17 17:42:32,0.0355,0.0057,0.0172,0.0666666666666666,0.0,0.029799999999999997,Technology,18.21268081665039,0.08906376367974755,,1.8
ASML,2007-04-18 18:49:08,0.0293,0.0047,0.0105,0.0666666666666666,0.0,0.0246,Technology,18.988569259643555,0.05019157294250154,,1.8
ASML,2007-07-18 18:56:19,0.0317,0.0113,0.017,0.0588235294117647,0.0,0.0204,Technology,20.249399185180664,-0.022734762363791572,0.9715482374115676,1.8
ASML,2007-10-17 19:46:08,0.0255,0.0104,0.0127,0.0555555555555555,0.0555555555555555,0.015099999999999999,Technology,23.219362258911133,0.07937961907763014,0.23313215830406353,1.8
ASML,2009-01-15 20:05:18,0.0102,0.0443,0.0102,0.0769230769230769,0.0,-0.0341,Technology,11.191051483154297,0.062299783415071364,-0.3400015809805064,1.8
ASML,2009-04-16 05:52:36,0.0197,0.015,0.0069,0.1333333333333333,0.0666666666666666,0.004699999999999999,Technology,13.779260635375977,0.023481649111018355,-0.44624521973246334,1.8
ASML,2009-07-15 20:22:37,0.0172,0.0172,0.0057,0.1538461538461538,0.0,0.0,Technology,16.07465362548828,0.06318186239255108,0.0005926937192843361,1.8
ASML,2010-01-20 19:23:10,0.0255,0.0122,0.0078,0.0714285714285714,0.0,0.013299999999999998,Technology,22.8165283203125,0.01374059567524144,-0.7313015650014586,1.8
ASML,2010-07-14 20:06:45,0.0242,0.0161,0.0127,0.0555555555555555,0.0555555555555555,0.0081,Technology,22.128864288330078,0.021426371696468438,-0.8786167385867586,1.8
ASML,2011-03-06 08:39:30,0.0309,0.0057,0.0057,0.0666666666666666,0.0,0.0252,Technology,,,,1.8
ASML,2011-04-13 17:40:16,0.0192,0.0216,0.006,0.0588235294117647,0.0588235294117647,-0.002400000000000003,Technology,27.456707000732422,-0.06555011310271985,,1.8
ASML,2011-07-13 19:10:35,0.0256,0.0093,0.0093,0.0625,0.0625,0.016300000000000002,Technology,24.34736442565918,-0.005733937540303158,,1.8
ASML,2011-10-12 18:25:04,0.0213,0.0237,0.0083,0.0666666666666666,0.0,-0.0023999999999999994,Technology,27.211761474609375,0.07160666714387776,,1.8
ASML,2012-01-18 20:31:37,0.0353,0.0132,0.0022,0.0833333333333333,0.0,0.022099999999999998,Technology,29.640884399414062,-0.00868743497054103,-0.10711702839948521,1.8
ASML,2012-03-11 17:22:06,0.0329,0.0252,0.0116,0.0,0.0,0.0076999999999999985,Technology,,,,1.8
ASML,2012-03-12 10:05:09,0.0129,0.0116,0.0194,0.0,0.0,0.0013000000000000008,Technology,32.645687103271484,-0.0038561289554335243,,1.8
ASML,2012-03-14 03:45:07,0.0096,0.0328,0.0219,0.0,0.0,-0.023200000000000005,Technology,33.221370697021484,-0.006091422465952179,,1.8
ASML,2012-03-14 11:37:10,0.0194,0.0291,0.0139,0.5,0.0,-0.0097,Technology,33.221370697021484,-0.006091422465952179,,1.8
ASML,2012-03-15 12:00:09,0.0136,0.0298,0.0271,0.3333333333333333,0.0,-0.0162,Technology,33.811100006103516,0.017751504429493803,-0.1979694241329433,1.8
ASML,2012-03-16 10:54:09,0.0331,0.0146,0.0093,0.0,0.0,0.018499999999999996,Technology,33.7338752746582,-0.0022840052950472423,-0.16636512863425323,1.8
ASML,2012-04-18 18:58:04,0.0336,0.0104,0.0046,0.2142857142857142,0.0,0.0232,Technology,34.60443878173828,-0.002832108218983831,-0.5612453817064821,1.8
ASML,2012-05-10 03:49:07,0.0172,0.0086,0.016,0.5,0.0,0.0086,Technology,33.959468841552734,-0.0029198036813113948,-0.9346664287200137,1.8
ASML,2012-05-15 16:40:05,0.0186,0.0253,0.0146,0.0,0.0,-0.006700000000000001,Technology,33.71796798706055,0.006573330580495362,-0.877013804183725,1.8
ASML,2012-05-22 21:09:09,0.0124,0.0262,0.0235,0.0,0.0,-0.013800000000000002,Technology,33.20655059814453,0.010155400971408435,-0.9299405888474294,1.8
ASML,2012-07-10 23:23:06,0.0309,0.0245,0.0129,0.25,0.0,0.0063999999999999994,Technology,37.34049987792969,0.0848120693719363,0.3614065756302905,1.8
ASML,2012-07-18 19:07:05,0.0318,0.0099,0.0044,0.0714285714285714,0.0,0.021900000000000003,Technology,38.761104583740234,0.059611517145835125,0.747689304220346,1.8
ASML,2012-09-13 19:38:09,0.0137,0.0191,0.026,0.0,0.0,-0.0053999999999999986,Technology,39.89048385620117,0.009708780049479948,0.7377881384917498,1.8
ASML,2012-10-18 01:01:08,0.0256,0.0093,0.0152,0.2142857142857142,0.0,0.016300000000000002,Technology,36.466835021972656,0.02515970864827244,0.3686912576265262,1.8
ASML,2012-11-15 20:59:08,0.0327,0.0177,0.0177,1.0,0.0,0.015,Technology,38.02949905395508,-0.028840666706802076,0.3393933250384785,1.8
ASML,2012-11-29 16:35:09,0.0079,0.0132,0.0158,0.5,0.0,-0.005299999999999999,Technology,55.48012161254883,0.31827790285875013,-0.5900497114721691,1.8
ASML,2013-01-17 19:37:07,0.0154,0.0077,0.0176,0.25,0.0,0.0077,Technology,60.7119140625,0.07098057529847668,-0.9677692636958115,1.8
ASML,2013-02-13 04:44:05,0.0182,0.0112,0.0266,0.5,0.0,0.007000000000000001,Technology,65.96149444580078,-0.009338160081336477,-0.9377500776537013,1.8
ASML,2013-02-25 23:34:05,0.0277,0.0105,0.0277,1.0,0.0,0.0172,Technology,61.937705993652344,-0.026797040051916632,-0.9115875305283729,1.8
ASML,2013-03-12 21:50:11,0.0327,0.0095,0.0068,0.0,0.0,0.0232,Technology,61.697879791259766,-0.007430891816255114,-0.5176842621331613,1.8
ASML,2013-04-17 20:11:10,0.0237,0.0079,0.0124,0.2,0.8,0.015799999999999998,Technology,61.71564865112305,0.025081324045432396,-0.023797144954865627,1.8
ASML,2013-04-24 11:01:04,0.0263,0.0125,0.0125,1.0,0.0,0.0138,Technology,65.32195281982422,0.014624811043900454,-0.46606080168160247,1.8
ASML,2013-05-23 19:02:01,0.0404,0.0108,0.0067,0.0,0.5,0.029599999999999998,Technology,71.79102325439453,-0.0002499961220321367,-0.7603918244950152,1.8
ASML,2013-07-17 18:41:09,0.0224,0.0045,0.0145,0.2142857142857142,0.7857142857142857,0.0179,Technology,79.78076171875,0.014018578305967422,-0.8552832627500835,1.8
ASML,2013-09-04 17:00:08,0.0228,0.0308,0.0201,0.0,0.0,-0.008,Technology,80.34569549560547,0.013689187721920515,-0.6634638569434508,1.8
ASML,2013-10-16 16:31:12,0.034,0.0088,0.0121,0.1666666666666666,0.8333333333333334,0.0252,Technology,85.1700210571289,-0.0017865789293670664,-0.7507060666250042,1.8
ASML,2014-01-22 18:02:23,0.02,0.0084,0.0084,0.1875,0.8125,0.011600000000000001,Technology,81.86114501953125,0.047504415406608436,-0.2361944627143749,1.8
ASML,2014-04-16 19:29:11,0.0205,0.0103,0.0205,0.125,0.0625,0.0102,Technology,73.73690032958984,-0.034179025845049615,-0.14271155782781633,1.8
ASML,2014-07-16 19:39:10,0.0217,0.0109,0.0206,0.1428571428571428,0.0714285714285714,0.0108,Technology,80.05486297607422,-0.024715622831148587,0.10275150794302386,1.8
ASML,2014-10-15 19:20:11,0.0282,0.0087,0.0228,0.2,0.0666666666666666,0.0195,Technology,83.16139221191406,-0.00959977132022316,0.04538097848868406,1.8
ASML,2015-01-21 21:01:16,0.0346,0.0065,0.0086,0.1333333333333333,0.0,0.0281,Technology,96.5385971069336,0.026779841353331335,0.9797513841297476,1.8
ASML,2015-04-15 19:04:10,0.0344,0.0078,0.0089,0.1333333333333333,0.0,0.0266,Technology,87.07403564453125,-0.03831126546559582,0.38065439544644186,1.8
ASML,2015-07-15 19:09:12,0.0324,0.0056,0.0145,0.0833333333333333,0.0,0.026799999999999997,Technology,97.34646606445312,0.03502492208148489,0.33850152087028057,1.8
ASML,2015-10-14 20:42:10,0.034,0.0088,0.0209,0.0833333333333333,0.0833333333333333,0.0252,Technology,79.63465118408203,-0.0004581209552320109,0.39144048487209876,1.8
ASML,2016-01-20 21:08:11,0.0241,0.0066,0.0175,0.1764705882352941,0.0,0.0175,Technology,77.80049896240234,0.061503708274623925,-0.7031997351394782,1.8
ASML,2016-04-20 19:37:18,0.0166,0.011,0.0155,0.2142857142857142,0.0,0.005600000000000001,Technology,87.99324798583984,-0.03328316235891138,0.53157738794821,1.8
ASML,2016-07-20 20:04:19,0.0236,0.0097,0.015,0.2142857142857142,0.0,0.0139,Technology,99.87030029296875,0.023951814768460533,0.4171471224126946,1.8
ASML,2016-10-19 18:25:11,0.0185,0.015,0.0127,0.2307692307692307,0.0,0.0034999999999999996,Technology,96.11224365234375,0.01719948500619517,0.7458579022549753,1.8
ASML,2017-01-18 21:01:18,0.0245,0.0156,0.0078,0.125,0.0,0.008900000000000002,Technology,113.54521179199219,0.06090937708687494,0.38022465734401056,1.8
ASML,2017-04-19 19:55:06,0.0215,0.0107,0.0118,0.1875,0.0,0.010799999999999999,Technology,117.16476440429688,-0.02877920101461673,-0.11462943390428008,1.8
ASML,2017-07-19 20:32:07,0.028,0.0075,0.0086,0.0714285714285714,0.0,0.0205,Technology,140.46617126464844,0.0515184699555169,0.2845496019514393,1.8
ASML,2017-09-12 22:56:07,0.0251,0.0195,0.0223,0.0,0.0,0.005600000000000001,Technology,150.46282958984375,-0.00878477188261828,0.44838281406451824,1.8
ASML,2017-10-18 19:11:11,0.0307,0.0106,0.0095,0.1333333333333333,0.0,0.0201,Technology,160.14242553710938,-0.02614266218755068,0.4197362429535822,1.8
ASML,2018-01-17 19:54:08,0.041,0.0084,0.0063,0.0666666666666666,0.0,0.032600000000000004,Technology,185.740234375,0.06867715308955935,0.6845005104810836,1.8
ASML,2018-04-18 19:40:08,0.0329,0.0088,0.0077,0.0714285714285714,0.0714285714285714,0.024099999999999996,Technology,192.39845275878906,-0.02999531038396075,0.554083076027488,1.8
ASML,2018-07-18 19:18:10,0.0526,0.0129,0.0086,0.0555555555555555,0.0,0.0397,Technology,204.99685668945312,0.06635999837760131,0.91372816764243,1.8
ASML,2018-10-17 22:08:11,0.0404,0.0087,0.0066,0.1875,0.0,0.0317,Technology,174.054443359375,0.018104443149270955,0.8723075742850217,1.8
ASML,2019-01-23 19:16:58,0.0213,0.0203,0.0075,0.0666666666666666,0.0666666666666666,0.0010000000000000009,Technology,152.51992797851562,0.016426156122867797,0.4020349687386771,1.8
ASML,2019-04-17 19:32:09,0.028,0.0065,0.0065,0.0555555555555555,0.0555555555555555,0.021500000000000002,Technology,191.31790161132812,-0.001276700346130144,0.5901459896765554,1.8
ASML,2019-07-17 19:38:09,0.0255,0.0369,0.0166,0.0625,0.0,-0.011400000000000004,Technology,207.17771911621094,0.06180500764783381,-0.7384257674052369,1.8
ASML,2019-10-16 19:29:13,0.0107,0.0268,0.0067,0.0625,0.0625,-0.016100000000000003,Technology,242.20382690429688,-0.04885255799588906,0.04600458360175864,1.8
ASML,2020-01-22 20:16:10,0.0276,0.0377,0.0063,0.0625,0.0,-0.010099999999999998,Technology,283.1943359375,-0.007205154048990137,0.061615771997109534,1.8
ASML,2020-04-15 18:59:12,0.026,0.0369,0.0123,0.1538461538461538,0.0,-0.010900000000000003,Technology,270.040771484375,-0.022289018378261027,0.5147444058404215,1.8
ASML,2020-07-15 19:53:10,0.0268,0.0157,0.0089,0.2142857142857142,0.1428571428571428,0.011100000000000002,Technology,360.70208740234375,-0.05392751616997837,-0.44584217455113656,1.8
ASML,2020-10-14 19:35:12,0.0281,0.0054,0.0054,0.1538461538461538,0.0,0.022699999999999998,Technology,382.41558837890625,-0.017573764322646124,-0.3595323736873253,1.8
AZN,2005-11-09 21:51:12,0.0266,0.0081,0.0173,0.0,0.0769230769230769,0.0185,Healthcare,10.583379745483398,-0.014518377592550036,,1.7
AZN,2006-02-06 16:09:53,0.035,0.0082,0.0187,0.1111111111111111,0.0,0.026800000000000004,Healthcare,10.97316837310791,-0.008537919703142216,,1.7
AZN,2006-04-20 20:31:05,0.0368,0.0107,0.0214,0.0,0.0,0.026099999999999998,Healthcare,12.827003479003906,0.005667666620284173,,1.7
AZN,2006-07-20 18:04:33,0.0156,0.0089,0.0156,0.0,0.0,0.006699999999999999,Healthcare,14.10175609588623,-0.00017059647098582875,-0.031122435408818216,1.7
AZN,2006-10-26 19:33:36,0.0146,0.0157,0.0157,0.0,0.0,-0.0010999999999999985,Healthcare,14.910758972167969,-0.07518406334836059,0.7247877905793396,1.7
AZN,2007-02-07 15:31:13,0.022,0.0094,0.0168,0.0714285714285714,0.0,0.012599999999999998,Healthcare,14.390795707702637,0.007818993558373455,0.736248574238563,1.7
AZN,2007-07-27 03:48:05,0.0457,0.0255,0.004,0.0909090909090909,0.0,0.0202,Healthcare,12.8301420211792,-0.011280913320521724,0.6926183979313906,1.7
AZN,2007-11-01 20:43:11,0.0223,0.0164,0.007,0.0666666666666666,0.0,0.005899999999999999,Healthcare,12.091022491455078,-0.017718761982305375,0.7718114731860282,1.7
AZN,2010-07-29 18:27:17,0.0404,0.0051,0.0076,0.0909090909090909,0.0,0.0353,Healthcare,14.478521347045898,-0.017666541743751374,-0.3035200727013831,1.7
AZN,2010-10-31 09:56:30,0.0261,0.0196,0.0142,0.0,0.0,0.006500000000000002,Healthcare,,,,1.7
AZN,2012-07-26 18:41:10,0.0376,0.0341,0.0012,0.1764705882352941,0.7647058823529411,0.003500000000000003,Healthcare,14.656267166137695,0.00770099124214374,,1.7
AZN,2012-10-25 16:21:08,0.033,0.0318,0.0059,0.0833333333333333,0.75,0.0011999999999999997,Healthcare,15.22916316986084,0.013235052073095277,,1.7
AZN,2013-01-31 23:04:05,0.0499,0.039,0.0024,0.25,0.125,0.0109,Healthcare,15.711803436279297,-0.032724121512013316,,1.7
AZN,2013-04-26 04:16:07,0.0317,0.0293,0.007,0.0,0.0,0.0023999999999999994,Healthcare,17.51245880126953,0.00841165673657418,-0.9930867653896995,1.7
AZN,2013-08-01 18:40:04,0.035,0.0229,0.0097,0.1111111111111111,0.0,0.012100000000000003,Healthcare,17.261072158813477,0.001774458272722601,-0.6737775507281569,1.7
AZN,2013-11-01 11:37:07,0.0324,0.0286,0.0037,0.2142857142857142,0.0,0.003799999999999998,Healthcare,18.21868324279785,-0.0032159149229430417,-0.5208169955308506,1.7
AZN,2014-02-06 22:29:10,0.0643,0.0161,0.0107,0.0666666666666666,0.0,0.04819999999999999,Healthcare,21.6452693939209,-0.014173291412395872,-0.8699362665639634,1.7
AZN,2014-04-24 18:09:11,0.0751,0.0075,0.0088,0.0833333333333333,0.0,0.0676,Healthcare,24.545995712280273,0.018146807556037814,0.38678322438693596,1.7
AZN,2014-08-01 02:37:06,0.0652,0.0145,0.0024,0.2105263157894736,0.0,0.050699999999999995,Healthcare,25.819353103637695,-0.002747590940464173,0.4318982733427242,1.7
AZN,2014-11-09 05:49:07,0.0579,0.0104,0.0035,0.0588235294117647,0.0,0.0475,Healthcare,,,,1.7
AZN,2015-02-07 08:53:08,0.0403,0.0111,0.0097,0.0666666666666666,0.0666666666666666,0.029200000000000004,Healthcare,,,,1.7
AZN,2015-04-24 20:04:11,0.0487,0.0095,0.0024,0.4166666666666667,0.0833333333333333,0.0392,Healthcare,26.597206115722656,-0.01832342382666008,,1.7
AZN,2015-07-30 22:00:09,0.0409,0.008,0.0034,0.125,0.0,0.0329,Healthcare,25.000410079956055,0.022114545881875225,,1.7
AZN,2015-11-05 18:48:08,0.0358,0.0092,0.0081,0.2857142857142857,0.0,0.0266,Healthcare,24.41914939880371,0.01213862714920011,,1.7
AZN,2016-02-08 21:50:14,0.0432,0.0173,0.0025,0.0769230769230769,0.0,0.025900000000000003,Healthcare,21.543210983276367,-0.04462212241910202,0.12411072986810526,1.7
AZN,2016-04-29 22:47:38,0.0442,0.0163,0.0047,0.2307692307692307,0.0,0.027900000000000005,Healthcare,22.449581146240234,-0.010591255577486303,0.6872905013203995,1.7
AZN,2016-07-31 14:03:57,0.039,0.0097,0.0024,0.1764705882352941,0.0,0.0293,Healthcare,,,,1.7
AZN,2016-11-10 16:09:07,0.036,0.0169,0.0067,0.3,0.0,0.0191,Healthcare,21.74394416809082,-0.04386872185200852,,1.7
AZN,2017-02-03 00:12:32,0.0501,0.0257,0.0051,0.0,0.0,0.024399999999999998,Healthcare,21.932477951049805,0.013062492274683146,,1.7
AZN,2017-04-28 01:13:09,0.0299,0.0161,0.0058,0.3,0.0,0.0138,Healthcare,24.551023483276367,-0.01976678446090785,,1.7
AZN,2017-07-27 22:37:06,0.0438,0.0207,0.0134,0.2222222222222222,0.0,0.0231,Healthcare,23.439125061035156,-0.14908667143748888,-0.22208999708635901,1.7
AZN,2017-11-09 20:01:03,0.031,0.0202,0.0119,0.0625,0.0,0.0108,Healthcare,27.284923553466797,-0.006600806057633468,-0.36420503613158023,1.7
AZN,2017-12-15 02:00:11,0.0506,0.0153,0.0153,0.0,0.0,0.0353,Healthcare,27.301401138305664,-0.004806323831465176,-0.0942883710419275,1.7
AZN,2018-02-05 21:48:07,0.0443,0.0195,0.0078,0.0666666666666666,0.0,0.0248,Healthcare,27.83704948425293,-0.059052932657046364,0.004898621341482787,1.7
AZN,2018-05-19 02:14:07,0.0314,0.0265,0.0084,0.0666666666666666,0.0,0.004899999999999998,Healthcare,,,,1.7
AZN,2018-07-27 03:32:13,0.0267,0.0369,0.0051,0.3636363636363636,0.0,-0.0102,Healthcare,32.397823333740234,0.0020968424768770255,,1.7
AZN,2018-11-08 19:45:11,0.0242,0.0242,0.0145,0.1111111111111111,0.0,0.0,Healthcare,34.848167419433594,0.03672510080427793,,1.7
AZN,2019-02-15 01:59:11,0.048,0.0177,0.0051,0.4705882352941176,0.0588235294117647,0.0303,Healthcare,35.07963562011719,0.02351148450255236,,1.7
AZN,2019-04-26 21:40:30,0.0446,0.0059,0.0059,0.3571428571428571,0.0,0.0387,Healthcare,33.31443405151367,-0.027393897843148496,-0.4474405967428964,1.7
AZN,2019-07-25 23:27:39,0.0406,0.0241,0.0152,0.3846153846153846,0.1538461538461538,0.016499999999999997,Healthcare,37.4096794128418,0.05724906093320414,-0.7253713728215102,1.7
AZN,2019-10-24 20:15:22,0.0435,0.0311,0.0298,0.2608695652173913,0.0869565217391304,0.012399999999999998,Healthcare,41.863704681396484,0.05728346358075531,-0.9577287512695578,1.7
AZN,2020-02-14 22:57:11,0.0397,0.0274,0.0219,0.4615384615384615,0.0769230769230769,0.012299999999999998,Healthcare,42.39530563354492,-0.030002124387144002,-0.48651998847506067,1.7
AZN,2020-04-29 17:57:17,0.0241,0.0393,0.0177,0.3684210526315789,0.0526315789473684,-0.015200000000000002,Healthcare,45.85387420654297,-0.004904647220710934,0.43405964363233684,1.7
AZN,2020-07-30 20:06:12,0.0335,0.0123,0.0078,0.0952380952380952,0.1428571428571428,0.021200000000000004,Healthcare,52.33597946166992,0.02206927943310588,0.3057758343078235,1.7
AZN,2020-11-06 04:35:06,0.0319,0.0142,0.0083,0.3333333333333333,0.0476190476190476,0.017699999999999997,Healthcare,50.5946159362793,0.006526562725533758,0.31751326576717326,1.7
BKNG,2006-02-17 16:43:51,0.0234,0.0122,0.0156,0.1428571428571428,0.0,0.0112,Consumer Cyclical,23.242719650268555,0.04742728383489747,,2.2
BKNG,2006-05-04 00:55:30,0.0373,0.0186,0.0163,0.125,0.125,0.0187,Consumer Cyclical,29.001272201538086,0.15454541036691638,,2.2
BKNG,2006-08-07 23:22:11,0.04,0.01,0.02,0.1,0.0,0.03,Consumer Cyclical,26.221282958984375,0.0,,2.2
BKNG,2006-11-09 00:53:10,0.0445,0.0068,0.0194,0.1,0.0,0.0377,Consumer Cyclical,39.545387268066406,-0.014108877463875236,-0.6286604503343597,2.2
BKNG,2007-02-13 00:57:20,0.0367,0.0134,0.0178,0.1666666666666666,0.0,0.0233,Consumer Cyclical,50.4370002746582,0.10603083977156547,-0.9494229808296878,2.2
BKNG,2007-08-08 03:26:17,0.0378,0.0078,0.0133,0.0909090909090909,0.0,0.03,Consumer Cyclical,78.99148559570312,0.22230755091220566,-0.4629094515817805,2.2
BKNG,2007-11-13 20:46:30,0.0336,0.0093,0.0139,0.1,0.0,0.0243,Consumer Cyclical,107.92327117919922,0.0859142092309455,-0.4359433728709837,2.2
BKNG,2008-02-15 00:29:12,0.0344,0.0233,0.02,0.1111111111111111,0.0,0.011099999999999999,Consumer Cyclical,122.97492980957031,0.21158167378772075,-0.1795969987695613,2.2
BKNG,2008-05-09 01:25:13,0.0311,0.0104,0.0185,0.0909090909090909,0.0,0.0207,Consumer Cyclical,137.63938903808594,0.11997087190591604,-0.11356569388018434,2.2
BKNG,2008-08-06 05:12:13,0.0324,0.0212,0.0279,0.1,0.0,0.011199999999999998,Consumer Cyclical,96.47564697265625,-0.17090444265581106,0.25962648796055093,2.2
BKNG,2008-11-07 03:38:13,0.0393,0.0292,0.0247,0.1111111111111111,0.0,0.010100000000000001,Consumer Cyclical,54.18006134033203,0.15933715165039897,0.10917815218898308,2.2
BKNG,2009-02-19 05:08:12,0.0244,0.0244,0.0202,0.1666666666666666,0.0,0.0,Consumer Cyclical,79.58721160888672,0.16613345671743374,-0.17223134548390048,2.2
BKNG,2009-05-11 17:45:26,0.0416,0.0197,0.0153,0.2727272727272727,0.0,0.0219,Consumer Cyclical,108.10196685791016,0.037940832027770766,-0.36720514322855624,2.2
BKNG,2009-08-10 16:13:17,0.0359,0.0169,0.018,0.2307692307692307,0.0769230769230769,0.019000000000000003,Consumer Cyclical,149.16644287109375,0.14407554351585095,-0.7275361618444657,2.2
BKNG,2009-11-10 03:18:19,0.0271,0.0249,0.013,0.1666666666666666,0.0833333333333333,0.0022000000000000006,Consumer Cyclical,202.7606964111328,0.1755022088671203,-0.7878468042283255,2.2
BKNG,2010-02-18 04:08:11,0.0251,0.0167,0.0209,0.1333333333333333,0.0,0.008400000000000001,Consumer Cyclical,231.285400390625,0.09432984469453065,-0.6461866589161053,2.2
BKNG,2010-11-09 01:16:30,0.0321,0.0096,0.016,0.0833333333333333,0.0,0.0225,Consumer Cyclical,417.6441345214844,0.08253113984143656,-0.567306147781795,2.2
BKNG,2011-02-24 01:31:23,0.0224,0.0102,0.0153,0.1428571428571428,0.0714285714285714,0.012199999999999999,Consumer Cyclical,459.0362548828125,0.08533060780664248,-0.7774027104124763,2.2
BKNG,2011-05-06 00:21:24,0.0296,0.0106,0.0138,0.1666666666666666,0.0833333333333333,0.019000000000000003,Consumer Cyclical,515.3211669921875,-0.027979004032788635,-0.42996527662755923,2.2
BKNG,2011-08-05 01:01:19,0.0254,0.0074,0.018,0.1666666666666666,0.0833333333333333,0.018,Consumer Cyclical,524.0384521484375,0.0920056717650104,-0.18199356396345964,2.2
BKNG,2011-11-08 01:31:14,0.0257,0.0107,0.0193,0.125,0.8125,0.015000000000000001,Consumer Cyclical,548.8994750976562,0.08614923069397862,-0.6015507102476638,2.2
BKNG,2012-02-28 01:21:38,0.0291,0.0129,0.0172,0.1176470588235294,0.8823529411764706,0.0162,Consumer Cyclical,628.238525390625,0.06968266993233385,-0.6732202117631352,2.2
BKNG,2012-05-10 00:01:10,0.0243,0.0127,0.0211,0.0588235294117647,0.8823529411764706,0.0116,Consumer Cyclical,676.2429809570312,-0.05263235750065032,0.9038512894767687,2.2
BKNG,2012-08-08 00:37:07,0.0262,0.0284,0.0196,0.0769230769230769,0.0769230769230769,-0.0022000000000000006,Consumer Cyclical,558.3018798828125,-0.17281542160132857,0.9457781468798792,2.2
BKNG,2012-11-02 01:31:08,0.0277,0.0181,0.0139,0.0666666666666666,0.8666666666666667,0.009599999999999997,Consumer Cyclical,630.204345703125,0.082989337997601,0.8292907002519513,2.2
BKNG,2013-02-26 23:48:06,0.035,0.0212,0.0138,0.0666666666666666,0.0,0.013800000000000003,Consumer Cyclical,673.6417236328125,0.010349426806750994,0.7715585952150645,2.2
BKNG,2013-05-09 23:33:07,0.0322,0.0118,0.0118,0.0555555555555555,0.0,0.0204,Consumer Cyclical,732.2300415039062,0.003032879169257763,0.7027106257597172,2.2
BKNG,2013-08-08 22:33:06,0.0271,0.0094,0.0167,0.0555555555555555,0.0555555555555555,0.0177,Consumer Cyclical,927.0777587890625,0.006651788596021113,-0.8600113474099329,2.2
BKNG,2013-11-08 01:02:43,0.0331,0.0085,0.0139,0.1428571428571428,0.7857142857142857,0.024599999999999997,Consumer Cyclical,1065.5311279296875,0.04918399093806736,0.7126076618885989,2.2
BKNG,2014-02-21 01:28:07,0.0538,0.0044,0.0143,0.1176470588235294,0.0588235294117647,0.0494,Consumer Cyclical,1306.248779296875,0.025448212363654132,0.30762390580314025,2.2
BKNG,2014-05-08 19:28:16,0.0462,0.0044,0.0121,0.0714285714285714,0.0714285714285714,0.0418,Consumer Cyclical,1100.0826416015625,-0.020976399255879796,-0.23249815703760707,2.2
BKNG,2014-08-11 17:26:13,0.0386,0.0125,0.0114,0.0769230769230769,0.0769230769230769,0.0261,Consumer Cyclical,1299.9244384765625,0.02163002517383772,-0.4863507620978675,2.2
BKNG,2014-11-04 15:51:13,0.0339,0.0109,0.0109,0.0909090909090909,0.0,0.023,Consumer Cyclical,1089.8560791015625,-0.08412054511445188,0.5422796639747888,2.2
BKNG,2015-02-20 08:20:12,0.0429,0.0162,0.0174,0.0909090909090909,0.0909090909090909,0.0267,Consumer Cyclical,1207.5391845703125,-0.0014942014526346803,0.18385368588237763,2.2
BKNG,2015-05-07 16:36:10,0.0324,0.0134,0.0167,0.0625,0.0,0.018999999999999996,Consumer Cyclical,1204.8187255859375,-0.04007443359054541,0.6006478087616062,2.2
BKNG,2015-08-05 17:51:42,0.0273,0.0125,0.0148,0.0769230769230769,0.0769230769230769,0.0148,Consumer Cyclical,1341.5546875,0.052352396779365984,-0.48265797433457935,2.2
BKNG,2015-11-09 18:36:14,0.0457,0.0117,0.0106,0.0666666666666666,0.0,0.033999999999999996,Consumer Cyclical,1301.781005859375,-0.09569617900283622,-0.8006440993398468,2.2
BKNG,2016-02-17 16:42:09,0.0557,0.0023,0.0139,0.0769230769230769,0.0,0.0534,Consumer Cyclical,1226.731201171875,0.11243563665949896,0.3868070816308652,2.2
BKNG,2016-05-04 16:04:12,0.0358,0.0098,0.013,0.0666666666666666,0.0,0.026,Consumer Cyclical,1244.086181640625,-0.07500149302308945,0.3606569674551574,2.2
BKNG,2016-08-05 05:36:36,0.0443,0.0133,0.02,0.0625,0.0625,0.031,Consumer Cyclical,1404.1143798828125,0.03987523129925008,0.7640585255459172,2.2
BKNG,2016-11-08 02:58:18,0.0259,0.0119,0.014,0.0,0.0,0.013999999999999999,Consumer Cyclical,1566.853271484375,0.06606646662582571,0.4451013354657991,2.2
BKNG,2017-02-28 02:59:10,0.0489,0.0089,0.0133,0.0952380952380952,0.0,0.04,Consumer Cyclical,1711.8099365234375,0.056445765868819775,0.02061098446565347,2.2
BKNG,2017-05-10 01:56:57,0.0384,0.0099,0.0143,0.0,0.0,0.028499999999999998,Consumer Cyclical,1811.7308349609375,-0.04518793458999404,-0.11832557788041584,2.2
BKNG,2017-08-09 03:44:42,0.0343,0.0033,0.0177,0.0,0.0,0.030999999999999996,Consumer Cyclical,1893.174560546875,-0.06939968788147755,-0.2148604768700706,2.2
BKNG,2017-11-07 02:56:49,0.02,0.0078,0.0144,0.0,0.0476190476190476,0.0122,Consumer Cyclical,1633.960205078125,-0.13519704348998018,0.928798033551999,2.2
BKNG,2018-02-28 02:38:16,0.0554,0.0047,0.0188,0.0,0.0,0.050699999999999995,Consumer Cyclical,2019.5054931640625,0.06773201572420673,0.9785102743501579,2.2
BKNG,2018-05-10 01:42:11,0.0313,0.0034,0.0168,0.0666666666666666,0.0,0.0279,Consumer Cyclical,2065.156982421875,-0.047431130930763565,0.9780135100705715,2.2
BKNG,2018-08-09 18:04:12,0.0331,0.008,0.024,0.0714285714285714,0.0,0.025099999999999997,Consumer Cyclical,1928.5103759765625,-0.050176003255229085,0.9954996633585969,2.2
BKNG,2018-11-06 04:35:08,0.0506,0.0035,0.0176,0.0714285714285714,0.0,0.047099999999999996,Consumer Cyclical,1935.52978515625,0.041868009086725166,0.9957228464311387,2.2
BKNG,2018-12-04 12:16:56,0.0169,0.0084,0.0169,0.5,0.0,0.008499999999999999,Consumer Cyclical,1849.82666015625,-0.02946289591879192,0.7099254814159411,2.2
BKNG,2019-02-28 02:45:07,0.0301,0.0056,0.0234,0.1176470588235294,0.0,0.024499999999999997,Consumer Cyclical,1684.91357421875,-0.10963271446061829,0.5558085591615207,2.2
BKNG,2019-05-10 02:19:28,0.022,0.0132,0.0165,0.0666666666666666,0.0,0.008799999999999999,Consumer Cyclical,1816.7744140625,0.054042812520029404,0.11432136506916137,2.2
BKNG,2019-05-14 19:12:22,0.0211,0.0184,0.0092,0.5,0.0,0.002700000000000001,Consumer Cyclical,1780.85302734375,0.0092332358303151,-0.8179880267537444,2.2
BKNG,2019-08-08 05:17:29,0.0272,0.0381,0.0136,0.0666666666666666,0.0,-0.010900000000000003,Consumer Cyclical,1927.14013671875,0.06557565375391738,-0.8568308232475252,2.2
BKNG,2019-11-08 04:32:22,0.0261,0.0287,0.0091,0.125,0.0,-0.002599999999999998,Consumer Cyclical,1865.7618408203125,0.015816739981299177,-0.2624744970442167,2.2
BKNG,2019-11-19 21:00:10,0.0471,0.0129,0.0071,0.5,0.0,0.0342,Consumer Cyclical,1832.114013671875,0.00395530353158513,-0.6848526007840302,2.2
BKNG,2020-02-27 06:01:20,0.041,0.0385,0.0077,0.1428571428571428,0.0,0.0025000000000000022,Consumer Cyclical,1647.9891357421875,-0.010934332319187057,-0.550039567306697,2.2
BKNG,2020-05-08 03:16:49,0.0279,0.0385,0.0159,0.0769230769230769,0.0,-0.010599999999999998,Consumer Cyclical,1420.605712890625,-0.009058762662223385,0.2231957561285793,2.2
BKNG,2020-08-07 04:27:12,0.0299,0.0371,0.0144,0.1538461538461538,0.0,-0.0072000000000000015,Consumer Cyclical,1741.9429931640625,0.0015355009317370438,0.5719288037195279,2.2
BKNG,2020-11-06 01:57:05,0.0415,0.0354,0.0281,0.1666666666666666,0.0,0.006100000000000001,Consumer Cyclical,1771.0037841796875,0.008731454784267845,0.40468483755119344,2.2
BKNG,2021-02-25 04:49:17,0.0378,0.0219,0.0329,0.0909090909090909,0.0,0.0159,Consumer Cyclical,2256.95654296875,-0.06969516835916945,-0.6828006562118023,2.2
BLK,2007-10-17 17:52:20,0.0382,0.0172,0.0259,0.1,0.1,0.020999999999999998,Financial Services,128.04022216796875,0.06411840271481162,,1.9
BLK,2008-01-22 21:06:50,0.029,0.0181,0.0314,0.1111111111111111,0.1111111111111111,0.0109,Financial Services,133.0578155517578,0.007444393777422231,,1.9
BLK,2008-04-16 17:26:24,0.0249,0.0238,0.0119,0.1111111111111111,0.1111111111111111,0.0010999999999999968,Financial Services,135.16082763671875,0.001023297390789324,,1.9
BLK,2008-07-17 19:41:30,0.0293,0.018,0.0169,0.1,0.1,0.011300000000000001,Financial Services,137.54440307617188,0.16378919405095882,0.36031724151520733,1.9
BLK,2008-10-21 20:13:17,0.0212,0.0312,0.0056,0.125,0.125,-0.009999999999999998,Financial Services,86.3061294555664,-0.09090933199780904,0.8066210392238674,1.9
BLK,2009-01-21 18:37:17,0.0314,0.0368,0.0119,0.1111111111111111,0.1111111111111111,-0.005400000000000002,Financial Services,72.37080383300781,0.04891706213884617,0.8815912763438185,1.9
BLK,2009-10-20 21:09:13,0.0559,0.012,0.0153,0.0,0.0,0.043899999999999995,Financial Services,160.48214721679688,0.026776205259215313,0.2868639420794948,1.9
BLK,2010-01-27 20:17:10,0.0428,0.0052,0.0104,0.1818181818181818,0.0909090909090909,0.037599999999999995,Financial Services,154.34176635742188,0.009167664865419312,0.4341132391312448,1.9
BLK,2010-07-22 12:04:15,0.0436,0.0089,0.0123,0.2222222222222222,0.0,0.0347,Financial Services,104.02474212646484,0.05497809378139462,-0.5020951531053494,1.9
BLK,2010-10-20 20:27:24,0.058,0.0033,0.0112,0.1818181818181818,0.0,0.054700000000000006,Financial Services,117.44025421142578,-0.029319011794119776,-0.8614913591201658,1.9
BLK,2011-01-25 20:06:21,0.0435,0.0045,0.0033,0.0909090909090909,0.0909090909090909,0.039,Financial Services,138.03250122070312,0.02288415606243399,-0.9076868571427029,1.9
BLK,2011-04-21 19:21:33,0.0499,0.0109,0.0054,0.1,0.0,0.039,Financial Services,139.60426330566406,0.026636011944703997,-0.9818927832423948,1.9
BLK,2011-07-20 17:41:34,0.0233,0.0122,0.0166,0.1,0.0,0.0111,Financial Services,130.4086456298828,0.004409243310244282,-0.3652280094185081,1.9
BLK,2011-10-19 18:01:15,0.0302,0.0179,0.0157,0.1428571428571428,0.5714285714285714,0.012300000000000002,Financial Services,106.13381958007812,-0.04721713242819514,0.7639619110669318,1.9
BLK,2012-01-19 19:11:19,0.0427,0.0153,0.0164,0.1,0.7,0.0274,Financial Services,134.73477172851562,-0.0013844939393048428,0.6981066497296397,1.9
BLK,2012-04-18 19:31:09,0.0458,0.0089,0.0112,0.1,0.6,0.0369,Financial Services,141.8934326171875,-0.028740184003104186,-0.034684434446995975,1.9
BLK,2012-07-18 20:41:07,0.0442,0.0133,0.0088,0.1818181818181818,0.6363636363636364,0.030900000000000004,Financial Services,127.88288116455078,-0.006244842800801842,0.5612138765646631,1.9
BLK,2012-10-17 18:11:06,0.045,0.0154,0.0077,0.2,0.6,0.029599999999999998,Financial Services,139.34898376464844,-0.004421378028311995,-0.9795674059924169,1.9
BLK,2013-01-17 20:11:09,0.0361,0.0033,0.0088,0.1538461538461538,0.6923076923076923,0.0328,Financial Services,172.24380493164062,0.04391671504850603,-0.31035527039817373,1.9
BLK,2013-02-13 20:01:03,0.0532,0.0169,0.0052,0.5,0.5,0.0363,Financial Services,180.05413818359375,0.01532264510883663,0.4860036331302549,1.9
BLK,2013-04-16 22:31:08,0.0544,0.0083,0.0095,0.0714285714285714,0.7857142857142857,0.046099999999999995,Financial Services,192.30690002441406,0.013235386100364455,0.028984056904425008,1.9
BLK,2013-06-18 23:51:07,0.0345,0.023,0.0166,0.1666666666666666,0.1666666666666666,0.011500000000000003,Financial Services,208.0229949951172,0.0018122719366140405,0.3505646152511581,1.9
BLK,2013-07-18 20:51:08,0.0389,0.0108,0.0162,0.0909090909090909,0.6363636363636364,0.028099999999999997,Financial Services,209.84368896484375,0.024312716261171596,0.49819481867813037,1.9
BLK,2013-09-09 17:56:10,0.0537,0.0055,0.012,0.0,0.0,0.0482,Financial Services,199.2009735107422,0.00696686408506042,0.19834858651204243,1.9
BLK,2013-10-16 16:21:10,0.0282,0.0084,0.0136,0.2,0.5,0.019799999999999998,Financial Services,219.96543884277344,0.02905016168523855,-0.09094457175537783,1.9
BLK,2013-12-10 23:39:07,0.0261,0.0092,0.0154,1.0,0.0,0.016900000000000002,Financial Services,227.9730682373047,-0.010934149630501544,0.01812488843123191,1.9
BLK,2014-01-16 18:21:12,0.0272,0.0091,0.0141,0.2,0.6,0.018099999999999998,Financial Services,241.96824645996094,0.016083297958399134,-0.05643581398094822,1.9
BLK,2014-02-16 03:06:09,0.0222,0.0099,0.0062,0.0,0.0,0.0123,Financial Services,,,,1.9
BLK,2014-04-17 18:28:04,0.0191,0.0161,0.0151,0.1818181818181818,0.0,0.002999999999999999,Financial Services,236.2950897216797,-0.005706813163924629,,1.9
BLK,2014-07-16 19:57:11,0.0261,0.0121,0.006,0.1428571428571428,0.0,0.014000000000000002,Financial Services,250.71755981445312,0.004417694790765925,,1.9
BLK,2014-10-15 22:50:06,0.0373,0.0111,0.0091,0.0833333333333333,0.0,0.0262,Financial Services,240.69900512695312,0.011834352547438698,,1.9
BLK,2015-01-16 04:09:08,0.0235,0.0118,0.0108,0.2,0.0,0.0117,Financial Services,271.3949279785156,0.01641114671957644,0.6376481330486385,1.9
BLK,2015-04-16 17:48:06,0.0349,0.013,0.016,0.2,0.0,0.021900000000000003,Financial Services,291.8967590332031,-0.011893999663429966,-0.3164414712265471,1.9
BLK,2015-07-15 18:22:06,0.028,0.0106,0.0116,0.1818181818181818,0.0,0.0174,Financial Services,273.4140625,0.010970762950026414,-0.4004543104741651,1.9
BLK,2015-10-14 19:30:06,0.0295,0.0148,0.0177,0.1818181818181818,0.0,0.014699999999999998,Financial Services,256.2549133300781,0.023324834022753427,-0.8688606516695366,1.9
BLK,2016-01-15 19:06:11,0.0325,0.0108,0.0148,0.2222222222222222,0.1111111111111111,0.0217,Financial Services,237.10211181640625,-0.043290415371657454,-0.8812603830392907,1.9
BLK,2016-04-14 17:39:09,0.0343,0.0187,0.0146,0.1818181818181818,0.0,0.015599999999999996,Financial Services,285.737060546875,0.019007255463582062,-0.9794214915451045,1.9
BLK,2016-07-14 19:41:42,0.0315,0.0163,0.0173,0.1818181818181818,0.0,0.015200000000000002,Financial Services,287.7699279785156,-0.006461509575785285,-0.9068192523026157,1.9
BLK,2016-10-18 19:23:05,0.022,0.011,0.013,0.1538461538461538,0.0,0.011,Financial Services,290.6745910644531,0.005612211069898176,-0.7923440078934609,1.9
BLK,2017-01-13 18:03:10,0.0218,0.0138,0.0208,0.1666666666666666,0.0,0.008,Financial Services,311.1031494140625,0.002802452433610547,0.18781157853703798,1.9
BLK,2017-04-19 16:31:23,0.0236,0.0041,0.0154,0.1666666666666666,0.0,0.0195,Financial Services,311.21368408203125,-0.016970094938295155,-0.9339263699354357,1.9
BLK,2017-07-17 18:49:08,0.0332,0.0073,0.0177,0.1818181818181818,0.0,0.0259,Financial Services,352.59326171875,-0.031277092319389244,-0.9765085034133749,1.9
BLK,2017-10-11 17:44:06,0.0415,0.004,0.0162,0.0909090909090909,0.0,0.037500000000000006,Financial Services,395.9078674316406,0.018131663652243724,0.2266298092290951,1.9
BLK,2018-01-12 16:58:09,0.023,0.011,0.021,0.1538461538461538,0.0,0.012,Financial Services,466.400634765625,0.03273718721012786,-0.13506528790688793,1.9
BLK,2018-04-12 16:28:09,0.0279,0.01,0.0169,0.1666666666666666,0.0833333333333333,0.0179,Financial Services,449.8697509765625,0.014657656256237717,-0.2986942261763876,1.9
BLK,2018-07-16 17:15:08,0.0333,0.0161,0.0161,0.1428571428571428,0.0714285714285714,0.017200000000000003,Financial Services,427.6559753417969,-0.006172561518707154,-0.048803895696513944,1.9
BLK,2018-10-16 19:23:18,0.0303,0.0142,0.0142,0.1666666666666666,0.0,0.0161,Financial Services,348.5061340332031,-0.044362261115649004,-0.44071884801518046,1.9
BLK,2018-12-05 16:52:06,0.0309,0.0154,0.0083,0.0,0.0,0.0155,Financial Services,,,,1.9
BLK,2019-01-16 18:11:08,0.0298,0.0236,0.0195,0.2,0.0,0.006200000000000001,Financial Services,355.5336608886719,0.030770508924340412,,1.9
BLK,2019-04-16 17:30:11,0.0249,0.0177,0.0145,0.1818181818181818,0.0909090909090909,0.007199999999999998,Financial Services,404.6383361816406,0.03248790295577475,,1.9
BLK,2019-07-19 16:27:38,0.0458,0.0194,0.0042,0.2222222222222222,0.1111111111111111,0.0264,Financial Services,413.59033203125,-0.003998768569477673,,1.9
BLK,2019-10-15 15:53:10,0.0459,0.0471,0.0153,0.1818181818181818,0.0909090909090909,-0.0011999999999999997,Financial Services,391.53643798828125,0.02358294311651621,-0.8507737300382922,1.9
BLK,2019-12-11 15:12:31,0.0388,0.0088,0.0112,0.0,0.0,0.03,Financial Services,438.0784912109375,-0.00024292325825836514,-0.8898053628306825,1.9
BLK,2020-01-15 19:49:10,0.0342,0.0122,0.0232,0.2,0.1,0.022,Financial Services,470.3194274902344,0.023035891560270638,-0.7265985955338672,1.9
BLK,2020-04-16 18:21:12,0.026,0.0273,0.0219,0.1666666666666666,0.0833333333333333,-0.0013000000000000025,Financial Services,410.1946105957031,0.035930957034388644,-0.8159726158822885,1.9
BLK,2020-05-29 19:58:08,0.03,0.0357,0.0243,0.3333333333333333,0.0,-0.005700000000000004,Financial Services,472.4400939941406,-0.015274553243870725,0.042488522757488933,1.9
BLK,2020-07-17 20:32:09,0.028,0.0145,0.0124,0.1111111111111111,0.0,0.0135,Financial Services,528.7435913085938,0.036616295328371073,0.4982618486065334,1.9
BLK,2020-10-13 15:52:01,0.0373,0.0145,0.0114,0.2,0.0,0.0228,Financial Services,578.2943725585938,0.03914528572183751,0.6932118843952736,1.9
BLK,2021-01-14 19:14:08,0.0361,0.0151,0.0191,0.2222222222222222,0.0,0.020999999999999998,Financial Services,676.326416015625,-0.04648945310701691,0.1943511732038374,1.9
CHTR,2008-02-06 19:32:11,0.0357,0.0069,0.015,0.0909090909090909,0.0,0.028800000000000003,Communication Services,,,,2.9
CHTR,2008-04-30 16:49:12,0.0428,0.0104,0.0116,0.1875,0.0,0.0324,Communication Services,,,,2.9
CHTR,2008-08-06 18:58:18,0.0442,0.0227,0.0045,0.2142857142857142,0.0714285714285714,0.021500000000000002,Communication Services,,,,2.9
CHTR,2008-11-05 16:54:19,0.0363,0.0231,0.0143,0.2142857142857142,0.0,0.0132,Communication Services,,,,2.9
CHTR,2009-02-04 20:04:16,0.0372,0.0221,0.0093,0.3333333333333333,0.0,0.015099999999999995,Communication Services,,,,2.9
CHTR,2009-04-29 16:53:26,0.0295,0.017,0.0045,0.1875,0.0,0.012499999999999997,Communication Services,,,,2.9
CHTR,2010-01-28 19:35:16,0.0264,0.0172,0.0057,0.25,0.0,0.0092,Communication Services,30.75,0.0,,2.9
CHTR,2010-11-04 20:06:24,0.0336,0.007,0.0081,0.125,0.0625,0.0266,Communication Services,35.75,0.07196406703710223,,2.9
CHTR,2011-01-27 20:06:21,0.0314,0.007,0.0081,0.1538461538461538,0.0769230769230769,0.024399999999999998,Communication Services,42.119998931884766,-0.003312811055581677,,2.9
CHTR,2011-04-28 17:21:29,0.0298,0.0099,0.0121,0.1538461538461538,0.0769230769230769,0.0199,Communication Services,58.63999938964844,0.04490378663089967,0.5357512763717622,2.9
CHTR,2011-07-28 16:31:15,0.0299,0.01,0.0089,0.1428571428571428,0.0,0.0199,Communication Services,54.7400016784668,-0.045509971492537105,0.5283809720825867,2.9
CHTR,2011-08-02 19:37:27,0.0475,0.0113,0.0158,0.0714285714285714,0.1428571428571428,0.0362,Communication Services,50.9900016784668,-0.04298042705135918,-0.4815159446309633,2.9
CHTR,2011-10-27 17:41:27,0.0378,0.0122,0.0122,0.2307692307692307,0.6923076923076923,0.025599999999999998,Communication Services,49.58000183105469,-0.012743914259098044,-0.4780266808229325,2.9
CHTR,2011-11-01 17:43:01,0.0595,0.0131,0.0155,0.1333333333333333,0.1333333333333333,0.0464,Communication Services,46.849998474121094,0.019808443069544435,0.6858083981260696,2.9
CHTR,2012-01-26 18:41:09,0.0403,0.0101,0.0067,0.2142857142857142,0.7142857142857143,0.030200000000000005,Communication Services,58.4900016784668,0.013515900300958616,0.2853313483522935,2.9
CHTR,2012-02-27 20:35:07,0.0403,0.012,0.0218,0.1176470588235294,0.1176470588235294,0.028300000000000002,Communication Services,63.56999969482422,0.0022071478633907127,0.7964081630273115,2.9
CHTR,2012-04-26 17:01:07,0.046,0.0104,0.0092,0.2727272727272727,0.6363636363636364,0.0356,Communication Services,60.95000076293945,0.005277910097093885,0.7404149140091277,2.9
CHTR,2012-05-08 19:11:12,0.0387,0.011,0.0166,0.2,0.6666666666666666,0.0277,Communication Services,64.97000122070312,0.05095440862874412,-0.49915497316855534,2.9
CHTR,2012-08-02 16:21:09,0.0368,0.0161,0.0092,0.25,0.6666666666666666,0.0207,Communication Services,78.30000305175781,-0.0005105091652074512,0.05573570823136478,2.9
CHTR,2012-08-07 22:01:04,0.0323,0.0097,0.0151,0.125,0.8125,0.022600000000000002,Communication Services,76.68000030517578,-0.011728264926730625,0.2748126512683719,2.9
CHTR,2012-11-05 17:21:07,0.0381,0.0131,0.006,0.1578947368421052,0.7894736842105263,0.025,Communication Services,72.94000244140625,-0.028761598889501472,0.5699490125116837,2.9
CHTR,2012-11-06 18:41:14,0.0304,0.0152,0.0105,0.1333333333333333,0.8,0.0152,Communication Services,71.62000274658203,-0.018097061292047467,-0.24379515596653012,2.9
CHTR,2013-01-31 18:21:26,0.0426,0.013,0.0047,0.2142857142857142,0.7142857142857143,0.0296,Communication Services,77.97000122070312,-0.04483641009263406,-0.755297775019045,2.9
CHTR,2013-02-22 18:41:19,0.0281,0.0129,0.0129,0.1428571428571428,0.7857142857142857,0.0152,Communication Services,85.0199966430664,0.10372579501996548,-0.6774440451401743,2.9
CHTR,2013-02-26 23:02:23,0.048,0.0082,0.0082,0.6666666666666666,0.3333333333333333,0.0398,Communication Services,86.73999786376953,0.04129645481374489,-0.1806266901737222,2.9
CHTR,2013-03-06 20:51:39,0.064,0.016,0.0053,0.5,0.5,0.048,Communication Services,89.9800033569336,0.027051737587843405,-0.39680263574868346,2.9
CHTR,2013-04-25 16:21:33,0.0479,0.0082,0.0035,0.1764705882352941,0.7058823529411765,0.0397,Communication Services,101.11000061035156,-0.01882583584623343,-0.7871680637149577,2.9
CHTR,2013-05-07 18:31:26,0.0282,0.0113,0.0169,0.1875,0.75,0.0169,Communication Services,109.69000244140625,0.044368311113681,-0.37978869506554375,2.9
CHTR,2013-05-16 22:11:08,0.024,0.0088,0.005,0.6666666666666666,0.0,0.0152,Communication Services,113.61000061035156,-0.008032813924307991,-0.10696760256073079,2.9
CHTR,2013-08-01 17:51:13,0.0306,0.0098,0.0061,0.1875,0.75,0.0208,Communication Services,127.95999908447266,0.017655489569105454,-0.5931163437561185,2.9
CHTR,2013-08-06 18:21:12,0.0385,0.0136,0.0113,0.25,0.75,0.0249,Communication Services,127.05000305175781,-0.023818601537485717,-0.47669396347526577,2.9
CHTR,2013-10-31 17:21:10,0.0271,0.0244,0.0081,0.2727272727272727,0.5454545454545454,0.0026999999999999975,Communication Services,134.0399932861328,-0.0072582651112240715,-0.05322060946774409,2.9
CHTR,2013-11-05 19:31:24,0.0189,0.0067,0.0145,0.2,0.7333333333333333,0.012199999999999999,Communication Services,131.05999755859375,-0.034691069939242425,0.08953583648818729,2.9
CHTR,2014-01-30 18:31:19,0.0303,0.0117,0.0047,0.2,0.6,0.0186,Communication Services,138.77000427246094,0.0038339030543736996,-0.124017284550773,2.9
CHTR,2014-02-22 01:01:10,0.0368,0.0089,0.0134,0.2,0.7333333333333333,0.0279,Communication Services,,,,2.9
CHTR,2014-04-24 18:05:08,0.0681,0.015,0.0035,0.0666666666666666,0.0666666666666666,0.053099999999999994,Communication Services,130.49000549316406,0.018657293331564073,,2.9
CHTR,2014-04-28 18:37:12,0.037,0.0116,0.0116,0.0833333333333333,0.3333333333333333,0.0254,Communication Services,140.0500030517578,0.07722489784732645,,2.9
CHTR,2014-07-31 15:11:14,0.0473,0.0154,0.0059,0.1666666666666666,0.5833333333333334,0.0319,Communication Services,154.52000427246094,-0.04481671390568298,,2.9
CHTR,2014-07-31 18:11:18,0.0309,0.0066,0.0155,0.2,0.6666666666666666,0.024300000000000002,Communication Services,154.52000427246094,-0.04481671390568298,0.0947830030673499,2.9
CHTR,2014-10-30 17:31:23,0.0476,0.017,0.0068,0.1111111111111111,0.6666666666666666,0.030600000000000002,Communication Services,154.39999389648438,0.0044888891580208146,-0.30377477613506504,2.9
CHTR,2014-10-31 17:41:18,0.0483,0.0071,0.0118,0.25,0.5833333333333334,0.0412,Communication Services,158.38999938964844,0.025842005510952948,0.7776952172014894,2.9
CHTR,2015-01-29 19:10:08,0.0334,0.0178,0.0045,0.0526315789473684,0.1052631578947368,0.0156,Communication Services,152.08999633789062,0.00989369305437382,0.40127915245943424,2.9
CHTR,2015-02-05 17:31:19,0.0271,0.0056,0.0113,0.2307692307692307,0.6153846153846154,0.0215,Communication Services,174.3000030517578,0.06808015469171047,-0.13307663807858275,2.9
CHTR,2015-04-30 18:32:05,0.0493,0.0132,0.0072,0.1875,0.0,0.03609999999999999,Communication Services,187.05999755859375,-0.006585265390692707,-0.2902494852738235,2.9
CHTR,2015-05-01 19:36:15,0.0358,0.0161,0.015,0.2142857142857142,0.0714285714285714,0.0197,Communication Services,187.44000244140625,0.002031459894002552,-0.31425547669742115,2.9
CHTR,2015-07-30 17:50:07,0.0465,0.0163,0.0081,0.2352941176470588,0.0588235294117647,0.0302,Communication Services,187.9600067138672,0.019582318908763607,-0.48992931755267494,2.9
CHTR,2015-08-04 18:08:07,0.0296,0.0114,0.0114,0.2307692307692307,0.0,0.0182,Communication Services,191.5,0.022369347584319632,-0.48457120640132156,2.9
CHTR,2015-10-29 18:20:09,0.0561,0.0126,0.008,0.2666666666666666,0.1333333333333333,0.0435,Communication Services,193.3300018310547,0.05013577089372401,0.8508027797432879,2.9
CHTR,2015-10-29 20:08:18,0.0208,0.0109,0.012,0.2142857142857142,0.2857142857142857,0.009899999999999999,Communication Services,193.3300018310547,0.05013577089372401,0.0758181699413071,2.9
CHTR,2016-01-28 18:49:09,0.0491,0.0091,0.0091,0.0555555555555555,0.1111111111111111,0.039999999999999994,Communication Services,167.3000030517578,0.012160504853705678,-0.19880484882016333,2.9
CHTR,2016-02-04 21:42:09,0.0288,0.0144,0.0177,0.2142857142857142,0.2142857142857142,0.0144,Communication Services,170.5,-0.033720584024648614,0.27007220789733744,2.9
CHTR,2016-04-28 19:26:28,0.0361,0.0108,0.0144,0.25,0.1666666666666666,0.0253,Communication Services,209.75,0.016082969733149044,-0.06954665508631888,2.9
CHTR,2016-04-29 05:38:28,0.0449,0.0135,0.0045,0.2857142857142857,0.0714285714285714,0.031400000000000004,Communication Services,212.24000549316406,0.011871301516872768,0.7902840245648804,2.9
CHTR,2016-08-09 19:31:02,0.0159,0.0125,0.0171,0.2222222222222222,0.1111111111111111,0.0034000000000000002,Communication Services,255.75999450683594,0.07997629675218865,-0.4713038815260965,2.9
CHTR,2016-11-03 20:04:38,0.0173,0.0173,0.0115,0.0,0.1428571428571428,0.0,Communication Services,247.4199981689453,-0.021707348122531278,-0.12237621434004435,2.9
CHTR,2017-02-16 18:21:46,0.0174,0.0174,0.0174,0.0,0.0833333333333333,0.0,Communication Services,324.4599914550781,-0.002214162116120688,0.026624981897821132,2.9
CHTR,2017-05-02 17:50:34,0.0153,0.0218,0.012,0.0,0.0714285714285714,-0.006500000000000001,Communication Services,337.69000244140625,-0.018742406963690006,0.7109295788094201,2.9
CHTR,2017-05-17 21:04:08,0.023,0.0316,0.0043,0.5,0.0,-0.008600000000000003,Communication Services,313.1099853515625,-0.0215619018264962,0.5212530609996199,2.9
CHTR,2017-07-27 19:00:25,0.0221,0.0209,0.0099,0.0,0.0,0.0012000000000000031,Communication Services,366.8999938964844,0.05198269763429053,0.8169355944213167,2.9
CHTR,2017-09-13 01:32:07,0.039,0.0153,0.0042,0.5,0.0,0.0237,Communication Services,385.1300048828125,0.009329867364467281,0.35633473362573065,2.9
CHTR,2017-10-26 18:05:43,0.0128,0.0058,0.0128,0.0,0.0,0.007000000000000001,Communication Services,316.2900085449219,-0.08297815317999602,0.060627586069425164,2.9
CHTR,2018-02-02 21:49:08,0.016,0.0126,0.016,0.1,0.1,0.0034000000000000002,Communication Services,387.5,0.04396790680060714,-0.18204650593345756,2.9
CHTR,2018-04-27 20:39:06,0.0209,0.0139,0.0151,0.0909090909090909,0.0909090909090909,0.006999999999999999,Communication Services,263.3299865722656,-0.11678687921190434,0.23073784227084443,2.9
CHTR,2018-07-31 18:34:16,0.0274,0.0148,0.0137,0.0,0.0909090909090909,0.0126,Communication Services,304.5799865722656,0.03633886661305241,0.11215433671850239,2.9
CHTR,2018-10-26 20:46:48,0.0208,0.0162,0.0139,0.1818181818181818,0.0,0.0046,Communication Services,295.010009765625,-0.06289504128369838,0.1941807266242175,2.9
CHTR,2019-01-31 18:34:10,0.0234,0.0152,0.014,0.1818181818181818,0.0909090909090909,0.0082,Communication Services,331.04998779296875,0.14190605226168085,0.4586460682611414,2.9
CHTR,2019-04-30 19:43:08,0.029,0.0162,0.0139,0.0833333333333333,0.0833333333333333,0.012800000000000002,Communication Services,371.19000244140625,0.0005930431570724259,0.2303808216973687,2.9
CHTR,2019-07-26 19:12:34,0.0321,0.0148,0.0037,0.0666666666666666,0.0666666666666666,0.017299999999999996,Communication Services,398.7900085449219,-0.01654745118391643,-0.05517014711856994,2.9
CHTR,2019-10-25 17:17:33,0.0296,0.0162,0.004,0.0769230769230769,0.1538461538461538,0.013400000000000002,Communication Services,462.19000244140625,0.06233478442695173,-0.8891269189019653,2.9
CHTR,2020-01-31 20:08:37,0.0252,0.0186,0.0106,0.0769230769230769,0.0,0.006600000000000002,Communication Services,517.4600219726562,0.049657208083041304,-0.632292881993545,2.9
CHTR,2020-05-01 20:32:35,0.0257,0.0378,0.0095,0.0833333333333333,0.0833333333333333,-0.0121,Communication Services,509.6400146484375,0.029097597767569816,-0.1919832967131631,2.9
CHTR,2020-07-31 16:40:20,0.0162,0.0209,0.0151,0.0833333333333333,0.1666666666666666,-0.004699999999999999,Communication Services,580.0,0.02939088010584734,0.9638840039752228,2.9
CHTR,2020-10-30 16:22:13,0.0255,0.0127,0.0127,0.0833333333333333,0.0,0.012799999999999999,Communication Services,603.8200073242188,0.04829862382676864,0.9263279048232965,2.9
CHTR,2021-01-29 19:55:08,0.0374,0.0091,0.0147,0.0909090909090909,0.0,0.028300000000000002,Communication Services,607.5599975585938,-0.07193160482597727,-0.715045839906402,2.9
CMCSA,2005-11-16 15:11:37,0.0393,0.0116,0.0127,0.0909090909090909,0.6363636363636364,0.027700000000000002,Communication Services,6.244797706604004,-0.013977478286677725,,2.3
CMCSA,2006-02-03 18:26:14,0.0302,0.007,0.0116,0.2727272727272727,0.0,0.023200000000000002,Communication Services,6.479275703430176,0.0022208427902932204,,2.3
CMCSA,2006-04-27 15:46:40,0.0273,0.0084,0.0126,0.0909090909090909,0.0,0.0189,Communication Services,7.285593509674072,0.042808744033913104,,2.3
CMCSA,2006-07-27 16:18:40,0.032,0.0077,0.011,0.0909090909090909,0.0,0.024300000000000002,Communication Services,8.139768600463867,0.04612564453905765,-0.6810923826938013,2.3
CMCSA,2006-10-26 17:16:42,0.0259,0.0079,0.009,0.0833333333333333,0.0,0.018,Communication Services,9.57056713104248,0.03199179956906195,-0.2201261785853906,2.3
CMCSA,2007-02-01 19:06:32,0.0356,0.0069,0.0103,0.2727272727272727,0.0,0.0287,Communication Services,10.269221305847168,-0.03224316590638676,-0.7487958575387391,2.3
CMCSA,2007-04-26 14:33:46,0.0238,0.0103,0.0083,0.2142857142857142,0.0,0.013500000000000002,Communication Services,9.72608757019043,-0.03524407226449522,0.08297145582413375,2.3
CMCSA,2007-07-26 14:49:24,0.0195,0.0051,0.0082,0.25,0.0,0.0144,Communication Services,9.765568733215332,-0.04660144042220904,0.046667450849034446,2.3
CMCSA,2007-10-25 16:46:37,0.0201,0.0084,0.0042,0.1333333333333333,0.0666666666666666,0.0117,Communication Services,7.637314796447754,-0.10775657344333234,0.5470197487863971,2.3
CMCSA,2008-02-14 18:51:10,0.0444,0.007,0.0094,0.1666666666666666,0.0,0.0374,Communication Services,6.905165672302246,0.08029220712613871,0.9433496982880009,2.3
CMCSA,2008-05-01 16:09:07,0.0413,0.0156,0.0112,0.1428571428571428,0.0,0.025700000000000004,Communication Services,8.033641815185547,0.0856447473769506,0.8923725903080933,2.3
CMCSA,2008-07-30 20:52:11,0.0279,0.014,0.0054,0.25,0.0,0.013900000000000001,Communication Services,7.251960277557373,0.04640227603455327,0.7008885273809247,2.3
CMCSA,2008-10-29 16:11:28,0.0322,0.0189,0.0078,0.1428571428571428,0.0,0.0133,Communication Services,5.540122032165527,-0.09905672374732322,0.6651616863847886,2.3
CMCSA,2009-02-18 21:08:07,0.0453,0.0163,0.0128,0.1538461538461538,0.0,0.029,Communication Services,4.497156620025635,-0.041117125749087435,0.24872166498281392,2.3
CMCSA,2009-04-30 19:40:17,0.0323,0.0258,0.0086,0.1428571428571428,0.0,0.006500000000000002,Communication Services,5.651589393615723,0.014436075527212155,-0.2892520573472116,2.3
CMCSA,2009-08-06 19:19:11,0.0403,0.0272,0.0044,0.1428571428571428,0.0,0.013100000000000004,Communication Services,5.528774738311768,-0.0006641736739172455,-0.3223725091018058,2.3
CMCSA,2010-02-03 17:16:16,0.0543,0.009,0.0068,0.2857142857142857,0.0,0.0453,Communication Services,5.9264349937438965,-0.019643980461717114,-0.7147699622053854,2.3
CMCSA,2010-07-28 18:35:13,0.0573,0.0042,0.0062,0.125,0.0,0.053099999999999994,Communication Services,7.334702968597412,0.011898600859213238,-0.32466092666595026,2.3
CMCSA,2010-10-27 18:05:21,0.0435,0.0045,0.0056,0.1111111111111111,0.0,0.039,Communication Services,7.641679763793945,0.03207716799934057,0.08294903746900606,2.3
CMCSA,2011-02-16 20:31:00,0.0632,0.0023,0.0056,0.3125,0.0,0.06090000000000001,Communication Services,9.51501750946045,0.04014895164836596,0.3179284864996057,2.3
CMCSA,2011-05-04 19:31:00,0.0563,0.0106,0.0059,0.3125,0.0,0.045700000000000005,Communication Services,9.873539924621582,-0.024426379796650632,0.3016584337101114,2.3
CMCSA,2011-08-03 16:31:09,0.0374,0.0042,0.0083,0.3125,0.0,0.0332,Communication Services,8.699056625366211,0.0017599065717492923,0.39878289948647383,2.3
CMCSA,2011-11-02 16:21:13,0.056,0.0055,0.0055,0.2631578947368421,0.7368421052631579,0.0505,Communication Services,8.842327117919922,0.0017405411689306316,0.6112714773709536,2.3
CMCSA,2012-02-15 17:51:07,0.0395,0.0056,0.0079,0.3333333333333333,0.6666666666666666,0.0339,Communication Services,11.007155418395996,0.0466055167997399,-0.5740442750938192,2.3
CMCSA,2012-05-02 16:31:11,0.0534,0.0076,0.0087,0.2631578947368421,0.7368421052631579,0.0458,Communication Services,11.804569244384766,-0.005882470104163207,-0.5621795296230397,2.3
CMCSA,2012-05-31 20:01:00,0.0135,0.0209,0.0099,1.0,0.0,-0.007399999999999999,Communication Services,11.218608856201172,-0.0013817673769960237,0.07637286478989326,2.3
CMCSA,2012-08-01 19:26:03,0.0393,0.0109,0.012,0.3333333333333333,0.0666666666666666,0.0284,Communication Services,13.087900161743164,0.030721741004805958,0.24674501761366854,2.3
CMCSA,2012-10-26 14:57:06,0.054,0.0034,0.0101,0.2666666666666666,0.0,0.0506,Communication Services,14.719339370727539,0.033003293703412595,0.3854474253920384,2.3
CMCSA,2013-02-13 15:29:05,0.0709,0.0012,0.0047,0.2142857142857142,0.0714285714285714,0.0697,Communication Services,15.796102523803711,0.029765849296853997,0.8469318770248853,2.3
CMCSA,2013-05-01 15:45:03,0.0451,0.0102,0.0034,0.1764705882352941,0.0,0.0349,Communication Services,16.55396270751953,0.013559131223418897,0.3595220051708043,2.3
CMCSA,2013-07-31 16:12:03,0.0514,0.0054,0.0075,0.1875,0.0625,0.046,Communication Services,17.91100311279297,0.05549064481709398,0.18613105923253165,2.3
CMCSA,2013-09-11 19:03:04,0.0524,0.0092,0.0052,0.5,0.0,0.0432,Communication Services,17.402435302734375,0.022408777135234592,0.2414471461009056,2.3
CMCSA,2013-09-24 21:42:01,0.041,0.0106,0.0079,0.5,0.0,0.030400000000000003,Communication Services,17.358726501464844,-0.005689905399860029,0.9166587938867361,2.3
CMCSA,2013-10-30 15:12:04,0.0489,0.0068,0.0091,0.2,0.0,0.0421,Communication Services,18.791515350341797,-0.012995045723346088,0.633102610625744,2.3
CMCSA,2014-01-28 17:55:03,0.0691,0.0068,0.0125,0.2142857142857142,0.0714285714285714,0.062299999999999994,Communication Services,21.370058059692383,0.01638387881552239,0.5540338728040504,2.3
CMCSA,2014-03-04 20:53:06,0.032,0.0067,0.0214,1.0,0.0,0.0253,Communication Services,20.572938919067383,0.007058840445127945,0.4476798043143469,2.3
CMCSA,2014-04-22 19:06:09,0.0655,0.0076,0.0109,0.2666666666666666,0.0,0.0579,Communication Services,20.4534969329834,0.019045713037304735,0.5076705014398677,2.3
CMCSA,2014-07-22 18:34:04,0.0679,0.0067,0.0145,0.3333333333333333,0.0,0.061200000000000004,Communication Services,22.0743408203125,0.015050193330581774,0.912900747842988,2.3
CMCSA,2014-09-10 21:25:10,0.0333,0.0278,0.0139,0.0,0.0,0.005500000000000005,Communication Services,22.995616912841797,0.005299526297927848,0.9364471096707366,2.3
CMCSA,2014-09-16 23:25:03,0.0531,0.0098,0.0098,0.5,0.0,0.043300000000000005,Communication Services,23.124921798706055,0.003682893955949451,0.7074521755783713,2.3
CMCSA,2014-10-23 19:34:10,0.0746,0.0046,0.0069,0.3571428571428571,0.0,0.07,Communication Services,21.59417724609375,0.0335989065088631,0.7367281250623209,2.3
CMCSA,2014-10-23 19:39:02,0.0725,0.0046,0.0069,0.2857142857142857,0.0,0.06789999999999999,Communication Services,21.59417724609375,0.0335989065088631,0.8363132490277652,2.3
CMCSA,2014-12-09 01:14:02,0.031,0.0197,0.0169,0.5,0.0,0.011300000000000001,Communication Services,22.79926300048828,-0.003016211710488048,0.936762993134168,2.3
CMCSA,2015-02-24 17:35:07,0.0572,0.0101,0.009,0.25,0.125,0.0471,Communication Services,24.102968215942383,0.016491966494825983,0.9952177351201122,2.3
CMCSA,2015-03-03 21:23:09,0.0574,0.0096,0.0082,0.5,0.0,0.0478,Communication Services,24.42478370666504,0.0015034727922180746,0.8392230899558892,2.3
CMCSA,2015-05-04 18:24:04,0.0536,0.0035,0.0058,0.25,0.0,0.0501,Communication Services,24.051597595214844,0.006334900272804589,0.642131758953441,2.3
CMCSA,2015-05-18 18:12:05,0.016,0.004,0.0134,0.0,0.0,0.012,Communication Services,23.310976028442383,0.0058260834427288355,0.15071874199545315,2.3
CMCSA,2015-07-23 17:16:13,0.0782,0.0071,0.0071,0.2142857142857142,0.0,0.07110000000000001,Communication Services,25.666187286376953,-0.031472717081092894,-0.7288020925557226,2.3
CMCSA,2015-09-09 20:17:04,0.0256,0.0067,0.004,0.5,0.0,0.0189,Communication Services,23.28322410583496,-0.007704504062179041,-0.6607877862314441,2.3
CMCSA,2015-09-16 19:35:15,0.0367,0.0054,0.0095,0.3333333333333333,0.0,0.0313,Communication Services,23.72283935546875,0.010500508760065141,-0.819705384501505,2.3
CMCSA,2015-10-27 17:08:03,0.0532,0.0055,0.0144,0.3125,0.0625,0.0477,Communication Services,25.3922061920166,-0.010292407225337419,-0.7728104330041949,2.3
CMCSA,2015-10-27 17:16:10,0.0532,0.0055,0.0144,0.3125,0.0625,0.0477,Communication Services,25.3922061920166,-0.010292407225337419,-0.3590056499131536,2.3
CMCSA,2015-12-07 18:33:09,0.0431,0.0067,0.0067,0.0,0.0,0.0364,Communication Services,24.909442901611328,-0.006255019717431032,-0.8740582002824455,2.3
CMCSA,2016-02-03 18:46:04,0.0679,0.0111,0.0033,0.25,0.0,0.0568,Communication Services,23.97173500061035,0.05953464955316168,0.7336515193424826,2.3
CMCSA,2016-04-27 18:28:18,0.0626,0.0101,0.0101,0.2777777777777778,0.0,0.052500000000000005,Communication Services,25.51915740966797,0.004095064084158162,0.7036191719106736,2.3
CMCSA,2016-05-23 23:20:33,0.0297,0.0037,0.0111,0.3333333333333333,0.0,0.026000000000000002,Communication Services,25.731470108032227,0.0008097309556693855,0.6866001420019082,2.3
CMCSA,2016-07-27 16:24:34,0.0721,0.0155,0.0033,0.2777777777777778,0.0,0.0566,Communication Services,28.394834518432617,0.01101462137353626,0.5102858370531326,2.3
CMCSA,2016-09-15 01:27:09,0.0336,0.009,0.0052,1.0,0.0,0.024599999999999997,Communication Services,27.692501068115234,0.016418849375615885,-0.07779801058622363,2.3
CMCSA,2016-09-20 16:34:03,0.0476,0.0027,0.0041,0.5,0.0,0.0449,Communication Services,27.68832015991211,0.005770796852458959,0.04524699567399648,2.3
CMCSA,2016-10-26 19:00:15,0.0577,0.0058,0.0081,0.0,0.0,0.0519,Communication Services,26.262893676757812,-0.0303780585618606,-0.46404637212754624,2.3
CMCSA,2016-12-08 03:41:03,0.0568,0.0114,0.0114,0.0,0.0,0.0454,Communication Services,29.06298065185547,-0.0014423913104737451,-0.8115237027581818,2.3
CMCSA,2017-01-26 20:31:00,0.0694,0.0067,0.0056,0.0,0.0,0.0627,Communication Services,31.819997787475586,0.02805039373844065,0.4558451825559901,2.3
CMCSA,2017-03-06 18:50:06,0.0602,0.0025,0.0061,0.5,0.0,0.057699999999999994,Communication Services,31.558683395385742,0.005910771210828392,0.6319000209343146,2.3
CMCSA,2017-04-27 18:28:30,0.0611,0.0058,0.0081,0.0,0.0666666666666666,0.0553,Communication Services,33.51182174682617,0.02062422552124321,0.8089200781746609,2.3
CMCSA,2017-05-22 20:34:04,0.0403,0.0107,0.0081,0.5,0.0,0.0296,Communication Services,33.42717361450195,0.01647403956632365,0.19692975585526853,2.3
CMCSA,2017-06-08 17:16:29,0.0173,0.0308,0.0062,0.5,0.0,-0.013500000000000002,Communication Services,34.65454864501953,-0.022678486996364322,0.8364919528900382,2.3
CMCSA,2017-07-27 15:28:21,0.0556,0.0044,0.0056,0.0,0.0,0.051199999999999996,Communication Services,33.512603759765625,0.002033350970840342,0.8295733845204311,2.3
CMCSA,2017-09-07 23:11:26,0.0405,0.0067,0.0094,0.0,0.0,0.033800000000000004,Communication Services,32.80716323852539,-0.062424293893897476,0.1654345592468238,2.3
CMCSA,2017-09-12 20:22:04,0.0542,0.0042,0.0069,0.5,0.0,0.049999999999999996,Communication Services,32.21221160888672,0.0018505951138023669,0.31126290953028146,2.3
CMCSA,2017-10-26 16:22:01,0.0586,0.0103,0.0092,0.0,0.0769230769230769,0.048299999999999996,Communication Services,30.95564842224121,-0.015204861817975535,0.9892982603787862,2.3
CMCSA,2017-12-05 04:35:08,0.0511,0.0054,0.004,0.0,0.0,0.0457,Communication Services,33.72945785522461,-0.019841123357034807,0.9867246265303923,2.3
CMCSA,2018-01-24 19:22:17,0.0603,0.0035,0.0046,0.3846153846153846,0.0,0.056799999999999996,Communication Services,36.83634567260742,0.01295966677030802,0.9398487701914309,2.3
CMCSA,2018-04-25 18:32:07,0.0591,0.0034,0.0091,0.0,0.0769230769230769,0.0557,Communication Services,29.523313522338867,0.02728619628550888,0.9355938481526602,2.3
CMCSA,2018-05-14 19:32:07,0.0333,0.0208,0.0097,0.5,0.0,0.012500000000000004,Communication Services,27.696413040161133,0.007523417574757829,0.20493693829979048,2.3
CMCSA,2018-06-11 16:13:07,0.0231,0.0328,0.0061,0.75,0.0,-0.009700000000000004,Communication Services,27.575773239135742,-0.002493895145321834,0.8709568310115215,2.3
CMCSA,2018-07-26 18:26:59,0.0551,0.0097,0.0043,0.0,0.0833333333333333,0.0454,Communication Services,30.119983673095703,0.03979647005550935,0.9131624735222673,2.3
CMCSA,2018-09-07 05:09:05,0.0303,0.0152,0.011,0.5,0.0,0.0151,Communication Services,31.350788116455078,0.0069599570134175615,0.9644327582154039,2.3
CMCSA,2018-09-12 17:58:03,0.0435,0.0126,0.0042,0.5,0.0,0.030899999999999997,Communication Services,31.281448364257812,-0.005785308635673725,0.6589471750964451,2.3
CMCSA,2018-10-25 17:04:25,0.0524,0.0067,0.0067,0.0,0.1333333333333333,0.045700000000000005,Communication Services,31.23182487487793,0.05041069337877335,0.7809223709960146,2.3
CMCSA,2018-12-04 18:25:07,0.0477,0.0026,0.0053,0.0,0.0,0.0451,Communication Services,32.843955993652344,-0.03729244671413423,0.037685426448938526,2.3
CMCSA,2019-01-23 21:30:15,0.0663,0.0034,0.009,0.4285714285714285,0.0714285714285714,0.0629,Communication Services,32.32561492919922,0.05490396308244572,0.582490184483628,2.3
CMCSA,2019-03-12 19:36:09,0.0535,0.0065,0.0104,0.5,0.0,0.047,Communication Services,34.60392379760742,0.008169416534549612,0.5782217518043551,2.3
CMCSA,2019-04-25 18:33:10,0.0567,0.0044,0.0056,0.4,0.0666666666666666,0.0523,Communication Services,37.81528854370117,0.025806034353408114,0.898935457307851,2.3
CMCSA,2019-07-25 16:47:40,0.035,0.0194,0.013,0.1333333333333333,0.0666666666666666,0.015600000000000003,Communication Services,39.48930358886719,-0.005794634169719259,0.8789663014318563,2.3
CMCSA,2019-09-12 06:03:05,0.0334,0.0139,0.0125,0.5,0.0,0.0195,Communication Services,41.578399658203125,0.012284370609084494,0.7157174974985114,2.3
CMCSA,2019-09-18 17:35:06,0.0282,0.0239,0.0099,0.5,0.0,0.004299999999999998,Communication Services,41.551841735839844,0.005785087490076002,0.7980149613324549,2.3
CMCSA,2019-10-24 17:44:06,0.0295,0.0193,0.0077,0.25,0.0625,0.010199999999999997,Communication Services,39.87868118286133,-0.019247464940345016,0.23343333957392623,2.3
CMCSA,2019-12-09 20:00:07,0.047,0.0097,0.0097,0.0,0.0,0.0373,Communication Services,39.033782958984375,-0.007911713644870089,-0.10656538034438653,2.3
CMCSA,2020-01-23 17:05:23,0.036,0.0298,0.0062,0.3846153846153846,0.0,0.006199999999999997,Communication Services,40.790809631347656,-0.037731959115424374,0.1840753224953691,2.3
CMCSA,2020-05-01 00:41:46,0.0382,0.0368,0.0164,0.5,0.0,0.0013999999999999985,Communication Services,33.25922393798828,-0.01727364097909856,0.6344530305917144,2.3
CMCSA,2020-07-30 20:45:14,0.0702,0.0102,0.0064,0.5,0.0,0.06,Communication Services,39.50946807861328,-0.0052392880331011416,0.7550032272544264,2.3
CMCSA,2020-10-29 18:23:05,0.0619,0.006,0.0095,0.4166666666666667,0.0,0.0559,Communication Services,39.1541748046875,0.02572663071438086,0.7732126269946059,2.3
CMCSA,2021-01-28 19:32:06,0.0615,0.0118,0.0059,0.3076923076923077,0.0,0.0497,Communication Services,47.13416290283203,0.06567519392220555,0.49167546964195263,2.3
COST,2005-12-12 19:54:54,0.0228,0.0087,0.0098,0.0,0.0,0.014100000000000001,Consumer Defensive,33.25074005126953,0.0026780699077360026,,2.1
COST,2006-03-03 00:14:04,0.0249,0.0108,0.0087,0.0,0.0,0.014099999999999998,Consumer Defensive,36.642208099365234,0.013636423114815166,,2.1
COST,2006-05-31 20:16:31,0.0254,0.0044,0.0077,0.0,0.0909090909090909,0.020999999999999998,Consumer Defensive,36.321529388427734,-0.011762875508417148,,2.1
COST,2006-10-13 00:12:56,0.0103,0.0195,0.0183,0.0769230769230769,0.1538461538461538,-0.0092,Consumer Defensive,36.59929275512695,-0.012987359021304323,0.3719253905180119,2.1
COST,2006-12-14 21:23:56,0.0306,0.0159,0.0125,0.0,0.0588235294117647,0.014699999999999998,Consumer Defensive,37.3178596496582,0.018253754130719946,0.3974688982072191,2.1
COST,2007-03-08 23:07:10,0.0159,0.008,0.0125,0.0833333333333333,0.0833333333333333,0.0079,Consumer Defensive,37.508419036865234,-0.033143186076390774,0.26582121476047016,2.1
COST,2007-05-31 22:11:04,0.0204,0.0125,0.0125,0.0769230769230769,0.0769230769230769,0.0079,Consumer Defensive,39.14073181152344,-0.001061781756630631,0.4121687757748441,2.1
COST,2007-10-10 21:37:41,0.0146,0.0135,0.0169,0.0666666666666666,0.0,0.0011000000000000003,Consumer Defensive,48.03148651123047,0.09192838723150065,-0.567047013784557,2.1
COST,2007-12-13 23:07:46,0.0232,0.0162,0.0104,0.0666666666666666,0.0666666666666666,0.006999999999999999,Consumer Defensive,47.726505279541016,-0.023507682826497733,-0.9569733400852352,2.1
COST,2008-01-10 20:06:44,0.0362,0.0181,0.0204,0.0,0.0,0.0181,Consumer Defensive,48.6456413269043,0.03850159621160243,-0.25877296329599636,2.1
COST,2008-03-05 22:33:09,0.0156,0.0144,0.0108,0.0909090909090909,0.0909090909090909,0.0011999999999999997,Consumer Defensive,42.45335388183594,-0.025003911761866338,0.031466654189314124,2.1
COST,2008-05-29 22:49:19,0.0246,0.0211,0.0117,0.0769230769230769,0.0,0.0034999999999999996,Consumer Defensive,51.04325866699219,-0.003549802686137471,0.8887557362121665,2.1
COST,2008-10-08 22:44:13,0.0225,0.0086,0.0118,0.0625,0.0,0.0139,Consumer Defensive,40.00762176513672,-0.012803076119364376,0.7482257196544895,2.1
COST,2008-12-11 23:10:28,0.018,0.0192,0.018,0.0,0.0,-0.0011999999999999997,Consumer Defensive,36.61393356323242,-0.03035961902652906,0.5312917833260287,2.1
COST,2009-03-04 23:49:14,0.0177,0.0177,0.0133,0.0909090909090909,0.0,0.0,Consumer Defensive,28.806589126586914,0.0029486244589203014,0.0781744034215864,2.1
COST,2009-05-28 21:49:33,0.0167,0.0233,0.0144,0.0909090909090909,0.0909090909090909,-0.006600000000000002,Consumer Defensive,33.99106216430664,-0.017612096623044415,0.1743394832589292,2.1
COST,2009-10-08 00:41:24,0.0102,0.0133,0.0133,0.0,0.0,-0.0030999999999999986,Consumer Defensive,41.69804763793945,-0.0062715235322133855,0.25975828905445253,2.1
COST,2009-12-10 23:15:11,0.0321,0.0088,0.0144,0.0,0.0,0.023299999999999994,Consumer Defensive,41.918212890625,0.001704572025164497,0.6264794991448006,2.1
COST,2010-03-03 23:56:22,0.0285,0.0153,0.012,0.0,0.0,0.013200000000000002,Consumer Defensive,43.42092514038086,-0.01140392977563176,0.7260088147217012,2.1
COST,2010-05-27 23:23:14,0.0271,0.0163,0.013,0.0,0.0,0.0108,Consumer Defensive,42.177093505859375,0.04930348526420758,0.08010582248604363,2.1
COST,2010-12-08 23:06:36,0.0381,0.0081,0.0115,0.0,0.0,0.030000000000000002,Consumer Defensive,50.065673828125,-0.005599877257151942,-0.5423907379691485,2.1
COST,2011-03-03 05:51:20,0.019,0.0134,0.0101,0.0909090909090909,0.0909090909090909,0.005599999999999999,Consumer Defensive,52.5521240234375,0.010172690085143099,-0.4178568228836485,2.1
COST,2011-05-26 01:11:18,0.0323,0.0045,0.0111,0.0833333333333333,0.0833333333333333,0.027800000000000002,Consumer Defensive,58.7552375793457,0.006100684449829252,-0.5993659923788708,2.1
COST,2011-08-04 11:01:04,0.0204,0.0118,0.0193,0.0,0.0,0.008600000000000002,Consumer Defensive,55.805416107177734,-0.0073946749221300845,-0.1948503361334266,2.1
COST,2011-10-05 21:51:14,0.0196,0.0062,0.0103,0.0588235294117647,0.7647058823529411,0.013399999999999999,Consumer Defensive,58.53334045410156,-0.01714620844374093,0.12884137796221118,2.1
COST,2011-12-09 01:11:10,0.0209,0.0063,0.0094,0.0588235294117647,0.8823529411764706,0.014599999999999998,Consumer Defensive,61.71437454223633,-0.016208367090629783,0.7429461454934021,2.1
COST,2012-02-29 23:51:36,0.0204,0.0031,0.0133,0.0769230769230769,0.9230769230769232,0.017300000000000003,Consumer Defensive,63.12978744506836,0.009264887486425177,0.4084776404040296,2.1
COST,2012-05-24 19:51:11,0.0254,0.0074,0.0106,0.1428571428571428,0.7857142857142857,0.018,Consumer Defensive,62.17581558227539,0.014043545904818044,0.9793045220036802,2.1
COST,2012-10-10 17:25:08,0.0164,0.0092,0.0154,0.0,0.125,0.0072000000000000015,Consumer Defensive,74.96156311035156,0.01926923629929589,-0.2626562512531791,2.1
COST,2012-12-12 19:21:08,0.0163,0.0041,0.0071,0.0909090909090909,0.6363636363636364,0.012199999999999999,Consumer Defensive,77.45235443115234,-0.006001296175010884,-0.13133379122456845,2.1
COST,2013-03-12 19:03:13,0.0234,0.0067,0.0134,0.0,0.0,0.0167,Consumer Defensive,82.45117950439453,0.012788242216943635,-0.06460265019661256,2.1
COST,2013-05-30 18:33:06,0.0215,0.0086,0.0097,0.0,0.0,0.012899999999999998,Consumer Defensive,89.16026306152344,-0.009473995587458761,-0.28118420188146,2.1
COST,2013-10-09 19:33:07,0.0188,0.0177,0.0135,0.0,0.1538461538461538,0.0011000000000000003,Consumer Defensive,91.55748748779297,0.021210461315535056,-0.5287979798295435,2.1
COST,2013-12-11 19:04:09,0.0166,0.0122,0.0111,0.0,0.1538461538461538,0.004399999999999999,Consumer Defensive,94.97796630859375,-0.01224577171879504,-0.130851137333381,2.1
COST,2014-03-06 20:50:08,0.0158,0.0095,0.0105,0.0588235294117647,0.0588235294117647,0.006300000000000002,Consumer Defensive,90.96973419189453,-0.027560850311988183,-0.5023272779709279,2.1
COST,2014-05-29 22:35:11,0.0103,0.0114,0.0072,0.0,0.1538461538461538,-0.0011000000000000003,Consumer Defensive,91.95726776123047,-0.0008754446439798169,-0.7412969620062295,2.1
COST,2014-09-04 18:34:11,0.0131,0.0131,0.0131,1.0,0.0,0.0,Consumer Defensive,101.1331558227539,0.031314375821680285,-0.7737264838234966,2.1
COST,2014-10-08 19:59:09,0.0201,0.0111,0.007,0.0,0.0833333333333333,0.009,Consumer Defensive,104.0261459350586,0.02762028413746087,-0.08029869366051658,2.1
COST,2014-12-11 00:36:11,0.0188,0.0088,0.01,0.0,0.1176470588235294,0.01,Consumer Defensive,114.56954956054688,0.008270960659474635,0.13132666272435312,2.1
COST,2015-03-05 22:13:09,0.0177,0.0188,0.0104,0.0,0.0666666666666666,-0.0011000000000000003,Consumer Defensive,126.83853149414062,0.027179733623707847,-0.6656853483389468,2.1
COST,2015-05-28 23:52:07,0.0156,0.0083,0.0093,0.0625,0.0625,0.007299999999999999,Consumer Defensive,121.37189483642578,-0.007976245492510858,-0.40111949846955225,2.1
COST,2015-09-30 23:51:06,0.0189,0.0109,0.0089,0.0,0.1428571428571428,0.008,Consumer Defensive,121.96710968017578,0.005914496525620372,-0.7530262716817355,2.1
COST,2015-12-10 01:48:10,0.013,0.0151,0.0119,0.0,0.1764705882352941,-0.002100000000000001,Consumer Defensive,136.90682983398438,0.013398580638442681,-0.7854374410698686,2.1
COST,2016-03-04 03:28:12,0.0114,0.0135,0.0072,0.0625,0.0625,-0.0020999999999999994,Consumer Defensive,127.9825210571289,-0.004617231929909593,-0.2896343985551463,2.1
COST,2016-05-26 22:12:25,0.0148,0.0126,0.0126,0.0909090909090909,0.0,0.0022000000000000006,Consumer Defensive,127.34876251220703,0.0357687676678522,0.12975926593332876,2.1
COST,2016-09-30 03:58:21,0.0221,0.0084,0.0084,0.0833333333333333,0.0,0.013700000000000002,Consumer Defensive,130.07923889160156,0.03403612448403548,0.693596563423998,2.1
COST,2016-12-08 05:32:10,0.0168,0.0105,0.0073,0.0,0.1428571428571428,0.006299999999999998,Consumer Defensive,134.82579040527344,0.024309540085991177,0.6847173438679052,2.1
COST,2017-03-03 13:16:19,0.0211,0.0169,0.0106,0.0,0.1052631578947368,0.004200000000000002,Consumer Defensive,146.05792236328125,-0.04337575790222603,0.3187972170600242,2.1
COST,2017-05-26 05:04:07,0.0263,0.0074,0.0074,0.0,0.125,0.0189,Consumer Defensive,159.2051544189453,0.0179133655464907,0.5917441335608093,2.1
COST,2017-10-06 08:46:59,0.0277,0.0154,0.0092,0.0,0.1052631578947368,0.012299999999999998,Consumer Defensive,141.06317138671875,-0.05973552990743125,0.2482449830013825,2.1
COST,2017-12-15 05:25:09,0.0257,0.0021,0.0062,0.0,0.1428571428571428,0.0236,Consumer Defensive,173.5806121826172,0.033238387877015274,0.846493716530904,2.1
COST,2018-03-09 20:45:14,0.0274,0.0101,0.0091,0.0,0.1538461538461538,0.017300000000000003,Consumer Defensive,170.29747009277344,0.015563379128228805,0.9113773198753253,2.1
COST,2018-06-01 04:59:16,0.0215,0.0061,0.0092,0.0,0.0769230769230769,0.015399999999999997,Consumer Defensive,178.5376739501953,-0.005599356819725121,0.8949304770549842,2.1
COST,2018-09-07 17:18:10,0.0128,0.0128,0.0112,0.0,0.0,0.0,Consumer Defensive,219.22955322265625,0.020196186822343698,0.15487067153217357,2.1
COST,2018-10-05 05:16:12,0.0145,0.0126,0.0068,0.0,0.0625,0.0019000000000000006,Consumer Defensive,198.6739501953125,-0.055507546156304155,0.31871681468200574,2.1
COST,2018-12-14 02:56:09,0.0255,0.0112,0.0123,0.0,0.0,0.014299999999999998,Consumer Defensive,188.4434814453125,-0.08586833142053918,-0.3604773094193267,2.1
COST,2019-03-08 03:07:17,0.0164,0.0113,0.0092,0.1,0.1,0.005100000000000002,Consumer Defensive,207.89706420898438,0.050878929358927794,-0.5761440412167783,2.1
COST,2019-05-31 02:10:20,0.0317,0.0344,0.0198,0.0,0.0833333333333333,-0.002700000000000001,Consumer Defensive,219.21905517578125,-0.008114662280300555,-0.4614215869020243,2.1
COST,2019-10-04 04:33:08,0.0233,0.0233,0.0205,0.0,0.0625,0.0,Consumer Defensive,267.4725341796875,0.009239081308175967,-0.6265109064224165,2.1
COST,2019-12-13 04:07:27,0.038,0.0299,0.0176,0.0666666666666666,0.0,0.0081,Consumer Defensive,268.2373352050781,-0.018396793864690286,0.098874098228691,2.1
COST,2020-03-06 01:14:11,0.0207,0.0258,0.0207,0.0,0.0,-0.0051,Consumer Defensive,286.7341613769531,-0.013998077886523075,-0.25552398045342267,2.1
COST,2020-05-29 06:13:12,0.0147,0.0115,0.0105,0.0833333333333333,0.0833333333333333,0.0031999999999999997,Consumer Defensive,284.7401428222656,-0.0035209684414727604,-0.23224917930322383,2.1
COST,2020-09-25 05:57:10,0.015,0.012,0.012,0.0526315789473684,0.0,0.002999999999999999,Consumer Defensive,316.90618896484375,-0.012737630891352714,-0.14822746128774011,2.1
COST,2020-12-11 05:22:00,0.0171,0.0057,0.0076,0.0769230769230769,0.0,0.0114,Consumer Defensive,356.7622375488281,0.0061962952883161115,0.8843172387500006,2.1
COST,2021-03-05 03:49:07,0.0134,0.0067,0.0096,0.0769230769230769,0.0,0.0067,Consumer Defensive,302.4029541015625,-0.005391227331290271,0.8571977144277645,2.1
CRM,2005-11-24 06:56:51,0.0305,0.0073,0.0305,0.0,0.0,0.0232,Technology,,,,2.0
CRM,2006-02-23 13:26:21,0.0294,0.0047,0.0247,0.2,0.0,0.0247,Technology,8.464920997619629,-0.01133728630020081,,2.0
CRM,2006-05-18 03:50:18,0.0184,0.0123,0.0196,0.1428571428571428,0.0,0.0060999999999999995,Technology,7.1333327293396,-0.050049663897147156,,2.0
CRM,2006-08-17 00:02:12,0.0369,0.0046,0.0207,0.1538461538461538,0.0,0.0323,Technology,8.387763977050781,0.1899718391266476,,2.0
CRM,2006-11-16 03:47:52,0.0471,0.0109,0.0242,0.1764705882352941,0.0,0.0362,Technology,10.446126937866211,-0.009907918805557636,0.5163750598198203,2.0
CRM,2007-02-22 02:29:07,0.0303,0.0058,0.0256,0.1428571428571428,0.0,0.0245,Technology,11.73291301727295,-0.017916711335779545,0.5144858653473422,2.0
CRM,2007-05-17 02:38:49,0.0424,0.0103,0.0218,0.1,0.05,0.032100000000000004,Technology,10.697509765625,-0.05016567893816448,0.14065257263494355,2.0
CRM,2007-08-15 23:45:05,0.0352,0.0035,0.0211,0.0833333333333333,0.0,0.0317,Technology,10.652709007263184,-0.04677065550344783,-0.024997217907077072,2.0
CRM,2007-11-16 01:17:21,0.018,0.0022,0.0225,0.125,0.0,0.015799999999999998,Technology,14.274130821228027,0.1291591103402081,-0.9545558767036658,2.0
CRM,2008-02-28 03:05:10,0.0407,0.0058,0.0209,0.0769230769230769,0.0,0.0349,Technology,15.346869468688965,0.17179780370727515,-0.2967739485943059,2.0
CRM,2008-05-22 02:13:13,0.0304,0.0082,0.0211,0.0769230769230769,0.0,0.022199999999999998,Technology,16.50423240661621,0.05825089607049816,-0.1287974868460302,2.0
CRM,2008-08-21 03:43:16,0.0399,0.0082,0.0176,0.125,0.0,0.0317,Technology,13.253662109375,-0.18453302326651233,-0.2601108838862837,2.0
CRM,2008-11-21 05:56:32,0.0282,0.0106,0.0388,0.125,0.0625,0.017599999999999998,Technology,5.555337905883789,-0.022339019214636213,0.1184731764101638,2.0
CRM,2009-02-26 12:10:28,0.0366,0.0092,0.0252,0.1538461538461538,0.0,0.0274,Technology,7.105954170227051,0.016014244944512646,-0.6305971227456711,2.0
CRM,2009-08-21 02:32:00,0.0399,0.0114,0.0217,0.0714285714285714,0.0,0.028499999999999998,Technology,13.358198165893555,0.16219146462025313,-0.16456071598121805,2.0
CRM,2009-11-18 02:27:10,0.0365,0.0158,0.0219,0.0833333333333333,0.0,0.020699999999999996,Technology,15.832215309143066,-0.03048316990253952,0.7679790250257685,2.0
CRM,2010-02-28 11:07:10,0.0337,0.0135,0.018,0.0714285714285714,0.0,0.020200000000000003,Technology,,,,2.0
CRM,2010-05-21 09:56:21,0.0411,0.0082,0.02,0.1818181818181818,0.0,0.0329,Technology,20.71802520751953,0.05327088430944027,,2.0
CRM,2011-02-25 06:41:18,0.0235,0.0056,0.0213,0.1538461538461538,0.0769230769230769,0.0179,Technology,34.55410385131836,0.033576528231185065,,2.0
CRM,2011-05-20 04:11:16,0.0188,0.0188,0.0176,0.1538461538461538,0.0769230769230769,0.0,Technology,36.490509033203125,0.07952303019510198,,2.0
CRM,2011-08-19 04:11:48,0.0313,0.0096,0.0205,0.1428571428571428,0.0,0.021700000000000004,Technology,27.627351760864258,-0.02682794324857385,-0.40874451808166185,2.0
CRM,2011-11-18 03:21:13,0.0398,0.0066,0.0155,0.1052631578947368,0.7894736842105263,0.0332,Technology,28.232168197631836,-0.10040444093725565,-0.950361712160723,2.0
CRM,2012-02-24 02:01:09,0.0232,0.0093,0.0209,0.1428571428571428,0.7857142857142857,0.0139,Technology,35.751285552978516,0.09008106066033994,-0.8923188484695928,2.0
CRM,2012-05-18 02:31:08,0.0302,0.0116,0.0163,0.1111111111111111,0.8333333333333334,0.018600000000000002,Technology,36.2341423034668,0.08804173488956768,-0.9311045090291445,2.0
CRM,2012-08-24 00:51:06,0.0228,0.0091,0.0182,0.1111111111111111,0.7777777777777778,0.0137,Technology,36.97087097167969,0.012059576406399763,-0.8348721954937783,2.0
CRM,2012-11-21 01:41:08,0.0443,0.007,0.0198,0.125,0.8125,0.0373,Technology,39.519554138183594,0.08827965843792729,0.415421108894442,2.0
CRM,2013-03-01 01:25:06,0.0448,0.0085,0.0206,0.0833333333333333,0.0,0.0363,Technology,45.29890060424805,0.07552295822828148,0.6430933691793894,2.0
CRM,2013-03-05 20:11:36,0.0195,0.0362,0.0153,0.0,0.0,-0.016700000000000003,Technology,46.23723602294922,-0.0006455791760398011,0.9187958745777511,2.0
CRM,2013-03-06 21:54:05,0.0276,0.0083,0.0097,0.0,0.0,0.019299999999999998,Technology,46.386573791503906,0.0032298160833093004,0.828528630656157,2.0
CRM,2013-03-21 02:41:09,0.0045,0.0181,0.0,0.3333333333333333,0.0,-0.013600000000000001,Technology,42.99164581298828,0.001275359826049982,0.7987443642763311,2.0
CRM,2013-05-23 23:16:10,0.0316,0.0117,0.0164,0.1428571428571428,0.0,0.0199,Technology,45.488059997558594,-0.0019659503657166733,0.09087755863064782,2.0
CRM,2013-06-04 18:45:07,0.0284,0.0155,0.0323,0.2307692307692307,0.0,0.012900000000000002,Technology,37.632930755615234,-0.07894748881063585,-0.14629173804747064,2.0
CRM,2013-06-07 02:43:09,0.0065,0.0129,0.0013,0.5,0.0,-0.0064,Technology,39.434932708740234,0.040725030088778924,-0.5108817068651221,2.0
CRM,2013-08-29 23:26:06,0.0468,0.0072,0.0204,0.1333333333333333,0.0,0.0396,Technology,43.45708084106445,0.020336669516357153,-0.06215503465405011,2.0
CRM,2013-09-05 04:53:07,0.0378,0.0052,0.0104,0.0,0.0,0.032600000000000004,Technology,48.385196685791016,-0.0034857875669858096,-0.05130448944703375,2.0
CRM,2013-09-12 19:25:08,0.0274,0.0165,0.0069,0.0,0.0,0.0109,Technology,49.73918914794922,0.0016037852958745713,-0.5427126095699257,2.0
CRM,2013-11-19 00:58:07,0.0146,0.0085,0.0207,0.1428571428571428,0.0,0.0060999999999999995,Technology,52.50690460205078,-0.049900882145112124,0.7576595623078095,2.0
CRM,2013-12-03 23:28:06,0.0365,0.0156,0.0039,0.0,0.0,0.0209,Technology,51.40180969238281,0.0013576432401309901,0.5876290059638252,2.0
CRM,2014-02-28 01:37:05,0.0362,0.0052,0.0194,0.1428571428571428,0.0,0.031000000000000003,Technology,62.09434127807617,-0.05813949316914058,-0.23465683715863148,2.0
CRM,2014-03-04 00:57:08,0.0254,0.0197,0.0085,0.0,0.0,0.0057,Technology,62.79124450683594,0.025695113401407843,-0.4312980679961998,2.0
CRM,2014-05-21 01:29:07,0.0462,0.0038,0.015,0.1176470588235294,0.0,0.0424,Technology,49.968170166015625,-0.051049381110625625,-0.9147318408063461,2.0
CRM,2014-06-03 00:51:08,0.0117,0.0151,0.0,0.5,0.0,-0.0034000000000000002,Technology,50.724815368652344,-0.027300487951536168,-0.6700510567476804,2.0
CRM,2014-08-22 03:43:08,0.0405,0.0089,0.019,0.1666666666666666,0.0,0.0316,Technology,59.53569793701172,0.07341588731824,-0.00035859014073815436,2.0
CRM,2014-11-20 01:50:07,0.0466,0.0074,0.0123,0.1538461538461538,0.0,0.0392,Technology,58.042327880859375,-0.044575534017258556,-0.03817655528710411,2.0
CRM,2015-02-26 05:32:06,0.0405,0.0074,0.0147,0.2307692307692307,0.0,0.033100000000000004,Technology,69.92955017089844,0.11722594459302571,0.3449907390225539,2.0
CRM,2015-03-13 02:38:11,0.0298,0.0027,0.0041,0.5,0.0,0.0271,Technology,64.3144760131836,-0.005388943969211968,-0.2726383159283527,2.0
CRM,2015-05-21 02:00:05,0.0328,0.0097,0.0134,0.2142857142857142,0.0,0.023100000000000002,Technology,72.58776092529297,0.039196017113018566,-0.25098488445168826,2.0
CRM,2015-08-21 01:10:08,0.0566,0.0075,0.0151,0.1764705882352941,0.0,0.0491,Technology,68.84437561035156,0.01961081643486673,-0.025250973903244597,2.0
CRM,2015-11-19 04:35:10,0.0331,0.0083,0.0152,0.4,0.0,0.024799999999999996,Technology,80.2835922241211,0.04253393978962938,-0.24845335512671632,2.0
CRM,2016-02-25 06:18:09,0.0535,0.0075,0.0149,0.2666666666666666,0.0,0.046,Technology,69.1131820678711,0.1103646687737374,0.265035138267785,2.0
CRM,2016-05-19 02:36:13,0.0659,0.0052,0.0129,0.1333333333333333,0.0,0.060700000000000004,Technology,80.73159790039062,0.04135092318372169,-0.029007606030840523,2.0
CRM,2016-09-01 07:46:33,0.0607,0.0087,0.0099,0.2,0.0,0.052,Technology,75.57449340820312,-0.04419538565703518,-0.1860354306639383,2.0
CRM,2016-11-18 03:56:12,0.0599,0.0037,0.0137,0.1333333333333333,0.0,0.0562,Technology,77.42626953125,0.03431295510503429,-0.3395948075214803,2.0
CRM,2017-03-01 03:50:22,0.045,0.0064,0.0167,0.0,0.0,0.038599999999999995,Technology,83.43958282470703,0.030239798484868574,0.09292024851199758,2.0
CRM,2017-05-19 03:04:11,0.0644,0.0048,0.0131,0.2,0.0,0.0596,Technology,87.01371765136719,-0.003988565274505529,-0.28264742894665695,2.0
CRM,2017-08-23 02:31:10,0.0531,0.0072,0.0133,0.1538461538461538,0.0,0.0459,Technology,92.65865325927734,0.0012910065019438033,-0.31870452326884996,2.0
CRM,2017-11-22 03:40:08,0.0296,0.0129,0.0154,0.1764705882352941,0.0,0.0167,Technology,106.35784912109375,-0.018106504582991234,0.28120691397920744,2.0
CRM,2018-03-01 04:08:20,0.0605,0.006,0.0133,0.0,0.0,0.0545,Technology,118.90215301513672,0.027354853492892683,0.6595198677369613,2.0
CRM,2018-03-22 01:11:11,0.0378,0.0126,0.0202,0.1764705882352941,0.0,0.0252,Technology,117.51829528808594,-0.03007387462722655,0.8950481771973734,2.0
CRM,2018-05-30 00:54:07,0.0415,0.0047,0.0154,0.3571428571428571,0.0,0.0368,Technology,128.72853088378906,0.01907318109360112,0.8681497598039404,2.0
CRM,2018-08-30 01:55:07,0.046,0.0061,0.0121,0.25,0.0,0.0399,Technology,151.4675750732422,-0.017183532695355108,0.7783532925499493,2.0
CRM,2018-11-28 05:02:05,0.035,0.02,0.0125,0.3076923076923077,0.0,0.015000000000000003,Technology,140.01840209960938,0.10271279181644655,-0.674371620945118,2.0
CRM,2018-12-05 21:12:06,0.0343,0.0014,0.0069,0.0,0.0,0.0329,Technology,,,,2.0
CRM,2018-12-06 06:25:05,0.0499,0.0171,0.0114,0.6666666666666666,0.0,0.032799999999999996,Technology,141.43211364746094,0.020252500219319902,,2.0
CRM,2019-03-05 04:54:11,0.0434,0.0037,0.0161,0.3571428571428571,0.0,0.0397,Technology,156.2762451171875,-0.009652908762384227,,2.0
CRM,2019-06-05 01:13:19,0.0453,0.016,0.0107,0.4615384615384615,0.0,0.0293,Technology,157.73973083496094,0.050593396086628495,,2.0
CRM,2019-08-23 03:37:10,0.0582,0.0189,0.0014,0.4,0.0,0.0393,Technology,150.90011596679688,0.022463640077215796,-0.81123189126199,2.0
CRM,2019-09-19 01:11:08,0.0489,0.007,0.0126,0.0,0.0,0.0419,Technology,152.921142578125,0.005432956054193472,-0.8617675051392811,2.0
CRM,2019-12-04 03:00:07,0.0358,0.0248,0.0179,0.4166666666666667,0.0,0.011,Technology,155.73861694335938,-0.03181281619206944,0.5696853635236949,2.0
CRM,2020-02-26 04:02:51,0.0553,0.0132,0.0092,0.3076923076923077,0.0,0.0421,Technology,178.07943725585938,-0.013239982460777289,0.7336642693840986,2.0
CRM,2020-05-29 04:38:09,0.0242,0.0255,0.0153,0.5,0.0,-0.001299999999999999,Technology,174.01747131347656,-0.03484267331882551,0.8999674750253558,2.0
CRM,2020-06-09 22:30:11,0.0475,0.0173,0.0029,0.5,0.0,0.0302,Technology,173.78848266601562,-0.011271660820073026,0.9356503189500418,2.0
CRM,2020-06-10 01:43:07,0.0467,0.017,0.0028,0.5,0.0,0.029699999999999997,Technology,181.29518127441406,0.04319445393182186,0.4522600720450353,2.0
CRM,2020-08-26 05:36:07,0.0521,0.0121,0.0194,0.4285714285714285,0.0,0.04,Technology,271.11639404296875,0.2604489080353647,0.6975412808079375,2.0
CRM,2020-12-02 04:23:07,0.0373,0.0055,0.0166,0.5,0.0,0.0318,Technology,219.80419921875,-0.08522896061688656,0.8542635190850195,2.0
CRM,2021-02-26 03:37:08,0.0464,0.0106,0.0186,0.4166666666666667,0.0,0.0358,Technology,215.54312133789062,-0.06309504875133365,0.6490291029520185,2.0
DUK,2007-08-07 19:47:51,0.0266,0.0117,0.0181,0.0909090909090909,0.0,0.014899999999999998,Utilities,25.730539321899414,0.05363124878793313,,2.3
DUK,2007-11-02 18:18:18,0.0304,0.0068,0.0113,0.0833333333333333,0.0,0.0236,Utilities,26.274070739746094,0.011158567043708212,,2.3
DUK,2008-02-05 19:55:13,0.0264,0.0106,0.0158,0.0,0.0,0.0158,Utilities,25.859901428222656,-0.037422155504115984,,2.3
DUK,2008-05-02 19:22:11,0.0342,0.0128,0.0171,0.2142857142857142,0.0,0.021400000000000002,Utilities,26.831846237182617,0.017140089358650634,-0.009104187497501389,2.3
DUK,2008-08-06 02:08:18,0.0315,0.0217,0.0141,0.1,0.0,0.0098,Utilities,24.932146072387695,-0.012457579484637993,0.6454822535371971,2.3
DUK,2008-11-05 21:59:15,0.0176,0.0422,0.0129,0.1,0.0,-0.0246,Utilities,22.621755599975586,-0.07683257682576616,0.8735826847657909,2.3
DUK,2009-02-05 22:58:17,0.0323,0.0161,0.0138,0.2222222222222222,0.1111111111111111,0.016200000000000003,Utilities,22.73464012145996,0.007161115119551864,0.997370581728615,2.3
DUK,2009-05-05 20:26:44,0.0241,0.0264,0.008,0.1666666666666666,0.0,-0.0023,Utilities,21.17374610900879,-0.002810438118261316,0.9154182315960374,2.3
DUK,2009-08-04 20:29:29,0.0286,0.0198,0.011,0.0909090909090909,0.0,0.008799999999999999,Utilities,23.635028839111328,0.0006423814967642105,0.9419971607408141,2.3
DUK,2009-10-30 19:23:08,0.0271,0.0248,0.0192,0.6666666666666666,0.0,0.0023,Utilities,24.374094009399414,-0.018001349695872748,0.6526014825097161,2.3
DUK,2010-05-04 20:41:20,0.0338,0.0146,0.0124,0.2222222222222222,0.0,0.019199999999999995,Utilities,26.51408576965332,-0.012994503278606628,-0.19202536013222996,2.3
DUK,2010-08-03 19:06:27,0.0348,0.0196,0.0174,0.1666666666666666,0.0833333333333333,0.015199999999999998,Utilities,27.957406997680664,0.0,0.2882926795325319,2.3
DUK,2010-10-28 19:06:18,0.0346,0.0179,0.01,0.1538461538461538,0.0769230769230769,0.0167,Utilities,29.492536544799805,0.011191946449523815,0.5378574399197219,2.3
DUK,2011-02-17 19:01:26,0.0327,0.0142,0.0087,0.2,0.0,0.0185,Utilities,30.383176803588867,0.023729100905040212,-0.06033607415779154,2.3
DUK,2011-05-03 20:22:11,0.0322,0.0144,0.0122,0.1538461538461538,0.0769230769230769,0.0178,Utilities,31.48984718322754,-0.0010637531894140961,0.5936185254317556,2.3
DUK,2011-08-02 20:51:23,0.0351,0.0283,0.0147,0.2727272727272727,0.0,0.0068000000000000005,Utilities,31.5003719329834,-0.008021233468263889,0.7221409523544322,2.3
DUK,2011-08-23 21:01:03,0.0256,0.0098,0.0049,0.1666666666666666,0.0,0.0158,Utilities,31.84421730041504,0.007629186610378813,0.7117046136974358,2.3
DUK,2011-11-03 18:11:24,0.0283,0.025,0.0131,0.1,0.6,0.0032999999999999974,Utilities,35.839820861816406,0.01860026505827639,-0.3276930411288629,2.3
DUK,2012-02-16 19:01:13,0.0605,0.011,0.0143,0.0769230769230769,0.6923076923076923,0.0495,Utilities,37.2166862487793,0.011020242102728117,0.17195345897098738,2.3
DUK,2012-05-03 21:01:03,0.0129,0.0165,0.0153,0.4,0.0,-0.0036000000000000008,Utilities,37.74585723876953,-0.0037242850996678234,0.29859935281357725,2.3
DUK,2012-05-04 18:41:07,0.0273,0.012,0.012,0.0666666666666666,0.5333333333333333,0.015300000000000001,Utilities,38.02806091308594,0.007476414498451156,0.2991638569366158,2.3
DUK,2012-08-02 18:41:24,0.058,0.0078,0.0078,0.1111111111111111,0.5555555555555556,0.0502,Utilities,40.125244140625,-0.0008883974982771825,0.4388718412496342,2.3
DUK,2012-11-08 18:31:10,0.0431,0.0155,0.0077,0.25,0.6666666666666666,0.0276,Utilities,37.632843017578125,-0.006037492442177439,-0.031107713383100262,2.3
DUK,2013-02-13 17:20:08,0.0486,0.0088,0.0121,0.375,0.0,0.039799999999999995,Utilities,42.38214874267578,0.0012366056913060142,-0.42218990591316125,2.3
DUK,2013-03-01 01:22:05,0.0412,0.0225,0.0188,0.1818181818181818,0.0,0.0187,Utilities,42.64696502685547,0.0,0.24060055922751145,2.3
DUK,2013-05-03 17:02:19,0.028,0.0135,0.0078,0.2142857142857142,0.0714285714285714,0.0145,Utilities,45.86164474487305,-0.004145406050164002,0.41310079490288665,2.3
DUK,2013-05-04 02:34:08,0.0141,0.0059,0.0012,0.0625,0.0,0.008199999999999999,Utilities,,,,2.3
DUK,2013-08-07 19:07:08,0.044,0.0121,0.0077,0.3076923076923077,0.0769230769230769,0.0319,Utilities,44.22483444213867,-0.0009846009819640678,,2.3
DUK,2013-09-12 18:09:11,0.0453,0.008,0.0107,0.5,0.0,0.0373,Utilities,40.890724182128906,-0.0052059542544959925,,2.3
DUK,2013-09-24 16:18:05,0.0159,0.0079,0.0066,0.6666666666666666,0.0,0.008,Utilities,42.602638244628906,-0.0005908026647508668,,2.3
DUK,2013-11-06 16:57:10,0.0428,0.0113,0.0079,0.2142857142857142,0.0,0.0315,Utilities,46.07680130004883,0.010490100486348464,-0.0025280569039681142,2.3
DUK,2013-12-12 03:44:04,0.0214,0.0147,0.0134,0.75,0.0,0.006699999999999999,Utilities,43.38921356201172,-0.0020487695055780852,0.19330120048681584,2.3
DUK,2014-02-18 18:16:05,0.0356,0.0167,0.0078,0.25,0.0,0.0189,Utilities,45.99857711791992,0.0007000106889598623,0.9468884773936629,2.3
DUK,2014-05-07 21:18:08,0.0338,0.0273,0.0044,0.3333333333333333,0.0833333333333333,0.006499999999999995,Utilities,47.49110412597656,0.010264039086509857,0.38069740335630575,2.3
DUK,2014-08-07 20:42:13,0.0333,0.0144,0.0089,0.2727272727272727,0.0,0.018900000000000004,Utilities,45.918968200683594,0.01088211088530211,0.13860480759585597,2.3
DUK,2014-11-05 20:21:18,0.0196,0.0087,0.0055,0.0833333333333333,0.0,0.0109,Utilities,54.92095184326172,0.01544453176145777,-0.5299967885462472,2.3
DUK,2015-02-18 18:31:18,0.0284,0.0164,0.0055,0.25,0.0,0.012,Utilities,54.2867431640625,0.019901816415660578,-0.037463814412209716,2.3
DUK,2015-05-01 19:23:07,0.0355,0.0155,0.0022,0.25,0.0833333333333333,0.019999999999999997,Utilities,52.22844696044922,0.004254413361566067,-0.8775447820882614,2.3
DUK,2015-08-06 19:10:07,0.0286,0.0066,0.0022,0.0,0.0833333333333333,0.022,Utilities,50.027645111083984,-0.0018926405219754638,-0.9595836008933868,2.3
DUK,2015-11-05 21:15:12,0.0357,0.0145,0.0056,0.0833333333333333,0.0833333333333333,0.021200000000000004,Utilities,48.94470977783203,-0.006673114621572607,-0.9524384677905058,2.3
DUK,2016-02-18 22:14:13,0.0514,0.0105,0.0035,0.2,0.1333333333333333,0.0409,Utilities,53.405059814453125,0.00940401984572059,0.7343896898943141,2.3
DUK,2016-05-03 18:54:25,0.0388,0.0133,0.0078,0.2142857142857142,0.0714285714285714,0.025500000000000002,Utilities,55.248046875,-0.0012669194988923493,0.9671805210926115,2.3
DUK,2016-08-04 20:06:50,0.0302,0.0151,0.0075,0.25,0.0833333333333333,0.0151,Utilities,60.35923385620117,0.001056806714012426,0.7339450967299357,2.3
DUK,2016-11-04 20:44:21,0.0231,0.0154,0.0099,0.1666666666666666,0.0,0.0076999999999999985,Utilities,55.27336883544922,-0.00910466912544361,0.9007453454671573,2.3
DUK,2017-02-16 19:56:32,0.0561,0.0023,0.0092,0.0,0.0909090909090909,0.0538,Utilities,57.71440505981445,0.027611216381264514,0.9628588501757298,2.3
DUK,2017-05-09 20:38:25,0.0426,0.0161,0.0058,0.0,0.0,0.0265,Utilities,60.0624885559082,-0.009768468516685447,0.8670841848788782,2.3
DUK,2017-08-03 19:32:38,0.0398,0.0088,0.0055,0.0,0.0,0.031,Utilities,63.93873596191406,0.008980328949447669,0.9009575957609876,2.3
DUK,2017-09-07 19:09:06,0.0322,0.0116,0.0129,0.5,0.0,0.0206,Utilities,65.22023010253906,0.004023825368328016,0.847537387168415,2.3
DUK,2017-11-03 16:52:22,0.0266,0.0111,0.0089,0.0,0.0769230769230769,0.015499999999999998,Utilities,66.10136413574219,-0.00045200967794478686,0.18695081638800254,2.3
DUK,2018-02-20 21:59:11,0.0404,0.0055,0.0022,0.2727272727272727,0.0909090909090909,0.0349,Utilities,57.762672424316406,-0.013167980844867033,-0.3497914118638656,2.3
DUK,2018-05-10 18:02:09,0.0309,0.0064,0.0106,0.0,0.0769230769230769,0.0245,Utilities,59.64764404296875,0.0066978753031035065,-0.6924633506472105,2.3
DUK,2018-08-02 18:34:15,0.0347,0.0152,0.0022,0.0,0.0,0.019500000000000003,Utilities,62.12242889404297,-0.007402869001065904,-0.5026416992020489,2.3
DUK,2018-11-02 20:58:27,0.032,0.021,0.0044,0.0,0.0769230769230769,0.011,Utilities,64.50618743896484,0.011388498459882213,-0.7469323694816834,2.3
DUK,2019-02-14 23:28:09,0.0483,0.0135,0.0,0.1666666666666666,0.0,0.034800000000000005,Utilities,70.06128692626953,-0.009496910837094141,-0.6894566127488712,2.3
DUK,2019-05-09 18:17:56,0.0329,0.0057,0.0057,0.1,0.1,0.0272,Utilities,69.27149200439453,-0.01104783659876074,-0.8334208302826713,2.3
DUK,2019-08-06 19:16:56,0.0479,0.0264,0.0088,0.2727272727272727,0.0,0.0215,Utilities,71.70555877685547,0.022538940094823046,-0.6845072651096683,2.3
DUK,2019-11-08 21:43:45,0.0403,0.0196,0.0208,0.0909090909090909,0.0909090909090909,0.020700000000000003,Utilities,73.31629943847656,-0.028407834561947065,-0.11178524328743229,2.3
DUK,2020-02-13 21:29:46,0.0312,0.0187,0.0212,0.1111111111111111,0.1111111111111111,0.012499999999999997,Utilities,83.28160858154297,0.0323276230977847,-0.6111548831331717,2.3
DUK,2020-05-12 21:12:02,0.0296,0.0228,0.0121,0.3,0.2,0.0068000000000000005,Utilities,68.1160659790039,0.0026940334705694013,-0.22915237799803892,2.3
DUK,2020-08-10 19:42:01,0.0316,0.0214,0.0147,0.0,0.2,0.010200000000000004,Utilities,71.33515167236328,-0.021360006372122098,-0.4072216082323938,2.3
DUK,2020-11-05 20:13:07,0.0438,0.0067,0.0045,0.2727272727272727,0.1818181818181818,0.0371,Utilities,80.21480560302734,0.007161692141115283,0.13533288667761315,2.3
EL,2005-11-01 18:47:01,0.029,0.0412,0.0134,0.0769230769230769,0.6923076923076923,-0.012199999999999999,Consumer Defensive,12.98062801361084,-0.0045217578789030766,,2.9
EL,2006-02-09 13:31:29,0.0465,0.0077,0.0055,0.125,0.125,0.0388,Consumer Defensive,14.896860122680664,-0.007684234445731852,,2.9
EL,2006-05-04 21:58:50,0.0604,0.0205,0.0068,0.2666666666666666,0.0666666666666666,0.039900000000000005,Consumer Defensive,15.688446044921875,0.06021485515061942,,2.9
EL,2006-08-16 17:39:07,0.0683,0.0147,0.0063,0.1176470588235294,0.0588235294117647,0.0536,Consumer Defensive,14.618419647216797,-0.011564901461973753,0.15005210434841235,2.9
EL,2006-10-25 17:16:16,0.0404,0.0101,0.0067,0.0588235294117647,0.0588235294117647,0.0303,Consumer Defensive,16.631189346313477,0.04918454321599386,-0.6369675237775293,2.9
EL,2007-01-31 19:37:24,0.0397,0.0139,0.0075,0.2,0.0,0.0258,Consumer Defensive,19.122304916381836,0.14928583432511866,-0.8654779218702472,2.9
EL,2007-05-03 17:39:20,0.0509,0.0078,0.0166,0.2,0.0666666666666666,0.0431,Consumer Defensive,19.041797637939453,-0.07254881286100145,-0.7749008313251763,2.9
EL,2007-08-16 19:41:46,0.0493,0.0131,0.0175,0.0555555555555555,0.0,0.036199999999999996,Consumer Defensive,16.223770141601562,-0.0660484776109963,-0.9280206413284638,2.9
EL,2007-10-25 23:41:55,0.0451,0.0068,0.0056,0.2142857142857142,0.0714285714285714,0.0383,Consumer Defensive,18.003156661987305,0.032318383400553374,-0.8649238425503871,2.9
EL,2008-02-01 20:36:24,0.0467,0.012,0.013,0.1333333333333333,0.0666666666666666,0.034699999999999995,Consumer Defensive,18.27725601196289,0.06181854043173951,-0.589283028639702,2.9
EL,2008-05-06 17:24:12,0.0477,0.0108,0.0065,0.2666666666666666,0.0666666666666666,0.0369,Consumer Defensive,19.842832565307617,0.07202650430434243,-0.024651322961920685,2.9
EL,2008-08-14 18:14:13,0.0567,0.0064,0.0075,0.2352941176470588,0.0588235294117647,0.0503,Consumer Defensive,20.89470100402832,0.13990221359632238,0.859204850332698,2.9
EL,2008-10-28 19:13:12,0.0645,0.0211,0.01,0.2352941176470588,0.0588235294117647,0.0434,Consumer Defensive,14.420402526855469,0.0853022601025335,0.9599998603128732,2.9
EL,2009-02-05 21:34:15,0.0364,0.0386,0.0154,0.1333333333333333,0.0666666666666666,-0.0022000000000000006,Consumer Defensive,11.162096977233887,0.024054858642751586,0.9018770360855337,2.9
EL,2009-05-04 21:46:29,0.0605,0.0198,0.0093,0.2352941176470588,0.0588235294117647,0.0407,Consumer Defensive,15.348922729492188,0.18470889358746478,0.7773950883639291,2.9
EL,2009-08-13 23:04:26,0.0781,0.022,0.0143,0.2222222222222222,0.0555555555555555,0.056100000000000004,Consumer Defensive,15.73182201385498,0.004251323710238619,0.18032282007649925,2.9
EL,2009-11-01 15:58:10,0.0657,0.0138,0.0127,0.0769230769230769,0.1538461538461538,0.051899999999999995,Consumer Defensive,,,,2.9
EL,2010-01-28 17:53:12,0.0558,0.019,0.0078,0.2222222222222222,0.1111111111111111,0.0368,Consumer Defensive,22.3300838470459,-0.011185632632763065,,2.9
EL,2010-04-27 19:13:14,0.064,0.0064,0.0064,0.1333333333333333,0.1333333333333333,0.0576,Consumer Defensive,28.23256492614746,-0.04172604089323184,,2.9
EL,2010-08-12 22:30:16,0.084,0.0067,0.009,0.1666666666666666,0.1111111111111111,0.07730000000000001,Consumer Defensive,24.75507354736328,-0.02568351906130184,,2.9
EL,2010-10-29 20:06:22,0.0728,0.011,0.0044,0.2222222222222222,0.0555555555555555,0.06180000000000001,Consumer Defensive,29.962894439697266,0.10495234918641128,0.043995355673496495,2.9
EL,2011-02-04 00:01:21,0.0812,0.0054,0.0032,0.3076923076923077,0.0769230769230769,0.07579999999999999,Consumer Defensive,39.54606628417969,0.011529375122699692,-0.19062222895563746,2.9
EL,2011-05-05 20:31:22,0.0816,0.0079,0.0034,0.2666666666666666,0.0666666666666666,0.0737,Consumer Defensive,41.24697494506836,0.012420605065826429,-0.981910961728398,2.9
EL,2011-08-15 21:11:11,0.0738,0.0065,0.0033,0.2666666666666666,0.0666666666666666,0.0673,Consumer Defensive,40.086090087890625,-0.06524573271487999,-0.4134384688553753,2.9
EL,2011-11-03 21:31:14,0.067,0.0045,0.0101,0.2857142857142857,0.5714285714285714,0.0625,Consumer Defensive,50.567935943603516,0.17941049765017958,-0.548734527577332,2.9
EL,2012-02-03 20:21:08,0.0753,0.0054,0.0054,0.2666666666666666,0.6666666666666666,0.0699,Consumer Defensive,49.35095977783203,-0.023279323647557137,-0.6285946957975349,2.9
EL,2012-05-04 18:41:05,0.0749,0.0054,0.0086,0.3076923076923077,0.6153846153846154,0.06949999999999999,Consumer Defensive,52.13274383544922,-0.053468294968180397,-0.888560843892897,2.9
EL,2012-08-14 20:41:09,0.0756,0.006,0.0081,0.1875,0.625,0.0696,Consumer Defensive,51.62617874145508,0.0930740495355391,-0.8105471553213841,2.9
EL,2012-11-01 19:31:08,0.061,0.0182,0.0032,0.2666666666666666,0.6666666666666666,0.0428,Consumer Defensive,52.519100189208984,-0.007302912642360382,0.09928268280222784,2.9
EL,2013-02-05 19:11:12,0.0657,0.0115,0.0063,0.25,0.6875,0.0542,Consumer Defensive,56.24850082397461,0.05995067291006828,0.09844303434496537,2.9
EL,2013-02-22 19:41:15,0.068,0.0033,0.0067,1.0,0.0,0.06470000000000001,Consumer Defensive,55.03157043457031,0.004442155751728238,0.6042738622637216,2.9
EL,2013-05-02 18:41:09,0.0735,0.0138,0.0043,0.25,0.6875,0.059699999999999996,Consumer Defensive,61.54765701293945,0.026311986242857133,0.21437259560999633,2.9
EL,2013-06-11 12:51:10,0.0809,0.0034,0.0091,1.0,0.0,0.0775,Consumer Defensive,59.213111877441406,0.0022193973807314027,-0.8375056168771517,2.9
EL,2013-08-15 17:02:11,0.0848,0.0117,0.0085,0.1428571428571428,0.6666666666666666,0.0731,Consumer Defensive,58.87226104736328,0.03423972606503578,-0.22866637019431751,2.9
EL,2013-10-31 18:11:19,0.0915,0.0067,0.0112,0.25,0.6875,0.0848,Consumer Defensive,62.189178466796875,-0.005883467427867384,-0.7441422552637935,2.9
EL,2014-02-05 19:11:47,0.0672,0.0076,0.0011,0.3076923076923077,0.6923076923076923,0.05959999999999999,Consumer Defensive,57.435909271240234,-0.05535472792277196,0.5977193220540843,2.9
EL,2014-05-02 18:51:12,0.0848,0.0079,0.009,0.2222222222222222,0.7777777777777778,0.0769,Consumer Defensive,66.6495361328125,0.04751367594840117,0.5806919295911624,2.9
EL,2014-08-15 23:17:07,0.0958,0.0075,0.0065,0.1333333333333333,0.1333333333333333,0.08829999999999999,Consumer Defensive,67.30354309082031,0.0034248990502190324,0.5901198695872412,2.9
EL,2014-11-04 22:11:16,0.0655,0.0106,0.0032,0.1875,0.8125,0.054900000000000004,Consumer Defensive,63.79249954223633,-0.05213290799871673,0.7662171805638085,2.9
EL,2015-05-05 18:51:11,0.0595,0.0077,0.0055,0.2,0.8,0.0518,Consumer Defensive,77.47622680664062,0.04022067711999111,0.21865229720377638,2.9
EL,2015-08-18 14:45:07,0.0626,0.0078,0.0123,0.0588235294117647,0.0588235294117647,0.0548,Consumer Defensive,74.93346405029297,0.01231828153819281,-0.020140854369310984,2.9
EL,2015-11-02 20:40:09,0.0662,0.0149,0.0107,0.1764705882352941,0.0588235294117647,0.0513,Consumer Defensive,77.98827362060547,0.0809100722973306,-0.8676142187545465,2.9
EL,2016-02-05 20:46:14,0.0495,0.0146,0.0191,0.25,0.0,0.0349,Consumer Defensive,81.88018035888672,0.045741983637929806,-0.17281433033078178,2.9
EL,2016-05-03 19:44:33,0.0702,0.01,0.0056,0.2307692307692307,0.0769230769230769,0.0602,Consumer Defensive,84.22447967529297,-0.03953436413171052,-0.5724601519329121,2.9
EL,2016-08-19 18:33:32,0.0583,0.013,0.0108,0.0588235294117647,0.1176470588235294,0.0453,Consumer Defensive,83.08687591552734,-0.03543647524630755,-0.3740597207572871,2.9
EL,2016-11-02 19:56:42,0.0731,0.0142,0.0098,0.0,0.0,0.058899999999999994,Consumer Defensive,74.15607452392578,-0.05446131459828263,-0.8757911205126714,2.9
EL,2017-02-02 21:38:20,0.0628,0.0121,0.0088,0.0,0.0,0.050699999999999995,Consumer Defensive,74.84313201904297,0.026025925098878133,-0.41658985824108163,2.9
EL,2017-05-03 19:56:21,0.0552,0.0044,0.0011,0.0,0.0,0.0508,Consumer Defensive,83.67002868652344,0.04366704552278389,-0.29707300781549,2.9
EL,2017-08-18 21:08:06,0.0757,0.011,0.0055,0.2222222222222222,0.0555555555555555,0.06470000000000001,Consumer Defensive,97.42212677001953,0.07729824037445088,0.10868855975130148,2.9
EL,2017-11-01 19:28:40,0.061,0.0067,0.0044,0.0,0.0714285714285714,0.0543,Consumer Defensive,112.68401336669922,0.09220977097470895,0.5998332927436555,2.9
EL,2018-02-02 22:32:19,0.0721,0.0067,0.0055,0.0769230769230769,0.0769230769230769,0.0654,Consumer Defensive,124.38316345214844,-0.0012630662234356382,-0.34559350294243396,2.9
EL,2018-05-02 20:14:25,0.068,0.0121,0.0055,0.0,0.1428571428571428,0.055900000000000005,Consumer Defensive,123.04344177246094,-0.08514462129671208,0.12252665431016423,2.9
EL,2018-08-20 20:01:11,0.066,0.0106,0.0074,0.2,0.0666666666666666,0.055400000000000005,Consumer Defensive,130.7706298828125,0.03398548023582815,-0.21848980213221392,2.9
EL,2018-10-31 18:30:27,0.0736,0.0095,0.0053,0.0,0.0,0.0641,Consumer Defensive,128.2150115966797,0.04740150857147407,0.4037149218273661,2.9
EL,2019-02-05 20:13:07,0.098,0.0111,0.01,0.0769230769230769,0.0769230769230769,0.0869,Consumer Defensive,142.25270080566406,0.11639880677773529,0.7793355904966811,2.9
EL,2019-05-01 20:02:25,0.0582,0.0121,0.0099,0.2307692307692307,0.0,0.0461,Consumer Defensive,159.79745483398438,-0.008788548215201808,0.9917588261137291,2.9
EL,2019-08-19 19:20:09,0.055,0.0275,0.0156,0.0666666666666666,0.1333333333333333,0.0275,Consumer Defensive,189.71128845214844,0.12515328084816102,0.09566567616848923,2.9
EL,2019-10-31 20:29:07,0.0851,0.015,0.0163,0.1,0.1,0.0701,Consumer Defensive,175.61473083496094,-0.03621877375362781,-0.10951643844151754,2.9
EL,2020-02-06 18:41:46,0.0497,0.034,0.0157,0.2727272727272727,0.0,0.0157,Consumer Defensive,199.92079162597656,0.05071521884004393,-0.7700292899761533,2.9
EL,2020-05-01 19:19:48,0.0264,0.0383,0.0132,0.1111111111111111,0.0,-0.0119,Consumer Defensive,163.48524475097656,-0.021881875430213693,-0.1350080694829104,2.9
EL,2020-08-20 22:14:10,0.0473,0.0099,0.0055,0.2142857142857142,0.0,0.0374,Consumer Defensive,187.86495971679688,-0.06696446400760381,-0.3697826700476602,2.9
EL,2020-11-02 18:06:09,0.0516,0.0123,0.0034,0.2727272727272727,0.0,0.0393,Consumer Defensive,212.57400512695312,0.0190749619289321,-0.08609067212517366,2.9
EL,2020-11-02 21:27:11,0.0522,0.01,0.0033,0.0909090909090909,0.0,0.0422,Consumer Defensive,212.57400512695312,0.0190749619289321,0.2096267435046675,2.9
EL,2021-02-05 19:01:47,0.0484,0.0097,0.0065,0.0833333333333333,0.0,0.0387,Consumer Defensive,259.62518310546875,0.07808734430670228,0.3598370881766739,2.9
GM,2006-10-25 20:06:50,0.0292,0.0303,0.0112,0.0,0.0,-0.0011000000000000003,Consumer Cyclical,,,,2.4
GM,2007-02-01 23:17:03,0.0186,0.0426,0.0107,0.0,0.0,-0.024,Consumer Cyclical,,,,2.4
GM,2007-03-15 04:45:30,0.0374,0.0341,0.0066,0.0769230769230769,0.0,0.0033000000000000043,Consumer Cyclical,,,,2.4
GM,2007-05-03 20:26:19,0.0326,0.0128,0.0047,0.0526315789473684,0.0,0.019799999999999998,Consumer Cyclical,,,,2.4
GM,2007-07-31 20:48:15,0.0439,0.0139,0.0081,0.0588235294117647,0.0,0.030000000000000002,Consumer Cyclical,,,,2.4
GM,2007-11-08 01:48:01,0.018,0.0338,0.0011,0.0666666666666666,0.0,-0.015799999999999998,Consumer Cyclical,,,,2.4
GM,2008-02-13 00:42:10,0.0316,0.0383,0.0011,0.0714285714285714,0.0,-0.006699999999999998,Consumer Cyclical,,,,2.4
GM,2008-04-30 19:31:14,0.0157,0.0302,0.0101,0.0666666666666666,0.0,-0.014500000000000002,Consumer Cyclical,,,,2.4
GM,2008-06-03 22:01:22,0.0081,0.0116,0.0081,0.1428571428571428,0.0,-0.0034999999999999996,Consumer Cyclical,,,,2.4
GM,2008-07-23 17:37:11,0.0286,0.0242,0.0099,0.0,0.0,0.004400000000000001,Consumer Cyclical,,,,2.4
GM,2008-08-01 21:23:18,0.0222,0.0311,0.0133,0.2,0.0,-0.008899999999999998,Consumer Cyclical,,,,2.4
GM,2008-10-29 19:22:14,0.0357,0.0492,0.0086,0.0,0.0,-0.013499999999999998,Consumer Cyclical,,,,2.4
GM,2008-11-08 04:05:14,0.0223,0.0557,0.0099,0.1538461538461538,0.0,-0.0334,Consumer Cyclical,,,,2.4
GM,2009-01-06 04:46:33,0.0337,0.0325,0.005,0.0,0.0,0.0011999999999999997,Consumer Cyclical,,,,2.4
GM,2009-01-21 23:10:16,0.0272,0.0392,0.0087,0.0,0.0,-0.012,Consumer Cyclical,,,,2.4
GM,2009-04-02 01:30:09,0.0403,0.0164,0.0101,0.0,0.0,0.0239,Consumer Cyclical,,,,2.4
GM,2009-05-12 08:10:20,0.0308,0.028,0.0098,0.0357142857142857,0.0,0.0028000000000000004,Consumer Cyclical,,,,2.4
GM,2011-08-04 22:21:16,0.0347,0.0079,0.004,0.1818181818181818,0.0,0.0268,Consumer Cyclical,19.625885009765625,-0.04343061452347774,,2.4
GM,2011-10-03 21:18:37,0.0311,0.0156,0.0144,0.0476190476190476,0.0,0.0155,Consumer Cyclical,14.898755073547363,-0.022299489898988667,,2.4
GM,2011-11-01 19:01:08,0.0309,0.021,0.0124,0.0555555555555555,0.4444444444444444,0.009899999999999999,Consumer Cyclical,17.61723518371582,-0.09748548737125262,,2.4
GM,2011-11-09 20:46:02,0.0304,0.0147,0.0031,0.3333333333333333,0.0,0.0157,Consumer Cyclical,16.847000122070312,-0.10902551620239265,0.489697655808294,2.4
GM,2012-02-01 19:52:04,0.035,0.0277,0.0036,0.0,0.0,0.007300000000000004,Consumer Cyclical,18.40257453918457,0.014571256385992326,-0.4339365272722973,2.4
GM,2012-02-16 23:23:06,0.0291,0.0156,0.0031,0.2142857142857142,0.0,0.013500000000000002,Consumer Cyclical,20.516948699951172,0.08985186965372494,-0.16283852059063597,2.4
GM,2012-03-01 22:18:04,0.0396,0.018,0.012,0.3076923076923077,0.0,0.021600000000000005,Consumer Cyclical,19.988346099853516,0.01729419053197523,-0.1388892148925596,2.4
GM,2012-05-01 19:10:07,0.0332,0.0178,0.0059,0.25,0.0,0.0154,Consumer Cyclical,17.60213279724121,0.013478360900761155,-0.08033225681220543,2.4
GM,2012-05-03 19:51:07,0.0368,0.013,0.0033,0.1666666666666666,0.5833333333333334,0.0238,Consumer Cyclical,16.89231300354004,-0.024422169947715067,-0.8166113351763854,2.4
GM,2012-08-02 18:41:22,0.0444,0.0114,0.0011,0.1538461538461538,0.6923076923076923,0.033,Consumer Cyclical,14.453227996826172,-0.02644977183542707,-0.7767415296384201,2.4
GM,2012-09-05 00:44:08,0.0318,0.0176,0.0035,0.1428571428571428,0.0,0.0142,Consumer Cyclical,16.431678771972656,0.02111683920892027,-0.9144534016353725,2.4
GM,2012-10-31 20:02:30,0.0266,0.0139,0.0023,0.2307692307692307,0.5384615384615384,0.0127,Consumer Cyclical,19.255868911743164,0.09536107585508313,-0.8152848802132822,2.4
GM,2012-12-03 19:51:08,0.0324,0.0167,0.0067,0.3333333333333333,0.5,0.0157,Consumer Cyclical,19.2634220123291,-0.014296610454842873,-0.6529944150328209,2.4
GM,2013-01-03 20:20:06,0.0407,0.0209,0.007,0.0555555555555555,0.0,0.0198,Consumer Cyclical,22.518041610717773,0.02368686292375366,-0.49345701815303905,2.4
GM,2013-02-14 17:18:06,0.0375,0.0182,0.0043,0.1666666666666666,0.0,0.019299999999999998,Consumer Cyclical,20.954917907714844,-0.032089360192419036,-0.691199895601931,2.4
GM,2013-03-01 20:30:07,0.0475,0.0151,0.0046,0.2857142857142857,0.0,0.0324,Consumer Cyclical,20.547149658203125,0.0022099067157757,0.27566891062313703,2.4
GM,2013-04-02 20:13:05,0.0343,0.0142,0.0059,0.05,0.0,0.020099999999999996,Consumer Cyclical,21.090845108032227,0.004676086983976591,0.11318293677646832,2.4
GM,2013-05-02 16:40:06,0.0328,0.0192,0.0045,0.1428571428571428,0.0,0.013600000000000004,Consumer Cyclical,23.529922485351562,0.03247169156148799,-0.2664545972187794,2.4
GM,2013-06-06 17:47:04,0.0371,0.0067,0.0034,0.5,0.0,0.0304,Consumer Cyclical,26.006755828857422,0.01234591549948294,-0.7268808426029535,2.4
GM,2013-07-02 20:59:06,0.0338,0.0152,0.0058,0.1764705882352941,0.0,0.0186,Consumer Cyclical,25.7500057220459,0.0029411264343377486,-0.41345374127018053,2.4
GM,2013-07-25 17:17:03,0.0351,0.0128,0.0011,0.1538461538461538,0.0,0.0223,Consumer Cyclical,28.000301361083984,-0.0016155493170316726,-0.4477387783472381,2.4
GM,2013-08-03 02:44:04,0.025,0.0125,0.0046,0.0,0.0,0.0125,Consumer Cyclical,,,,2.4
GM,2013-09-04 20:12:08,0.0334,0.0215,0.0072,0.2222222222222222,0.0,0.0119,Consumer Cyclical,27.071491241455078,0.05008798294438943,,2.4
GM,2013-10-01 19:41:07,0.0268,0.0198,0.0058,0.2631578947368421,0.0,0.006999999999999999,Consumer Cyclical,27.116792678833008,-0.0016683791211260512,,2.4
GM,2013-10-30 16:34:08,0.0359,0.0127,0.0032,0.0769230769230769,0.0,0.023200000000000002,Consumer Cyclical,28.113569259643555,0.03244564456025323,,2.4
GM,2013-12-03 21:40:06,0.0325,0.0168,0.006,0.0666666666666666,0.0,0.015700000000000002,Consumer Cyclical,28.800739288330078,-0.0248025015884219,0.19953512303917173,2.4
GM,2014-02-06 18:42:03,0.0337,0.0109,0.0033,0.1818181818181818,0.0,0.0228,Consumer Cyclical,26.603309631347656,-0.0002838352390910348,0.46052041110731057,2.4
GM,2014-04-24 19:49:05,0.03,0.0381,0.0069,0.0714285714285714,0.0,-0.008100000000000003,Consumer Cyclical,26.03195571899414,-0.006397151334067264,0.3750041671720812,2.4
GM,2014-06-10 20:32:17,0.0227,0.0361,0.0027,0.8571428571428571,0.0,-0.013399999999999999,Consumer Cyclical,27.962129592895508,-0.0027399092288574733,-0.2742965253327562,2.4
GM,2014-07-24 18:06:08,0.0358,0.0369,0.0058,0.0769230769230769,0.0,-0.0011000000000000038,Consumer Cyclical,27.45512580871582,-0.04464037240619212,0.1335868812889391,2.4
GM,2014-10-23 20:45:11,0.0401,0.0111,0.0089,0.3076923076923077,0.0,0.028999999999999998,Consumer Cyclical,23.96806526184082,-0.012136579282363003,-0.0999047839302431,2.4
GM,2014-11-20 23:57:12,0.0305,0.0235,0.0069,1.0,0.0,0.006999999999999999,Consumer Cyclical,24.897964477539062,-0.0006220415226688703,0.04839576332960895,2.4
GM,2014-12-04 16:38:06,0.0413,0.0168,0.0065,0.0,0.0,0.024500000000000004,Consumer Cyclical,25.64188575744629,-0.016349310340639356,0.48475491972557105,2.4
GM,2015-02-04 20:42:11,0.0414,0.0131,0.0033,0.2857142857142857,0.0,0.0283,Consumer Cyclical,28.012826919555664,0.054443887551460346,0.21826072376838426,2.4
GM,2015-04-02 01:31:09,0.0457,0.0383,0.0136,0.5,0.0,0.007399999999999997,Consumer Cyclical,28.770933151245117,-0.006532576737211526,0.5314724178167514,2.4
GM,2015-04-23 20:23:09,0.0494,0.0241,0.0048,0.2666666666666666,0.0,0.0253,Consumer Cyclical,28.313751220703125,-0.03336944061069158,0.26378944704315255,2.4
GM,2015-06-09 18:35:08,0.0149,0.0352,0.0041,0.75,0.0,-0.020300000000000002,Consumer Cyclical,28.081357955932617,0.007716367637115029,0.10768425065500017,2.4
GM,2015-07-23 19:34:28,0.0552,0.0061,0.0074,0.0833333333333333,0.0,0.0491,Consumer Cyclical,25.08686637878418,0.03960380622727966,0.2926653243875267,2.4
GM,2015-08-11 21:06:09,0.0395,0.0316,0.0053,1.0,0.0,0.007899999999999997,Consumer Cyclical,24.553274154663086,-0.03475261508597782,0.3159299408704048,2.4
GM,2015-09-08 23:43:06,0.0255,0.0142,0.0113,0.0,0.0,0.011299999999999998,Consumer Cyclical,23.79668617248535,0.034626002486157326,0.45969568661983107,2.4
GM,2015-09-16 17:48:09,0.0448,0.01,0.0037,0.0,0.0,0.0348,Consumer Cyclical,25.153661727905273,0.006776318802962145,0.5507331409835804,2.4
GM,2015-10-21 19:42:07,0.0479,0.0103,0.0068,0.0,0.0,0.037599999999999995,Consumer Cyclical,28.55585479736328,0.05794501834577903,0.5689482603564678,2.4
GM,2015-11-18 21:33:11,0.0591,0.0098,0.0014,0.3333333333333333,0.0,0.0493,Consumer Cyclical,29.394311904907227,0.03550114558947537,0.0722541301991377,2.4
GM,2016-01-13 19:26:10,0.0642,0.005,0.0025,0.1538461538461538,0.0,0.059199999999999996,Consumer Cyclical,24.84015464782715,0.00627070835816812,-0.3331008010445994,2.4
GM,2016-02-03 20:36:14,0.0437,0.0154,0.0059,0.0,0.0,0.028300000000000002,Consumer Cyclical,23.561077117919922,-0.024620595991977634,0.2269659491820619,2.4
GM,2016-03-23 21:47:17,0.0569,0.0136,0.0285,0.5,0.0,0.0433,Consumer Cyclical,25.828115463256836,-0.018495286717497783,0.6443384402084815,2.4
GM,2016-04-21 19:24:13,0.0472,0.0067,0.0011,0.0,0.0,0.0405,Consumer Cyclical,26.94175148010254,0.0146009582125739,0.5778914673334818,2.4
GM,2016-06-15 16:23:33,0.0492,0.006,0.0048,0.0,0.0,0.0432,Consumer Cyclical,24.110143661499023,0.0010405844568517342,0.532503333346948,2.4
GM,2016-07-21 20:10:30,0.0452,0.0075,0.0054,0.0,0.0769230769230769,0.0377,Consumer Cyclical,26.758411407470703,0.017148185881758593,-0.8202247090966266,2.4
GM,2016-09-06 23:12:15,0.0321,0.0116,0.009,0.0,0.0,0.020499999999999997,Consumer Cyclical,26.83360481262207,-0.0012436413176010186,0.4825237919005527,2.4
GM,2016-10-25 18:54:19,0.0366,0.0054,0.0119,0.0,0.0,0.0312,Consumer Cyclical,26.715246200561523,-0.041843441686937655,0.2527628759537272,2.4
GM,2017-01-11 02:44:05,0.0599,0.0091,0.0078,0.1538461538461538,0.0,0.0508,Consumer Cyclical,32.431697845458984,0.016064570927235344,0.4558055921348665,2.4
GM,2017-02-07 20:50:29,0.0443,0.0062,0.0093,0.0,0.0,0.0381,Consumer Cyclical,29.996116638183594,-0.04697240834748839,0.25244256122539166,2.4
GM,2017-04-28 20:38:38,0.0355,0.0136,0.0063,0.0,0.0,0.021899999999999996,Consumer Cyclical,29.9058837890625,0.0028950299778656152,0.22871006070242658,2.4
GM,2017-05-16 20:54:07,0.0449,0.0158,0.004,0.0,0.0,0.0291,Consumer Cyclical,28.852615356445312,-0.01182750062924054,0.13690138787221307,2.4
GM,2017-07-25 20:56:23,0.0324,0.0115,0.0052,0.0,0.0,0.0209,Consumer Cyclical,31.051494598388672,-0.00697935654409676,-0.939663446612127,2.4
GM,2017-08-10 00:05:06,0.0632,0.0134,0.0073,0.5,0.0,0.049800000000000004,Consumer Cyclical,30.44915008544922,-0.011337757259046288,-0.5898417809591532,2.4
GM,2017-09-07 19:15:09,0.0193,0.0041,0.0069,0.5,0.0,0.015200000000000002,Consumer Cyclical,32.549625396728516,-0.010190318814319532,-0.503919272714613,2.4
GM,2017-10-24 16:48:44,0.0318,0.0175,0.0055,0.0,0.0,0.0143,Consumer Cyclical,40.98906707763672,0.029457419894699743,-0.47571830072194154,2.4
GM,2017-11-15 20:51:06,0.0532,0.0053,0.0146,1.0,0.0,0.0479,Consumer Cyclical,37.79671859741211,-0.0032559569899006657,-0.5312585762665938,2.4
GM,2017-12-02 02:57:21,0.0541,0.0041,0.0162,0.25,0.0,0.05,Consumer Cyclical,,,,2.4
GM,2018-01-10 01:02:11,0.0286,0.0172,0.0043,0.5,0.0,0.0114,Consumer Cyclical,38.26515197753906,-0.02383668855472265,,2.4
GM,2018-02-07 02:38:06,0.0519,0.0061,0.002,0.0,0.0,0.0458,Consumer Cyclical,37.72232437133789,0.012661078366766443,,2.4
GM,2018-04-26 19:16:16,0.04,0.0147,0.0021,0.0,0.0,0.025300000000000003,Consumer Cyclical,34.38440704345703,0.00367366636401667,,2.4
GM,2018-05-31 21:27:53,0.0345,0.0077,0.0051,0.2307692307692307,0.0,0.026800000000000004,Consumer Cyclical,38.38467788696289,0.12873366797192776,0.18834031387849018,2.4
GM,2018-07-25 19:40:11,0.0316,0.0126,0.0105,0.0,0.0,0.019000000000000003,Consumer Cyclical,34.14035415649414,-0.04635290835708383,0.13912303453078664,2.4
GM,2018-09-06 01:34:05,0.0273,0.0065,0.0143,0.0,0.5,0.020800000000000003,Consumer Cyclical,31.514524459838867,-0.015182028778949253,0.8473629850931378,2.4
GM,2018-10-31 17:34:25,0.0519,0.0095,0.0042,0.0,0.0909090909090909,0.0424,Consumer Cyclical,33.54032897949219,0.09093607206504317,0.6747664067459448,2.4
GM,2018-11-12 22:57:07,0.0284,0.0085,0.0114,0.0,0.0,0.0199,Consumer Cyclical,32.7153434753418,-0.00028011779168790607,0.9576088226392327,2.4
GM,2018-11-15 17:28:08,0.0109,0.015,0.0068,0.0,0.0,-0.0040999999999999995,Consumer Cyclical,32.58700942993164,0.009083237395981936,0.6735293139659743,2.4
GM,2018-11-27 14:00:08,0.042,0.0204,0.0084,0.1111111111111111,0.0,0.0216,Consumer Cyclical,33.631988525390625,-0.02549820058540242,0.6191953257188904,2.4
GM,2019-01-15 21:12:06,0.0569,0.0228,0.0071,0.6666666666666666,0.3333333333333333,0.0341,Consumer Cyclical,34.782230377197266,-0.002920938374553761,-0.4878971410664732,2.4
GM,2019-01-16 20:13:10,0.0483,0.0179,0.0097,0.1428571428571428,0.0,0.030400000000000003,Consumer Cyclical,34.89338302612305,0.0031956734148552712,-0.33227051525873025,2.4
GM,2019-02-06 21:43:07,0.0481,0.0073,0.0073,0.0714285714285714,0.0714285714285714,0.040799999999999996,Consumer Cyclical,36.96828079223633,0.01552171139752101,0.9395716592686196,2.4
GM,2019-04-30 19:45:11,0.0456,0.0096,0.0096,0.25,0.0833333333333333,0.036000000000000004,Consumer Cyclical,36.43709945678711,-0.026493337757977353,0.23994978831796215,2.4
GM,2019-08-01 18:57:25,0.0277,0.0229,0.0168,0.2142857142857142,0.0714285714285714,0.004799999999999999,Consumer Cyclical,37.96217727661133,-0.004709935841338608,0.12195538730792449,2.4
GM,2019-10-29 20:54:12,0.0411,0.0345,0.0212,0.25,0.0,0.006599999999999995,Consumer Cyclical,36.490501403808594,0.04284910816559062,-0.39177335957243214,2.4
GM,2019-12-05 19:05:09,0.0371,0.0265,0.0106,0.0,0.0,0.010600000000000002,Consumer Cyclical,34.082786560058594,-0.0031055190271478406,-0.6685731709929976,2.4
GM,2020-02-06 14:15:40,0.0317,0.033,0.0165,0.4117647058823529,0.0588235294117647,-0.0013000000000000025,Consumer Cyclical,33.136844635009766,-0.019982745446141426,0.4349834750214174,2.4
GM,2020-05-06 19:53:43,0.0469,0.0287,0.013,0.2857142857142857,0.0714285714285714,0.018199999999999997,Consumer Cyclical,21.38695526123047,0.02963312104180149,0.55847392977411,2.4
GM,2020-07-29 19:43:06,0.0397,0.0075,0.0075,0.0714285714285714,0.0714285714285714,0.0322,Consumer Cyclical,25.29503631591797,-0.016710798414534267,0.1530213810871399,2.4
GM,2020-11-05 19:52:18,0.0322,0.0011,0.0023,0.0769230769230769,0.0769230769230769,0.0311,Consumer Cyclical,36.286502838134766,0.053915934365811546,0.4525809555497883,2.4
GM,2021-02-10 18:59:07,0.0348,0.0067,0.0045,0.125,0.0625,0.028099999999999997,Consumer Cyclical,53.618831634521484,-0.0210487826536635,-0.24125416302202263,2.4
GS,2006-09-12 21:07:12,0.0247,0.0185,0.0123,0.0,0.1,0.006200000000000001,Financial Services,118.96546173095703,0.04827828827960334,,2.1
GS,2006-12-12 21:53:32,0.0374,0.0091,0.0111,0.0,0.0833333333333333,0.028300000000000002,Financial Services,150.60133361816406,-0.012443848541775604,,2.1
GS,2007-03-13 18:36:22,0.0311,0.0135,0.0166,0.0909090909090909,0.0909090909090909,0.017599999999999998,Financial Services,150.1214599609375,-0.01762145680668159,,2.1
GS,2007-06-14 20:18:42,0.0332,0.0197,0.0207,0.1,0.0,0.013500000000000002,Financial Services,170.5476531982422,-0.03377003680349622,-0.5664770104227743,2.1
GS,2007-09-20 20:10:02,0.0257,0.0268,0.029,0.0,0.0,-0.0011000000000000003,Financial Services,154.0374298095703,-0.00958578010031097,-0.09517902335066425,2.1
GS,2007-12-18 22:17:12,0.0262,0.0115,0.0136,0.0769230769230769,0.0769230769230769,0.014700000000000001,Financial Services,152.74615478515625,-0.034127140038062276,-0.6352323607042119,2.1
GS,2008-03-18 20:55:10,0.0199,0.0325,0.0251,0.1111111111111111,0.0,-0.0126,Financial Services,133.33277893066406,0.1626938297742253,-0.8937676979096315,2.1
GS,2008-06-17 17:47:17,0.0266,0.0223,0.0277,0.0,0.125,0.004299999999999998,Financial Services,136.5093231201172,-0.014553124704655862,-0.877243566353884,2.1
GS,2008-09-16 21:18:15,0.0269,0.0291,0.0291,0.0,0.0833333333333333,-0.0022000000000000006,Financial Services,101.38442993164062,-0.018377182096467326,-0.8374237918472295,2.1
GS,2008-12-16 22:44:13,0.0155,0.0496,0.0155,0.0,0.0909090909090909,-0.0341,Financial Services,58.10636901855469,0.14354486358341267,-0.7912628785808911,2.1
GS,2009-04-14 21:07:09,0.0199,0.0378,0.022,0.0,0.0,-0.0179,Financial Services,88.4886703491211,-0.11555905280282475,-0.5269395887027964,2.1
GS,2009-07-14 19:35:22,0.0287,0.0256,0.0215,0.0,0.1052631578947368,0.0030999999999999986,Financial Services,115.34420013427734,0.0014718296872002767,-0.4906089851650891,2.1
GS,2009-10-15 19:00:10,0.0317,0.0201,0.0159,0.0,0.0625,0.0116,Financial Services,145.69290161132812,-0.01898265324385795,-0.44447274601779646,2.1
GS,2010-01-21 21:14:15,0.0225,0.0206,0.0157,0.0,0.0,0.001899999999999999,Financial Services,124.51729583740234,-0.04124162342950133,0.8981267373585706,2.1
GS,2010-04-20 20:53:14,0.0256,0.0102,0.0164,0.0588235294117647,0.0,0.0154,Financial Services,124.1060791015625,-0.020450438477455868,0.07195063582978788,2.1
GS,2010-10-19 21:33:25,0.0148,0.0211,0.0264,0.0526315789473684,0.0526315789473684,-0.0063,Financial Services,122.18714141845703,0.01964875362711549,-0.5264441133975957,2.1
GS,2011-01-20 01:06:17,0.0162,0.0213,0.0142,0.0666666666666666,0.0,-0.0051,Financial Services,129.465087890625,-0.0048049466142456865,-0.5515768912340602,2.1
GS,2011-04-19 18:01:17,0.0165,0.0145,0.0217,0.0714285714285714,0.7142857142857143,0.002,Financial Services,118.91080474853516,-0.012485260183929037,-0.7952034856216587,2.1
GS,2011-07-19 19:21:12,0.0138,0.0298,0.0213,0.0714285714285714,0.7857142857142857,-0.016,Financial Services,100.8705062866211,-0.00649502060193119,-0.14800250208569732,2.1
GS,2011-10-18 17:41:14,0.0169,0.0475,0.0264,0.0769230769230769,0.8461538461538461,-0.030600000000000002,Financial Services,80.5136947631836,0.05521180947116666,-0.8842101461223077,2.1
GS,2012-01-18 19:01:10,0.0111,0.0324,0.0222,0.0714285714285714,0.8571428571428571,-0.0213,Financial Services,82.45368194580078,0.06787519754571991,-0.787129903923678,2.1
GS,2012-04-17 18:11:05,0.0323,0.0292,0.0229,0.0588235294117647,0.8235294117647058,0.003100000000000002,Financial Services,92.65304565429688,-0.0073898422118457985,-0.7558723095974436,2.1
GS,2012-07-17 17:31:10,0.0204,0.0316,0.0194,0.0625,0.875,-0.011200000000000002,Financial Services,78.05525970458984,0.003071513778427626,-0.8715537121126015,2.1
GS,2012-10-16 18:01:09,0.0195,0.0185,0.0165,0.0833333333333333,0.75,0.0010000000000000009,Financial Services,98.59400177001953,-0.010281030613562447,-0.9034499685157987,2.1
GS,2013-01-16 20:01:10,0.0319,0.0169,0.015,0.0555555555555555,0.8333333333333334,0.015,Financial Services,113.371337890625,0.04056374354576042,0.6491436349221751,2.1
GS,2013-01-23 19:52:07,0.0179,0.0158,0.0368,0.0,0.0,0.0020999999999999977,Financial Services,116.96315002441406,-0.0026721885130243095,0.6959371308650083,2.1
GS,2013-04-16 17:56:06,0.034,0.0124,0.0155,0.0,0.2,0.0216,Financial Services,116.18346405029297,-0.016113275035200436,0.16817140997914337,2.1
GS,2013-05-24 02:23:08,0.0738,0.0161,0.0081,0.4,0.0,0.0577,Financial Services,127.97113037109375,0.008322337434528038,0.005538342617850581,2.1
GS,2013-05-30 16:26:10,0.0526,0.0235,0.0291,0.3333333333333333,0.0,0.0291,Financial Services,132.9291229248047,0.009086903410255864,0.5253777717432038,2.1
GS,2013-07-16 18:18:06,0.0198,0.0187,0.0249,0.0,0.1176470588235294,0.0011000000000000003,Financial Services,129.60491943359375,-0.016932242788380347,0.7870324621743224,2.1
GS,2013-10-17 17:19:06,0.015,0.021,0.02,0.0,0.0555555555555555,-0.006000000000000002,Financial Services,128.47119140625,-0.024221636153002102,0.9064400908649913,2.1
GS,2013-11-06 19:13:10,0.0111,0.0156,0.0412,0.25,0.0,-0.004499999999999999,Financial Services,132.69081115722656,0.009694127187190205,0.5297240873609346,2.1
GS,2014-01-16 18:40:07,0.0252,0.0252,0.0182,0.0,0.1176470588235294,0.0,Financial Services,142.61114501953125,-0.0200281508907878,-0.2399828081369205,2.1
GS,2014-04-17 20:24:06,0.0235,0.0194,0.0154,0.0769230769230769,0.0769230769230769,0.0040999999999999995,Financial Services,128.6093292236328,0.0013995882739215038,0.24129952078461755,2.1
GS,2014-05-01 21:39:08,0.018,0.0225,0.0315,0.0,0.0,-0.0045000000000000005,Financial Services,131.0027313232422,0.00344111287193849,-0.37471986122538625,2.1
GS,2014-07-16 03:11:06,0.0317,0.0169,0.018,0.05,0.9,0.0148,Financial Services,139.72824096679688,0.007684487902917869,0.4273927111254093,2.1
GS,2014-10-16 19:57:09,0.0336,0.0092,0.0122,0.0,0.1333333333333333,0.024399999999999998,Financial Services,141.8964385986328,-0.026292329516541035,-0.6923282828687293,2.1
GS,2014-11-12 18:18:10,0.0206,0.0109,0.0435,0.0,0.0,0.0097,Financial Services,156.36727905273438,-0.008859987705154282,-0.6580177243793921,2.1
GS,2015-01-17 01:16:09,0.0291,0.0177,0.0146,0.0,0.0909090909090909,0.0114,Financial Services,,,,2.1
GS,2015-01-29 23:25:11,0.0189,0.0111,0.0178,0.0833333333333333,0.0,0.0078,Financial Services,145.1621856689453,0.016989178917998782,,2.1
GS,2015-04-16 18:14:03,0.024,0.0178,0.0146,0.0,0.1052631578947368,0.006200000000000001,Financial Services,165.6580810546875,-0.0044256539923734906,,2.1
GS,2015-07-16 18:40:08,0.0266,0.0197,0.0118,0.0625,0.125,0.0069,Financial Services,175.27987670898438,-0.008358449947107882,,2.1
GS,2015-10-15 20:23:06,0.0153,0.0347,0.0245,0.0555555555555555,0.1111111111111111,-0.0194,Financial Services,154.04640197753906,0.03036023674765098,-0.7666038912165727,2.1
GS,2015-11-17 18:30:07,0.0187,0.0105,0.0105,0.5,0.0,0.0082,Financial Services,158.71875,-0.008274334232915126,-0.9978856965597727,2.1
GS,2016-01-20 19:15:13,0.0204,0.0265,0.0153,0.0,0.125,-0.006099999999999998,Financial Services,128.49118041992188,-0.01957680002961948,-0.7195644083734445,2.1
GS,2016-04-19 17:46:16,0.0168,0.0409,0.0178,0.0526315789473684,0.1052631578947368,-0.0241,Financial Services,136.51971435546875,0.022827327217983973,-0.7876744537683826,2.1
GS,2016-05-31 19:37:37,0.0345,0.0119,0.0119,0.6666666666666666,0.0,0.022600000000000002,Financial Services,134.40765380859375,-0.00031368796264430454,-0.46976197041946416,2.1
GS,2016-07-19 18:43:23,0.0164,0.0164,0.0194,0.0555555555555555,0.1111111111111111,0.0,Financial Services,136.03427124023438,-0.011754995407477487,-0.4257070981109972,2.1
GS,2016-10-18 20:43:06,0.0265,0.0143,0.0133,0.0,0.0526315789473684,0.012199999999999999,Financial Services,146.05926513671875,0.021479460954433316,-0.3734276905170801,2.1
GS,2016-11-15 18:51:26,0.0471,0.0124,0.0149,0.0,0.0,0.0347,Financial Services,178.6842041015625,0.009608754286435595,0.4105428286209675,2.1
GS,2017-01-18 20:04:07,0.0226,0.0144,0.0113,0.0526315789473684,0.1052631578947368,0.008199999999999999,Financial Services,198.84315490722656,-0.006150913557589344,0.5395629090595426,2.1
GS,2017-04-18 18:26:08,0.0255,0.0204,0.0244,0.0625,0.125,0.005099999999999997,Financial Services,183.45059204101562,-0.04715832471114856,0.5298681537137689,2.1
GS,2017-05-31 20:53:08,0.0352,0.0041,0.0081,0.3333333333333333,0.0,0.031100000000000003,Financial Services,180.37130737304688,-0.0327809054314695,0.45625308751224525,2.1
GS,2017-07-18 20:14:08,0.0281,0.0229,0.0187,0.0,0.1538461538461538,0.0052,Financial Services,190.6594696044922,-0.025953025822295972,-0.0873531607033844,2.1
GS,2017-09-12 15:58:06,0.0388,0.0259,0.0129,0.3333333333333333,0.0,0.012900000000000002,Financial Services,193.57229614257812,0.02212062033906559,0.025025612575195297,2.1
GS,2017-10-17 18:33:09,0.0258,0.0109,0.0139,0.0,0.1333333333333333,0.0149,Financial Services,202.2593231201172,-0.02607151466818436,-0.305101199466963,2.1
GS,2018-01-17 20:50:09,0.0243,0.0275,0.0222,0.0,0.0769230769230769,-0.0032000000000000015,Financial Services,217.98593139648438,-0.018610230577642217,0.32035975935304434,2.1
GS,2018-04-17 22:13:06,0.0488,0.0127,0.0202,0.0,0.125,0.03610000000000001,Financial Services,218.5806121826172,-0.016480470631659472,-0.043949194770003794,2.1
GS,2018-05-31 23:58:10,0.029,0.0063,0.0076,1.0,0.0,0.0227,Financial Services,195.35379028320312,-0.014312923837660585,0.323715501620579,2.1
GS,2018-07-17 22:01:48,0.0325,0.0183,0.0152,0.0,0.1333333333333333,0.0142,Financial Services,199.7991180419922,-0.001814780343808109,0.020691991340970627,2.1
GS,2018-10-19 02:57:09,0.0476,0.0066,0.0166,0.0,0.1875,0.041,Financial Services,196.93785095214844,0.008935513430278652,0.2190702335840169,2.1
GS,2019-01-16 19:28:10,0.0417,0.0172,0.0086,0.0666666666666666,0.2,0.0245,Financial Services,171.70289611816406,0.09543667711833725,0.0566018380837361,2.1
GS,2019-04-15 20:12:20,0.0508,0.0173,0.0139,0.0666666666666666,0.0666666666666666,0.0335,Financial Services,174.87184143066406,-0.0381541497915906,-0.2148097353788868,2.1
GS,2019-07-16 20:31:08,0.0407,0.0184,0.0158,0.1333333333333333,0.1333333333333333,0.0223,Financial Services,189.37644958496094,0.018621916920467774,-0.5114057285980308,2.1
GS,2019-10-16 00:27:31,0.0228,0.0354,0.0152,0.125,0.1875,-0.0126,Financial Services,183.40286254882812,0.004649921066438578,0.01574257766011162,2.1
GS,2020-01-15 20:08:09,0.0276,0.0407,0.0118,0.0666666666666666,0.1333333333333333,-0.0131,Financial Services,218.03964233398438,-0.0018317690916156426,-0.4434006346855426,2.1
GS,2020-04-15 20:31:08,0.0363,0.0389,0.0168,0.0769230769230769,0.0769230769230769,-0.002599999999999998,Financial Services,159.7097930908203,0.0016272179864431635,0.9208865237437616,2.1
GS,2020-07-15 21:03:06,0.0388,0.0366,0.0166,0.0769230769230769,0.0769230769230769,0.0022000000000000006,Financial Services,195.2587432861328,0.01350414629398089,0.7245509786127505,2.1
GS,2020-10-14 18:50:07,0.0439,0.0236,0.0203,0.0833333333333333,0.0,0.020300000000000002,Financial Services,191.3057403564453,0.0019924102993786885,0.22866895484689914,2.1
IBM,2006-01-18 09:01:51,0.0287,0.0175,0.0021,0.1538461538461538,0.0,0.011199999999999998,Technology,44.7010612487793,0.00963851539274363,,2.6
IBM,2006-04-19 16:18:07,0.0363,0.0143,0.0044,0.2,0.0,0.022,Technology,43.77586364746094,-0.01740505123320779,,2.6
IBM,2006-07-18 23:56:42,0.0271,0.0238,0.0076,0.1538461538461538,0.0,0.0032999999999999974,Technology,39.85520935058594,0.007597823594163389,,2.6
IBM,2006-10-17 23:02:59,0.0403,0.0085,0.0085,0.0,0.0,0.0318,Technology,46.8520393371582,0.00276794426293292,-0.4460069129171404,2.6
IBM,2007-01-19 03:50:09,0.0409,0.0079,0.0068,0.0,0.0,0.033,Technology,51.98828125,-0.03298157349701092,-0.5910648814234739,2.6
IBM,2007-04-17 23:26:36,0.0335,0.0167,0.01,0.0,0.0,0.016800000000000002,Technology,52.66004943847656,0.009773162104521615,-0.6372960799670129,2.6
IBM,2007-07-19 01:16:33,0.0557,0.0068,0.0068,0.0,0.0,0.0489,Technology,63.06572723388672,0.04303230931033819,0.4329302798387387,2.6
IBM,2007-10-17 00:17:03,0.0271,0.0118,0.0071,0.0,0.0,0.0153,Technology,63.245018005371094,-0.031939968875968394,0.5981405296037787,2.6
IBM,2008-01-18 01:22:26,0.0267,0.0067,0.0044,0.1818181818181818,0.0,0.02,Technology,56.68275833129883,0.022749728551246573,0.7508393889681609,2.6
IBM,2008-04-16 23:14:13,0.0401,0.0046,0.0057,0.1538461538461538,0.0769230769230769,0.0355,Technology,66.29285430908203,0.028163959333200816,0.8069823022540664,2.6
IBM,2008-07-18 02:29:21,0.0362,0.0045,0.0057,0.1538461538461538,0.0,0.031700000000000006,Technology,71.76870727539062,0.026636275681955368,0.774136543587678,2.6
IBM,2008-10-16 23:53:12,0.0323,0.015,0.0081,0.1666666666666666,0.0,0.017300000000000003,Technology,50.76490020751953,0.036583668346542586,-0.32118859818596823,2.6
IBM,2009-01-21 12:55:16,0.035,0.0113,0.0056,0.0,0.0,0.023700000000000006,Technology,50.99295425415039,0.11515027190318716,-0.36563036725998477,2.6
IBM,2009-04-21 02:05:33,0.0295,0.017,0.0057,0.1666666666666666,0.0,0.012499999999999997,Technology,57.37767791748047,0.01871907770018355,0.2182111207815125,2.6
IBM,2009-07-17 00:29:24,0.0326,0.0124,0.0101,0.1666666666666666,0.0,0.020199999999999996,Technology,65.06817626953125,0.0432033325297041,0.8820197660550704,2.6
IBM,2009-10-16 00:01:19,0.0461,0.0086,0.0043,0.1666666666666666,0.0,0.037500000000000006,Technology,68.89454650878906,-0.04953895490551008,-0.4764001668947749,2.6
IBM,2010-01-20 01:39:11,0.0394,0.0074,0.0032,0.1666666666666666,0.0,0.032,Technology,74.10216522216797,-0.028999494641247736,-0.8684631979606464,2.6
IBM,2010-04-19 23:41:25,0.0451,0.0075,0.0043,0.1666666666666666,0.0,0.0376,Technology,75.56509399414062,0.012248300215552455,-0.7039644132294673,2.6
IBM,2010-07-20 02:20:17,0.0329,0.0091,0.0034,0.1666666666666666,0.0,0.023799999999999998,Technology,72.68988037109375,-0.024963017581168145,0.13348874376105277,2.6
IBM,2010-10-18 22:11:35,0.0352,0.0055,0.0033,0.0,0.0,0.029700000000000004,Technology,82.44754791259766,0.012547967256476777,0.5342471170087335,2.6
IBM,2011-01-19 02:06:18,0.0366,0.0097,0.0043,0.0833333333333333,0.0833333333333333,0.0269,Technology,90.27027893066406,0.0334551443538329,0.3641250934079463,2.6
IBM,2011-04-20 00:01:18,0.0397,0.011,0.0022,0.0833333333333333,0.0,0.0287,Technology,95.90149688720703,-0.003929999026910158,0.5142943747365256,2.6
IBM,2011-07-18 21:21:24,0.0262,0.0063,0.0052,0.0833333333333333,0.0,0.0199,Technology,102.48733520507812,-0.0014815116547788332,0.276011724385083,2.6
IBM,2011-10-18 00:01:13,0.0298,0.0072,0.0041,0.0833333333333333,0.75,0.022600000000000002,Technology,105.05950927734375,-0.041213311788931506,0.4069428646484061,2.6
IBM,2012-01-20 01:21:08,0.0398,0.0052,0.0031,0.0833333333333333,0.75,0.034600000000000006,Technology,111.15389251708984,0.044316545153659126,0.7552605333800751,2.6
IBM,2012-04-17 23:41:07,0.0427,0.0142,0.0033,0.0,0.75,0.0285,Technology,122.7916030883789,0.02333277995276184,0.8022552218556047,2.6
IBM,2012-07-18 22:07:06,0.0333,0.0129,0.0075,0.1818181818181818,0.0,0.0204,Technology,111.89376068115234,0.02504766118924384,0.5778472887250623,2.6
IBM,2012-10-17 07:44:05,0.0306,0.0186,0.0055,0.0,0.0,0.012,Technology,119.761474609375,-0.049146736095807775,0.8906435461156542,2.6
IBM,2013-01-23 01:13:06,0.0433,0.0095,0.0032,0.0,0.0,0.0338,Technology,122.7376480102539,0.044063016292995805,0.8940509357656318,2.6
IBM,2013-04-18 22:45:07,0.0297,0.0231,0.0066,0.1666666666666666,0.0,0.006600000000000002,Technology,124.71733093261719,-0.012018752783937492,0.8085885839759654,2.6
IBM,2013-05-29 22:37:06,0.0165,0.0028,0.0083,0.5,0.0,0.0137,Technology,125.7677001953125,0.0006742336806402349,0.8016081392918479,2.6
IBM,2013-07-17 22:53:07,0.043,0.0165,0.0066,0.1538461538461538,0.0,0.026499999999999996,Technology,117.68032836914062,0.0036110121752102042,0.8755419367349858,2.6
IBM,2013-09-04 22:18:07,0.0271,0.0081,0.0054,0.0,0.0,0.019,Technology,111.3262939453125,-0.004512106715437669,0.817721127513642,2.6
IBM,2013-09-10 22:03:07,0.0237,0.007,0.0195,0.5,0.0,0.0167,Technology,113.43575286865234,0.008757752896381144,0.039343900956495,2.6
IBM,2013-10-16 22:02:51,0.0325,0.0202,0.0045,0.1666666666666666,0.0,0.012300000000000002,Technology,113.51480102539062,0.011209569762230753,-0.4926758147441889,2.6
IBM,2013-12-04 23:54:09,0.0418,0.0121,0.0229,0.0,0.5,0.029699999999999997,Technology,107.4075698852539,-0.0019309678120986717,-0.7067820200257847,2.6
IBM,2014-01-22 00:58:06,0.0374,0.0249,0.0057,0.1666666666666666,0.0,0.012500000000000004,Technology,111.38632202148438,-0.03279716027310531,0.16012395776501487,2.6
IBM,2014-04-17 03:31:09,0.0268,0.0246,0.0078,0.1666666666666666,0.0,0.0022000000000000006,Technology,116.76570892333984,-0.032535663466589426,0.5178521004690899,2.6
IBM,2014-07-18 01:09:09,0.03,0.0189,0.0022,0.1666666666666666,0.0,0.011099999999999999,Technology,118.98458862304688,5.181234185380745e-05,0.6235701835042493,2.6
IBM,2014-10-20 19:37:06,0.029,0.0265,0.0036,0.0714285714285714,0.0,0.0025000000000000022,Technology,105.13916015625,-0.07113405925362337,0.6392869777593088,2.6
IBM,2014-11-12 00:04:07,0.0145,0.029,0.0048,0.0,0.0,-0.0145,Technology,101.36398315429688,-0.008450720202746287,-0.08772897268299527,2.6
IBM,2015-01-21 01:50:14,0.0258,0.0323,0.0075,0.1666666666666666,0.0,-0.006500000000000002,Technology,95.21029663085938,-0.030965395581457056,-0.05471393205006345,2.6
IBM,2015-03-04 00:35:11,0.0256,0.0202,0.0027,0.0,0.0,0.005400000000000002,Technology,100.49900817871094,-0.009998316503377569,-0.3825531632629263,2.6
IBM,2015-04-21 02:52:12,0.0378,0.0213,0.0035,0.0,0.0,0.0165,Technology,103.55015563964844,-0.011434633029360541,0.22009389386483436,2.6
IBM,2015-05-18 21:09:08,0.0175,0.0189,0.0148,0.5,0.0,-0.0013999999999999985,Technology,109.92333221435547,-0.0011542844299647914,0.3938330833240792,2.6
IBM,2015-07-20 23:15:10,0.035,0.0175,0.0035,0.0,0.0,0.0175,Technology,110.02496337890625,0.004115418888314792,0.03200170372420817,2.6
IBM,2015-09-09 16:28:08,0.0322,0.0098,0.0098,0.3333333333333333,0.0,0.0224,Technology,92.89693450927734,-0.014806719471654572,-0.45961610098522865,2.6
IBM,2015-09-16 19:47:08,0.0398,0.0233,0.011,0.5,0.0,0.0165,Technology,95.04883575439453,0.005964857316117067,-0.2682388833443216,2.6
IBM,2015-10-20 00:15:07,0.0198,0.0221,0.0081,0.0,0.0,-0.0023,Technology,90.07254791259766,-0.05749892585433103,0.8456026801450377,2.6
IBM,2015-12-01 20:02:11,0.0268,0.0268,0.0127,0.0,0.5,0.0,Technology,91.3311996459961,0.013340910064383094,0.33050566535367043,2.6
IBM,2015-12-09 19:50:18,0.0207,0.0083,0.011,0.0,0.0,0.0124,Technology,88.3122329711914,-0.01043106104361391,0.48309900223562824,2.6
IBM,2016-01-20 03:08:15,0.0253,0.0161,0.008,0.1666666666666666,0.0,0.0092,Technology,78.77702331542969,-0.04878619494468839,0.07496737126051031,2.6
IBM,2016-04-19 03:28:20,0.0283,0.0213,0.0035,0.1666666666666666,0.0,0.006999999999999999,Technology,94.04039001464844,-0.055923643402570056,-0.46912832093231166,2.6
IBM,2016-05-23 18:47:30,0.016,0.008,0.0027,0.0,0.0,0.008,Technology,96.77436828613281,-0.003259888597226368,0.46821799296357763,2.6
IBM,2016-06-01 21:52:23,0.0207,0.0148,0.0044,0.5,0.0,0.005899999999999999,Technology,100.55908203125,-0.008000806816697903,-0.3559863666833187,2.6
IBM,2016-07-19 04:29:20,0.0297,0.0126,0.0034,0.0,0.0,0.0171,Technology,105.22080993652344,-0.0017511966100006715,0.4007357954763743,2.6
IBM,2016-10-18 03:29:07,0.0328,0.0164,0.0082,0.1818181818181818,0.0,0.0164,Technology,100.23713684082031,-0.0261678600635179,-0.352628312754924,2.6
IBM,2016-11-16 03:10:09,0.0233,0.0123,0.0055,0.0,0.0,0.011000000000000001,Technology,106.89775848388672,0.0039075671255075495,-0.2927173527638509,2.6
IBM,2016-11-30 00:53:19,0.0116,0.0217,0.013,0.0,0.0,-0.010100000000000001,Technology,108.86399841308594,-0.008010982008521239,-0.1197178662258839,2.6
IBM,2017-01-20 01:20:08,0.0363,0.0141,0.007,0.1666666666666666,0.0,0.022199999999999998,Technology,114.45418548583984,0.022420723019826116,0.312963617344381,2.6
IBM,2017-04-19 02:03:09,0.0276,0.0172,0.0034,0.1666666666666666,0.0,0.0104,Technology,109.36627197265625,-0.049162222911911746,0.30096323727454655,2.6
IBM,2017-07-19 04:20:08,0.0248,0.0189,0.0024,0.0,0.0,0.005899999999999999,Technology,100.76335144042969,-0.042013226302777484,0.27505508091405734,2.6
IBM,2017-09-11 19:20:06,0.0145,0.0132,0.0053,0.0,0.0,0.0013000000000000008,Technology,99.985107421875,0.016918156126767503,0.2712092844681182,2.6
IBM,2017-10-18 02:41:07,0.0302,0.0157,0.0078,0.1666666666666666,0.0,0.014500000000000002,Technology,110.11060333251953,0.08864482419859598,0.3959422856867257,2.6
IBM,2017-11-28 23:31:59,0.0198,0.0172,0.0066,0.5,0.0,0.0026000000000000016,Technology,106.28954315185547,0.0032238496173420117,0.6858069451220202,2.6
IBM,2017-12-05 23:19:39,0.0143,0.0129,0.01,0.5,0.0,0.0014000000000000002,Technology,108.2972412109375,-0.007094492507078831,0.9665320581817476,2.6
IBM,2018-01-19 02:24:11,0.0178,0.0178,0.0059,0.0,0.0769230769230769,0.0,Technology,113.19103240966797,-0.03991253186044008,0.9817996823106938,2.6
IBM,2018-04-18 04:33:12,0.0245,0.0152,0.0023,0.0,0.0,0.009300000000000001,Technology,104.74543762207031,-0.07532128746810329,-0.6970017966894526,2.6
IBM,2018-07-19 01:14:09,0.03,0.0122,0.0044,0.0,0.0,0.017799999999999996,Technology,106.22847747802734,0.03265993325925609,0.44906839207593546,2.6
IBM,2018-10-17 00:55:20,0.0317,0.0181,0.0023,0.0,0.0,0.013599999999999998,Technology,96.44715118408203,-0.07628162742809508,0.39339253257094753,2.6
IBM,2018-10-29 20:18:07,0.0225,0.0027,0.0013,0.3333333333333333,0.0833333333333333,0.019799999999999998,Technology,86.07935333251953,-0.04126922756635221,0.6281910014075167,2.6
IBM,2018-11-27 23:56:49,0.0179,0.0055,0.0069,0.0,0.5,0.0124,Technology,87.45985412597656,0.003931112697210359,0.12477285811075946,2.6
IBM,2018-12-05 22:43:08,0.0273,0.0144,0.0101,0.3333333333333333,0.0,0.012900000000000002,Technology,,,,2.6
IBM,2019-01-23 01:07:09,0.0335,0.0162,0.0069,0.0833333333333333,0.0,0.017300000000000003,Technology,96.83028411865234,0.08463923722963163,,2.6
IBM,2019-04-17 00:54:11,0.0299,0.008,0.0023,0.2,0.1,0.0219,Technology,102.54349517822266,-0.041546042059334765,,2.6
IBM,2019-06-04 21:40:10,0.0218,0.0202,0.014,0.5,0.0,0.0016000000000000007,Technology,98.97291564941406,0.03445856656522439,,2.6
IBM,2019-07-17 23:59:09,0.0155,0.0403,0.0062,0.2222222222222222,0.0,-0.024800000000000003,Technology,106.7153091430664,-0.003204806604163557,0.11498371274874833,2.6
IBM,2019-10-17 03:23:07,0.0207,0.0293,0.0085,0.0,0.0,-0.0086,Technology,101.32392883300781,-0.05523894916191563,-0.1950366908259013,2.6
IBM,2020-01-22 03:46:10,0.0275,0.0383,0.0108,0.1818181818181818,0.0,-0.0108,Technology,109.87409973144531,0.03391518121204995,0.2529359018968548,2.6
IBM,2020-04-21 01:40:10,0.02,0.04,0.0107,0.0909090909090909,0.0,-0.02,Technology,90.08870697021484,-0.030313036554436512,-0.09783220877527514,2.6
IBM,2020-07-21 04:28:07,0.0331,0.0236,0.0059,0.1818181818181818,0.0,0.009499999999999998,Technology,98.56874084472656,-0.0024532530329791635,0.2027150074505847,2.6
IBM,2020-10-20 03:13:08,0.0439,0.0107,0.0036,0.1666666666666666,0.0833333333333333,0.0332,Technology,92.97549438476562,-0.06493007050420407,-0.5887620310258364,2.6
IBM,2021-01-22 03:19:07,0.0324,0.0156,0.006,0.3636363636363636,0.0,0.0168,Technology,95.32020568847656,-0.09905056340122453,-0.46237564844858997,2.6
INTC,2006-04-20 01:23:44,0.0171,0.0032,0.0224,0.0526315789473684,0.0,0.013900000000000001,Technology,11.44640827178955,-0.005623304930845174,,3.1
INTC,2006-07-20 04:05:41,0.0352,0.0088,0.0165,0.0588235294117647,0.0,0.0264,Technology,10.115056037902832,-0.07517568462375668,,3.1
INTC,2006-10-18 03:50:12,0.033,0.0138,0.0149,0.05,0.0,0.019200000000000002,Technology,12.558460235595703,0.010047938638542586,,3.1
INTC,2007-01-17 04:17:19,0.0288,0.0171,0.0182,0.05,0.0,0.011699999999999999,Technology,12.577641487121582,-0.05650181182864811,-0.3342865980866088,3.1
INTC,2007-04-18 03:25:25,0.0334,0.0111,0.0156,0.0526315789473684,0.0,0.0223,Technology,12.83125114440918,0.01763576294232072,0.011443313460252234,3.1
INTC,2007-07-18 01:31:55,0.038,0.0078,0.0168,0.0555555555555555,0.0,0.030199999999999998,Technology,15.138955116271973,-0.048233898900582384,0.08478289853773154,3.1
INTC,2007-10-17 02:14:33,0.0422,0.007,0.0129,0.0666666666666666,0.0,0.0352,Technology,16.217185974121094,0.04866555774827286,0.6007470141626308,3.1
INTC,2008-01-16 07:30:52,0.0402,0.0185,0.0196,0.1052631578947368,0.0526315789473684,0.0217,Technology,12.116866111755371,-0.1238437202807986,0.5725242888709876,3.1
INTC,2008-04-16 02:42:14,0.0414,0.0123,0.0179,0.1764705882352941,0.0588235294117647,0.0291,Technology,13.570176124572754,0.058345102342030275,0.8012786316632193,3.1
INTC,2008-07-16 03:23:17,0.0245,0.0167,0.0134,0.1578947368421052,0.0,0.007800000000000001,Technology,12.898648262023926,0.009656719881891762,0.3249511412427321,3.1
INTC,2008-10-15 03:50:13,0.0261,0.025,0.0239,0.1666666666666666,0.0,0.0011000000000000003,Technology,9.304654121398926,-0.0590080879899233,0.24107396278142199,3.1
INTC,2009-01-16 03:26:30,0.0306,0.0453,0.0215,0.0526315789473684,0.0526315789473684,-0.014700000000000001,Technology,8.602822303771973,0.033860021603903556,0.34891548879419837,3.1
INTC,2009-04-15 03:47:13,0.0214,0.0259,0.0192,0.1052631578947368,0.0,-0.0045000000000000005,Technology,9.88066577911377,-0.024359951654132073,-0.41539340650749135,3.1
INTC,2009-07-15 00:58:26,0.0381,0.0207,0.0109,0.1764705882352941,0.0,0.017400000000000002,Technology,11.514559745788574,0.07248887529241888,0.3436277884126813,3.1
INTC,2009-10-14 01:45:12,0.0422,0.0133,0.0133,0.1363636363636363,0.0,0.028900000000000002,Technology,13.384989738464355,0.016593844901555244,0.28527064270954644,3.1
INTC,2010-01-15 01:48:11,0.0593,0.0108,0.0097,0.1428571428571428,0.0,0.0485,Technology,13.46762752532959,-0.03165727306295707,-0.13581881322100323,3.1
INTC,2010-04-14 01:15:14,0.0355,0.0149,0.0149,0.1578947368421052,0.0,0.020599999999999997,Technology,15.350601196289062,0.03293840920033775,-0.9537695989742107,3.1
INTC,2011-01-14 02:43:37,0.0528,0.008,0.0126,0.0666666666666666,0.0,0.0448,Technology,14.070122718811035,-0.009863983745053595,-0.9795586672685489,3.1
INTC,2011-04-20 02:21:20,0.0359,0.0185,0.0174,0.1764705882352941,0.0588235294117647,0.017400000000000002,Technology,14.411378860473633,0.07804671232844473,-0.9479136460795009,3.1
INTC,2011-07-21 02:11:10,0.0432,0.0068,0.0091,0.1666666666666666,0.0555555555555555,0.0364,Technology,15.474308013916016,-0.007829385172951286,-0.9092432196608984,3.1
INTC,2011-10-19 04:21:14,0.0287,0.0074,0.0138,0.1764705882352941,0.7647058823529411,0.0213,Technology,16.604961395263672,0.03589724917534287,-0.9268491574907928,3.1
INTC,2012-01-20 02:21:11,0.0288,0.0117,0.0106,0.125,0.8125,0.017099999999999997,Technology,18.231447219848633,0.02926291603400144,-0.8140623094592373,3.1
INTC,2012-03-06 22:01:06,0.044,0.005,0.0063,0.0,0.0,0.039,Technology,18.537353515625,0.002637582795206317,-0.9131484154106476,3.1
INTC,2012-04-18 01:31:36,0.0333,0.0156,0.0122,0.1176470588235294,0.8235294117647058,0.017700000000000004,Technology,19.470836639404297,-0.018265185340766932,-0.17207254276514747,3.1
INTC,2012-07-17 22:55:07,0.0251,0.0159,0.0182,0.1428571428571428,0.0714285714285714,0.0092,Technology,17.808652877807617,0.009947648962703504,-0.15669037379866163,3.1
INTC,2012-10-16 23:06:09,0.0344,0.0149,0.0218,0.0625,0.0625,0.0195,Technology,15.8199462890625,0.02853186710248168,-0.08265641648354778,3.1
INTC,2012-12-12 03:20:04,0.0355,0.0037,0.011,0.25,0.0,0.031799999999999995,Technology,14.781558990478516,0.0009688344267002602,-0.10795942806920773,3.1
INTC,2013-01-18 01:18:08,0.0293,0.0054,0.0098,0.125,0.0,0.023899999999999998,Technology,15.196332931518555,-0.06305077227335276,-0.29348248915747915,3.1
INTC,2013-04-17 00:08:09,0.0498,0.0036,0.0158,0.1333333333333333,0.0,0.0462,Technology,15.85116195678711,0.000456614902933028,0.0774583861613219,3.1
INTC,2013-05-17 19:47:06,0.0132,0.0096,0.0168,0.7142857142857143,0.0,0.0036000000000000008,Technology,17.53997230529785,0.004177230131922283,0.043416140069021496,3.1
INTC,2013-07-18 01:09:05,0.0308,0.0071,0.0095,0.0833333333333333,0.0,0.0237,Technology,16.956281661987305,-0.03768101038365679,-0.014192221876603803,3.1
INTC,2013-09-04 19:43:09,0.0494,0.0274,0.0096,0.5,0.0,0.022,Technology,16.680137634277344,0.025826915851585586,-0.08418256504659268,3.1
INTC,2013-10-15 23:58:06,0.0152,0.0163,0.0098,0.1176470588235294,0.0,-0.0010999999999999985,Technology,17.232709884643555,-0.002558599897395486,-0.18378003435086884,3.1
INTC,2014-01-17 01:02:06,0.0301,0.0107,0.0129,0.0666666666666666,0.0,0.0194,Technology,19.22341537475586,-0.025998516181822917,-0.18521077589262613,3.1
INTC,2014-04-16 03:43:07,0.0277,0.0117,0.0064,0.0714285714285714,0.0,0.016,Technology,20.2175235748291,0.00597617785606408,0.17385642719473088,3.1
INTC,2014-07-16 04:06:06,0.0176,0.0073,0.0124,0.0666666666666666,0.0,0.0103,Technology,26.236791610717773,0.0927149029899843,-0.1664291098067247,3.1
INTC,2014-09-03 18:18:07,0.042,0.0118,0.0118,0.5,0.0,0.030200000000000005,Technology,26.350339889526367,0.0,-0.6428715050865695,3.1
INTC,2014-10-15 00:42:09,0.0299,0.0096,0.0128,0.0714285714285714,0.0,0.0203,Technology,23.84259796142578,-0.026758180738943205,-0.6691790643387491,3.1
INTC,2014-12-03 18:29:09,0.0143,0.0057,0.0043,1.0,0.0,0.0086,Technology,28.71739387512207,-0.004521055945811092,-0.4367829678741285,3.1
INTC,2015-01-16 02:03:11,0.0324,0.0115,0.0136,0.0666666666666666,0.0,0.0209,Technology,27.965513229370117,0.007184388802476072,0.1286071613784978,3.1
INTC,2015-04-15 00:33:11,0.032,0.0176,0.0134,0.0714285714285714,0.0714285714285714,0.0144,Technology,25.368804931640625,0.042552782891253305,-0.23040917003613198,3.1
INTC,2015-05-21 20:15:11,0.0206,0.017,0.0097,0.625,0.0,0.003599999999999999,Technology,26.112640380859375,0.00539410323437628,0.3091140117161019,3.1
INTC,2015-07-16 01:00:06,0.0243,0.0127,0.0158,0.2,0.0,0.0116,Technology,23.271770477294922,0.00707305410948722,0.2040112991052661,3.1
INTC,2015-08-04 04:06:14,0.046,0.023,0.0162,0.1111111111111111,0.0,0.023,Technology,22.672466278076172,0.0027536938411756307,0.0394650880635115,3.1
INTC,2015-09-08 19:17:06,0.0325,0.0038,0.005,0.0,0.0,0.0287,Technology,23.15118408203125,0.034361696733566705,0.6448120486379413,3.1
INTC,2015-10-14 01:26:10,0.0454,0.0133,0.0122,0.0714285714285714,0.0,0.032100000000000004,Technology,25.740978240966797,0.023720278158613883,0.6897304449068824,3.1
INTC,2015-12-02 00:20:14,0.0217,0.0257,0.0244,0.5,0.0,-0.004,Technology,27.526649475097656,-0.007409067240216838,0.8251206769842031,3.1
INTC,2016-01-15 03:59:10,0.0287,0.0085,0.0138,0.1428571428571428,0.0714285714285714,0.0202,Technology,23.51975440979004,-0.0910201649061857,0.25776489788673335,3.1
INTC,2016-04-20 02:52:17,0.0282,0.0188,0.0115,0.2,0.0666666666666666,0.009399999999999999,Technology,25.51264762878418,0.012658251806090925,-0.01395672320177453,3.1
INTC,2016-06-01 17:09:09,0.0401,0.0348,0.0321,0.5,0.5,0.005299999999999999,Technology,25.459606170654297,0.0022159147775679955,-0.7231083026959598,3.1
INTC,2016-07-21 01:44:35,0.0305,0.0158,0.0063,0.2,0.0,0.014699999999999998,Technology,27.558456420898438,-0.03978769828189366,-0.9343583064090558,3.1
INTC,2016-09-07 04:53:21,0.0565,0.0124,0.0055,1.0,0.0,0.0441,Technology,29.54180908203125,-0.0030077613709613704,-0.061277213862881416,3.1
INTC,2016-10-19 04:10:18,0.0399,0.0074,0.0126,0.1333333333333333,0.0666666666666666,0.0325,Technology,28.77206802368164,-0.05933799809047147,-0.14304789202540028,3.1
INTC,2016-11-29 21:47:09,0.0382,0.0158,0.0145,0.0,0.0,0.022399999999999996,Technology,28.826637268066406,-0.00563218892952877,0.2785953447949474,3.1
INTC,2016-12-07 22:44:09,0.024,0.0051,0.0126,0.0,0.0,0.0189,Technology,28.98175811767578,0.022465553802188287,-0.36039667795366714,3.1
INTC,2017-01-27 05:01:04,0.0515,0.0053,0.0084,0.0,0.0,0.0462,Technology,31.006391525268555,0.011182216934175093,-0.13058845069880437,3.1
INTC,2017-04-28 01:18:33,0.0432,0.0067,0.0055,0.0,0.0,0.036500000000000005,Technology,29.723087310791016,-0.034197262277924745,-0.25785131941413447,3.1
INTC,2017-07-28 01:44:24,0.055,0.0054,0.0065,0.0,0.0,0.0496,Technology,29.248409271240234,0.00972276755586754,-0.16616786708395603,3.1
INTC,2017-08-08 00:24:11,0.0593,0.0317,0.0083,0.5,0.0,0.0276,Technology,30.385974884033203,-0.0005489420412563284,0.4578792989105737,3.1
INTC,2017-09-13 03:48:28,0.0192,0.0154,0.0167,0.0,0.0,0.003799999999999998,Technology,30.319217681884766,0.006650312611871545,-0.18481912983362364,3.1
INTC,2017-10-27 01:18:30,0.0519,0.0122,0.0055,0.0,0.0,0.0397,Technology,37.05403137207031,0.07376062265012773,0.35083179368566303,3.1
INTC,2017-11-14 21:26:08,0.0289,0.0039,0.0052,0.0,0.0,0.024999999999999998,Technology,38.49928665161133,0.00240451371990158,0.6413612003583691,3.1
INTC,2017-11-28 19:08:09,0.0272,0.0161,0.0186,0.5,0.0,0.011099999999999999,Technology,37.5506477355957,0.005394315638398428,0.8025669058256739,3.1
INTC,2017-12-07 02:22:20,0.0342,0.0205,0.026,0.0,0.0,0.0137,Technology,36.165489196777344,-0.008515485948480839,0.8853842130274796,3.1
INTC,2018-01-10 03:36:08,0.0153,0.0223,0.0167,0.0,0.0,-0.007000000000000001,Technology,35.6785774230957,-0.025676083921911785,0.8330209669450931,3.1
INTC,2018-01-26 04:10:11,0.045,0.0135,0.0112,0.1,0.0,0.0315,Technology,42.04195022583008,0.10551856242447921,0.8978418550934638,3.1
INTC,2018-04-27 01:00:15,0.0437,0.0098,0.0076,0.0,0.0,0.0339,Technology,44.56692886352539,-0.0060319799840937716,0.586616805831318,3.1
INTC,2018-05-15 21:19:11,0.0488,0.0113,0.0163,0.0,0.5,0.037500000000000006,Technology,45.835723876953125,-0.017850902901573762,0.3354125203900132,3.1
INTC,2018-05-17 22:36:10,0.0172,0.0275,0.0092,0.5,0.0,-0.0103,Technology,46.5922966003418,0.003111282449880015,0.11912484441262304,3.1
INTC,2018-06-06 22:52:08,0.0226,0.024,0.0141,0.0,0.0,-0.001400000000000002,Technology,48.47945022583008,0.008844838807932964,-0.8712051060938215,3.1
INTC,2018-07-27 00:44:13,0.0329,0.0085,0.0074,0.0,0.1111111111111111,0.024399999999999998,Technology,40.531307220458984,-0.08588942804246924,-0.57191993032036,3.1
INTC,2018-09-05 20:33:09,0.0274,0.0112,0.0062,0.3333333333333333,0.0,0.0162,Technology,40.8120002746582,-0.005004172080947722,-0.7790154761297695,3.1
INTC,2018-10-26 00:10:16,0.0455,0.01,0.0089,0.0,0.0,0.0355,Technology,39.07586669921875,0.031144092855780237,-0.055875428557207514,3.1
INTC,2018-11-12 21:26:09,0.0228,0.0054,0.0187,0.0,0.0,0.0174,Technology,40.14797592163086,-0.030346966330644154,0.3877128341499094,3.1
INTC,2018-11-27 18:35:10,0.032,0.0154,0.0243,0.5,0.0,0.0166,Technology,41.37006759643555,0.013066180690013196,0.7076139243818934,3.1
INTC,2018-12-04 13:56:12,0.049,0.0204,0.0122,0.5,0.0,0.0286,Technology,41.09466552734375,-0.047476480952615474,0.2596111747052471,3.1
INTC,2019-01-08 21:46:58,0.0312,0.0065,0.0143,0.0,0.0,0.0247,Technology,41.08606719970703,0.006324151295270974,-0.4694442247673574,3.1
INTC,2019-01-25 02:15:23,0.0387,0.0125,0.0073,0.2142857142857142,0.1428571428571428,0.026199999999999998,Technology,40.48362350463867,-0.05466227716834959,-0.7778693354140767,3.1
INTC,2019-04-26 02:13:10,0.0526,0.0137,0.0091,0.0666666666666666,0.0,0.038900000000000004,Technology,45.408382415771484,-0.08991500189684898,-0.829704732657262,3.1
INTC,2019-07-26 02:44:11,0.0234,0.0345,0.0172,0.0769230769230769,0.0769230769230769,-0.011100000000000002,Technology,44.95450973510742,-0.010928125205365014,-0.612973040036038,3.1
INTC,2019-09-04 20:02:34,0.0364,0.0175,0.0162,1.0,0.0,0.0189,Technology,42.91573715209961,0.04129401023550239,-0.5394071043478442,3.1
INTC,2019-10-25 02:36:08,0.0171,0.0477,0.0171,0.0769230769230769,0.1538461538461538,-0.0306,Technology,49.530311584472656,0.08098805608251292,-0.7538879550410562,3.1
INTC,2020-01-07 06:57:16,0.0614,0.0113,0.0063,0.7,0.0,0.050100000000000006,Technology,51.98167419433594,-0.016686198217337078,-0.6240681514715909,3.1
INTC,2020-01-07 22:41:45,0.02,0.04,0.02,1.0,0.0,-0.02,Technology,51.98167419433594,-0.016686198217337078,-0.49136136965246097,3.1
INTC,2020-01-08 01:58:36,0.0163,0.0041,0.0177,0.5,0.0,0.012199999999999999,Technology,52.01695251464844,0.0006786684126527387,-0.6120356574316197,3.1
INTC,2020-01-24 04:40:11,0.0324,0.0276,0.0144,0.1666666666666666,0.0833333333333333,0.004799999999999999,Technology,60.39683151245117,0.08133300504958241,-0.16583295984345517,3.1
INTC,2020-04-24 02:23:36,0.0251,0.0274,0.0107,0.0714285714285714,0.1428571428571428,-0.0023,Technology,52.530181884765625,0.0037261235078740462,0.45164669499890847,3.1
INTC,2020-07-24 00:24:11,0.0334,0.0178,0.0111,0.0909090909090909,0.0909090909090909,0.0156,Technology,45.098106384277344,-0.16241726777323695,-0.6367114508950369,3.1
INTC,2020-10-23 01:21:08,0.0432,0.0044,0.0044,0.0909090909090909,0.0909090909090909,0.0388,Technology,43.25938034057617,-0.10575121809816135,-0.6200880943468481,3.1
INTC,2021-01-22 05:59:10,0.0761,0.0059,0.007,0.2142857142857142,0.0714285714285714,0.0702,Technology,51.222068786621094,-0.09285950594345882,-0.3454511995698175,3.1
JNJ,2007-07-17 16:38:34,0.0233,0.0074,0.0032,0.1428571428571428,0.0,0.0159,Healthcare,37.81357955932617,-0.01661445476909995,,2.3
JNJ,2007-10-16 18:53:28,0.0133,0.0055,0.01,0.375,0.0,0.0078,Healthcare,39.4816780090332,-0.008834969763384715,,2.3
JNJ,2008-01-22 20:49:31,0.0191,0.0074,0.0095,0.2727272727272727,0.0,0.011699999999999999,Healthcare,39.84934997558594,-0.015387126917547067,,2.3
JNJ,2008-04-15 18:12:12,0.0274,0.0131,0.012,0.1666666666666666,0.0,0.0143,Healthcare,40.34722137451172,-0.0013687676436434648,-0.11141123584827285,2.3
JNJ,2008-07-15 20:06:27,0.0239,0.0076,0.0109,0.1428571428571428,0.0,0.016300000000000002,Healthcare,41.900333404541016,0.019424709551430386,0.7536395545155923,2.3
JNJ,2008-10-14 21:06:29,0.0225,0.0068,0.0068,0.4444444444444444,0.0,0.0157,Healthcare,39.867637634277344,0.021059333737091235,0.9643869868058329,2.3
JNJ,2009-01-20 22:33:13,0.0219,0.0142,0.0055,0.25,0.0,0.0076999999999999985,Healthcare,35.64518356323242,-0.012012540359617074,0.8826904651121701,2.3
JNJ,2009-04-14 20:11:48,0.0169,0.0203,0.009,0.1538461538461538,0.0,-0.0034000000000000002,Healthcare,32.533531188964844,0.004300898251013541,0.5699653727673261,2.3
JNJ,2009-07-14 18:53:15,0.0121,0.011,0.0066,0.1428571428571428,0.0,0.0011000000000000003,Healthcare,37.204376220703125,0.008835595934661766,0.3407239253519247,2.3
JNJ,2009-10-13 21:36:16,0.0123,0.0101,0.0067,0.2307692307692307,0.0,0.0022000000000000006,Healthcare,39.296512603759766,-0.024308130619559165,-0.5118615347647477,2.3
JNJ,2010-01-26 18:25:18,0.0198,0.0132,0.0033,0.0769230769230769,0.0,0.006600000000000002,Healthcare,40.762939453125,-0.006801508364627451,-0.4074430815393613,2.3
JNJ,2010-04-20 20:53:14,0.0255,0.0144,0.0089,0.1333333333333333,0.0,0.011099999999999999,Healthcare,43.16815185546875,-0.0006060159669575294,0.12936974493121792,2.3
JNJ,2010-07-20 18:11:46,0.0143,0.0253,0.0055,0.1333333333333333,0.0,-0.011,Healthcare,38.67084503173828,-0.016618766749894487,0.6177637562296349,2.3
JNJ,2010-10-19 21:05:30,0.0145,0.0256,0.0044,0.1875,0.0,-0.0111,Healthcare,42.174095153808594,-0.008926014978766106,0.8410847204889457,2.3
JNJ,2011-01-26 00:06:15,0.0107,0.0289,0.0107,0.2142857142857142,0.0714285714285714,-0.0182,Healthcare,40.72908401489258,-0.007858602763288092,0.6794307908100412,2.3
JNJ,2011-04-19 19:31:22,0.0178,0.0166,0.0067,0.1428571428571428,0.0,0.0011999999999999997,Healthcare,42.51481628417969,0.03688383816393559,0.8559858764870791,2.3
JNJ,2011-07-19 13:21:22,0.0202,0.0138,0.0043,0.1875,0.0,0.0063999999999999994,Healthcare,45.64030075073242,-0.005514983359211634,0.44093392585334557,2.3
JNJ,2011-10-18 19:31:15,0.0229,0.0076,0.0076,0.1333333333333333,0.8666666666666667,0.015300000000000001,Healthcare,44.45956802368164,0.00987632776435099,0.3015534633797119,2.3
JNJ,2012-01-24 19:51:09,0.018,0.0127,0.0042,0.1875,0.8125,0.005299999999999999,Healthcare,45.276161193847656,0.0,-0.3897899975239294,2.3
JNJ,2012-04-17 19:21:10,0.0197,0.0197,0.0066,0.1176470588235294,0.8823529411764706,0.0,Healthcare,45.127986907958984,0.00375128788249679,0.4955072797744516,2.3
JNJ,2012-04-26 21:01:03,0.0248,0.0087,0.005,0.5,0.0,0.0161,Healthcare,45.500431060791016,0.004966585270624879,0.6302608179422511,2.3
JNJ,2012-07-17 20:57:08,0.015,0.0182,0.0053,0.0588235294117647,0.0,-0.0032000000000000015,Healthcare,48.95897674560547,0.008035663233215917,-0.26056355700172373,2.3
JNJ,2012-10-16 17:08:05,0.0143,0.0154,0.0022,0.1428571428571428,0.0,-0.0011000000000000003,Healthcare,49.797637939453125,0.013848414728916403,-0.42747711257869314,2.3
JNJ,2013-01-22 18:41:06,0.0161,0.0172,0.0032,0.1,0.0,-0.0011000000000000003,Healthcare,52.506134033203125,-0.007374001896235827,-0.02056238227211914,2.3
JNJ,2013-04-16 17:34:08,0.028,0.0172,0.0097,0.0,0.0,0.0108,Healthcare,60.7532844543457,0.02117261180708807,0.6367770736584782,2.3
JNJ,2013-04-26 22:53:09,0.0315,0.0053,0.0066,0.2,0.2,0.0262,Healthcare,61.97650146484375,-0.0011729484483654629,-0.07723676230157911,2.3
JNJ,2013-07-16 18:47:08,0.0215,0.0151,0.0097,0.2222222222222222,0.0,0.006399999999999998,Healthcare,66.3156967163086,0.0,0.16875659305710441,2.3
JNJ,2013-10-15 16:25:06,0.0252,0.0154,0.0088,0.2,0.0,0.0098,Healthcare,66.46793365478516,0.0014476709039643598,-0.2613397903263649,2.3
JNJ,2014-01-21 19:49:05,0.0209,0.0125,0.0063,0.0833333333333333,0.0,0.008399999999999998,Healthcare,69.98345947265625,-0.010835348426329605,0.17459099796174155,2.3
JNJ,2014-03-04 19:11:06,0.0594,0.0092,0.0106,0.5,0.0,0.0502,Healthcare,69.96979522705078,0.019440563171742697,0.8977248226252479,2.3
JNJ,2014-04-15 17:45:09,0.0243,0.0127,0.0116,0.0,0.0,0.0116,Healthcare,74.36260223388672,0.021206458077054346,0.5611596782579493,2.3
JNJ,2014-07-15 19:35:09,0.025,0.0094,0.0104,0.1764705882352941,0.0,0.015600000000000001,Healthcare,77.96063995361328,-0.01992772458073999,0.4986777957428101,2.3
JNJ,2014-09-10 19:04:07,0.0268,0.0255,0.0153,0.0,0.0,0.0013000000000000025,Healthcare,79.78746032714844,0.011464337085206777,0.24040837403297863,2.3
JNJ,2014-10-14 16:33:10,0.0289,0.0139,0.0129,0.1538461538461538,0.0,0.015,Healthcare,73.72303771972656,-0.02128732325892313,-0.6409828924922044,2.3
JNJ,2015-01-20 20:17:09,0.0173,0.0133,0.0133,0.0769230769230769,0.0,0.004,Healthcare,77.47698974609375,-0.026432362545674937,-0.5672497841444554,2.3
JNJ,2015-04-14 19:18:07,0.0198,0.0177,0.0135,0.2,0.0,0.002100000000000001,Healthcare,77.42623901367188,-0.00029828280519805794,-0.6063482732039788,2.3
JNJ,2015-06-11 20:51:18,0.0308,0.0176,0.0088,0.3333333333333333,0.0,0.0132,Healthcare,76.9977035522461,0.003640845249706759,0.01007265430083698,2.3
JNJ,2015-07-14 22:43:10,0.0219,0.0156,0.0125,0.2857142857142857,0.0,0.0063,Healthcare,77.41667175292969,-0.004886639553428829,0.46099954652796077,2.3
JNJ,2015-09-10 21:32:10,0.0273,0.0104,0.0117,0.5,0.0,0.016900000000000002,Healthcare,72.48932647705078,0.005421643781866159,0.7748487982833075,2.3
JNJ,2015-09-18 00:11:16,0.0338,0.0135,0.0095,0.3333333333333333,0.0,0.0203,Healthcare,73.01313018798828,-0.01528918978376026,-0.25770584851066775,2.3
JNJ,2015-10-13 19:46:08,0.0255,0.0128,0.0074,0.0625,0.0,0.012699999999999998,Healthcare,74.62367248535156,-0.0056253264022116944,-0.2262887353577692,2.3
JNJ,2016-01-26 20:30:11,0.0219,0.0167,0.0125,0.2307692307692307,0.0,0.0052,Healthcare,79.68655395507812,0.04958463999536944,-0.8974280341489341,2.3
JNJ,2016-03-17 19:13:09,0.0472,0.0112,0.0062,0.2,0.0,0.036,Healthcare,84.67469787597656,-0.0062378297850126385,-0.6529670050922356,2.3
JNJ,2016-04-19 16:20:17,0.017,0.018,0.0149,0.1538461538461538,0.0769230769230769,-0.0009999999999999974,Healthcare,89.38677978515625,0.015775769749363233,-0.598128911319649,2.3
JNJ,2016-05-23 15:38:09,0.0223,0.0098,0.0084,0.3333333333333333,0.0,0.0125,Healthcare,89.60950469970703,-0.004261601712168939,-0.6031951453708939,2.3
JNJ,2016-06-08 20:22:20,0.0427,0.0065,0.0142,0.6666666666666666,0.0,0.0362,Healthcare,92.5176773071289,0.0006047454821080933,-0.7191847552107918,2.3
JNJ,2016-07-19 19:20:34,0.0159,0.019,0.0127,0.2,0.0,-0.0030999999999999986,Healthcare,100.06771087646484,0.017135249831835564,-0.7312290656647011,2.3
JNJ,2016-09-08 20:14:18,0.0438,0.0192,0.0233,0.6666666666666666,0.0,0.0246,Healthcare,96.08656311035156,-0.0011704323319123855,-0.6805236214509175,2.3
JNJ,2016-09-14 19:43:09,0.0388,0.0107,0.008,0.5,0.0,0.0281,Healthcare,94.79168701171875,0.002125795882944148,-0.9309808648335536,2.3
JNJ,2016-10-18 23:36:20,0.0222,0.0222,0.0095,0.0909090909090909,0.0909090909090909,0.0,Healthcare,92.82120513916016,-0.02599370568140269,0.08712088009061882,2.3
JNJ,2017-01-10 02:01:13,0.0593,0.0074,0.0148,0.5,0.0,0.0519,Healthcare,94.06999969482422,-0.0010318667446508334,0.7913471655627955,2.3
JNJ,2017-01-24 23:32:05,0.0241,0.0142,0.0131,0.1818181818181818,0.0,0.009899999999999999,Healthcare,90.5067367553711,-0.018874686081473913,0.8602778787216361,2.3
JNJ,2017-01-26 19:28:09,0.0696,0.018,0.0142,0.4285714285714285,0.0,0.05159999999999999,Healthcare,90.57152557373047,-0.008510691963413253,0.9541842423675216,2.3
JNJ,2017-03-14 16:37:05,0.0419,0.0108,0.0284,0.6666666666666666,0.0,0.0311,Healthcare,103.56990051269531,0.0029210430350359307,0.5773855709816336,2.3
JNJ,2017-04-18 19:15:10,0.0199,0.0321,0.0166,0.0,0.0,-0.012199999999999996,Healthcare,99.30643463134766,-0.031021502634741793,0.8033043939827607,2.3
JNJ,2017-06-08 17:47:07,0.0387,0.0304,0.0152,1.0,0.0,0.008299999999999998,Healthcare,107.12879180908203,-0.0015294642843175499,0.6145347528817044,2.3
JNJ,2017-06-15 21:33:24,0.0346,0.0101,0.0159,0.5,0.0,0.0245,Healthcare,109.17206573486328,0.002033491868063342,0.9206101077331105,2.3
JNJ,2017-07-18 18:30:09,0.0261,0.0283,0.0207,0.0666666666666666,0.0,-0.002199999999999997,Healthcare,110.33731079101562,0.017480209550324588,0.4583739697370595,2.3
JNJ,2017-09-05 21:01:37,0.0585,0.0247,0.0052,0.5,0.0,0.033800000000000004,Healthcare,107.27348327636719,-0.008623859459667593,-0.8320200493643588,2.3
JNJ,2017-09-14 01:19:31,0.0191,0.0368,0.0163,0.0,0.0,-0.0177,Healthcare,110.80792999267578,0.013061430841050381,-0.888555015781938,2.3
JNJ,2017-10-17 20:18:08,0.0292,0.0216,0.013,0.125,0.0,0.007599999999999999,Healthcare,116.2666015625,0.034307824363974726,-0.5255528337616613,2.3
JNJ,2017-12-07 21:25:08,0.0302,0.0245,0.0144,0.25,0.0,0.0057,Healthcare,116.33052062988281,-0.007443551376244639,-0.41744430512979486,2.3
JNJ,2017-12-14 23:16:10,0.02,0.02,0.0114,0.3333333333333333,0.0,0.0,Healthcare,117.693115234375,-0.008678313752087052,0.030643186056342125,2.3
JNJ,2018-01-09 01:02:14,0.0485,0.018,0.0083,0.3333333333333333,0.0,0.030500000000000003,Healthcare,119.76205444335938,0.01585771852316653,0.39726954061647035,2.3
JNJ,2018-01-23 22:40:05,0.027,0.0184,0.0086,0.1428571428571428,0.0,0.0086,Healthcare,117.84270477294922,-0.0425945852801638,0.5756485270847773,2.3
JNJ,2018-03-13 19:11:08,0.0396,0.0115,0.014,0.5,0.0,0.028100000000000003,Healthcare,112.34258270263672,0.012968432737231916,0.7128591481649572,2.3
JNJ,2018-03-13 20:15:09,0.0349,0.0134,0.0108,0.25,0.0,0.0215,Healthcare,112.34258270263672,0.012968432737231916,0.933932984191817,2.3
JNJ,2018-04-17 20:34:08,0.0218,0.0229,0.0109,0.1666666666666666,0.0,-0.0011000000000000003,Healthcare,109.15668487548828,-0.00925919898888572,0.6385321114646436,2.3
JNJ,2018-05-21 17:30:07,0.0366,0.007,0.0085,0.3333333333333333,0.0,0.0296,Healthcare,103.45384979248047,-0.004185388812941615,0.5804958209619276,2.3
JNJ,2018-06-12 22:13:10,0.0455,0.0026,0.0117,0.6,0.0,0.0429,Healthcare,103.22708892822266,-0.000978407836359385,0.297653439171346,2.3
JNJ,2018-07-17 20:59:08,0.0295,0.0197,0.0142,0.1428571428571428,0.0,0.0098,Healthcare,108.7616195678711,0.03544778734784981,-0.19475572483951148,2.3
JNJ,2018-09-06 18:19:07,0.0372,0.0146,0.012,0.5,0.0,0.022599999999999995,Healthcare,116.06698608398438,0.007433941070824179,-0.8563774041346761,2.3
JNJ,2018-09-06 21:51:10,0.0477,0.0079,0.0199,0.5,0.0,0.0398,Healthcare,116.06698608398438,0.007433941070824179,-0.8799787233406241,2.3
JNJ,2018-09-13 21:31:43,0.0663,0.011,0.0098,0.1538461538461538,0.0769230769230769,0.0553,Healthcare,118.62796783447266,0.003802994945673266,-0.8019971674818887,2.3
JNJ,2018-10-16 19:18:11,0.0563,0.0152,0.0152,0.1764705882352941,0.0,0.041100000000000005,Healthcare,115.80409240722656,0.019484740445928628,-0.14459989711607976,2.3
JNJ,2018-12-05 20:11:09,0.0407,0.0281,0.0169,0.0,0.0,0.0126,Healthcare,,,,2.3
JNJ,2019-01-22 19:45:21,0.0385,0.0187,0.0062,0.0909090909090909,0.0,0.019799999999999998,Healthcare,109.91909790039062,-0.014461790761700288,,2.3
JNJ,2019-02-19 19:53:09,0.047,0.0104,0.0013,0.0,0.0,0.0366,Healthcare,115.79910278320312,-0.005059258482353557,,2.3
JNJ,2019-03-01 23:02:26,0.0346,0.0284,0.0086,0.6666666666666666,0.0,0.006199999999999997,Healthcare,118.85222625732422,0.012514711758721653,,2.3
JNJ,2019-03-14 18:26:17,0.0343,0.0105,0.0198,0.3333333333333333,0.0,0.023799999999999995,Healthcare,118.5687255859375,-0.009970661036065809,-0.5961257888862347,2.3
JNJ,2019-04-16 18:22:23,0.037,0.0191,0.0034,0.2,0.0,0.0179,Healthcare,118.5687255859375,0.010987475458034801,-0.7618445885824079,2.3
JNJ,2019-07-16 20:11:43,0.0505,0.0479,0.0117,0.3076923076923077,0.0,0.002600000000000005,Healthcare,114.60550689697266,-0.01640570862348345,0.07026788527426309,2.3
JNJ,2019-09-05 20:00:08,0.041,0.0103,0.0051,0.3333333333333333,0.0,0.0307,Healthcare,112.04828643798828,-0.002172997890528161,0.4235347616502828,2.3
JNJ,2019-09-05 21:15:24,0.1087,0.0217,0.0,0.5,0.0,0.08700000000000001,Healthcare,112.04828643798828,-0.002172997890528161,0.1907379138563945,2.3
JNJ,2019-09-10 20:24:10,0.0326,0.0339,0.0169,0.25,0.0,-0.0013000000000000025,Healthcare,112.89358520507812,0.02048052249704413,-0.17001480766669175,2.3
JNJ,2019-10-15 19:48:06,0.0464,0.0464,0.0138,0.3333333333333333,0.0,0.0,Healthcare,115.76058197021484,0.016217926083650802,-0.8241006554658569,2.3
JNJ,2020-01-22 19:44:09,0.0452,0.0297,0.009,0.0833333333333333,0.0,0.015499999999999996,Healthcare,130.08436584472656,-0.006833169770630088,-0.6058508971253441,2.3
JNJ,2020-04-14 20:38:12,0.0331,0.0357,0.0102,0.4545454545454545,0.0,-0.002600000000000005,Healthcare,128.9534454345703,0.04478784741270747,-0.8665055899860074,2.3
JNJ,2020-07-16 19:57:10,0.0274,0.0384,0.0055,0.1538461538461538,0.0,-0.010999999999999996,Healthcare,132.71054077148438,0.006677603868500803,-0.4474575754868226,2.3
JNJ,2020-10-13 20:21:06,0.0341,0.0203,0.0096,0.3076923076923077,0.0769230769230769,0.0138,Healthcare,132.79721069335938,-0.022918807037815347,-0.6251116766435602,2.3
JNJ,2021-01-26 19:03:23,0.0532,0.0106,0.0095,0.0833333333333333,0.0,0.0426,Healthcare,153.6571502685547,0.02711146075479176,0.025822586193983116,2.3
JPM,2007-07-18 17:33:05,0.0422,0.0169,0.0072,0.0909090909090909,0.0909090909090909,0.025300000000000003,Financial Services,31.465635299682617,-0.02083309097099173,,2.3
JPM,2007-10-17 19:49:31,0.0212,0.0224,0.0059,0.1,0.1,-0.0011999999999999997,Financial Services,30.092348098754883,0.027931797229018063,,2.3
JPM,2008-01-16 19:57:53,0.0255,0.0093,0.0093,0.1,0.1,0.0162,Financial Services,27.12258529663086,0.05769688067454948,,2.3
JPM,2008-03-18 05:03:11,0.0281,0.0089,0.014,0.0,0.0,0.019200000000000002,Financial Services,27.960552215576172,0.05953829937078403,-0.25969533756969104,2.3
JPM,2008-04-16 19:23:19,0.0328,0.0194,0.0121,0.125,0.0,0.013400000000000002,Financial Services,29.673458099365234,0.0674264939364857,0.888299360322939,2.3
JPM,2008-07-17 18:51:32,0.0226,0.0131,0.0155,0.0909090909090909,0.0,0.009499999999999998,Financial Services,27.22944450378418,0.1352252865483312,-0.862869787961262,2.3
JPM,2008-10-15 19:51:25,0.0207,0.0149,0.0057,0.0769230769230769,0.1538461538461538,0.0058,Financial Services,25.885986328125,-0.0545316634813674,0.39064244482449034,2.3
JPM,2009-01-21 19:27:20,0.0221,0.0302,0.0197,0.125,0.125,-0.0081,Financial Services,15.405195236206055,0.25096729436834186,-0.6175766009747643,2.3
JPM,2009-04-17 12:32:38,0.0168,0.0503,0.0378,0.0833333333333333,0.0833333333333333,-0.0335,Financial Services,22.68178367614746,0.0006014486430760968,0.13695639350048908,2.3
JPM,2009-07-16 18:16:43,0.0244,0.0268,0.0171,0.0526315789473684,0.0526315789473684,-0.0023999999999999994,Financial Services,24.67516326904297,-0.0035855660804970935,-0.07344317872968976,2.3
JPM,2009-10-14 22:18:10,0.0177,0.0307,0.0012,0.0625,0.0625,-0.013000000000000001,Financial Services,32.24713134765625,0.03285216847966388,0.3097387150145956,2.3
JPM,2010-01-15 19:41:27,0.022,0.0244,0.0012,0.0526315789473684,0.0526315789473684,-0.002400000000000003,Financial Services,29.903453826904297,-0.022600111966305403,-0.28755004273175394,2.3
JPM,2010-04-14 17:59:14,0.0348,0.0273,0.0062,0.0476190476190476,0.0476190476190476,0.007499999999999996,Financial Services,32.712642669677734,0.04054932955526391,0.08173811356967853,2.3
JPM,2010-07-15 16:18:16,0.0332,0.0418,0.0025,0.0555555555555555,0.0555555555555555,-0.008599999999999997,Financial Services,27.767942428588867,0.0027263242402135734,0.16630770808272774,2.3
JPM,2010-10-13 21:33:25,0.0207,0.037,0.0044,0.0588235294117647,0.1176470588235294,-0.0163,Financial Services,27.377696990966797,-0.013861371717937554,0.7049250865656412,2.3
JPM,2011-01-20 11:06:30,0.0119,0.0269,0.0022,0.0526315789473684,0.0,-0.015,Financial Services,30.78713607788086,0.023793115893057104,0.7434081715391558,2.3
JPM,2011-04-15 07:21:26,0.0212,0.0312,0.0111,0.1176470588235294,0.0,-0.009999999999999998,Financial Services,31.050931930541992,-0.0017788728209252591,-0.005076451557329898,2.3
JPM,2011-07-14 20:11:30,0.0181,0.0362,0.0074,0.0454545454545454,0.0454545454545454,-0.0181,Financial Services,28.082050323486328,0.01842535149071245,-0.28412730875811326,2.3
JPM,2011-10-17 21:02:51,0.0106,0.033,0.0053,0.05,0.05,-0.022400000000000003,Financial Services,21.792810440063477,-0.02665388716257866,0.41882793406309854,2.3
JPM,2011-12-08 00:26:03,0.0215,0.0139,0.0088,0.25,0.25,0.007599999999999999,Financial Services,22.621273040771484,-0.05235268595883269,-0.6440128443581986,2.3
JPM,2012-01-13 19:51:09,0.0123,0.0236,0.0031,0.0434782608695652,0.8695652173913043,-0.0113,Financial Services,25.400522232055664,-0.02523783507934574,-0.6834188537556052,2.3
JPM,2012-02-28 20:31:03,0.0152,0.0117,0.0117,0.4117647058823529,0.1764705882352941,0.0034999999999999996,Financial Services,27.727027893066406,0.003840114773924874,-0.07304894588613327,2.3
JPM,2012-04-13 19:31:03,0.0271,0.0163,0.0076,0.1333333333333333,0.8666666666666667,0.0108,Financial Services,30.755599975585938,-0.036351386255546014,-0.2882322075360388,2.3
JPM,2012-07-13 14:57:06,0.0225,0.0476,0.0238,0.1052631578947368,0.1052631578947368,-0.025100000000000004,Financial Services,25.887630462646484,0.05963554981571528,-0.7687272487765001,2.3
JPM,2012-10-12 15:16:09,0.0265,0.0188,0.0033,0.0666666666666666,0.0666666666666666,0.0076999999999999985,Financial Services,30.09150505065918,-0.011401710804915477,-0.9701327965821814,2.3
JPM,2013-01-16 19:19:03,0.0389,0.0126,0.0011,0.0588235294117647,0.1176470588235294,0.026299999999999997,Financial Services,34.08369064331055,0.010140368577463255,-0.6881024522959237,2.3
JPM,2013-03-06 01:29:06,0.0232,0.0232,0.0219,0.0,0.0,0.0,Financial Services,36.42047119140625,0.01091116930222591,-0.7667345260236829,2.3
JPM,2013-04-12 15:09:08,0.029,0.0248,0.0052,0.0666666666666666,0.2,0.004200000000000002,Financial Services,35.90103530883789,-0.0060838446239711574,0.30226469747358203,2.3
JPM,2013-05-21 23:57:04,0.0318,0.033,0.0073,0.0526315789473684,0.0,-0.0011999999999999997,Financial Services,38.83845138549805,0.013960639918765727,0.03584528557903599,2.3
JPM,2013-06-11 22:57:09,0.0466,0.0282,0.0123,1.0,0.0,0.018400000000000003,Financial Services,39.182735443115234,-0.016004282574422657,-0.9167877748003224,2.3
JPM,2013-07-12 16:59:04,0.0377,0.0111,0.0166,0.0476190476190476,0.1428571428571428,0.0266,Financial Services,40.56052017211914,-0.0030827214582691553,-0.5952765908071628,2.3
JPM,2013-09-09 21:53:06,0.0213,0.0125,0.005,0.0,0.0,0.008799999999999999,Financial Services,39.003604888916016,0.00570794502077443,-0.7586388173317897,2.3
JPM,2013-10-11 16:36:06,0.0199,0.0292,0.0199,0.0666666666666666,0.1333333333333333,-0.0093,Financial Services,39.03080368041992,-0.00019054801707429903,-0.40859746976868133,2.3
JPM,2013-12-11 19:33:05,0.036,0.0161,0.0099,0.5,0.0,0.019899999999999998,Financial Services,41.676963806152344,-0.011111118151019839,-0.45967625104544085,2.3
JPM,2014-01-14 18:14:07,0.0412,0.0123,0.0145,0.0526315789473684,0.0526315789473684,0.028900000000000002,Financial Services,43.198974609375,0.0006932351122126423,-0.25713796894893,2.3
JPM,2014-04-11 17:30:08,0.0386,0.0236,0.0139,0.0666666666666666,0.0666666666666666,0.015000000000000003,Financial Services,41.63423156738281,-0.0365852022275609,-0.12342789705408708,2.3
JPM,2014-05-21 21:45:07,0.0279,0.0474,0.0042,1.0,0.0,-0.019499999999999997,Financial Services,40.74583053588867,0.007446099814484075,-0.37109232966260775,2.3
JPM,2014-06-11 18:36:08,0.0289,0.0133,0.0048,0.0,0.0,0.0156,Financial Services,43.117401123046875,-0.010880866331848815,-0.374597426126123,2.3
JPM,2014-07-15 22:02:06,0.0382,0.0084,0.0084,0.0588235294117647,0.0588235294117647,0.0298,Financial Services,44.17694854736328,0.035174706126591904,0.12304738891327306,2.3
JPM,2014-10-14 20:49:06,0.0477,0.0145,0.0166,0.0714285714285714,0.0,0.0332,Financial Services,44.260887145996094,-0.0029228979012075884,0.1448900829878001,2.3
JPM,2014-11-13 00:36:16,0.0287,0.0235,0.0091,0.5,0.0,0.0052,Financial Services,45.97057342529297,-0.005448903163126961,0.5117661623692785,2.3
JPM,2014-12-10 20:55:05,0.0183,0.0113,0.0268,0.0,0.0,0.007000000000000001,Financial Services,46.31402587890625,-0.02834281305696873,0.646933810344986,2.3
JPM,2015-01-15 15:06:05,0.0359,0.009,0.014,0.05,0.15,0.0269,Financial Services,42.24113845825195,-0.03203653645957849,0.08938758346994491,2.3
JPM,2015-04-14 17:20:08,0.0301,0.012,0.005,0.0666666666666666,0.1333333333333333,0.018099999999999998,Financial Services,48.74668884277344,0.015627530892083685,-0.13003660455752772,2.3
JPM,2015-06-02 17:16:09,0.0351,0.0267,0.007,0.5,0.0,0.008399999999999998,Financial Services,51.051029205322266,-0.0009081824212613387,-0.15061140740272977,2.3
JPM,2015-07-14 21:29:07,0.0402,0.0049,0.0059,0.0526315789473684,0.1052631578947368,0.0353,Financial Services,53.73521423339844,0.01395231725594126,-0.025354819637618882,2.3
JPM,2015-09-19 03:02:16,0.023,0.0474,0.0203,0.5,0.0,-0.024399999999999998,Financial Services,,,,2.3
JPM,2015-10-14 04:03:05,0.0319,0.0077,0.0058,0.0588235294117647,0.0588235294117647,0.0242,Financial Services,47.0283203125,-0.025345446331943022,,2.3
JPM,2015-11-17 22:26:09,0.0294,0.0103,0.0308,0.5,0.0,0.0191,Financial Services,51.841678619384766,-0.005713604669683292,,2.3
JPM,2015-12-08 21:55:06,0.024,0.0311,0.0198,0.0,0.0,-0.007099999999999999,Financial Services,51.70841598510742,-0.01552251154913764,,2.3
JPM,2016-01-14 20:09:08,0.0279,0.0129,0.0139,0.0625,0.0625,0.015000000000000001,Financial Services,45.93113708496094,0.014998075894477214,0.02378067929762544,2.3
JPM,2016-04-14 00:58:18,0.0342,0.0278,0.0128,0.1052631578947368,0.1052631578947368,0.006400000000000003,Financial Services,49.761417388916016,0.012947195526235467,0.49268952454515574,2.3
JPM,2016-05-17 19:31:42,0.0451,0.0183,0.0097,0.0625,0.0,0.0268,Financial Services,49.02202606201172,0.0,0.4811430887750959,2.3
JPM,2016-06-01 18:07:10,0.0284,0.0227,0.017,1.0,0.0,0.0057,Financial Services,52.22603225708008,0.006434806145344973,-0.5922230206928184,2.3
JPM,2016-06-03 04:03:13,0.0388,0.0263,0.0175,0.5,0.0,0.0125,Financial Services,51.39124298095703,-0.017778321840097866,-0.31754857970620676,2.3
JPM,2016-06-14 18:29:23,0.0245,0.0233,0.0155,0.0,0.0,0.0011999999999999997,Financial Services,49.35594940185547,-0.0188082717780218,0.3290303998298989,2.3
JPM,2016-07-14 19:42:12,0.0386,0.0219,0.0115,0.0526315789473684,0.0526315789473684,0.016700000000000003,Financial Services,51.37466812133789,0.015199619717405355,0.5069599896389859,2.3
JPM,2016-09-12 21:10:05,0.0231,0.0051,0.0013,0.5,0.0,0.018,Financial Services,53.730262756347656,0.0061513886074193724,0.7747884225724514,2.3
JPM,2016-10-14 18:14:08,0.0369,0.0133,0.0103,0.0,0.0833333333333333,0.023600000000000003,Financial Services,54.49210739135742,-0.003247641773731713,0.6596164883692308,2.3
JPM,2016-11-15 21:51:23,0.0374,0.024,0.0093,0.5,0.0,0.013400000000000002,Financial Services,64.04759979248047,-0.0018862850136825982,-0.258569132028813,2.3
JPM,2016-12-06 19:29:12,0.0254,0.0174,0.0174,0.5,0.0,0.008,Financial Services,67.5421371459961,0.005164979012518334,-0.49434579627389014,2.3
JPM,2017-01-13 22:06:17,0.0421,0.0086,0.0077,0.0625,0.0625,0.0335,Financial Services,70.3584976196289,0.0053337464251459465,0.0830978282602405,2.3
JPM,2017-04-13 19:15:07,0.0342,0.0101,0.0101,0.0769230769230769,0.0769230769230769,0.024100000000000003,Financial Services,68.88555908203125,-0.011709786439239811,-0.09624356312230874,2.3
JPM,2017-05-16 22:47:13,0.0372,0.0124,0.0112,0.25,0.0,0.024799999999999996,Financial Services,71.50550842285156,0.003091566272281243,-0.10740835488260184,2.3
JPM,2017-06-01 02:09:08,0.0304,0.0406,0.0217,0.0,0.5,-0.010199999999999997,Financial Services,67.79187774658203,0.011077154224245378,-0.49877853735333805,2.3
JPM,2017-06-14 03:08:08,0.0304,0.0228,0.0152,0.5,0.0,0.007599999999999999,Financial Services,71.08106994628906,-0.0020627686644253407,-0.7145044284532063,2.3
JPM,2017-07-14 17:59:08,0.0348,0.0149,0.0099,0.0833333333333333,0.0,0.019899999999999998,Financial Services,75.70672607421875,-0.009129895432236301,-0.664928760360544,2.3
JPM,2017-09-13 00:23:05,0.023,0.0365,0.0189,1.0,0.0,-0.013499999999999998,Financial Services,74.8039779663086,0.0028605649736006544,-0.8802457927836196,2.3
JPM,2017-10-12 16:49:08,0.0274,0.0112,0.0071,0.0625,0.0625,0.0162,Financial Services,79.23651123046875,-0.008777157324942664,-0.9633162809532114,2.3
JPM,2017-12-05 23:49:10,0.0484,0.0052,0.0131,0.0,0.0,0.0432,Financial Services,87.2682876586914,-0.011500746229316627,-0.9391498329471712,2.3
JPM,2017-12-08 04:27:15,0.0235,0.0301,0.0131,0.5,0.0,-0.006599999999999998,Financial Services,87.44164276123047,0.012521674047938802,-0.8364580297789062,2.3
JPM,2018-01-12 20:09:07,0.0251,0.012,0.0076,0.0666666666666666,0.0666666666666666,0.0131,Financial Services,93.4897689819336,0.016510099159974034,-0.7357888569908401,2.3
JPM,2018-04-13 18:51:10,0.0204,0.0269,0.0183,0.0,0.0769230769230769,-0.006499999999999999,Financial Services,91.98735809326172,-0.02707933613980462,-0.05789279534310572,2.3
JPM,2018-05-15 22:05:07,0.0349,0.0048,0.0036,0.4,0.0,0.030100000000000002,Financial Services,94.26409912109375,-0.00763841668509968,0.11493601230789458,2.3
JPM,2018-05-29 18:09:08,0.0468,0.0227,0.0284,0.5,0.0,0.0241,Financial Services,88.34290313720703,-0.04274325813386004,0.0475699012010596,2.3
JPM,2018-06-01 18:37:11,0.0272,0.0505,0.0181,1.0,0.0,-0.023300000000000005,Financial Services,90.4028091430664,0.012989454435561543,-0.5417777289136775,2.3
JPM,2018-06-13 02:13:08,0.033,0.03,0.003,0.5,0.0,0.0030000000000000027,Financial Services,91.712158203125,-0.001996522358260866,-0.7220057814409249,2.3
JPM,2018-07-13 19:19:07,0.0406,0.0089,0.005,0.0769230769230769,0.0769230769230769,0.0317,Financial Services,89.18354034423828,-0.004585502865715796,-0.6617684362906453,2.3
JPM,2018-09-14 01:36:52,0.0503,0.0252,0.0305,0.0,0.0,0.025099999999999997,Financial Services,95.17045593261719,-0.00017609275896479648,-0.8821492244754161,2.3
JPM,2018-10-12 18:34:18,0.0347,0.0077,0.0039,0.0625,0.125,0.027000000000000003,Financial Services,90.30623626708984,-0.010912814719214126,-0.37238574062693186,2.3
JPM,2018-12-04 20:52:11,0.0363,0.0444,0.0135,1.0,0.0,-0.008100000000000003,Financial Services,90.54267120361328,-0.04463630702897303,0.9585660983477017,2.3
JPM,2019-01-15 23:33:12,0.0294,0.0176,0.0098,0.0588235294117647,0.1176470588235294,0.011799999999999998,Financial Services,86.55360412597656,0.007331168034917512,0.7398094805281513,2.3
JPM,2019-04-12 22:23:11,0.0382,0.011,0.011,0.0588235294117647,0.1176470588235294,0.0272,Financial Services,95.39025115966797,0.046879696748801214,0.7583674114320881,2.3
JPM,2019-05-28 18:19:11,0.017,0.0628,0.0288,0.5,0.0,-0.045799999999999993,Financial Services,93.08290100097656,-0.01084670135408039,0.6137843080631268,2.3
JPM,2019-07-16 16:39:09,0.0385,0.0257,0.0154,0.0769230769230769,0.0769230769230769,0.012799999999999999,Financial Services,99.44310760498047,0.010711009247230674,0.8171222373898279,2.3
JPM,2019-10-16 00:10:08,0.0161,0.0403,0.0067,0.0769230769230769,0.0,-0.024200000000000003,Financial Services,104.21031188964844,-0.00233415925237368,0.8994637841953875,2.3
JPM,2019-12-10 21:20:11,0.0446,0.0122,0.0149,0.0,0.0,0.0324,Financial Services,117.11470794677734,0.0006697442045191515,0.7434371670093419,2.3
JPM,2020-04-14 20:03:08,0.0174,0.0535,0.0187,0.0769230769230769,0.1538461538461538,-0.0361,Financial Services,84.55928039550781,-0.027396052159672557,0.7331477164502228,2.3
JPM,2020-05-28 03:08:08,0.0303,0.0386,0.0331,0.5,0.0,-0.008300000000000002,Financial Services,88.41978454589844,-0.014895871530545612,0.6883257867068029,2.3
JPM,2020-06-09 21:40:09,0.0342,0.0137,0.0096,0.5,0.0,0.0205,Financial Services,97.87627410888672,-0.02564990399922229,0.6327636336118291,2.3
JPM,2020-07-14 21:51:45,0.0208,0.0252,0.0175,0.0625,0.0,-0.004400000000000001,Financial Services,87.80619049072266,0.005734616994558461,0.11470551130194337,2.3
JPM,2020-10-14 05:13:05,0.0163,0.0091,0.0122,0.0625,0.125,0.007199999999999998,Financial Services,90.4347152709961,-0.00555668673681442,-0.6079188500362486,2.3
KO,2006-10-19 15:49:02,0.06,0.0136,0.0023,0.2,0.0,0.0464,Consumer Defensive,12.952201843261719,0.021610297336129847,,2.2
KO,2007-02-14 17:10:49,0.0412,0.0115,0.0034,0.1333333333333333,0.0,0.0297,Consumer Defensive,13.901081085205078,-0.006845357655424822,,2.2
KO,2007-04-17 17:21:54,0.0563,0.0117,0.0035,0.125,0.0,0.0446,Consumer Defensive,15.079328536987305,0.02586024787014174,,2.2
KO,2007-07-17 16:33:08,0.0678,0.0071,0.0024,0.3076923076923077,0.0,0.0607,Consumer Defensive,15.65123462677002,-0.012627756987979355,-0.11219913084300602,2.2
KO,2007-10-17 17:21:56,0.0466,0.0035,0.0023,0.0833333333333333,0.0,0.0431,Consumer Defensive,17.500762939453125,0.023026411881567066,-0.17627323584821025,2.2
KO,2008-02-13 18:02:10,0.0681,0.0058,0.0023,0.3333333333333333,0.0,0.062299999999999994,Consumer Defensive,17.685083389282227,-0.008845276922930578,-0.9834700088942276,2.2
KO,2008-04-16 17:38:15,0.0758,0.0078,0.0022,0.2857142857142857,0.0,0.068,Consumer Defensive,18.326274871826172,0.003445757876659572,-0.7403386056096365,2.2
KO,2008-07-17 16:29:15,0.0592,0.0239,0.0034,0.2941176470588235,0.0,0.0353,Consumer Defensive,15.18605899810791,-0.03821230406740117,0.33616066733157984,2.2
KO,2008-10-15 18:53:21,0.0556,0.0163,0.0033,0.2142857142857142,0.0,0.0393,Consumer Defensive,13.431676864624023,0.010976281260630438,0.41275088800592397,2.2
KO,2009-02-12 22:24:06,0.0598,0.015,0.0035,0.1666666666666666,0.0,0.0448,Consumer Defensive,13.601041793823242,0.07559945722739503,0.1339012958798048,2.2
KO,2009-04-21 18:22:26,0.0667,0.0158,0.0079,0.1538461538461538,0.0,0.050899999999999994,Consumer Defensive,13.342418670654297,-0.027972063925426727,0.16915391642114988,2.2
KO,2009-07-21 19:37:27,0.0607,0.0112,0.0034,0.1428571428571428,0.0,0.049499999999999995,Consumer Defensive,15.723579406738281,-0.013325464210522053,-0.4910762542165817,2.2
KO,2009-10-20 18:25:10,0.0625,0.017,0.0011,0.0909090909090909,0.1818181818181818,0.0455,Consumer Defensive,17.023269653320312,-0.013141060265417392,-0.7148007447840832,2.2
KO,2010-02-09 21:25:10,0.0516,0.0164,0.0035,0.1818181818181818,0.1818181818181818,0.035199999999999995,Consumer Defensive,17.125205993652344,0.025831038262978723,-0.9713964440879265,2.2
KO,2010-04-20 19:42:12,0.0609,0.0102,0.0023,0.0714285714285714,0.2142857142857142,0.0507,Consumer Defensive,17.41241455078125,-0.015365128205238832,-0.9593512951712089,2.2
KO,2010-07-21 19:45:16,0.0691,0.0197,0.0055,0.1,0.2,0.0494,Consumer Defensive,17.434001922607422,0.015777807363080543,-0.6439795154226817,2.2
KO,2010-10-19 21:33:23,0.0502,0.0112,0.0011,0.2,0.1,0.039,Consumer Defensive,19.599422454833984,0.005666460132534912,-0.6427201634558394,2.2
KO,2011-02-09 19:11:38,0.0623,0.0044,0.0011,0.3333333333333333,0.1111111111111111,0.0579,Consumer Defensive,20.65390396118164,0.004453656069185907,-0.1296458711483165,2.2
KO,2011-04-26 21:01:20,0.0527,0.011,0.0033,0.3333333333333333,0.1111111111111111,0.0417,Consumer Defensive,22.04892349243164,-0.011957550362875269,0.3569322063109089,2.2
KO,2011-07-19 17:51:11,0.0498,0.0144,0.0022,0.3,0.1,0.0354,Consumer Defensive,23.00159454345703,0.03277733282816908,-0.3716023684854468,2.2
KO,2011-09-22 01:01:02,0.0659,0.0079,0.0105,0.4210526315789473,0.1578947368421052,0.057999999999999996,Consumer Defensive,22.657360076904297,-0.021073769731215553,-0.6199939485706272,2.2
KO,2011-10-18 17:01:27,0.0346,0.0123,0.0078,0.25,0.75,0.0223,Consumer Defensive,22.296552658081055,-0.00388058137142,-0.46124232036339874,2.2
KO,2011-12-15 21:11:08,0.0443,0.0156,0.0084,0.5,0.0,0.0287,Consumer Defensive,22.508991241455078,0.009507918104000534,-0.4729423666695247,2.2
KO,2012-02-07 18:31:04,0.0507,0.0115,0.0058,0.3333333333333333,0.6666666666666666,0.0392,Consumer Defensive,23.067604064941406,0.0076442727442922465,-0.6794622990664764,2.2
KO,2012-04-17 18:01:07,0.0531,0.0196,0.0081,0.3333333333333333,0.6666666666666666,0.0335,Consumer Defensive,25.06697654724121,0.020844631978873318,0.5931517182108287,2.2
KO,2012-04-25 20:31:02,0.0366,0.0094,0.0047,0.3333333333333333,0.0,0.027200000000000002,Consumer Defensive,25.39917755126953,0.010928425361599103,-0.05079688420745143,2.2
KO,2012-07-17 18:11:05,0.042,0.0102,0.0057,0.3,0.7,0.0318,Consumer Defensive,26.514558792114258,0.015821329342127655,-0.23785313772325567,2.2
KO,2012-10-16 16:41:05,0.0399,0.0125,0.0046,0.3,0.7,0.027399999999999997,Consumer Defensive,26.04537582397461,-0.006031457390262229,0.7895176805268692,2.2
KO,2013-02-12 18:28:08,0.0352,0.017,0.0068,0.5,0.0833333333333333,0.0182,Consumer Defensive,25.988811492919922,-0.027195307561456716,0.9289956434434914,2.2
KO,2013-04-16 17:03:06,0.0578,0.0131,0.0011,0.3636363636363636,0.0909090909090909,0.0447,Consumer Defensive,29.529211044311523,0.05687182600081164,0.9940333020793914,2.2
KO,2013-07-16 17:44:05,0.0431,0.0318,0.0057,0.3846153846153846,0.0769230769230769,0.011299999999999998,Consumer Defensive,28.231552124023438,-0.019019983900263826,0.9363604609342696,2.2
KO,2013-09-04 18:28:07,0.0505,0.0027,0.0053,1.0,0.0,0.0478,Consumer Defensive,27.045595169067383,0.016886139967557945,0.8460207124669248,2.2
KO,2013-10-15 17:00:03,0.0349,0.0207,0.0022,0.4285714285714285,0.1428571428571428,0.0142,Consumer Defensive,26.620262145996094,-0.006593982273169763,0.8330171087006498,2.2
KO,2014-02-18 20:48:04,0.0406,0.0224,0.0053,0.2727272727272727,0.0,0.018199999999999997,Consumer Defensive,26.671489715576172,-0.03750342346549074,0.7569614730324359,2.2
KO,2014-02-21 22:36:06,0.0394,0.0108,0.0084,0.7142857142857143,0.0,0.028599999999999997,Consumer Defensive,26.465070724487305,-0.0032167879289921597,0.757583165141755,2.2
KO,2014-04-15 19:06:09,0.049,0.01,0.0022,0.4615384615384615,0.0769230769230769,0.039,Consumer Defensive,28.827104568481445,0.03743871877318172,0.8165896210668262,2.2
KO,2014-07-22 20:15:05,0.0509,0.0141,0.0,0.25,0.0,0.0368,Consumer Defensive,29.773958206176758,-0.028538272724206393,0.6430850154634905,2.2
KO,2014-09-04 20:14:05,0.0669,0.0144,0.0118,0.3333333333333333,0.0,0.052500000000000005,Consumer Defensive,30.265506744384766,0.0021541349627320905,0.15281315281474697,2.2
KO,2014-10-21 19:30:08,0.0402,0.0231,0.0037,0.3333333333333333,0.0,0.0171,Consumer Defensive,29.619544982910156,-0.06029130586353215,0.7000414001031812,2.2
KO,2014-11-19 20:03:06,0.0391,0.0052,0.0052,0.5,0.0,0.0339,Consumer Defensive,32.19705581665039,0.015850929278835357,0.7137767829758471,2.2
KO,2014-12-16 02:50:07,0.0307,0.0154,0.0047,0.0,0.0,0.015300000000000001,Consumer Defensive,29.61167335510254,-0.0044368322291431506,0.5386532380602227,2.2
KO,2015-02-10 20:04:09,0.0421,0.014,0.0035,0.3076923076923077,0.0,0.0281,Consumer Defensive,31.085289001464844,0.028377413037331545,0.6881070092856105,2.2
KO,2015-02-20 21:06:21,0.0693,0.0146,0.0122,0.5,0.0,0.0547,Consumer Defensive,30.77004623413086,-0.0033246265224177174,-0.1515108881691688,2.2
KO,2015-04-22 19:05:19,0.0398,0.0141,0.0023,0.2666666666666666,0.0,0.0257,Consumer Defensive,30.537466049194336,0.012996313829403583,-0.20306256722488228,2.2
KO,2015-07-22 18:16:10,0.0411,0.0137,0.0023,0.3846153846153846,0.0,0.027399999999999997,Consumer Defensive,30.48382568359375,-0.0070404846037355195,-0.4389654936944057,2.2
KO,2015-09-09 21:15:06,0.0555,0.0106,0.0053,1.0,0.0,0.0449,Consumer Defensive,28.545970916748047,-0.015424477727252528,-0.4882549423213643,2.2
KO,2015-10-21 17:58:07,0.0378,0.0165,0.0059,0.3076923076923077,0.0,0.0213,Consumer Defensive,31.717735290527344,-0.002364440050298011,-0.6704191606426991,2.2
KO,2015-11-17 17:16:15,0.037,0.0092,0.0069,0.3333333333333333,0.0,0.0278,Consumer Defensive,31.32679557800293,-0.006911480672844195,-0.9932301857654257,2.2
KO,2016-02-09 18:54:10,0.0572,0.0219,0.0061,0.3076923076923077,0.0769230769230769,0.0353,Consumer Defensive,32.80183792114258,0.015239804631270282,-0.2319620214713552,2.2
KO,2016-04-20 17:46:06,0.0463,0.0243,0.0023,0.2222222222222222,0.0555555555555555,0.022000000000000002,Consumer Defensive,33.87455368041992,-0.047854066231746706,0.6868736695690878,2.2
KO,2016-06-16 15:51:35,0.0478,0.007,0.0113,0.3333333333333333,0.0,0.0408,Consumer Defensive,34.85748291015625,0.00666539828407009,0.8646806909588444,2.2
KO,2016-07-27 17:52:33,0.0423,0.0459,0.006,0.3333333333333333,0.0,-0.003600000000000006,Consumer Defensive,33.38808822631836,-0.032976837040141316,0.7007522977192121,2.2
KO,2016-09-07 01:27:18,0.0373,0.0069,0.0055,0.5,0.0,0.0304,Consumer Defensive,33.57273483276367,-0.003425378442038274,0.6737474167784386,2.2
KO,2016-10-26 19:56:16,0.0404,0.0208,0.0023,0.0,0.0666666666666666,0.0196,Consumer Defensive,32.91630172729492,-0.002350983825568864,0.9556172935754481,2.2
KO,2016-11-15 20:21:05,0.0518,0.0091,0.0052,0.5,0.0,0.0427,Consumer Defensive,32.140689849853516,0.006557776378302238,0.9512047282214793,2.2
KO,2017-02-09 18:05:05,0.0404,0.0285,0.0059,0.1428571428571428,0.0,0.011899999999999997,Consumer Defensive,32.263816833496094,-0.018324117535087336,0.8942322871104765,2.2
KO,2017-04-26 06:26:53,0.0575,0.0216,0.006,0.0,0.0625,0.0359,Consumer Defensive,34.11882019042969,0.003015873567689953,0.9156933819299942,2.2
KO,2017-07-26 18:18:24,0.051,0.022,0.007,0.0,0.0588235294117647,0.028999999999999998,Consumer Defensive,36.388465881347656,0.011052021013816526,0.816823958764665,2.2
KO,2017-09-05 23:21:32,0.0412,0.008,0.0053,0.5,0.0,0.0332,Consumer Defensive,36.53167724609375,0.0030582269741108448,0.8473466151003829,2.2
KO,2017-10-25 18:35:08,0.0453,0.0244,0.0035,0.0,0.0526315789473684,0.0209,Consumer Defensive,36.92658615112305,-0.0028152714647322608,0.4087046054839899,2.2
KO,2017-11-18 01:04:05,0.041,0.0127,0.0042,0.3181818181818182,0.0454545454545454,0.028300000000000002,Consumer Defensive,,,,2.2
KO,2018-02-16 19:01:52,0.043,0.0151,0.0035,0.0,0.0,0.027899999999999994,Consumer Defensive,36.36429214477539,0.004466246834265997,,2.2
KO,2018-04-24 19:13:11,0.0493,0.0172,0.0011,0.1176470588235294,0.0,0.0321,Consumer Defensive,35.127525329589844,-0.020690994432857157,,2.2
KO,2018-06-13 19:09:09,0.0575,0.0061,0.0086,0.0,0.0,0.0514,Consumer Defensive,36.03282165527344,-0.005179166556081749,,2.2
KO,2018-07-25 16:52:12,0.0454,0.0193,0.0045,0.0,0.0,0.0261,Consumer Defensive,37.925392150878906,0.018338757794194915,-0.38727816209233956,2.2
KO,2018-08-31 18:16:55,0.0444,0.0157,0.0013,0.0769230769230769,0.0,0.028700000000000003,Consumer Defensive,36.674652099609375,-0.00845378840446498,-0.2520538766589848,2.2
KO,2018-10-30 17:36:27,0.0423,0.0176,0.0035,0.0,0.0588235294117647,0.024699999999999996,Consumer Defensive,39.525962829589844,0.025182712964603837,-0.6106846680740105,2.2
KO,2018-11-13 23:38:19,0.0403,0.004,0.0215,0.0,0.0,0.0363,Consumer Defensive,41.37653350830078,-0.00020039112217551391,-0.6518134609400651,2.2
KO,2019-02-14 19:02:28,0.0493,0.0224,0.0067,0.0625,0.0,0.026899999999999997,Consumer Defensive,38.13222122192383,-0.08435433733271092,0.11235965967788122,2.2
KO,2019-04-23 18:25:08,0.0446,0.0195,0.0011,0.125,0.0,0.0251,Consumer Defensive,40.67565155029297,0.017088386879171136,-0.037627476739530936,2.2
KO,2019-06-12 12:00:08,0.0317,0.0141,0.0141,0.0,0.0,0.017599999999999998,Consumer Defensive,43.569602966308594,0.0060392248814338245,-0.10701655146916852,2.2
KO,2019-07-23 16:59:08,0.0481,0.039,0.0156,0.0625,0.0625,0.009099999999999997,Consumer Defensive,46.19704818725586,0.060718563776358314,-0.7895123586659971,2.2
KO,2019-09-05 16:30:08,0.0443,0.0086,0.0057,0.0,0.0,0.035699999999999996,Consumer Defensive,46.8687858581543,-0.011654975840335369,-0.8688962624609076,2.2
KO,2019-10-18 17:13:10,0.0318,0.0268,0.0076,0.05,0.05,0.005000000000000001,Consumer Defensive,46.920249938964844,0.018405020743404332,-0.7181539756802595,2.2
KO,2020-01-30 20:00:06,0.0462,0.02,0.0062,0.0666666666666666,0.0,0.026199999999999998,Consumer Defensive,50.79142761230469,0.03245045955853132,-0.6290570248231964,2.2
KO,2020-04-21 17:00:07,0.0341,0.0433,0.0184,0.1176470588235294,0.0,-0.0092,Consumer Defensive,39.50271987915039,-0.024715052175017793,0.33883939807089064,2.2
KO,2020-05-27 21:01:58,0.0467,0.0297,0.0127,0.0,0.0,0.016999999999999998,Consumer Defensive,40.677852630615234,0.013885637667206074,0.9027716819033684,2.2
KO,2020-07-21 19:33:07,0.058,0.0296,0.0074,0.1333333333333333,0.0,0.0284,Consumer Defensive,41.460262298583984,0.023417233599165144,0.980090398375618,2.2
KO,2020-10-22 21:46:59,0.0515,0.0299,0.0036,0.1176470588235294,0.0,0.021599999999999998,Consumer Defensive,44.87742614746094,0.013802350411054265,0.991895825833099,2.2
KO,2021-02-10 18:26:49,0.0378,0.026,0.0106,0.0666666666666666,0.0,0.011800000000000001,Consumer Defensive,44.265472412109375,-0.002012071050232267,0.9351210091773858,2.2
LMT,2008-01-25 01:20:06,0.0615,0.0116,0.0104,0.0666666666666666,0.0,0.0499,Industrials,63.27259063720703,-0.0038715404094470385,,2.4
LMT,2008-04-22 21:07:12,0.0581,0.0112,0.0089,0.0,0.0714285714285714,0.0469,Industrials,62.5020866394043,-0.026086100054424133,,2.4
LMT,2008-07-23 01:56:22,0.0557,0.0164,0.0076,0.0,0.125,0.0393,Industrials,64.59069061279297,0.028494327357028837,,2.4
LMT,2008-10-21 22:59:16,0.0474,0.0108,0.0075,0.0,0.0,0.036599999999999994,Industrials,51.08262252807617,-0.09686786345530007,0.40442852199273155,2.4
LMT,2009-01-23 02:09:17,0.0569,0.0103,0.0091,0.2727272727272727,0.0,0.0466,Industrials,49.52146530151367,-0.048190115698186875,0.18070042382560225,2.4
LMT,2009-04-21 20:49:21,0.04,0.013,0.0151,0.0,0.0,0.027000000000000003,Industrials,46.879783630371094,0.004093502221926615,-0.26277776208786185,2.4
LMT,2009-07-21 22:45:25,0.035,0.0202,0.0117,0.0,0.0,0.014800000000000004,Industrials,46.64384841918945,-0.08500820599302394,0.06653867945864814,2.4
LMT,2009-10-20 21:09:12,0.0486,0.0099,0.0133,0.0625,0.0625,0.0387,Industrials,45.03422546386719,-0.06494276330239279,0.16308160999374677,2.4
LMT,2010-01-28 22:56:22,0.0299,0.0204,0.012,0.15,0.05,0.009499999999999998,Industrials,48.02146530151367,-0.012705732398554881,-0.12954075834741582,2.4
LMT,2010-04-21 16:55:14,0.0533,0.0097,0.0145,0.0666666666666666,0.0,0.0436,Industrials,54.836097717285156,0.015063806938553581,0.2966326735764006,2.4
LMT,2010-07-27 23:06:25,0.0346,0.0173,0.021,0.1875,0.125,0.0173,Industrials,47.980037689208984,-0.00013355211501631103,-0.1567256548930772,2.4
LMT,2010-10-19 23:17:26,0.0421,0.0129,0.014,0.25,0.0833333333333333,0.029199999999999997,Industrials,44.91099166870117,-0.008138169775340542,0.815436643775019,2.4
LMT,2011-01-28 03:06:16,0.0427,0.0185,0.0127,0.1578947368421052,0.0526315789473684,0.024200000000000003,Industrials,51.11193084716797,-0.011378306996401855,0.6912702430004589,2.4
LMT,2011-04-26 20:21:19,0.0331,0.0187,0.0143,0.1578947368421052,0.0526315789473684,0.014399999999999996,Industrials,52.148502349853516,0.02066107403270312,-0.827310167510404,2.4
LMT,2011-07-26 21:21:15,0.031,0.0177,0.0188,0.15,0.05,0.0133,Industrials,53.842376708984375,0.019168029340462134,-0.9366332644234886,2.4
LMT,2011-10-27 00:41:16,0.0338,0.0214,0.0169,0.15,0.8,0.012399999999999998,Industrials,50.91362380981445,-0.009168606503658028,-0.5106532359621977,2.4
LMT,2012-01-27 01:01:06,0.0342,0.0364,0.0137,0.2,0.7333333333333333,-0.0022000000000000006,Industrials,55.9176139831543,-0.005456989081340402,0.5712390799257626,2.4
LMT,2012-04-26 22:31:03,0.0278,0.0069,0.0093,1.0,0.0,0.0209,Industrials,63.22416687011719,0.007913788766813035,0.48012130483150095,2.4
LMT,2012-04-26 22:31:06,0.0584,0.0087,0.0161,0.2222222222222222,0.7222222222222222,0.0497,Industrials,63.22416687011719,0.007913788766813035,0.7397768029853377,2.4
LMT,2012-07-24 19:51:11,0.0437,0.0157,0.0101,0.2105263157894736,0.7368421052631579,0.028000000000000004,Industrials,61.26061248779297,0.010126041970882405,0.787383077435516,2.4
LMT,2012-10-25 02:01:06,0.0468,0.024,0.0084,0.2,0.8,0.0228,Industrials,65.99797058105469,-0.003939342507937482,0.33245890435568154,2.4
LMT,2012-11-12 16:12:04,0.0474,0.025,0.0066,0.2727272727272727,0.6363636363636364,0.022399999999999996,Industrials,63.35945129394531,-0.0018896989353722748,0.6255944828716874,2.4
LMT,2013-01-24 22:47:11,0.0605,0.0112,0.0034,0.1666666666666666,0.1111111111111111,0.0493,Industrials,66.60379028320312,-0.029353038562846545,-0.8350745660569168,2.4
LMT,2013-03-05 21:31:23,0.0177,0.0313,0.0177,0.5,0.0,-0.013600000000000001,Industrials,63.55548095703125,0.008152018689616236,-0.9245255018893223,2.4
LMT,2013-04-23 16:50:12,0.035,0.0197,0.0066,0.2,0.2,0.015300000000000005,Industrials,70.25047302246094,0.012624219502375356,-0.832192792461063,2.4
LMT,2013-05-30 23:04:10,0.0169,0.0091,0.0246,0.5,0.0,0.007799999999999998,Industrials,78.30574798583984,0.008195073152825305,-0.8427626494820032,2.4
LMT,2013-07-23 18:29:07,0.0323,0.0156,0.0111,0.1764705882352941,0.1176470588235294,0.016700000000000003,Industrials,86.27316284179688,0.019628394550883277,0.6857027598596139,2.4
LMT,2013-10-22 17:21:12,0.049,0.014,0.0082,0.0714285714285714,0.1428571428571428,0.035,Industrials,96.0435562133789,0.03790927497846863,0.9844886019510095,2.4
LMT,2014-01-23 23:46:07,0.0406,0.0147,0.0124,0.0714285714285714,0.0714285714285714,0.0259,Industrials,112.18165588378906,-0.039323396674242894,0.11748071041209314,2.4
LMT,2014-04-22 21:26:08,0.0454,0.0055,0.01,0.2142857142857142,0.0714285714285714,0.039900000000000005,Industrials,117.7773666381836,-0.029723225665418296,-0.18362598620487564,2.4
LMT,2014-05-29 23:18:04,0.0466,0.0165,0.006,0.5,0.0,0.030100000000000002,Industrials,123.64756774902344,0.014803398729856365,0.15406690610530424,2.4
LMT,2014-07-22 20:35:07,0.0493,0.0149,0.008,0.0588235294117647,0.0588235294117647,0.0344,Industrials,127.22479248046875,0.030003605962104496,0.10389163936961791,2.4
LMT,2014-10-21 20:44:08,0.0492,0.0069,0.0069,0.1666666666666666,0.1666666666666666,0.042300000000000004,Industrials,131.8102264404297,-0.01663508622343246,-0.7819650983701415,2.4
LMT,2015-01-27 22:41:10,0.0543,0.0078,0.0122,0.0714285714285714,0.0714285714285714,0.0465,Industrials,146.67588806152344,-0.02621639489341976,-0.8852071445872417,2.4
LMT,2015-04-21 21:11:08,0.0431,0.0102,0.0102,0.1666666666666666,0.1666666666666666,0.0329,Industrials,152.20875549316406,-0.002591622178102493,-0.7830101013723845,2.4
LMT,2015-07-20 22:45:07,0.0426,0.0035,0.0095,0.1052631578947368,0.1578947368421052,0.039099999999999996,Industrials,160.32032775878906,0.0196346638906435,-0.5920413604669119,2.4
LMT,2015-10-20 22:12:07,0.0336,0.0093,0.0185,0.1875,0.0625,0.0243,Industrials,164.33380126953125,-0.0090677216216547,-0.19743173123939625,2.4
LMT,2016-01-26 21:59:10,0.0518,0.0092,0.0127,0.1875,0.1875,0.0426,Industrials,166.49520874023438,-0.0051180016123911765,0.4667603593206811,2.4
LMT,2016-04-26 21:36:16,0.0549,0.0103,0.0103,0.0555555555555555,0.1111111111111111,0.0446,Industrials,185.51699829101562,0.025895026611749916,0.6306699202481544,2.4
LMT,2016-07-19 20:30:40,0.0635,0.0127,0.0081,0.1764705882352941,0.1764705882352941,0.0508,Industrials,208.35589599609375,0.010417544612343121,0.6372223514420875,2.4
LMT,2016-10-25 20:16:21,0.0432,0.0133,0.0166,0.0,0.1052631578947368,0.029900000000000003,Industrials,201.91517639160156,0.07365621501241337,-0.81700354700949,2.4
LMT,2017-01-24 23:21:09,0.0313,0.0156,0.0145,0.2142857142857142,0.2142857142857142,0.015700000000000002,Industrials,206.2836456298828,-0.01774909794467039,0.19801635343277113,2.4
LMT,2017-04-26 06:26:56,0.0422,0.0217,0.008,0.0,0.1333333333333333,0.0205,Industrials,222.02755737304688,0.0012221809675556639,0.27268345507424735,2.4
LMT,2017-07-18 22:42:07,0.0331,0.0068,0.016,0.0555555555555555,0.0555555555555555,0.026299999999999997,Industrials,237.0501251220703,-0.005892534152509787,0.7849977383513826,2.4
LMT,2017-10-24 19:50:39,0.027,0.0079,0.0146,0.0,0.2142857142857142,0.0191,Industrials,260.37615966796875,-0.023633611560938905,0.5330584474742203,2.4
LMT,2018-01-29 22:12:05,0.0382,0.0067,0.0135,0.0714285714285714,0.2857142857142857,0.0315,Industrials,294.0301208496094,0.018904145834701458,0.8078996381610628,2.4
LMT,2018-04-25 00:53:10,0.0377,0.0144,0.0078,0.1666666666666666,0.2222222222222222,0.023299999999999998,Industrials,277.2378234863281,-0.020773293976834473,0.9574826043418184,2.4
LMT,2018-07-24 20:26:58,0.0405,0.0175,0.0055,0.1176470588235294,0.1764705882352941,0.023,Industrials,273.1083984375,0.013319582684100828,0.7509008814395527,2.4
LMT,2018-10-23 19:39:08,0.04,0.0086,0.0076,0.0666666666666666,0.1333333333333333,0.0314,Industrials,273.77679443359375,-0.016616668714669935,0.1270671043284495,2.4
LMT,2019-01-29 21:00:06,0.028,0.0112,0.0145,0.0714285714285714,0.1428571428571428,0.016800000000000002,Industrials,250.6376495361328,0.014520252866214056,-0.6767088061092873,2.4
LMT,2019-03-07 23:41:08,0.0262,0.0138,0.0234,0.6666666666666666,0.0,0.012400000000000001,Industrials,261.9169006347656,-0.0010221998481017014,-0.5468051416280323,2.4
LMT,2019-04-23 18:12:17,0.0342,0.0044,0.011,0.0588235294117647,0.2352941176470588,0.0298,Industrials,287.9263000488281,0.056588266308422064,0.21028554850224937,2.4
LMT,2019-07-24 01:17:25,0.0376,0.0269,0.0108,0.2,0.2,0.010700000000000001,Industrials,320.9359130859375,0.031022959425270225,0.7636683494066786,2.4
LMT,2019-10-22 22:00:06,0.0373,0.0236,0.0162,0.2307692307692307,0.1538461538461538,0.0137,Industrials,326.9656066894531,-0.0009891262317339722,0.7650548771026631,2.4
LMT,2019-12-05 18:37:27,0.0297,0.0203,0.0149,0.0,0.0,0.009400000000000002,Industrials,339.7613220214844,0.003536304585144423,0.7980154549398915,2.4
LMT,2020-01-28 19:48:07,0.0379,0.0208,0.0098,0.2307692307692307,0.1538461538461538,0.017100000000000004,Industrials,384.8615417480469,0.011078199930810273,-0.18615051264608015,2.4
LMT,2020-04-21 19:25:37,0.0319,0.0279,0.0146,0.0769230769230769,0.2307692307692307,0.003999999999999997,Industrials,330.8212890625,-0.025495500119876335,0.8873040169196103,2.4
LMT,2020-05-27 17:02:06,0.028,0.0221,0.0147,0.5,0.0,0.005899999999999999,Industrials,351.7988586425781,0.06695316214501945,0.008146928936319147,2.4
LMT,2020-06-02 20:20:11,0.0223,0.0223,0.0288,0.0,0.0,0.0,Industrials,347.3801574707031,0.0020826114576113497,0.13350705046463363,2.4
LMT,2020-07-21 21:21:09,0.0243,0.0066,0.011,0.0714285714285714,0.1428571428571428,0.0177,Industrials,334.3234558105469,0.026235964808003942,0.30848401898587263,2.4
LMT,2020-10-20 20:46:09,0.0325,0.0123,0.0146,0.1666666666666666,0.0,0.020200000000000003,Industrials,333.7547607421875,-0.029970444478779945,-0.39180139229557126,2.4
LMT,2021-01-26 22:29:10,0.0449,0.0236,0.0045,0.1333333333333333,0.2,0.021300000000000003,Industrials,298.5983581542969,-0.03732062547533943,-0.4071331721432947,2.4
LOW,2007-08-20 17:57:14,0.0568,0.0336,0.022,0.1818181818181818,0.0,0.023200000000000005,Consumer Cyclical,20.92648696899414,0.060662023273936994,,2.3
LOW,2007-11-19 20:58:02,0.0446,0.0364,0.0141,0.1818181818181818,0.0909090909090909,0.008199999999999999,Consumer Cyclical,17.025239944458008,-0.07556997495499862,,2.3
LOW,2008-02-25 20:28:12,0.0552,0.0372,0.0079,0.25,0.0833333333333333,0.018000000000000002,Consumer Cyclical,18.11121940612793,0.03857568875197481,,2.3
LOW,2008-05-19 17:33:11,0.0572,0.0412,0.0217,0.2727272727272727,0.0,0.016,Consumer Cyclical,17.985864639282227,-0.025712812071285285,0.9535291659075794,2.3
LOW,2008-08-18 20:02:13,0.0583,0.0451,0.0143,0.2307692307692307,0.0,0.013199999999999996,Consumer Cyclical,18.285982131958008,0.001632241891499131,0.8660245740701916,2.3
LOW,2008-11-17 21:37:17,0.051,0.0371,0.0162,0.3076923076923077,0.0769230769230769,0.013899999999999996,Consumer Cyclical,14.213422775268555,0.04168973459367087,0.12302275132775642,2.3
LOW,2009-02-26 09:09:17,0.0308,0.0399,0.0137,0.1818181818181818,0.0,-0.009099999999999997,Consumer Cyclical,11.965723037719727,0.03578395709052229,-0.5298892845678755,2.3
LOW,2009-05-18 17:15:23,0.0407,0.05,0.0128,0.2727272727272727,0.0909090909090909,-0.009300000000000003,Consumer Cyclical,15.051734924316406,0.08075841936846784,-0.6442713824449754,2.3
LOW,2009-08-17 17:09:32,0.054,0.0371,0.0157,0.2307692307692307,0.0769230769230769,0.0169,Consumer Cyclical,15.523195266723633,-0.10337299980665282,-0.7006582418190745,2.3
LOW,2009-11-16 19:01:23,0.0564,0.0339,0.0113,0.25,0.0,0.0225,Consumer Cyclical,16.555749893188477,-0.005034330975825063,-0.7510586001724607,2.3
LOW,2010-02-22 19:55:11,0.0721,0.018,0.0113,0.25,0.0,0.054099999999999995,Consumer Cyclical,17.637041091918945,-0.00259402015200616,-0.3596749392115792,2.3
LOW,2010-05-17 19:06:22,0.0691,0.0147,0.0102,0.2857142857142857,0.0714285714285714,0.0544,Consumer Cyclical,19.37763214111328,-0.031070250282325462,0.55140120407702,2.3
LOW,2010-08-16 19:11:44,0.0539,0.0124,0.0135,0.125,0.0625,0.0415,Consumer Cyclical,15.195812225341797,0.005614768774347523,-0.39766980041510674,2.3
LOW,2010-11-15 18:14:32,0.0562,0.0264,0.008,0.3846153846153846,0.0,0.0298,Consumer Cyclical,16.638301849365234,-0.010603902524670694,-0.3173897115676324,2.3
LOW,2011-02-23 20:31:18,0.052,0.0215,0.0136,0.4,0.1,0.0305,Consumer Cyclical,20.0386905670166,-0.010003949224897446,-0.5362369571794282,2.3
LOW,2011-05-16 18:31:20,0.0457,0.0352,0.0106,0.3076923076923077,0.0769230769230769,0.010499999999999995,Consumer Cyclical,19.424549102783203,-0.03571425527956218,0.9996281950178803,2.3
LOW,2011-08-15 16:51:15,0.045,0.019,0.0047,0.4,0.1,0.026,Consumer Cyclical,15.484321594238281,0.00871371743569771,0.7484316529169407,2.3
LOW,2011-11-14 18:41:34,0.0526,0.0183,0.0069,0.3333333333333333,0.6666666666666666,0.0343,Consumer Cyclical,18.61443328857422,0.016876102777451774,0.8677337037533582,2.3
LOW,2011-12-06 22:01:03,0.0492,0.0209,0.0074,0.2777777777777778,0.6111111111111112,0.028300000000000002,Consumer Cyclical,19.62039566040039,0.017247868491529372,0.9640101432412834,2.3
LOW,2012-02-27 17:41:10,0.0506,0.0067,0.0056,0.4,0.6,0.0439,Consumer Cyclical,21.770998001098633,0.0066276742262474375,-0.4107770057729643,2.3
LOW,2012-05-21 18:01:06,0.0464,0.0116,0.0186,0.3636363636363636,0.6363636363636364,0.0348,Consumer Cyclical,20.476001739501953,-0.10112316462140292,-0.025686309231947913,2.3
LOW,2012-06-01 16:51:09,0.0114,0.0091,0.0057,0.75,0.0,0.0023,Consumer Cyclical,21.083879470825195,-0.013472839060604036,-0.10122838692815234,2.3
LOW,2012-08-20 16:01:08,0.044,0.0197,0.0127,0.2222222222222222,0.6666666666666666,0.0243,Consumer Cyclical,21.1350154876709,-0.057768150201527146,-0.1162120595265249,2.3
LOW,2012-11-19 18:01:08,0.0555,0.0249,0.0102,0.1538461538461538,0.7692307692307693,0.030600000000000002,Consumer Cyclical,27.466896057128906,0.061913864018258824,-0.1719092247983299,2.3
LOW,2012-12-06 02:31:10,0.068,0.0073,0.0085,0.1,0.6,0.060700000000000004,Consumer Cyclical,28.44554901123047,-0.0008521825117677739,0.19823609458487942,2.3
LOW,2013-02-25 17:31:32,0.0648,0.0102,0.0091,0.1538461538461538,0.6153846153846154,0.054599999999999996,Consumer Cyclical,29.12958526611328,-0.04804880539016476,-0.09586398869253604,2.3
LOW,2013-03-13 23:41:08,0.0514,0.0132,0.0119,0.6666666666666666,0.3333333333333333,0.0382,Consumer Cyclical,32.00517272949219,0.009220999537247865,-0.7662261314233898,2.3
LOW,2013-05-22 17:13:08,0.0497,0.0248,0.0158,0.1818181818181818,0.0,0.024900000000000002,Consumer Cyclical,35.0522575378418,0.012249570175542068,-0.582984955004744,2.3
LOW,2013-05-31 16:19:08,0.0233,0.0105,0.007,0.25,0.0,0.0128,Consumer Cyclical,34.35072326660156,-0.012892375575585757,-0.5631868582330231,2.3
LOW,2013-08-21 15:40:07,0.0801,0.0126,0.0069,0.1538461538461538,0.0769230769230769,0.0675,Consumer Cyclical,37.521522521972656,0.0392469358934453,0.9466828460640075,2.3
LOW,2013-11-20 19:21:13,0.0717,0.0119,0.0072,0.0769230769230769,0.5384615384615384,0.0598,Consumer Cyclical,38.91347885131836,-0.06165743756431541,0.015520943836046405,2.3
LOW,2014-02-26 20:29:06,0.0658,0.0069,0.0092,0.0666666666666666,0.0666666666666666,0.058899999999999994,Consumer Cyclical,41.857032775878906,0.05425104264258529,0.26582138263618404,2.3
LOW,2014-05-21 18:23:06,0.0611,0.017,0.0113,0.0769230769230769,0.0769230769230769,0.0441,Consumer Cyclical,37.61960220336914,-0.002416232273907637,0.2344558609568732,2.3
LOW,2014-08-20 17:09:05,0.0697,0.0079,0.0124,0.0833333333333333,0.1666666666666666,0.061799999999999994,Consumer Cyclical,43.56197738647461,0.0157216789192971,0.035773384991676226,2.3
LOW,2014-11-19 19:09:07,0.0621,0.0092,0.008,0.0625,0.125,0.0529,Consumer Cyclical,52.05619430541992,0.06372761090425683,0.3896376467737211,2.3
LOW,2015-02-25 21:01:03,0.0586,0.0045,0.0056,0.0714285714285714,0.7142857142857143,0.0541,Consumer Cyclical,62.44813919067383,-0.002946807035939525,0.19583028434685365,2.3
LOW,2015-05-20 19:07:09,0.0643,0.0068,0.0023,0.0769230769230769,0.0769230769230769,0.057499999999999996,Consumer Cyclical,57.65553283691406,-0.04635960990349042,-0.34364661150031933,2.3
LOW,2015-08-19 19:32:05,0.0561,0.0067,0.0067,0.0714285714285714,0.0714285714285714,0.0494,Consumer Cyclical,62.85688018798828,0.01848830684685221,-0.6541852550419053,2.3
LOW,2015-11-18 20:14:07,0.075,0.0068,0.0045,0.0666666666666666,0.0,0.0682,Consumer Cyclical,62.34449005126953,0.008647782682253746,-0.07536443971505304,2.3
LOW,2016-02-24 22:26:17,0.0816,0.0045,0.0078,0.0833333333333333,0.0833333333333333,0.0771,Consumer Cyclical,58.45512008666992,0.010603727155719112,0.18322729344773375,2.3
LOW,2016-05-18 19:24:27,0.0787,0.0056,0.0022,0.0666666666666666,0.1333333333333333,0.07310000000000001,Consumer Cyclical,67.20012664794922,0.033258443679437644,-0.0036324101261404357,2.3
LOW,2016-08-17 19:56:35,0.0782,0.0112,0.0045,0.1538461538461538,0.0,0.067,Consumer Cyclical,66.01249694824219,-0.05645548594278005,0.6258325933217174,2.3
LOW,2016-11-16 20:24:23,0.0545,0.0148,0.0091,0.1538461538461538,0.0769230769230769,0.0397,Consumer Cyclical,57.82994842529297,-0.029399082153821143,0.4905490511782325,2.3
LOW,2017-03-01 20:45:10,0.0824,0.0034,0.0068,0.0909090909090909,0.0909090909090909,0.079,Consumer Cyclical,70.62571716308594,0.09519945303050936,0.6361484255674011,2.3
LOW,2017-05-24 19:00:09,0.0606,0.0067,0.0101,0.1428571428571428,0.0714285714285714,0.0539,Consumer Cyclical,69.52987670898438,-0.0302407707661021,0.6340397234223115,2.3
LOW,2017-08-23 20:18:10,0.0827,0.0101,0.0056,0.1333333333333333,0.0666666666666666,0.0726,Consumer Cyclical,63.92887496948242,-0.03706163606835744,0.6198245195489535,2.3
LOW,2017-11-21 17:18:07,0.0644,0.008,0.0069,0.1428571428571428,0.1428571428571428,0.0564,Consumer Cyclical,70.927734375,-0.010680214817449185,0.6494651407710357,2.3
LOW,2018-02-28 17:32:11,0.0709,0.0057,0.0057,0.0,0.0769230769230769,0.06520000000000001,Consumer Cyclical,79.15165710449219,-0.06472474666953709,-0.5081755877472681,2.3
LOW,2018-05-23 19:16:55,0.0748,0.0115,0.0069,0.0625,0.0625,0.06330000000000001,Consumer Cyclical,84.06607055664062,0.10425632493876513,-0.2596631154481368,2.3
LOW,2018-08-22 17:31:52,0.0547,0.0198,0.0093,0.2,0.1,0.0349,Consumer Cyclical,94.12761688232422,0.057950681599205245,-0.31255668599652,2.3
LOW,2018-09-06 21:41:06,0.0748,0.0131,0.0052,0.5,0.0,0.061700000000000005,Consumer Cyclical,97.57087707519531,0.008947650152125508,-0.33350064342137486,2.3
LOW,2018-11-20 19:08:07,0.0508,0.0272,0.0083,0.3636363636363636,0.0909090909090909,0.0236,Consumer Cyclical,77.25252532958984,-0.056595460374075035,0.632835014025385,2.3
LOW,2018-12-13 13:06:08,0.0582,0.0329,0.0127,0.3333333333333333,0.0952380952380952,0.025300000000000003,Consumer Cyclical,84.52240753173828,0.023667525319287286,0.23750430997668734,2.3
LOW,2019-02-27 21:06:13,0.0767,0.0177,0.0059,0.25,0.0833333333333333,0.059000000000000004,Consumer Cyclical,96.96156311035156,0.024659909262911617,0.5172418398133359,2.3
LOW,2019-05-22 20:22:28,0.0468,0.0211,0.007,0.125,0.0,0.0257,Consumer Cyclical,88.61521911621094,-0.11845167131008016,0.5368712266508766,2.3
LOW,2019-08-21 20:03:41,0.0438,0.0266,0.0093,0.3333333333333333,0.0833333333333333,0.0172,Consumer Cyclical,98.24432373046875,0.10350451558235196,-0.052813832135499825,2.3
LOW,2019-09-04 19:52:13,0.0376,0.026,0.0217,0.6666666666666666,0.0,0.011600000000000003,Consumer Cyclical,101.81024169921875,0.006655960261428673,-0.033543937556827524,2.3
LOW,2019-11-20 20:09:11,0.0612,0.0188,0.0025,0.3333333333333333,0.0,0.04239999999999999,Consumer Cyclical,107.71556854248047,0.039065062636469916,-0.07342703765960376,2.3
LOW,2019-12-04 16:46:48,0.0635,0.0193,0.011,0.3333333333333333,0.0,0.0442,Consumer Cyclical,105.54901123046875,0.007944128450707355,-0.2918331161958134,2.3
LOW,2020-02-26 19:55:06,0.0462,0.0321,0.0115,0.2727272727272727,0.0909090909090909,0.014100000000000001,Consumer Cyclical,104.0420913696289,-0.04404311919846304,0.6561796400158522,2.3
LOW,2020-03-06 20:24:08,0.0662,0.0101,0.0072,0.3333333333333333,0.0,0.0561,Consumer Cyclical,96.70496368408203,-0.02055425292273305,0.4808208141922771,2.3
LOW,2020-03-10 21:55:37,0.0523,0.022,0.0193,0.3333333333333333,0.0,0.0303,Consumer Cyclical,95.52037048339844,0.10401191340874849,0.00435811037681844,2.3
LOW,2020-05-20 17:01:56,0.0473,0.0345,0.0051,0.4166666666666667,0.0833333333333333,0.012799999999999999,Consumer Cyclical,108.0552978515625,0.0010266106673224584,0.062123005265852876,2.3
LOW,2020-06-03 20:38:08,0.0408,0.0122,0.0122,0.5,0.0,0.0286,Consumer Cyclical,122.69483184814453,0.006516315416553509,-0.2380709254394857,2.3
LOW,2020-06-16 16:53:08,0.0245,0.0303,0.013,0.5,0.0,-0.0058,Consumer Cyclical,121.6788330078125,0.03139427975951459,0.34050012749260933,2.3
LOW,2020-08-19 18:06:53,0.0499,0.0081,0.0058,0.4166666666666667,0.0833333333333333,0.041800000000000004,Consumer Cyclical,146.75201416015625,0.002342872269688767,-0.7788935134399019,2.3
LOW,2020-11-18 17:59:10,0.053,0.0118,0.0106,0.4166666666666667,0.0,0.0412,Consumer Cyclical,136.52024841308594,-0.08207171502766153,-0.6557188880478251,2.3
LOW,2021-02-24 21:09:08,0.0554,0.0068,0.009,0.3846153846153846,0.0769230769230769,0.0486,Consumer Cyclical,151.5365447998047,-0.03724994171304985,-0.697657774733429,2.3
MA,2007-05-02 19:20:00,0.024,0.012,0.0065,0.0,0.0,0.012,Financial Services,11.588579177856445,0.10013032438958258,,1.9
MA,2007-08-01 18:24:38,0.0176,0.0121,0.0077,0.0,0.0,0.005500000000000001,Financial Services,13.770246505737305,-0.06716407062655572,,1.9
MA,2007-10-31 17:30:23,0.0251,0.0057,0.0103,0.0555555555555555,0.0,0.0194,Financial Services,17.450870513916016,0.2084632615839468,,1.9
MA,2008-02-01 02:13:05,0.0256,0.0163,0.014,0.0833333333333333,0.0,0.009300000000000003,Financial Services,19.810001373291016,0.04067659660852008,0.9842308394926228,1.9
MA,2008-04-29 19:01:13,0.0289,0.0089,0.0122,0.0666666666666666,0.0,0.019999999999999997,Financial Services,25.21185302734375,0.12981415460989387,0.9372588382853402,1.9
MA,2008-07-31 19:06:29,0.0145,0.0178,0.0111,0.0,0.0,-0.003299999999999999,Financial Services,22.47963523864746,-0.09817921129839802,0.963605966059718,1.9
MA,2008-11-04 05:06:22,0.0232,0.0415,0.0085,0.0666666666666666,0.0,-0.018300000000000004,Financial Services,15.68934440612793,0.1831260027355457,-0.0893873504416204,1.9
MA,2009-02-05 20:09:17,0.0476,0.0244,0.0104,0.0769230769230769,0.0769230769230769,0.023200000000000002,Financial Services,14.744532585144043,0.14049235561127738,0.12131448184078729,1.9
MA,2009-05-01 19:29:19,0.0276,0.0392,0.0081,0.0909090909090909,0.0,-0.0116,Financial Services,15.963705062866211,-0.057508923711137694,0.17204399373841253,1.9
MA,2009-07-30 19:14:19,0.0369,0.0369,0.0115,0.0666666666666666,0.0666666666666666,0.0,Financial Services,17.938722610473633,0.02948839717235563,0.17971096587982516,1.9
MA,2009-11-03 18:03:53,0.0532,0.0374,0.0147,0.0666666666666666,0.0,0.015799999999999995,Financial Services,20.272579193115234,-0.015494243440477007,0.7538751797091986,1.9
MA,2010-02-04 17:26:17,0.0442,0.0181,0.0136,0.1538461538461538,0.0,0.0261,Financial Services,20.553735733032227,-0.10287590488088294,-0.40642126708682497,1.9
MA,2010-05-05 00:11:17,0.0612,0.0075,0.0112,0.1333333333333333,0.0,0.0537,Financial Services,22.031391143798828,-0.052974832015022844,-0.6264769800827722,1.9
MA,2010-08-03 19:06:27,0.0297,0.0095,0.0071,0.0588235294117647,0.0588235294117647,0.020200000000000003,Financial Services,18.616697311401367,-0.007949909785086029,-0.33563150136732733,1.9
MA,2010-11-02 20:06:18,0.0262,0.0071,0.0095,0.0833333333333333,0.1666666666666666,0.0191,Financial Services,22.80829429626465,0.029248343496754536,-0.4044542052127511,1.9
MA,2011-02-03 18:51:24,0.035,0.0213,0.0188,0.0666666666666666,0.0,0.013700000000000004,Financial Services,22.768409729003906,0.02506352116569288,-0.9256366567148562,1.9
MA,2011-05-03 20:51:19,0.0304,0.0152,0.0094,0.0666666666666666,0.0666666666666666,0.0152,Financial Services,26.21547508239746,0.025754657143029824,-0.5976026352832517,1.9
MA,2011-08-03 19:31:11,0.0392,0.0154,0.0131,0.1333333333333333,0.0,0.023799999999999998,Financial Services,31.437654495239258,0.13394086707368436,0.8802697813403573,1.9
MA,2011-09-16 07:31:43,0.0119,0.0132,0.0172,0.3333333333333333,0.3333333333333333,-0.001299999999999999,Financial Services,32.22528076171875,-0.002845332539166301,0.8397739497319036,1.9
MA,2011-11-02 18:21:19,0.0328,0.0243,0.0085,0.0769230769230769,0.7692307692307693,0.008500000000000004,Financial Services,33.23625946044922,0.0698771751965217,0.8217859800974097,1.9
MA,2012-02-02 20:11:10,0.029,0.0229,0.0121,0.0476190476190476,0.8571428571428571,0.006100000000000001,Financial Services,35.473079681396484,0.0669708110226761,0.9667910492482763,1.9
MA,2012-05-02 19:51:25,0.0324,0.0127,0.0093,0.0555555555555555,0.7222222222222222,0.0197,Financial Services,41.99831771850586,-0.00976090403691987,-0.18703827414234528,1.9
MA,2012-05-08 18:31:08,0.04,0.0129,0.0077,0.0,0.8181818181818182,0.0271,Financial Services,40.1553840637207,-0.010272339122019303,-0.9447600478166776,1.9
MA,2012-08-01 19:01:13,0.0314,0.0221,0.0081,0.0625,0.75,0.009299999999999996,Financial Services,39.76936340332031,-0.02146244213419235,-0.5578995725297372,1.9
MA,2012-10-31 19:11:34,0.0304,0.0182,0.0146,0.0666666666666666,0.7333333333333333,0.012199999999999999,Financial Services,42.936500549316406,0.0175505622609482,-0.1188648139823983,1.9
MA,2013-01-31 18:18:07,0.0325,0.0193,0.012,0.0769230769230769,0.3076923076923077,0.0132,Financial Services,48.31830596923828,0.0046509613636600555,-0.13578362724102316,1.9
MA,2013-05-01 15:32:09,0.0328,0.0222,0.0105,0.0666666666666666,0.0666666666666666,0.010600000000000002,Financial Services,50.37137985229492,-0.02370982657899645,0.8125990052840364,1.9
MA,2013-06-12 17:21:07,0.0235,0.0041,0.0083,0.0,0.0,0.0194,Financial Services,52.06590270996094,-0.004389471716228388,0.1033561494463035,1.9
MA,2013-07-31 16:24:08,0.034,0.0207,0.0134,0.0555555555555555,0.1111111111111111,0.013300000000000003,Financial Services,57.035255432128906,0.015280285929525572,0.23509222002448565,1.9
MA,2013-09-12 05:12:03,0.0166,0.0166,0.0138,0.25,0.0,0.0,Financial Services,62.35104751586914,0.013759129517978419,-0.32259675061561727,1.9
MA,2013-09-24 17:11:03,0.0223,0.0126,0.0056,0.0,0.0,0.0097,Financial Services,64.01839447021484,0.0034851626904559563,-0.6498179075110909,1.9
MA,2013-10-31 16:20:04,0.0289,0.0113,0.0088,0.0588235294117647,0.1176470588235294,0.017599999999999998,Financial Services,67.0418930053711,-0.011823506556963181,-0.6451570339989349,1.9
MA,2014-01-31 18:41:10,0.0235,0.0212,0.0118,0.05,0.85,0.0023,Financial Services,70.84771728515625,-0.051153882623750535,0.06832007300523686,1.9
MA,2014-05-01 20:37:09,0.0259,0.0123,0.0099,0.0588235294117647,0.1176470588235294,0.0136,Financial Services,69.5870361328125,0.00910973446804042,0.7072473280405225,1.9
MA,2014-05-19 17:39:06,0.017,0.0249,0.0066,0.5,0.0,-0.007899999999999997,Financial Services,69.24951171875,0.0014917547449275759,0.13114051454259154,1.9
MA,2014-06-11 19:19:06,0.036,0.0245,0.0072,0.0,0.0,0.011499999999999996,Financial Services,72.07160949707031,-0.006334001838265824,0.18839592399271368,1.9
MA,2014-07-31 18:27:10,0.0326,0.0169,0.0109,0.0666666666666666,0.0666666666666666,0.0157,Financial Services,69.6211929321289,-0.023185117850769155,-0.3746228740339733,1.9
MA,2014-09-18 05:33:10,0.0335,0.004,0.0067,0.1428571428571428,0.0,0.029500000000000002,Financial Services,73.04827117919922,0.020729656798152973,0.2982683684174053,1.9
MA,2014-10-30 19:39:06,0.0321,0.0167,0.009,0.0769230769230769,0.0769230769230769,0.015399999999999997,Financial Services,78.16810607910156,0.09395909162204363,0.07068020398916987,1.9
MA,2014-11-21 01:02:16,0.0293,0.0102,0.0029,0.0,0.0,0.0191,Financial Services,79.66323852539062,0.001418840210817729,-0.13000143453334018,1.9
MA,2015-01-30 20:10:04,0.0337,0.0193,0.0096,0.0625,0.0,0.0144,Financial Services,77.28258514404297,0.007987209479012325,-0.2618785723661474,1.9
MA,2015-03-23 20:20:04,0.0462,0.0058,0.0058,0.0,0.0,0.0404,Financial Services,84.16011810302734,-0.005455417207919866,-0.477924124331479,1.9
MA,2015-04-29 17:56:04,0.035,0.0175,0.0087,0.1428571428571428,0.1428571428571428,0.0175,Financial Services,85.18292999267578,0.0002216324962331928,-0.8648208210897348,1.9
MA,2015-05-28 18:07:05,0.0169,0.0099,0.0028,0.5,0.0,0.0069999999999999975,Financial Services,87.60867309570312,0.002484594813744412,-0.7814119992990917,1.9
MA,2015-06-02 18:17:08,0.0366,0.0099,0.0056,0.3333333333333333,0.0,0.0267,Financial Services,87.9389877319336,0.006590238737214316,-0.520194404287195,1.9
MA,2015-07-29 18:28:08,0.0287,0.0137,0.0112,0.1333333333333333,0.0666666666666666,0.015,Financial Services,91.45391845703125,0.016498466396833944,0.10156645946466938,1.9
MA,2015-09-10 08:25:13,0.0157,0.0114,0.0129,0.391304347826087,0.0434782608695652,0.004299999999999998,Financial Services,84.7884521484375,-0.003223153897705777,0.5218922990798641,1.9
MA,2015-10-29 20:58:11,0.0334,0.0222,0.0148,0.1176470588235294,0.0588235294117647,0.011199999999999998,Financial Services,95.26567077636719,0.004995656598167919,0.4831968692045256,1.9
MA,2016-01-29 20:22:12,0.0362,0.0133,0.006,0.0666666666666666,0.0,0.022900000000000004,Financial Services,84.48654174804688,0.06712204628652074,0.9348409627261588,1.9
MA,2016-03-15 19:50:15,0.0233,0.0337,0.0142,0.5,0.0,-0.0104,Financial Services,84.7997055053711,0.005513518687169983,0.7359346367863899,1.9
MA,2016-04-28 20:28:22,0.0275,0.0188,0.0075,0.125,0.0,0.0087,Financial Services,92.40670013427734,-0.012197860048876574,0.6239088368395894,1.9
MA,2016-05-24 18:54:17,0.0288,0.0151,0.0137,0.3333333333333333,0.0,0.013699999999999999,Financial Services,91.74109649658203,0.014724561610774511,0.6401383913605526,1.9
MA,2016-06-15 17:43:22,0.0398,0.0192,0.0177,0.0,0.0,0.020600000000000004,Financial Services,88.75531768798828,-0.00818223818640984,-0.2606432403838778,1.9
MA,2016-07-28 19:23:06,0.0275,0.0263,0.0125,0.1333333333333333,0.0666666666666666,0.0011999999999999997,Financial Services,91.49120330810547,0.024106865003332256,-0.5741586617229268,1.9
MA,2016-09-09 03:44:06,0.0122,0.0108,0.0068,0.5,0.0357142857142857,0.0014000000000000002,Financial Services,93.53046417236328,-0.01830370734696385,-0.1369404870683573,1.9
MA,2016-10-28 19:40:14,0.0363,0.0254,0.0109,0.0714285714285714,0.0,0.0109,Financial Services,102.0602035522461,0.0318532126849147,-0.10269754327756647,1.9
MA,2017-01-31 19:22:22,0.0321,0.0173,0.0111,0.0,0.0,0.014799999999999997,Financial Services,101.72638702392578,-0.027172592603509793,-0.2061449619882166,1.9
MA,2017-03-16 01:32:05,0.0293,0.0103,0.0103,0.0,0.5,0.019,Financial Services,107.7918930053711,0.005802523828768669,0.20049118988687803,1.9
MA,2017-05-02 18:18:34,0.04,0.0118,0.0071,0.0,0.0,0.028200000000000003,Financial Services,113.2281723022461,0.015038267125891291,0.025745373826429354,1.9
MA,2017-05-22 17:46:06,0.0245,0.0163,0.0095,0.0,0.0,0.008200000000000002,Financial Services,114.07171630859375,0.012076942337380991,0.26663527830923867,1.9
MA,2017-05-31 18:34:04,0.0151,0.0082,0.0069,0.5,0.0,0.0069,Financial Services,117.79100036621094,0.010110723472386951,0.283145722192325,1.9
MA,2017-06-14 15:46:06,0.0274,0.015,0.0014,0.0,0.0,0.012400000000000001,Financial Services,117.42677307128906,0.0014716882524687946,0.4213890116954702,1.9
MA,2017-07-27 21:06:20,0.0383,0.0167,0.0048,0.0,0.0666666666666666,0.0216,Financial Services,123.81599426269531,-0.015726663202757063,-0.9896423980990535,1.9
MA,2017-09-13 21:25:31,0.0224,0.0104,0.0045,0.5,0.0,0.012,Financial Services,134.5429229736328,-0.01629020883879051,-0.7372279727387532,1.9
MA,2017-10-31 17:44:41,0.0346,0.0191,0.006,0.0,0.0666666666666666,0.0155,Financial Services,143.0906219482422,-0.0012085504062548935,-0.3799792004927001,1.9
MA,2018-02-01 20:18:08,0.0382,0.0131,0.0095,0.0833333333333333,0.0833333333333333,0.025099999999999997,Financial Services,166.5901336669922,0.023254333973973473,0.6547898417584972,1.9
MA,2018-03-08 23:28:09,0.0495,0.0057,0.0057,0.3333333333333333,0.0,0.043800000000000006,Financial Services,172.678466796875,0.00022317224363055388,0.3370458346291209,1.9
MA,2018-03-14 18:12:05,0.018,0.0041,0.0097,0.0,0.0,0.0139,Financial Services,173.5165557861328,-0.004916795220484382,0.15161377726139247,1.9
MA,2018-05-02 16:47:29,0.0502,0.0093,0.0047,0.0,0.0,0.040900000000000006,Financial Services,179.26251220703125,0.030901922518359548,0.3545994929810118,1.9
MA,2018-05-16 19:52:07,0.0404,0.0125,0.0056,0.3333333333333333,0.0,0.027899999999999998,Financial Services,185.5910186767578,0.001979509779498345,0.555762853741349,1.9
MA,2018-05-30 18:05:09,0.0209,0.007,0.0139,0.0,0.0,0.0139,Financial Services,184.99285888671875,0.011765705361902024,0.7509204126906031,1.9
MA,2018-06-13 16:33:06,0.0398,0.011,0.0041,0.0,0.0,0.028800000000000003,Financial Services,192.3729248046875,-0.0035976809377601393,0.4676956240661289,1.9
MA,2018-06-14 20:21:57,0.0392,0.0112,0.0042,0.5,0.0,0.027999999999999997,Financial Services,192.27642822265625,-0.00050161207523991,-0.9556978681850504,1.9
MA,2018-07-26 18:18:22,0.037,0.0139,0.0046,0.0,0.1333333333333333,0.0231,Financial Services,200.3038330078125,-0.031705170570608954,-0.3254178452033403,1.9
MA,2018-09-12 21:34:08,0.0298,0.0081,0.0081,0.0,0.0,0.0217,Financial Services,206.7368621826172,0.0027172901462115817,0.29453120734023047,1.9
MA,2018-09-20 21:04:07,0.0575,0.0082,0.0041,0.5,0.5,0.049300000000000004,Financial Services,213.84605407714844,0.01466611101642723,0.6425144451290714,1.9
MA,2018-10-30 17:36:29,0.0399,0.0148,0.0057,0.0,0.1428571428571428,0.025099999999999997,Financial Services,181.5430450439453,-0.017325965814065314,0.6891862010615497,1.9
MA,2018-11-13 16:54:35,0.0559,0.0056,0.0042,0.5,0.0,0.0503,Financial Services,191.6389617919922,-0.004870798220450778,0.4513451420401839,1.9
MA,2019-01-31 19:27:14,0.0359,0.0093,0.0046,0.0769230769230769,0.1538461538461538,0.026600000000000002,Financial Services,204.52479553222656,0.03484933551857283,-0.06654896895572987,1.9
MA,2019-03-08 01:00:08,0.0253,0.0107,0.004,0.5,0.0,0.0146,Financial Services,214.92881774902344,-0.0024278576212108938,-0.08490336656185489,1.9
MA,2019-04-30 19:24:12,0.0359,0.0104,0.0058,0.0666666666666666,0.1333333333333333,0.025500000000000002,Financial Services,246.63002014160156,0.02877010660083479,-0.28678817497802234,1.9
MA,2019-05-29 15:09:09,0.0542,0.0149,0.0027,1.0,0.0,0.0393,Financial Services,245.9703826904297,0.0005129207428835603,0.01754707863993358,1.9
MA,2019-06-05 16:19:10,0.0229,0.0243,0.0175,0.0,0.0,-0.0013999999999999985,Financial Services,248.58961486816406,0.02841328839555901,-0.45196188214767824,1.9
MA,2019-06-12 00:07:45,0.0313,0.0043,0.0043,0.0,0.0,0.027000000000000003,Financial Services,255.95245361328125,0.000720855968586509,-0.7059340875882805,1.9
MA,2019-06-25 19:00:11,0.0206,0.0347,0.0051,0.375,0.0,-0.014100000000000001,Financial Services,251.9557647705078,-0.020994967473562665,0.12399018267678479,1.9
MA,2019-07-30 16:24:11,0.0296,0.0193,0.0142,0.0588235294117647,0.1176470588235294,0.0103,Financial Services,270.16156005859375,-0.01165495596317001,0.15533185938482189,1.9
MA,2019-09-13 11:50:39,0.0416,0.0139,0.0025,0.2692307692307692,0.0384615384615384,0.0277,Financial Services,268.3745422363281,-0.0002896558858519471,0.98682852851395,1.9
MA,2019-09-19 18:56:10,0.0297,0.0116,0.0116,0.5,0.5,0.0181,Financial Services,267.9763488769531,0.002944512612919059,0.9120952738520361,1.9
MA,2019-10-29 19:59:12,0.0483,0.0394,0.0076,0.0666666666666666,0.1333333333333333,0.008900000000000005,Financial Services,266.726318359375,-0.005943465594218655,0.6908240166404231,1.9
MA,2020-01-29 20:58:08,0.0169,0.0286,0.013,0.0833333333333333,0.0833333333333333,-0.011700000000000002,Financial Services,311.9026794433594,0.0001564758698355817,0.1287904416294757,1.9
MA,2020-03-06 19:23:32,0.0355,0.003,0.0044,0.5,0.0,0.032499999999999994,Financial Services,279.4679870605469,-0.012795295538091667,-0.593292734180056,1.9
MA,2020-03-10 22:10:10,0.0216,0.027,0.0121,0.0,0.3333333333333333,-0.0053999999999999986,Financial Services,273.1971740722656,0.07083699539440058,-0.5117402826977111,1.9
MA,2020-04-29 22:13:07,0.0174,0.0147,0.0174,0.1538461538461538,0.0769230769230769,0.0026999999999999993,Financial Services,276.6623229980469,0.07214651261225224,-0.4502702966004848,1.9
MA,2020-05-29 00:53:07,0.0248,0.016,0.0073,0.0,0.0,0.008799999999999999,Financial Services,293.43621826171875,-0.004664310719964648,-0.8169986393269786,1.9
MA,2020-06-03 19:15:09,0.0247,0.0205,0.0041,0.0,0.0,0.004199999999999999,Financial Services,299.46307373046875,0.011462436822289757,-0.8003918366524937,1.9
MA,2020-06-09 18:35:06,0.0288,0.0144,0.0187,0.0,0.0,0.0144,Financial Services,303.7735900878906,0.003479092079049728,-0.6661290706012201,1.9
MA,2020-07-30 20:18:09,0.0253,0.012,0.0084,0.2,0.1333333333333333,0.0133,Financial Services,301.747802734375,-0.0009699642487344118,-0.5192264440627001,1.9
MA,2020-10-28 18:22:08,0.0345,0.0036,0.0048,0.1333333333333333,0.1333333333333333,0.030900000000000004,Financial Services,284.8726501464844,-0.0811390964798796,-0.948941012478262,1.9
MA,2021-01-29 01:40:08,0.0475,0.0081,0.0093,0.0833333333333333,0.1666666666666666,0.039400000000000004,Financial Services,309.61834716796875,-0.02463913449383659,-0.6104845813451956,1.9
MCD,2006-01-26 16:45:53,0.0628,0.0107,0.013,0.0,0.0,0.052099999999999994,Consumer Cyclical,20.75265121459961,-0.0062574448267667115,,2.2
MCD,2006-04-22 23:34:20,0.0552,0.0011,0.0034,0.0,0.0909090909090909,0.0541,Consumer Cyclical,,,,2.2
MCD,2006-07-25 20:11:30,0.0444,0.0144,0.0048,0.2142857142857142,0.0,0.030000000000000002,Consumer Cyclical,20.64574432373047,-0.0022961082849497494,,2.2
MCD,2006-10-19 22:22:48,0.0702,0.0083,0.006,0.0,0.0,0.0619,Consumer Cyclical,24.215396881103516,-0.016879816785499213,,2.2
MCD,2007-01-24 19:10:21,0.0466,0.0034,0.0057,0.1875,0.0,0.0432,Consumer Cyclical,26.86907958984375,-0.015384856252259826,,2.2
MCD,2007-04-20 20:38:43,0.0497,0.0056,0.0034,0.1666666666666666,0.0,0.0441,Consumer Cyclical,29.424558639526367,-0.008610411370683635,-0.849713976094227,2.2
MCD,2007-07-24 20:54:32,0.0546,0.0128,0.0046,0.0555555555555555,0.0,0.041800000000000004,Consumer Cyclical,31.365514755249023,-0.018094881484276404,-0.2469972604682195,2.2
MCD,2007-10-19 21:27:39,0.0633,0.0035,0.0023,0.0,0.0,0.05979999999999999,Consumer Cyclical,34.32866287231445,-0.006515186240597881,0.7575563702786515,2.2
MCD,2008-01-28 22:27:32,0.0632,0.0082,0.0035,0.1666666666666666,0.0,0.05500000000000001,Consumer Cyclical,31.890596389770508,-0.05600751903216905,-0.21678012399464852,2.2
MCD,2008-04-22 20:14:11,0.0647,0.0048,0.0036,0.2105263157894736,0.0,0.059899999999999995,Consumer Cyclical,36.685237884521484,-0.005454129528621454,0.17408008777436804,2.2
MCD,2008-07-24 00:24:13,0.0507,0.0035,0.0059,0.15,0.05,0.0472,Consumer Cyclical,36.93669509887695,-0.02162290186990068,0.362534319571574,2.2
MCD,2008-10-22 20:23:12,0.0469,0.0106,0.0059,0.1578947368421052,0.0526315789473684,0.0363,Consumer Cyclical,34.493629455566406,-0.017231893675864196,-0.11560091274786446,2.2
MCD,2009-01-26 23:11:34,0.0439,0.0101,0.0034,0.1304347826086956,0.0434782608695652,0.033800000000000004,Consumer Cyclical,37.510414123535156,0.0065488789048548934,-0.17391261836321906,2.2
MCD,2009-04-22 21:15:18,0.0767,0.0144,0.0022,0.08,0.04,0.06230000000000001,Consumer Cyclical,35.168766021728516,-0.024806850155493,-0.7327389062005134,2.2
MCD,2009-07-23 21:15:26,0.059,0.0145,0.0067,0.0476190476190476,0.0,0.0445,Consumer Cyclical,36.66215896606445,-0.046412594051358225,-0.46503001873396244,2.2
MCD,2010-01-22 23:07:12,0.0747,0.0045,0.0023,0.1304347826086956,0.0434782608695652,0.0702,Consumer Cyclical,42.159061431884766,0.00300645688960266,0.057447164973959124,2.2
MCD,2010-04-21 21:57:12,0.0625,0.0093,0.0046,0.1176470588235294,0.0588235294117647,0.0532,Consumer Cyclical,47.192352294921875,0.00028412770772323626,0.6749542155286494,2.2
MCD,2010-10-26 09:19:42,0.048,0.0067,0.0056,0.5714285714285714,0.1428571428571428,0.0413,Consumer Cyclical,53.66926193237305,0.0007624646864825557,0.43890452448926615,2.2
MCD,2011-01-24 22:06:19,0.0551,0.0132,0.0033,0.1363636363636363,0.0454545454545454,0.04190000000000001,Consumer Cyclical,51.76810073852539,0.0049325807809146305,0.002592910862671664,2.2
MCD,2011-04-22 21:41:18,0.0581,0.0105,0.0012,0.15,0.05,0.047599999999999996,Consumer Cyclical,,,,2.2
MCD,2011-07-22 19:41:16,0.0506,0.0022,0.0011,0.0952380952380952,0.0476190476190476,0.0484,Consumer Cyclical,61.77408218383789,0.02334183247878463,,2.2
MCD,2011-10-21 22:31:11,0.0519,0.0081,0.0081,0.0952380952380952,0.8571428571428571,0.043800000000000006,Consumer Cyclical,64.83242797851562,0.03718692031604376,,2.2
MCD,2011-11-10 23:31:03,0.0663,0.0095,0.0027,0.3076923076923077,0.4358974358974359,0.056799999999999996,Consumer Cyclical,65.4925765991211,0.006584475539071377,,2.2
MCD,2012-01-24 23:21:09,0.056,0.0143,0.0055,0.1578947368421052,0.7368421052631579,0.0417,Consumer Cyclical,69.86957550048828,-0.021793269431561013,0.12380587877955831,2.2
MCD,2012-04-20 18:31:10,0.0474,0.0192,0.0068,0.1764705882352941,0.6470588235294118,0.0282,Consumer Cyclical,68.35820007324219,0.006927578523438838,0.06768240034874459,2.2
MCD,2012-07-23 17:24:03,0.0496,0.0143,0.0044,0.15,0.05,0.0353,Consumer Cyclical,63.86677169799805,-0.028827294826944905,0.2129763027234452,2.2
MCD,2012-10-19 17:31:06,0.0381,0.0135,0.0022,0.1578947368421052,0.0526315789473684,0.024600000000000004,Consumer Cyclical,64.21013641357422,-0.044583415305530893,0.07485509721507301,2.2
MCD,2013-01-23 20:48:08,0.0385,0.0209,0.0022,0.0476190476190476,0.0952380952380952,0.0176,Consumer Cyclical,68.2626724243164,0.0057021815649695995,-0.3743255554514619,2.2
MCD,2013-04-19 16:50:11,0.0437,0.0251,0.0011,0.0909090909090909,0.0909090909090909,0.018600000000000002,Consumer Cyclical,73.55400848388672,-0.019526840366948628,-0.5480622826389703,2.2
MCD,2013-05-23 20:57:05,0.0227,0.0088,0.0164,0.4,0.0,0.013900000000000001,Consumer Cyclical,74.3711166381836,-0.006978270097620642,-0.824454893325288,2.2
MCD,2013-05-29 19:46:08,0.0542,0.0084,0.0048,0.5,0.0,0.0458,Consumer Cyclical,72.91358947753906,-0.0216312496359371,-0.5975599326982023,2.2
MCD,2013-07-22 19:00:05,0.0312,0.0234,0.0022,0.0454545454545454,0.0909090909090909,0.007799999999999998,Consumer Cyclical,72.39424133300781,-0.026827512774297957,-0.10987433294537587,2.2
MCD,2013-09-11 16:37:06,0.0498,0.0162,0.0058,0.3333333333333333,0.0,0.0336,Consumer Cyclical,72.88936614990234,0.005882891761108899,0.19645551245436094,2.2
MCD,2013-10-21 17:53:09,0.0442,0.0204,0.0057,0.1111111111111111,0.0555555555555555,0.0238,Consumer Cyclical,70.74290466308594,-0.006407911348796813,0.2854339196752383,2.2
MCD,2014-01-23 18:33:07,0.052,0.0124,0.0057,0.1176470588235294,0.0588235294117647,0.039599999999999996,Consumer Cyclical,71.88179016113281,0.004637029076892452,0.9742762194171093,2.2
MCD,2014-04-22 21:30:08,0.0548,0.0179,0.0048,0.0588235294117647,0.0588235294117647,0.0369,Consumer Cyclical,75.53630065917969,-0.003511520159410919,0.6327228686546186,2.2
MCD,2014-05-23 00:59:08,0.0221,0.0246,0.0111,0.5,0.0,-0.0024999999999999988,Consumer Cyclical,77.57453918457031,-0.004392273272894265,0.5315058051685293,2.2
MCD,2014-05-28 16:58:11,0.0535,0.0025,0.0051,0.6666666666666666,0.0,0.051,Consumer Cyclical,77.04215240478516,-0.01035561978040389,-0.08676353967199452,2.2
MCD,2014-07-22 21:06:09,0.0604,0.0169,0.0012,0.0588235294117647,0.0588235294117647,0.043500000000000004,Consumer Cyclical,73.80683898925781,-0.013121270581077593,-0.619921635440321,2.2
MCD,2014-10-21 21:11:17,0.0402,0.0158,0.0049,0.0555555555555555,0.0,0.024399999999999998,Consumer Cyclical,70.37645721435547,-0.006332428757079511,-0.878484433831438,2.2
MCD,2014-11-20 20:22:08,0.0538,0.0098,0.0037,0.0,0.0,0.044,Consumer Cyclical,74.73002624511719,0.0008283515925919804,-0.17702285399598972,2.2
MCD,2015-01-23 22:14:06,0.0504,0.0172,0.0037,0.1428571428571428,0.0714285714285714,0.0332,Consumer Cyclical,69.867431640625,-0.014632883481712322,0.15996928178654918,2.2
MCD,2015-03-05 16:39:09,0.0574,0.0256,0.0085,0.2,0.0,0.031799999999999995,Consumer Cyclical,77.98948669433594,-0.011371382237362782,0.5225922801475658,2.2
MCD,2015-04-22 21:34:07,0.0537,0.0203,0.0012,0.1428571428571428,0.0,0.0334,Consumer Cyclical,76.99010467529297,0.03130571390290959,0.046302779060785317,2.2
MCD,2015-07-23 21:10:44,0.0567,0.0208,0.0023,0.1176470588235294,0.0,0.0359,Consumer Cyclical,77.06388854980469,-0.005021231015732708,0.07851887736446414,2.2
MCD,2015-10-22 21:48:11,0.0499,0.0139,0.0012,0.0952380952380952,0.0,0.036000000000000004,Consumer Cyclical,88.77686309814453,0.08123667753835284,0.5096338418272823,2.2
MCD,2016-01-25 22:49:10,0.0672,0.0171,0.0034,0.125,0.0,0.05009999999999999,Consumer Cyclical,96.19532775878906,0.006756845236289166,-0.3573181255617348,2.2
MCD,2016-03-16 15:52:11,0.022,0.0065,0.0117,0.0,0.0,0.0155,Consumer Cyclical,100.4367446899414,0.0007290084155242571,0.1253317387346683,2.2
MCD,2016-04-22 19:36:21,0.0722,0.0138,0.0023,0.1875,0.0,0.0584,Consumer Cyclical,102.04673767089844,-0.0023055442487490696,-0.14097638951764965,2.2
MCD,2016-06-02 00:07:25,0.0422,0.0102,0.0077,0.6,0.0,0.032,Consumer Cyclical,99.2501220703125,0.0007431196810401275,0.03637478772311013,2.2
MCD,2016-07-26 21:14:36,0.0669,0.0155,0.0072,0.2,0.0,0.0514,Consumer Cyclical,99.69244384765625,-0.044662327606205365,-0.467894118671992,2.2
MCD,2016-10-21 22:04:22,0.0498,0.0166,0.0059,0.0714285714285714,0.0,0.03319999999999999,Consumer Cyclical,94.04511260986328,0.030388081928964583,-0.5763890617792089,2.2
MCD,2017-01-23 20:42:06,0.0535,0.007,0.0035,0.1428571428571428,0.0,0.0465,Consumer Cyclical,100.97396087646484,-0.007197910585048373,-0.8403246041989223,2.2
MCD,2017-04-26 06:26:35,0.058,0.0047,0.0036,0.0,0.0,0.0533,Consumer Cyclical,118.02473449707031,-0.0060696314306279975,-0.8103632821672611,2.2
MCD,2017-05-25 03:10:09,0.0207,0.0182,0.0085,0.2727272727272727,0.0,0.0024999999999999988,Consumer Cyclical,125.51651763916016,0.0018728517910691078,-0.24274729158675357,2.2
MCD,2017-06-01 17:23:10,0.0199,0.0142,0.0014,0.0,0.0,0.0057,Consumer Cyclical,128.5042724609375,0.016272058768072695,-0.8016485389970925,2.2
MCD,2017-07-25 20:14:22,0.0549,0.0069,0.0011,0.0,0.0,0.048,Consumer Cyclical,134.1372528076172,0.0475466811951073,0.22144367588585373,2.2
MCD,2017-10-24 19:58:41,0.0443,0.0057,0.0023,0.0,0.0555555555555555,0.038599999999999995,Consumer Cyclical,139.01318359375,0.003305819709592761,0.5960290225765996,2.2
MCD,2017-11-15 17:26:09,0.0142,0.0026,0.013,0.0,0.0,0.011600000000000001,Consumer Cyclical,141.93124389648438,-0.004698935960759765,0.5845358091565581,2.2
MCD,2018-01-30 23:31:11,0.0487,0.0043,0.0032,0.0833333333333333,0.0,0.0444,Consumer Cyclical,147.18048095703125,-0.029757423764657287,0.28209644057336275,2.2
MCD,2018-03-14 18:31:53,0.0132,0.0118,0.0092,0.0,0.0,0.0014000000000000002,Consumer Cyclical,135.8834228515625,0.0001261212068597306,-0.537482391672825,2.2
MCD,2018-04-30 21:55:09,0.0614,0.0067,0.0011,0.0526315789473684,0.0,0.054700000000000006,Consumer Cyclical,143.7836456298828,0.057738125372040594,0.3974152571296207,2.2
MCD,2018-05-25 00:48:07,0.0133,0.0279,0.0085,0.55,0.0,-0.014600000000000002,Consumer Cyclical,140.15133666992188,0.005050112673362417,0.2890177557568149,2.2
MCD,2018-06-01 00:38:07,0.0294,0.0147,0.0147,0.3333333333333333,0.0,0.0147,Consumer Cyclical,137.54171752929688,0.0010067887724729552,0.8870143366056242,2.2
MCD,2018-07-26 20:08:15,0.0628,0.0088,0.0011,0.0,0.0555555555555555,0.05399999999999999,Consumer Cyclical,134.93186950683594,-0.01730739696385164,0.27733731716000126,2.2
MCD,2018-10-23 21:31:56,0.0619,0.0046,0.0011,0.0833333333333333,0.0,0.0573,Consumer Cyclical,154.0437469482422,0.06313333234343266,0.32916184573837726,2.2
MCD,2019-01-30 23:28:28,0.0549,0.0099,0.0011,0.0769230769230769,0.0,0.045,Consumer Cyclical,159.03598022460938,-0.0021956787777952513,0.3336029021478808,2.2
MCD,2019-03-15 18:35:07,0.031,0.0062,0.0037,0.0,0.0,0.0248,Consumer Cyclical,163.18307495117188,0.01417318742661755,0.20827130401799243,2.2
MCD,2019-04-30 22:03:13,0.0626,0.0046,0.0058,0.0769230769230769,0.0,0.058,Consumer Cyclical,173.96038818359375,0.002283137539124125,0.3017829223508355,2.2
MCD,2019-07-26 23:00:12,0.0373,0.0244,0.0206,0.0833333333333333,0.0,0.012899999999999998,Consumer Cyclical,190.9298095703125,0.00531622794870934,-0.5614329197945064,2.2
MCD,2019-10-22 21:31:43,0.0325,0.0213,0.0088,0.0714285714285714,0.0,0.011200000000000002,Consumer Cyclical,177.41790771484375,-0.050417094168146215,0.39510617960413563,2.2
MCD,2020-01-29 21:54:07,0.0404,0.0091,0.0078,0.0666666666666666,0.0,0.031299999999999994,Consumer Cyclical,192.14794921875,0.01924995987382694,0.4541903126730511,2.2
MCD,2020-04-30 16:17:24,0.037,0.0329,0.0096,0.0714285714285714,0.0,0.0040999999999999995,Consumer Cyclical,169.11395263671875,-0.0013841617369833026,0.47973964733462593,2.2
MCD,2020-06-16 19:20:09,0.0322,0.028,0.0168,0.3333333333333333,0.0,0.004199999999999999,Consumer Cyclical,172.74664306640625,0.004380153147443222,0.35114927079090497,2.2
MCD,2020-07-28 17:22:07,0.046,0.0261,0.0199,0.0625,0.0,0.019899999999999998,Consumer Cyclical,178.12001037597656,-0.02489447254314736,0.2187045995939644,2.2
MCD,2020-11-09 15:06:13,0.0536,0.014,0.0105,0.0,0.0,0.0396,Consumer Cyclical,194.66436767578125,-0.015423117983769385,-0.6865129498834278,2.2
MCD,2021-01-28 18:45:11,0.0444,0.03,0.0096,0.0625,0.0,0.014400000000000003,Consumer Cyclical,189.94363403320312,-0.0008697339798708903,-0.6378609767166192,2.2
MDT,2007-08-22 00:05:43,0.0487,0.0119,0.0143,0.1428571428571428,0.0,0.0368,Healthcare,35.590213775634766,-0.004162451415651858,,2.5
MDT,2008-02-19 19:47:11,0.0263,0.0114,0.0114,0.0909090909090909,0.0,0.0149,Healthcare,33.38623046875,0.0006105187580174309,,2.5
MDT,2008-05-20 20:10:11,0.0356,0.0097,0.0129,0.0909090909090909,0.0,0.0259,Healthcare,33.343177795410156,0.02255652643695183,,2.5
MDT,2008-08-19 18:16:28,0.0376,0.0077,0.0099,0.1818181818181818,0.0,0.029900000000000003,Healthcare,37.23774719238281,0.01946163363428477,-0.03197513401645272,2.5
MDT,2009-02-17 19:11:28,0.0409,0.0205,0.0125,0.0833333333333333,0.0,0.020399999999999998,Healthcare,23.85944366455078,0.05333765921989375,0.1813787343195158,2.5
MDT,2009-05-19 19:01:34,0.0596,0.0079,0.0079,0.1818181818181818,0.0,0.051699999999999996,Healthcare,22.067157745361328,-0.06478202746075856,-0.9946261561934799,2.5
MDT,2009-08-25 19:03:30,0.058,0.0102,0.0057,0.1538461538461538,0.0,0.0478,Healthcare,26.468189239501953,-0.00368423384126193,-0.9126195900490999,2.5
MDT,2009-11-24 19:21:21,0.0573,0.0167,0.0084,0.0769230769230769,0.0,0.0406,Healthcare,30.408628463745117,0.07293438373978245,-0.6927592461348973,2.5
MDT,2010-02-23 17:53:12,0.0483,0.009,0.0045,0.2307692307692307,0.0,0.0393,Healthcare,30.279996871948242,-0.01809476066760285,-0.6559822657676316,2.5
MDT,2010-05-25 19:56:18,0.0446,0.0109,0.0076,0.1428571428571428,0.0714285714285714,0.0337,Healthcare,28.34543228149414,-0.016978019546574186,0.16240647192871968,2.5
MDT,2010-08-24 18:35:22,0.0426,0.0265,0.0138,0.0769230769230769,0.0,0.0161,Healthcare,22.282695770263672,-0.10803124996182478,0.8848875678021421,2.5
MDT,2010-11-23 19:35:36,0.0434,0.0167,0.0078,0.1538461538461538,0.0,0.0267,Healthcare,24.566308975219727,-0.014985581345158372,0.8420705107365085,2.5
MDT,2011-02-22 19:41:31,0.0741,0.0057,0.0068,0.1428571428571428,0.0,0.0684,Healthcare,29.07661247253418,-0.025684707375348892,0.5056714535516389,2.5
MDT,2011-05-24 19:21:33,0.0544,0.0213,0.0128,0.1,0.0,0.0331,Healthcare,29.731531143188477,-0.009210003773013065,0.47606156590991944,2.5
MDT,2011-08-23 18:14:28,0.0668,0.0202,0.0076,0.1818181818181818,0.0,0.0466,Healthcare,24.228334426879883,0.06157784558771984,-0.04711984194750417,2.5
MDT,2011-08-25 22:31:03,0.0449,0.0154,0.0047,0.5,0.0,0.029500000000000002,Healthcare,24.78463363647461,-0.01023116923219658,-0.10879847841053665,2.5
MDT,2011-11-22 19:51:13,0.0592,0.0151,0.0093,0.1538461538461538,0.6923076923076923,0.0441,Healthcare,25.62987518310547,0.04448440428699629,0.9840740037190752,2.5
MDT,2012-02-21 20:01:12,0.0481,0.0355,0.016,0.1538461538461538,0.6153846153846154,0.0126,Healthcare,28.9388370513916,-0.02378586129783855,0.9443252301482352,2.5
MDT,2012-05-22 17:41:10,0.0578,0.0102,0.0045,0.1538461538461538,0.7692307692307693,0.047599999999999996,Healthcare,27.601781845092773,-0.01962858802246814,0.48266393980311445,2.5
MDT,2012-06-02 05:41:07,0.0413,0.0107,0.0027,0.2352941176470588,0.6470588235294118,0.030600000000000002,Healthcare,,,,2.5
MDT,2012-08-21 18:11:35,0.0523,0.0125,0.0102,0.25,0.625,0.0398,Healthcare,30.9287166595459,-0.007478575063451287,,2.5
MDT,2012-11-20 18:31:07,0.0538,0.0176,0.0077,0.2666666666666666,0.6666666666666666,0.036199999999999996,Healthcare,32.26334762573242,0.020330133799421946,,2.5
MDT,2013-01-07 19:41:07,0.0354,0.0038,0.0025,0.5,0.5,0.0316,Healthcare,32.84178924560547,0.011720489774890375,,2.5
MDT,2013-02-19 16:37:09,0.0386,0.0209,0.0099,0.2727272727272727,0.0,0.017700000000000004,Healthcare,34.85064697265625,-0.028013575207999186,0.6730651320010844,2.5
MDT,2013-03-06 20:54:07,0.0549,0.0051,0.0089,0.5,0.0,0.0498,Healthcare,35.02566146850586,0.00546118790665151,0.6678625315752329,2.5
MDT,2013-03-13 21:04:06,0.045,0.0205,0.0123,0.0,0.0,0.024499999999999997,Healthcare,34.9039192199707,-0.0028262428962488872,0.69024527095718,2.5
MDT,2013-05-21 16:56:13,0.0521,0.0081,0.0104,0.3333333333333333,0.0,0.044,Healthcare,40.05478286743164,0.04930864348540731,0.7174035213369884,2.5
MDT,2013-05-31 18:34:07,0.041,0.0137,0.0027,0.5,0.0,0.0273,Healthcare,39.02950668334961,-0.019038589166822106,0.6021662710238319,2.5
MDT,2013-06-13 20:59:05,0.0369,0.0043,0.0213,0.5,0.0,0.032600000000000004,Healthcare,40.38379669189453,0.022670002802439138,0.9190241448410426,2.5
MDT,2013-08-20 18:28:04,0.0466,0.025,0.0114,0.3076923076923077,0.0,0.0216,Healthcare,40.64067077636719,-0.02347518537889448,0.9600467615270974,2.5
MDT,2013-08-22 21:27:07,0.0323,0.0104,0.0023,0.5384615384615384,0.0,0.021900000000000003,Healthcare,41.04838562011719,0.012907940265418194,0.4856342449532643,2.5
MDT,2013-09-10 19:51:05,0.0688,0.0159,0.004,0.0,0.0,0.0529,Healthcare,41.509952545166016,0.0007419862405144695,0.1591026812628831,2.5
MDT,2013-11-02 02:27:06,0.0368,0.0028,0.0,0.0909090909090909,0.0,0.034,Healthcare,,,,2.5
MDT,2013-11-19 17:25:05,0.0442,0.0326,0.0128,0.3076923076923077,0.0,0.011600000000000006,Healthcare,44.80606460571289,-0.0063455901325223385,,2.5
MDT,2013-12-04 00:17:09,0.0364,0.0094,0.0189,0.5,0.0,0.027000000000000003,Healthcare,44.02500915527344,-0.012317773234562512,,2.5
MDT,2013-12-10 19:57:07,0.0356,0.0059,0.0193,0.0,0.0,0.0297,Healthcare,44.373008728027344,-0.008467239048264408,,2.5
MDT,2014-02-18 17:18:06,0.0438,0.0202,0.0112,0.3076923076923077,0.0,0.0236,Healthcare,43.665870666503906,-0.012131027454857501,-0.6005933514135245,2.5
MDT,2014-03-05 19:26:07,0.0314,0.0079,0.0144,0.0,0.0,0.023499999999999997,Healthcare,46.3469123840332,-0.00016746765857988954,-0.3099173131373288,2.5
MDT,2014-05-20 22:03:08,0.0356,0.0189,0.01,0.0833333333333333,0.0,0.0167,Healthcare,46.37895202636719,-0.015412827334903012,0.44538567382917377,2.5
MDT,2014-06-11 02:10:09,0.031,0.0192,0.0192,0.3333333333333333,0.0,0.011800000000000001,Healthcare,47.75291442871094,-0.011154054361272925,0.4859829943583343,2.5
MDT,2014-06-17 20:52:09,0.0384,0.0118,0.0207,0.0,0.0,0.0266,Healthcare,48.0729866027832,0.025820515099744146,0.8417173480436851,2.5
MDT,2014-08-19 19:02:01,0.0325,0.0168,0.009,0.2666666666666666,0.0,0.015700000000000002,Healthcare,50.21016311645508,0.008507995362590837,0.8177796113099234,2.5
MDT,2014-11-18 18:07:07,0.0428,0.0055,0.0088,0.3846153846153846,0.0,0.0373,Healthcare,57.1275520324707,0.04740574541128395,0.9821820790261208,2.5
MDT,2015-02-17 21:28:10,0.0459,0.0056,0.0045,0.25,0.0,0.0403,Healthcare,61.79776382446289,0.03733703395702603,0.9356366869014576,2.5
MDT,2015-06-02 18:45:09,0.0378,0.0089,0.0122,0.4,0.0,0.028900000000000002,Healthcare,61.09592819213867,0.0023469137864662315,0.7665365486814152,2.5
MDT,2015-09-03 17:40:07,0.0412,0.0078,0.01,0.5,0.0,0.0334,Healthcare,55.89474105834961,-0.021942637698266876,0.6952901643005059,2.5
MDT,2015-09-17 20:25:09,0.0161,0.0214,0.0295,0.0,0.0,-0.005299999999999999,Healthcare,56.55766296386719,0.00984049886062821,0.0783980229561274,2.5
MDT,2015-12-04 01:52:06,0.0469,0.0067,0.0089,0.4,0.0,0.0402,Healthcare,62.7523078918457,0.019173304505122557,-0.16377778190335324,2.5
MDT,2016-03-01 21:52:22,0.0334,0.0097,0.0129,0.4285714285714285,0.0,0.0237,Healthcare,59.86880111694336,-0.041478284242594365,-0.12183549692487004,2.5
MDT,2016-05-31 21:10:35,0.0368,0.0116,0.0095,0.3571428571428571,0.0,0.0252,Healthcare,65.28321075439453,-0.014812240053827974,-0.04269467462338108,2.5
MDT,2016-08-25 20:10:34,0.0318,0.0127,0.0074,0.3076923076923077,0.0,0.019100000000000002,Healthcare,69.60994720458984,-0.01454148101840591,0.7837590154728236,2.5
MDT,2016-11-22 23:12:43,0.0362,0.032,0.0096,0.375,0.0,0.004200000000000002,Healthcare,60.29827117919922,-0.08662211462631486,0.8643197948912285,2.5
MDT,2017-02-21 21:21:54,0.0468,0.0152,0.0098,0.0,0.0,0.0316,Healthcare,66.39449310302734,0.021298022210828105,0.9765234472323098,2.5
MDT,2017-05-25 19:03:08,0.0468,0.0087,0.0087,0.2777777777777778,0.0,0.0381,Healthcare,70.90766906738281,0.0103895855406817,0.9382775255539155,2.5
MDT,2017-08-22 18:55:13,0.037,0.0162,0.0069,0.3125,0.0,0.0208,Healthcare,68.09529876708984,-0.021072623171418225,0.9580144025977679,2.5
MDT,2017-11-21 18:56:07,0.0331,0.0165,0.011,0.25,0.0,0.016599999999999997,Healthcare,69.25413513183594,0.04765513408005373,-0.16491205318639107,2.5
MDT,2018-02-20 18:51:07,0.0551,0.0132,0.0099,0.3157894736842105,0.0,0.04190000000000001,Healthcare,68.76129150390625,-0.020405696652359695,-0.4855840045177241,2.5
MDT,2018-05-24 19:25:05,0.0462,0.0193,0.0043,0.2941176470588235,0.0,0.026899999999999997,Healthcare,73.71792602539062,0.020291026711590776,-0.5921992777573986,2.5
MDT,2018-08-21 17:19:08,0.0429,0.0165,0.0077,0.375,0.0,0.0264,Healthcare,81.12165832519531,0.05709201465782687,-0.8595895422962101,2.5
MDT,2018-09-06 17:50:07,0.0435,0.0281,0.0077,0.3333333333333333,0.0,0.015399999999999997,Healthcare,82.24681854248047,0.004685938224459951,-0.4104081787204418,2.5
MDT,2018-11-20 19:51:21,0.0388,0.0097,0.0054,0.3846153846153846,0.0,0.0291,Healthcare,78.55599212646484,0.019807751238993365,0.5127015734136675,2.5
MDT,2019-02-19 20:23:08,0.0397,0.0139,0.0064,0.2,0.0,0.0258,Healthcare,79.14723205566406,0.0006504140010994419,0.3971150755514346,2.5
MDT,2019-02-27 20:27:17,0.0382,0.0026,0.0026,0.0,0.0,0.0356,Healthcare,77.91283416748047,-0.004381633310045485,-0.15288882078678656,2.5
MDT,2019-03-11 20:07:33,0.062,0.0216,0.0135,0.5,0.0,0.0404,Healthcare,78.86433410644531,0.01634994219131447,0.15828362925628642,2.5
MDT,2019-03-12 15:40:08,0.0674,0.0198,0.0119,0.0,0.0,0.0476,Healthcare,79.24153137207031,0.004782862492896722,0.4087319958171951,2.5
MDT,2019-05-23 18:48:07,0.0372,0.0219,0.0055,0.2777777777777778,0.0,0.015299999999999998,Healthcare,78.98631286621094,0.03244676432378735,-0.7264491175708373,2.5
MDT,2019-08-20 20:42:25,0.0501,0.0295,0.0141,0.3333333333333333,0.0,0.0206,Healthcare,92.65419006347656,0.026204513522984474,-0.9744568232154426,2.5
MDT,2019-09-05 18:07:02,0.0249,0.0092,0.0144,0.0,0.0,0.0157,Healthcare,93.356201171875,0.0005574195717641395,-0.4337967907738872,2.5
MDT,2019-11-19 20:35:09,0.0323,0.0335,0.0149,0.2352941176470588,0.0,-0.0011999999999999997,Healthcare,96.74491119384766,-0.001617970224466414,0.645450280916538,2.5
MDT,2020-02-18 20:41:08,0.0198,0.0582,0.0173,0.2857142857142857,0.0,-0.038400000000000004,Healthcare,98.59783935546875,-0.03980230505411941,0.9473058622586956,2.5
MDT,2020-05-21 19:23:11,0.0415,0.0311,0.0091,0.5,0.0,0.010400000000000003,Healthcare,84.02357482910156,-0.02722275886874126,0.7102875971658505,2.5
MDT,2020-05-29 19:46:07,0.0329,0.0178,0.0027,0.5,0.0,0.015099999999999999,Healthcare,86.81526947021484,0.0044833885374473414,0.7141158010548768,2.5
MDT,2020-06-03 20:14:09,0.0381,0.0141,0.0198,0.0,0.0,0.024,Healthcare,85.51190185546875,-0.0015425549541883132,0.8240609029632449,2.5
MDT,2020-06-09 18:41:07,0.0169,0.0154,0.0126,0.5,0.0,0.0014999999999999979,Healthcare,87.28202056884766,-0.02190855335818065,0.7010071188596962,2.5
MDT,2020-08-25 19:13:10,0.0318,0.0165,0.013,0.1666666666666666,0.0,0.015300000000000001,Healthcare,90.93982696533203,0.02456823807646691,0.5538005952663874,2.5
MDT,2020-11-24 17:37:06,0.0503,0.0114,0.0091,1.0,0.0,0.0389,Healthcare,101.67993927001953,0.02784524733344229,0.7358236856131802,2.5
MDT,2020-12-11 16:54:07,0.0085,0.0171,0.0073,0.5,0.0,-0.0086,Healthcare,100.18229675292969,-0.0026626612439732966,0.7697432763891948,2.5
MDT,2021-02-23 16:23:07,0.0685,0.0058,0.0116,0.3684210526315789,0.0,0.0627,Healthcare,105.71766662597656,0.019438345453330896,0.6542804187891705,2.5
MET,2008-02-07 20:18:11,0.0402,0.0161,0.0253,0.1818181818181818,0.0,0.0241,Financial Services,32.70338821411133,0.06619350193822049,,2.1
MET,2008-05-02 17:52:11,0.0397,0.0261,0.0216,0.3,0.0,0.013599999999999998,Financial Services,33.84104537963867,0.00371311171501576,,2.1
MET,2008-07-30 21:20:14,0.0224,0.0314,0.0258,0.1875,0.0,-0.008999999999999998,Financial Services,28.18545150756836,-0.019503770094564166,,2.1
MET,2008-10-08 22:37:20,0.0236,0.0189,0.0355,0.2142857142857142,0.0,0.004699999999999999,Financial Services,14.696929931640625,-0.26769727653498554,0.38501890882653284,2.1
MET,2008-10-31 01:32:11,0.0284,0.0273,0.0261,0.2142857142857142,0.0,0.0011000000000000003,Financial Services,18.08266830444336,0.10000012763006394,-0.10128556105506865,2.1
MET,2009-02-04 19:48:14,0.0292,0.0313,0.0238,0.2,0.0,-0.002100000000000001,Financial Services,16.45275115966797,0.03786782519262144,-0.4441354371008275,2.1
MET,2009-05-01 21:44:19,0.0368,0.0402,0.0212,0.2307692307692307,0.0,-0.0034000000000000002,Financial Services,15.257706642150879,-0.07731064725252057,-0.5413679823590085,2.1
MET,2009-07-31 19:18:15,0.0473,0.0266,0.0242,0.2142857142857142,0.0,0.020700000000000003,Financial Services,18.870634078979492,0.011319433583667937,0.094568864827389,2.1
MET,2009-10-30 16:07:11,0.0369,0.0257,0.019,0.1538461538461538,0.0,0.011200000000000002,Financial Services,18.915102005004883,-0.07627603555154328,0.12305502427089597,2.1
MET,2010-02-03 21:10:20,0.0426,0.0213,0.0224,0.1875,0.0,0.0213,Financial Services,19.780838012695312,-0.04316721860689632,0.7170465773924901,2.1
MET,2010-04-30 15:26:24,0.0479,0.0234,0.0223,0.2142857142857142,0.0,0.024499999999999997,Financial Services,25.908349990844727,-0.0008761819942981752,0.8056590467871197,2.1
MET,2010-07-30 17:06:17,0.0565,0.0244,0.0188,0.3333333333333333,0.1333333333333333,0.032100000000000004,Financial Services,23.90752601623535,0.04626880708987713,0.9711345305876756,2.1
MET,2010-10-29 17:06:17,0.0468,0.0202,0.0181,0.3846153846153846,0.0769230769230769,0.026600000000000002,Financial Services,22.924161911010742,-0.003212910559420523,0.9725419471686744,2.1
MET,2011-02-10 19:21:19,0.0424,0.0201,0.0159,0.3333333333333333,0.0666666666666666,0.0223,Financial Services,27.34056854248047,-0.006933087032948482,0.929726854945168,2.1
MET,2011-05-05 19:31:17,0.0531,0.0173,0.0138,0.5333333333333333,0.0,0.0358,Financial Services,25.883028030395508,-0.030335698514437626,-0.017115001324216735,2.1
MET,2011-07-29 18:31:12,0.0522,0.0116,0.0255,0.5,0.0,0.040600000000000004,Financial Services,23.835525512695312,0.035167178768763074,0.3939647287726981,2.1
MET,2011-10-28 20:06:03,0.0293,0.0124,0.0316,0.3157894736842105,0.6842105263157895,0.0169,Financial Services,21.2963809967041,0.03223984598641283,-0.13116893548144787,2.1
MET,2011-10-28 20:41:14,0.0293,0.0124,0.0316,0.3157894736842105,0.6842105263157895,0.0169,Financial Services,21.2963809967041,0.03223984598641283,-0.4023289562678853,2.1
MET,2011-12-05 20:01:03,0.0445,0.0132,0.0241,0.3076923076923077,0.6153846153846154,0.031299999999999994,Financial Services,19.45470428466797,0.03652391718432568,0.8295826781564265,2.1
MET,2012-02-15 17:01:09,0.018,0.0224,0.0258,0.4,0.5,-0.004400000000000001,Financial Services,22.39182472229004,0.015273776561961716,0.9654844422605502,2.1
MET,2012-04-27 17:31:10,0.0239,0.016,0.016,0.2941176470588235,0.5882352941176471,0.0079,Financial Services,21.458093643188477,-0.004386806800231957,0.6625959558709174,2.1
MET,2012-05-23 19:01:03,0.0489,0.0201,0.0115,0.2631578947368421,0.6842105263157895,0.0288,Financial Services,18.296401977539062,-0.003540477716742485,0.24386782922000824,2.1
MET,2012-08-03 08:11:13,0.0267,0.0078,0.0222,0.4545454545454545,0.5454545454545454,0.0189,Financial Services,19.614269256591797,0.04700392797290931,-0.010795927934680734,2.1
MET,2012-09-12 21:01:08,0.0473,0.0189,0.0122,0.0526315789473684,0.4736842105263157,0.0284,Financial Services,20.46526336669922,-0.020644458176301783,-0.2553873781905486,2.1
MET,2012-11-01 16:41:11,0.0242,0.0219,0.0207,0.3333333333333333,0.6,0.0023,Financial Services,20.967588424682617,-0.00028164397872998403,-0.2245165551473648,2.1
MET,2012-12-13 17:11:06,0.0262,0.0175,0.0393,0.2666666666666666,0.6,0.0087,Financial Services,19.820207595825195,-0.023207373750115834,0.05152941685801605,2.1
MET,2013-02-14 17:51:16,0.0283,0.0068,0.0441,0.1764705882352941,0.6470588235294118,0.0215,Financial Services,22.258377075195312,-0.021600119522774186,-0.6553391593284646,2.1
MET,2013-02-15 00:36:03,0.0231,0.0167,0.0231,1.0,0.0,0.0063999999999999994,Financial Services,22.106708526611328,-0.006813998526110088,-0.7375607010850687,2.1
MET,2013-05-02 17:21:12,0.0282,0.0259,0.036,0.2222222222222222,0.7222222222222222,0.0023,Financial Services,24.248228073120117,0.0408855078382524,-0.6867157813541764,2.1
MET,2013-05-21 20:01:56,0.0344,0.0172,0.0252,0.1666666666666666,0.7083333333333334,0.0172,Financial Services,26.15369987487793,-0.011085635126817928,-0.8300864944746118,2.1
MET,2013-08-01 16:21:08,0.0324,0.0168,0.0268,0.4666666666666667,0.4666666666666667,0.0156,Financial Services,31.43697166442871,0.06299077465857872,-0.06332289069622475,2.1
MET,2013-09-18 20:29:05,0.0259,0.0191,0.015,0.5,0.0,0.0068000000000000005,Financial Services,29.868019104003906,-0.02505990086511889,0.006873577348947091,2.1
MET,2013-09-25 15:10:09,0.0215,0.0134,0.0376,0.5,0.0,0.008099999999999998,Financial Services,29.38895606994629,0.015707855819803163,0.39622500453979875,2.1
MET,2013-10-31 16:21:09,0.0279,0.0201,0.0502,0.3571428571428571,0.5,0.007800000000000001,Financial Services,29.057296752929688,-0.03448958585587092,0.8998579965407383,2.1
MET,2013-12-12 17:41:15,0.0191,0.0158,0.0327,0.3333333333333333,0.5555555555555556,0.0032999999999999974,Financial Services,31.621225357055664,-0.004667104457238724,-0.08314735296297109,2.1
MET,2014-02-13 17:51:10,0.0284,0.0219,0.0404,0.3846153846153846,0.4615384615384615,0.006500000000000002,Financial Services,31.073917388916016,0.002606507789122192,-0.04520621584650655,2.1
MET,2014-05-01 18:16:04,0.0354,0.0251,0.0445,0.25,0.0,0.0103,Financial Services,32.04322052001953,-0.014899751236896353,-0.440950097085558,2.1
MET,2014-07-31 19:11:17,0.0327,0.0327,0.0214,0.3529411764705882,0.5882352941176471,0.0,Financial Services,32.913883209228516,-0.033798984591492776,0.4939349396542126,2.1
MET,2014-10-30 16:31:07,0.0302,0.0246,0.0269,0.2857142857142857,0.5714285714285714,0.005600000000000001,Financial Services,33.39666748046875,0.0133821407396999,0.46088194517555736,2.1
MET,2015-02-12 19:07:07,0.0295,0.0175,0.0295,0.25,0.0,0.011999999999999997,Financial Services,32.14357376098633,-0.001587034706105328,0.49396678246978726,2.1
MET,2015-05-07 16:48:04,0.0235,0.0291,0.0291,0.25,0.0,-0.005600000000000001,Financial Services,33.4974250793457,0.012936552558183712,0.02125940712131875,2.1
MET,2015-07-30 17:57:09,0.0348,0.0267,0.0186,0.2105263157894736,0.0,0.008099999999999996,Financial Services,36.559608459472656,-0.006815686909298568,-0.6962326376050659,2.1
MET,2015-11-05 21:12:06,0.009,0.0303,0.028,0.2941176470588235,0.0,-0.0213,Financial Services,32.55564498901367,-0.011685234722045412,0.18681360064844577,2.1
MET,2016-02-04 17:06:10,0.0204,0.0284,0.0375,0.3125,0.0,-0.008,Financial Services,26.163040161132812,-0.05244337823064238,0.15344247742094588,2.1
MET,2016-05-05 18:20:33,0.0301,0.0486,0.0254,0.2777777777777778,0.0,-0.0185,Financial Services,28.435962677001953,-0.016766426863637385,0.06383935774777845,2.1
MET,2016-08-04 22:00:47,0.0211,0.0178,0.0311,0.1666666666666666,0.0,0.003300000000000001,Financial Services,26.506534576416016,-0.08683597114001063,-0.9989820871613804,2.1
MET,2016-11-03 16:28:38,0.0315,0.0213,0.0236,0.0,0.0714285714285714,0.0102,Financial Services,31.822418212890625,0.02437944076159182,0.14590068030607214,2.1
MET,2017-02-02 19:11:21,0.0395,0.0113,0.0215,0.0666666666666666,0.0666666666666666,0.028200000000000003,Financial Services,35.05589294433594,-0.04562313187967548,-0.10682369788830343,2.1
MET,2017-05-04 17:01:28,0.0371,0.0151,0.0243,0.2307692307692307,0.0,0.022,Financial Services,36.144039154052734,0.01837503554929487,0.2822396988797134,2.1
MET,2017-08-03 17:16:10,0.0374,0.0099,0.0242,0.1538461538461538,0.0769230769230769,0.027500000000000004,Financial Services,36.99428939819336,-0.028685525599660422,-0.844190656491819,2.1
MET,2017-11-02 15:08:23,0.0309,0.0202,0.0277,0.0,0.0833333333333333,0.010700000000000001,Financial Services,43.23771667480469,0.034527425430928904,-0.8998056083245042,2.1
MET,2018-02-14 18:32:09,0.0194,0.0412,0.0157,0.0,0.0588235294117647,-0.0218,Financial Services,36.797969818115234,0.03318567673122175,-0.6578264821995393,2.1
MET,2018-05-03 16:56:12,0.0349,0.0163,0.0196,0.0,0.0666666666666666,0.018600000000000002,Financial Services,35.19052505493164,-0.008656671187271203,-0.7749400808291965,2.1
MET,2018-08-02 18:41:59,0.0284,0.0164,0.0175,0.0,0.0588235294117647,0.012,Financial Services,36.741634368896484,0.01249429186783546,-0.6448879857170574,2.1
MET,2018-11-02 17:35:38,0.0261,0.0217,0.0174,0.0,0.0,0.004400000000000001,Financial Services,34.99968338012695,0.03958038146830223,-0.7005320580242638,2.1
MET,2018-12-14 19:59:07,0.0465,0.0108,0.0206,0.3333333333333333,0.0666666666666666,0.035699999999999996,Financial Services,31.522409439086914,-0.015941421473037343,-0.8938282579828369,2.1
MET,2019-02-07 19:21:10,0.0364,0.0342,0.0193,0.2666666666666666,0.0666666666666666,0.0022000000000000006,Financial Services,35.60363006591797,-0.03716824274563002,-0.2031774430415772,2.1
MET,2019-05-02 19:28:10,0.0677,0.0115,0.0103,0.2666666666666666,0.0666666666666666,0.0562,Financial Services,38.78602981567383,0.03719086458202092,0.3429853920663096,2.1
MET,2019-08-01 16:59:38,0.0319,0.0293,0.0179,0.2307692307692307,0.0,0.002599999999999998,Financial Services,39.904476165771484,-0.02205607459161263,0.8935405467778741,2.1
MET,2019-09-04 18:03:06,0.0479,0.0014,0.0192,0.0,0.3333333333333333,0.0465,Financial Services,37.07890701293945,0.012747472901487367,0.9703066408325279,2.1
MET,2019-10-31 17:55:08,0.0371,0.0346,0.0148,0.25,0.0625,0.0025000000000000022,Financial Services,38.99577331542969,0.010801252057692112,0.7755356322459659,2.1
MET,2020-02-06 17:41:43,0.0326,0.0439,0.01,0.2307692307692307,0.0,-0.011300000000000004,Financial Services,44.02549362182617,0.006598130422143411,0.33134640381511166,2.1
MET,2020-05-07 19:05:34,0.0213,0.0375,0.0175,0.2727272727272727,0.0909090909090909,-0.0162,Financial Services,29.645112991333008,0.05936612697935373,-0.42293831921497604,2.1
MET,2020-08-06 19:28:23,0.0549,0.0322,0.0084,0.1666666666666666,0.0833333333333333,0.022699999999999998,Financial Services,32.22309875488281,-0.03396026688801357,-0.8792037959495963,2.1
MET,2020-11-05 19:47:00,0.049,0.0182,0.0137,0.25,0.0625,0.0308,Financial Services,36.280189514160156,0.054615342222042784,-0.2195579828171888,2.1
MRK,2006-10-20 19:48:14,0.0514,0.014,0.0129,0.125,0.0625,0.0374,Healthcare,23.22336196899414,0.0258489159638724,,1.9
MRK,2007-01-30 21:12:01,0.0434,0.016,0.0149,0.0833333333333333,0.0,0.0274,Healthcare,23.044832229614258,-0.013183924560423499,,1.9
MRK,2007-04-19 19:27:52,0.0464,0.0262,0.0131,0.0555555555555555,0.0,0.020199999999999996,Healthcare,25.954442977905273,0.009257058923700656,,1.9
MRK,2007-07-23 18:51:12,0.0475,0.0102,0.0124,0.0909090909090909,0.0,0.0373,Healthcare,27.284223556518555,0.0675227520743118,0.67426083091659,1.9
MRK,2007-10-22 20:01:54,0.0281,0.0094,0.0129,0.0714285714285714,0.0,0.0187,Healthcare,28.70663070678711,0.028808330135369875,0.5614875480255348,1.9
MRK,2007-12-04 19:07:24,0.0358,0.0072,0.0155,0.0909090909090909,0.0,0.0286,Healthcare,30.676807403564453,-0.0064656558325476565,0.5619481598308973,1.9
MRK,2008-01-30 20:24:06,0.0452,0.0113,0.0124,0.0666666666666666,0.0,0.0339,Healthcare,24.405006408691406,-0.03874166662910361,0.03996458028825997,1.9
MRK,2008-04-21 18:54:11,0.0385,0.0192,0.0156,0.1538461538461538,0.0,0.0193,Healthcare,21.14068603515625,-0.003269465875731181,-0.8622346010467783,1.9
MRK,2008-07-22 03:21:30,0.0277,0.0253,0.0168,0.1538461538461538,0.0,0.0023999999999999994,Healthcare,16.88030242919922,-0.11321766735046357,0.7412255587286578,1.9
MRK,2008-10-22 19:08:13,0.0288,0.0336,0.018,0.1818181818181818,0.0,-0.004799999999999999,Healthcare,15.25798225402832,-0.06539846214868072,0.6079526058437207,1.9
MRK,2008-12-04 20:05:14,0.0399,0.0244,0.0188,0.3636363636363636,0.0,0.015499999999999996,Healthcare,13.815099716186523,-0.05517799457233119,0.6865186030007749,1.9
MRK,2009-02-03 18:47:17,0.0328,0.0304,0.0164,0.4166666666666667,0.0,0.002400000000000003,Healthcare,16.710739135742188,0.0636649337209576,-0.0005356931401560626,1.9
MRK,2009-04-21 18:42:20,0.0333,0.0173,0.0136,0.3125,0.0625,0.016000000000000004,Healthcare,13.226346015930176,-0.06661361102633057,-0.28661494937280607,1.9
MRK,2009-07-21 19:50:27,0.0439,0.015,0.0197,0.4,0.0,0.028900000000000002,Healthcare,16.89200782775879,0.061202737903703675,-0.020640324611701694,1.9
MRK,2009-10-22 20:02:18,0.0486,0.0104,0.0104,0.2666666666666666,0.0,0.0382,Healthcare,18.953035354614258,0.005813603924281319,-0.10188545252170321,1.9
MRK,2010-02-16 19:32:11,0.0396,0.0116,0.0058,0.1428571428571428,0.0,0.028000000000000004,Healthcare,21.93703842163086,0.020043314027765602,0.6311645602089067,1.9
MRK,2010-05-04 18:51:31,0.0508,0.0106,0.0094,0.2,0.0,0.0402,Healthcare,21.077831268310547,0.015310712978775065,-0.6412257529646983,1.9
MRK,2010-07-30 19:06:32,0.0508,0.0169,0.009,0.2666666666666666,0.0666666666666666,0.0339,Healthcare,20.50812339782715,-0.01711404119794724,-0.09368555953424618,1.9
MRK,2010-10-29 16:06:14,0.0521,0.0116,0.0058,0.25,0.0625,0.0405,Healthcare,21.83551025390625,-0.017054915843331186,-0.37980313579098957,1.9
MRK,2011-02-03 19:21:34,0.0526,0.0217,0.0114,0.2,0.0666666666666666,0.0309,Healthcare,19.996002197265625,-0.0272024586102394,0.6802670305439579,1.9
MRK,2011-04-29 17:41:23,0.0542,0.013,0.0153,0.2,0.0,0.0412,Healthcare,22.105045318603516,0.005032268034505183,0.7745432622968024,1.9
MRK,2011-07-29 16:11:09,0.0449,0.0142,0.0142,0.1875,0.0,0.0307,Healthcare,21.21334457397461,-0.022902945610742464,0.7955933333279246,1.9
MRK,2011-10-28 17:11:12,0.0436,0.008,0.008,0.2,0.6666666666666666,0.0356,Healthcare,22.0847110748291,0.023317002976335877,0.6944420079549093,1.9
MRK,2011-11-10 20:31:03,0.047,0.0076,0.0076,0.25,0.45,0.0394,Healthcare,21.99665641784668,0.034921634583803485,0.6482075327357444,1.9
MRK,2012-02-02 21:11:07,0.044,0.0104,0.0081,0.1875,0.75,0.0336,Healthcare,24.469573974609375,-0.004918435231605289,0.9642395328996237,1.9
MRK,2012-04-27 19:11:07,0.0557,0.0139,0.0139,0.1875,0.75,0.041800000000000004,Healthcare,24.75519561767578,-0.00025973977956317285,0.1653805986804372,1.9
MRK,2012-06-13 22:11:09,0.0103,0.0154,0.0026,0.2222222222222222,0.4444444444444444,-0.0051,Healthcare,24.986692428588867,-0.0007808269122517864,0.33476195049943297,1.9
MRK,2012-07-27 16:21:11,0.0371,0.0139,0.0128,0.1875,0.75,0.023200000000000002,Healthcare,29.34636116027832,0.040849110231834906,-0.030288802412666346,1.9
MRK,2012-10-26 16:41:08,0.0296,0.0125,0.0103,0.1764705882352941,0.7058823529411765,0.0171,Healthcare,30.315523147583008,-0.0032395522761528017,0.14772245507151674,1.9
MRK,2013-02-01 16:19:05,0.0335,0.022,0.015,0.3076923076923077,0.0,0.011500000000000003,Healthcare,27.741321563720703,-0.032831911640336164,0.4270674176625256,1.9
MRK,2013-05-01 16:15:08,0.0393,0.0197,0.015,0.3,0.0,0.019600000000000003,Healthcare,30.59329605102539,-0.027872699351365493,0.7663018946057456,1.9
MRK,2013-05-20 18:46:06,0.0345,0.0124,0.0069,0.5,0.0,0.0221,Healthcare,30.27190399169922,-0.016960337183828944,0.3797705399039179,1.9
MRK,2013-05-28 21:27:08,0.0337,0.0109,0.0044,0.1428571428571428,0.0,0.0228,Healthcare,31.885601043701172,0.009754133171005153,0.723517585674398,1.9
MRK,2013-05-31 19:43:06,0.0477,0.0159,0.008,0.6666666666666666,0.0,0.031799999999999995,Healthcare,31.269590377807617,-0.007860791020955715,0.33412562259743095,1.9
MRK,2013-07-30 16:15:06,0.0445,0.0164,0.0164,0.2,0.0,0.028099999999999997,Healthcare,32.46901321411133,-0.005999232972646706,-0.12447196124341352,1.9
MRK,2013-10-28 16:09:05,0.0484,0.0196,0.0115,0.1666666666666666,0.0,0.0288,Healthcare,30.920719146728516,-0.02556952809790558,-0.6489444226027765,1.9
MRK,2014-02-05 17:00:05,0.0531,0.0153,0.0142,0.1764705882352941,0.0,0.0378,Healthcare,36.8290901184082,0.0003737468290581081,0.640352417707965,1.9
MRK,2014-04-29 18:04:09,0.0458,0.0153,0.0117,0.2142857142857142,0.0,0.0305,Healthcare,40.71520233154297,0.03599165401918225,0.16554497841896929,1.9
MRK,2014-05-28 12:46:09,0.031,0.0188,0.0055,0.25,0.0,0.012199999999999999,Healthcare,39.106544494628906,-0.005116037896160108,0.19002262271370804,1.9
MRK,2014-07-29 17:54:06,0.0392,0.0247,0.0123,0.0555555555555555,0.0555555555555555,0.014499999999999999,Healthcare,40.92430877685547,0.010522637252916578,0.3094944825474174,1.9
MRK,2014-09-09 18:16:05,0.0365,0.0154,0.0154,0.5,0.0,0.021099999999999997,Healthcare,42.30754852294922,-0.008026095655747745,0.7366831885595043,1.9
MRK,2014-10-27 20:56:08,0.04,0.0126,0.0149,0.15,0.0,0.0274,Healthcare,39.72394943237305,-0.020135438812682205,-0.7820838933293682,1.9
MRK,2015-02-04 17:51:08,0.0566,0.0231,0.0185,0.2352941176470588,0.0,0.0335,Healthcare,41.86768341064453,-0.032284311222971485,-0.9955136177457358,1.9
MRK,2015-04-28 16:30:07,0.0432,0.0193,0.0182,0.3125,0.0,0.0239,Healthcare,42.87118911743164,0.05043731048118838,-0.5650386672654114,1.9
MRK,2015-07-28 20:18:06,0.0528,0.0206,0.0126,0.2352941176470588,0.0,0.0322,Healthcare,41.42560577392578,0.009299575367287538,-0.7002386400644136,1.9
MRK,2015-09-17 17:11:06,0.0646,0.0121,0.0054,0.5,0.0,0.052500000000000005,Healthcare,39.196285247802734,0.0016702187125716694,-0.42484134812820945,1.9
MRK,2015-10-27 18:42:09,0.0409,0.0148,0.0136,0.2857142857142857,0.0,0.026099999999999998,Healthcare,38.840354919433594,0.010583981488677452,-0.646371267989316,1.9
MRK,2016-02-03 18:47:16,0.0375,0.0118,0.0171,0.1875,0.0,0.0257,Healthcare,36.67025375366211,-0.00714178446388436,-0.03875642038884112,1.9
MRK,2016-05-05 17:28:27,0.0321,0.0166,0.0166,0.2631578947368421,0.0,0.015499999999999996,Healthcare,39.97697067260742,-0.013136368477499438,0.44150080626187466,1.9
MRK,2016-05-25 17:49:20,0.0441,0.0055,0.0069,0.5,0.0,0.0386,Healthcare,41.80989074707031,0.017445983342986304,0.8726611415843554,1.9
MRK,2016-06-07 20:38:23,0.041,0.0164,0.0041,0.1666666666666666,0.1666666666666666,0.0246,Healthcare,42.1276969909668,-0.00297378350596067,0.9636092637231518,1.9
MRK,2016-07-29 16:46:13,0.0343,0.0133,0.0199,0.2,0.0,0.020999999999999998,Healthcare,43.708499908447266,0.0039363020893024014,0.9167425520983762,1.9
MRK,2016-09-08 20:50:17,0.0491,0.0154,0.0112,0.0,0.3333333333333333,0.033699999999999994,Healthcare,47.121124267578125,0.005885223164874276,0.8018173941993824,1.9
MRK,2016-09-12 19:37:06,0.0667,0.0097,0.0125,0.3333333333333333,0.0,0.056999999999999995,Healthcare,47.083866119384766,0.011201515448065136,0.8126706774626254,1.9
MRK,2016-10-25 17:02:27,0.0356,0.0167,0.0178,0.0,0.0,0.0189,Healthcare,46.498409271240234,0.019752750127978613,-0.10372673327633904,1.9
MRK,2017-02-02 17:24:31,0.0303,0.0227,0.0249,0.0,0.0,0.007599999999999999,Healthcare,48.54186248779297,0.03349442634007116,-0.7729687351443432,1.9
MRK,2017-05-02 16:30:31,0.038,0.0123,0.0168,0.0,0.0,0.0257,Healthcare,47.76468276977539,0.005129673526166112,-0.6422250496435009,1.9
MRK,2017-05-23 17:43:07,0.0321,0.0077,0.0044,0.25,0.0,0.024399999999999998,Healthcare,49.174015045166016,0.0079635125311317,-0.9893281333761224,1.9
MRK,2017-06-03 07:04:05,0.0471,0.0336,0.0175,0.5,0.0,0.013500000000000005,Healthcare,,,,1.9
MRK,2017-06-06 05:23:09,0.0301,0.0249,0.0131,0.2,0.0,0.0052,Healthcare,49.26544189453125,-0.006146977221238803,,1.9
MRK,2017-06-14 03:27:12,0.0287,0.0196,0.0157,0.5,0.0,0.0091,Healthcare,48.63005828857422,0.0015804572640929493,,1.9
MRK,2017-07-28 16:48:39,0.048,0.0167,0.0212,0.0,0.0,0.0313,Healthcare,49.19792556762695,0.006594288119089242,,1.9
MRK,2017-09-12 01:24:09,0.058,0.0067,0.0108,0.6666666666666666,0.0,0.051300000000000005,Healthcare,50.233909606933594,0.005066655553973121,0.7590246947459048,1.9
MRK,2017-10-27 16:32:41,0.0447,0.0246,0.0235,0.0,0.0,0.020099999999999996,Healthcare,45.01656723022461,-0.060493696830040244,0.33314872525182415,1.9
MRK,2018-01-09 05:07:16,0.0621,0.0114,0.0177,0.6666666666666666,0.0,0.0507,Healthcare,44.27696990966797,0.002470908376879466,0.7694867568985947,1.9
MRK,2018-02-02 19:16:10,0.0441,0.0183,0.0205,0.25,0.0,0.0258,Healthcare,45.6489372253418,-0.02171719091630364,0.918658454996837,1.9
MRK,2018-03-13 19:20:10,0.034,0.0183,0.0118,0.3333333333333333,0.0,0.015700000000000002,Healthcare,43.16224670410156,0.00018050538325042886,0.4276270175408403,1.9
MRK,2018-05-01 18:28:07,0.0307,0.0132,0.022,0.0,0.0,0.0175,Healthcare,45.59204864501953,-0.015117913761192647,0.4234318178343199,1.9
MRK,2018-07-27 18:09:08,0.036,0.0098,0.024,0.2,0.0,0.026199999999999998,Healthcare,50.31061553955078,-0.008123778592268982,-0.5250042922672704,1.9
MRK,2018-09-13 00:55:05,0.0688,0.0094,0.0094,0.6666666666666666,0.0,0.0594,Healthcare,56.126956939697266,0.013885069212761225,0.8191988413002939,1.9
MRK,2018-10-25 16:53:26,0.0462,0.0116,0.0173,0.0,0.0714285714285714,0.0346,Healthcare,55.81581497192383,-0.008222347514275974,0.9774086773396979,1.9
MRK,2019-01-08 04:29:22,0.0582,0.0176,0.0149,0.6666666666666666,0.0,0.0406,Healthcare,61.051673889160156,0.007424028204269684,0.9076095370344921,1.9
MRK,2019-02-01 17:17:11,0.0452,0.0081,0.0104,0.125,0.0625,0.037099999999999994,Healthcare,61.42124938964844,0.027139578016478705,0.24563720642344955,1.9
MRK,2019-04-30 19:32:43,0.0487,0.0081,0.0128,0.1176470588235294,0.0588235294117647,0.0406,Healthcare,63.666107177734375,0.02513702634436421,0.5250733574600331,1.9
MRK,2019-06-15 01:43:08,0.0381,0.0157,0.0144,0.0769230769230769,0.0769230769230769,0.022400000000000003,Healthcare,,,,1.9
MRK,2019-07-30 18:02:37,0.0308,0.0488,0.0116,0.2777777777777778,0.0555555555555555,-0.018000000000000002,Healthcare,67.80439758300781,0.00945592053074007,,1.9
MRK,2019-09-09 18:07:26,0.0398,0.0275,0.0179,0.6666666666666666,0.0,0.012300000000000002,Healthcare,67.96723937988281,-0.03580923560467819,,1.9
MRK,2019-10-29 17:17:28,0.0656,0.0396,0.0087,0.1875,0.0625,0.026000000000000002,Healthcare,69.75504302978516,0.03528017935174432,,1.9
MRK,2020-02-05 20:17:51,0.0542,0.0353,0.0139,0.1578947368421052,0.0526315789473684,0.0189,Healthcare,70.83580780029297,-0.028632996776718933,-0.021376265087055348,1.9
MRK,2020-04-28 19:49:07,0.0285,0.0363,0.0233,0.2,0.0666666666666666,-0.007799999999999998,Healthcare,67.55162048339844,-0.03334138688754007,0.6506416323154539,1.9
MRK,2020-06-03 00:51:10,0.0368,0.0165,0.0139,0.1538461538461538,0.1538461538461538,0.0203,Healthcare,68.28389739990234,0.015091565835443355,0.7312712441004099,1.9
MRK,2020-07-31 18:11:08,0.0531,0.0236,0.0142,0.2142857142857142,0.0,0.029500000000000002,Healthcare,67.30017852783203,0.015824845256945386,0.7452108942520843,1.9
MRK,2020-10-27 17:33:12,0.0518,0.0157,0.0096,0.2777777777777778,0.1111111111111111,0.0361,Healthcare,65.88875579833984,-0.010781761311955074,0.6605131539938323,1.9
MRK,2021-02-04 18:28:14,0.0681,0.02,0.0176,0.1176470588235294,0.0,0.04809999999999999,Healthcare,64.74014282226562,-0.016683751286561077,-0.8942434903969511,1.9
NKE,2005-12-22 23:13:10,0.0519,0.0071,0.0106,0.0,0.0,0.0448,Consumer Cyclical,8.529497146606445,0.005714263867269143,,2.4
NKE,2006-03-22 04:17:18,0.0705,0.0173,0.0104,0.1666666666666666,0.0,0.0532,Consumer Cyclical,8.60254955291748,0.022013143690511994,,2.4
NKE,2006-06-28 00:37:41,0.0515,0.0129,0.0164,0.1538461538461538,0.0,0.038599999999999995,Consumer Cyclical,7.914236545562744,-0.046753996373642304,,2.4
NKE,2006-09-22 02:45:48,0.0373,0.0151,0.0175,0.0,0.0,0.022199999999999998,Consumer Cyclical,8.589874267578125,0.04729609370385379,-0.28776448056045745,2.4
NKE,2006-12-21 03:15:07,0.0561,0.011,0.0121,0.0,0.0,0.0451,Consumer Cyclical,9.994256973266602,0.005110847891660164,-0.2891454599918213,2.4
NKE,2007-03-23 02:05:01,0.0288,0.0075,0.0107,0.1666666666666666,0.0,0.0213,Consumer Cyclical,10.886481285095215,0.004143753327265021,-0.543684530721029,2.4
NKE,2007-06-27 01:39:05,0.0379,0.0142,0.0118,0.25,0.0,0.023700000000000002,Consumer Cyclical,11.676980972290039,0.08305508487919422,-0.4496826446164435,2.4
NKE,2007-09-21 02:50:13,0.057,0.0109,0.017,0.3076923076923077,0.0,0.0461,Consumer Cyclical,11.509027481079102,-0.018175815510851456,-0.6040564032572756,2.4
NKE,2007-12-20 03:08:52,0.0454,0.0105,0.0093,0.1666666666666666,0.0,0.0349,Consumer Cyclical,13.314186096191406,0.03463965124013191,-0.5592367198095628,2.4
NKE,2008-03-20 03:48:10,0.0422,0.0129,0.0141,0.3846153846153846,0.0,0.0293,Consumer Cyclical,13.619837760925293,0.08798341738582782,-0.9584835681882778,2.4
NKE,2008-06-26 02:31:34,0.0456,0.0076,0.0108,0.2,0.0,0.038,Consumer Cyclical,12.087605476379395,-0.09807491940167745,-0.6077609125721182,2.4
NKE,2008-09-25 01:45:15,0.0511,0.0083,0.0131,0.3,0.0,0.0428,Consumer Cyclical,13.256223678588867,0.09684476855970447,-0.1280895758411707,2.4
NKE,2008-12-18 05:41:27,0.0794,0.0199,0.0149,0.3636363636363636,0.0,0.0595,Consumer Cyclical,10.795940399169922,0.04048180479185293,0.0028932214148658397,2.4
NKE,2009-03-19 12:56:35,0.0627,0.0169,0.0108,0.3636363636363636,0.0,0.04580000000000001,Consumer Cyclical,9.583945274353027,0.012630300831809382,0.4373055893943761,2.4
NKE,2009-06-25 00:26:38,0.0512,0.0226,0.0155,0.3636363636363636,0.0,0.028600000000000004,Consumer Cyclical,10.614758491516113,-0.0328177260976209,0.4940682137842002,2.4
NKE,2009-12-18 01:31:21,0.0728,0.0095,0.0095,0.1428571428571428,0.0,0.06330000000000001,Consumer Cyclical,13.453094482421875,0.018497965544358674,0.9009012118095432,2.4
NKE,2010-03-18 05:48:12,0.0602,0.0132,0.0108,0.1538461538461538,0.0769230769230769,0.047,Consumer Cyclical,15.654044151306152,0.053329910031152394,0.6198374437872065,2.4
NKE,2010-06-24 03:50:14,0.0569,0.0157,0.0133,0.1818181818181818,0.0,0.0412,Consumer Cyclical,14.653596878051758,-0.03985102434820342,0.594725436706057,2.4
NKE,2011-03-18 02:51:15,0.0603,0.0133,0.0145,0.2142857142857142,0.0,0.047,Consumer Cyclical,16.506242752075195,-0.09155806474503869,0.37734289579338937,2.4
NKE,2011-06-30 19:11:18,0.0679,0.009,0.009,0.32,0.08,0.0589,Consumer Cyclical,19.214542388916016,0.0022272149208177883,0.27163547737597815,2.4
NKE,2011-09-23 01:31:12,0.0374,0.0093,0.0117,0.3636363636363636,0.6363636363636364,0.028100000000000003,Consumer Cyclical,18.99636459350586,0.05298166442211105,-0.41846369377695697,2.4
NKE,2011-12-21 02:51:11,0.0505,0.0118,0.0153,0.3333333333333333,0.6666666666666666,0.038700000000000005,Consumer Cyclical,20.726266860961914,0.029050451586668524,-0.5026781534811129,2.4
NKE,2012-03-23 00:41:43,0.0498,0.0083,0.0118,0.3636363636363636,0.6363636363636364,0.041499999999999995,Consumer Cyclical,23.184921264648438,-0.032165072727497135,-0.5479779258826777,2.4
NKE,2012-06-29 00:51:09,0.0484,0.0135,0.0169,0.3636363636363636,0.6363636363636364,0.0349,Consumer Cyclical,19.008943557739258,-0.094023908800971,-0.3681122594927925,2.4
NKE,2012-09-27 23:41:07,0.0485,0.0071,0.0154,0.3333333333333333,0.5555555555555556,0.0414,Consumer Cyclical,20.86511993408203,0.0053410395805983946,0.6422692160774714,2.4
NKE,2012-12-21 02:01:19,0.0554,0.0084,0.0181,0.4,0.6,0.047,Consumer Cyclical,22.941600799560547,0.061616254335872256,0.9696930267076467,2.4
NKE,2013-03-22 00:09:05,0.0471,0.0106,0.0141,0.3333333333333333,0.0,0.036500000000000005,Consumer Cyclical,26.08966064453125,0.11063434830870689,0.37239273583591864,2.4
NKE,2013-06-28 00:18:05,0.0556,0.0116,0.0139,0.4,0.0,0.044,Consumer Cyclical,28.001882553100586,0.021822562913628385,-0.48683342508352434,2.4
NKE,2013-09-26 22:47:07,0.056,0.0083,0.0119,0.3636363636363636,0.0,0.0477,Consumer Cyclical,31.033302307128906,0.02060359453408611,-0.8048868640807855,2.4
NKE,2013-12-20 01:05:09,0.0618,0.0128,0.0128,0.4,0.0,0.049,Consumer Cyclical,34.22855758666992,-0.011755434881373428,-0.965404199879367,2.4
NKE,2014-03-21 03:48:07,0.0518,0.0153,0.0118,0.2727272727272727,0.0,0.0365,Consumer Cyclical,33.38805389404297,-0.05121768020866002,0.7030367525352788,2.4
NKE,2014-06-27 02:43:07,0.056,0.011,0.0122,0.2727272727272727,0.0,0.045,Consumer Cyclical,34.593421936035156,0.010668770820029039,0.799592394991866,2.4
NKE,2014-09-25 23:55:04,0.058,0.0133,0.0133,0.25,0.0,0.044700000000000004,Consumer Cyclical,35.622501373291016,-0.013483510950618505,0.7760873936831167,2.4
NKE,2014-12-19 01:13:07,0.055,0.0098,0.0171,0.25,0.0,0.045200000000000004,Consumer Cyclical,42.48466110229492,-0.023073745653892197,0.8266615534281412,2.4
NKE,2015-03-20 03:12:06,0.0519,0.0109,0.0133,0.3636363636363636,0.0,0.041,Consumer Cyclical,45.81562042236328,0.03722583592036188,-0.8545671238797535,2.4
NKE,2015-06-26 00:10:06,0.0512,0.0105,0.014,0.2,0.0,0.0407,Consumer Cyclical,49.42296600341797,0.04267253235995283,-0.999454549914877,2.4
NKE,2015-09-25 02:34:09,0.047,0.0115,0.0092,0.1666666666666666,0.0,0.035500000000000004,Consumer Cyclical,56.45370864868164,0.08894507799654128,-0.9869213462227019,2.4
NKE,2015-12-23 03:16:12,0.0463,0.0119,0.013,0.3,0.0,0.0344,Consumer Cyclical,58.270164489746094,-0.02381481284554321,0.21946165054761232,2.4
NKE,2016-03-23 02:40:14,0.0334,0.0138,0.0104,0.2,0.0,0.0196,Consumer Cyclical,56.68198013305664,-0.03790465707302071,0.6568711179439274,2.4
NKE,2016-06-29 04:19:23,0.042,0.014,0.0128,0.2222222222222222,0.0,0.028000000000000004,Consumer Cyclical,50.19229507446289,0.038425571251661905,0.5778500305395529,2.4
NKE,2016-09-28 03:03:19,0.0483,0.015,0.0127,0.25,0.0,0.0333,Consumer Cyclical,48.61561965942383,-0.03776656741534523,0.02195770412583097,2.4
NKE,2016-12-21 00:57:05,0.0421,0.0129,0.0152,0.2222222222222222,0.0,0.029199999999999997,Consumer Cyclical,47.92058181762695,0.009847507884903628,0.18028687732917253,2.4
NKE,2017-03-22 00:35:08,0.042,0.0152,0.0105,0.2222222222222222,0.0,0.026800000000000004,Consumer Cyclical,49.55885314941406,-0.07050515178249539,-0.05891050722711155,2.4
NKE,2017-06-30 05:32:09,0.0364,0.0125,0.0103,0.3333333333333333,0.0,0.0239,Consumer Cyclical,54.41281509399414,0.10964847759717111,-0.5945623327128352,2.4
NKE,2017-09-27 04:03:10,0.0389,0.0083,0.0094,0.4,0.0,0.030599999999999995,Consumer Cyclical,48.741886138916016,-0.01918077054694367,-0.5865766642436151,2.4
NKE,2017-12-22 04:35:06,0.0432,0.0058,0.0082,0.3,0.0,0.0374,Consumer Cyclical,58.764381408691406,-0.0228499181539209,-0.46228061526928654,2.4
NKE,2018-03-23 02:45:09,0.0526,0.014,0.0117,0.25,0.125,0.0386,Consumer Cyclical,60.1900520324707,0.003259767762768151,-0.7918861881757903,2.4
NKE,2018-06-29 02:06:50,0.048,0.0145,0.0112,0.1,0.0,0.0335,Consumer Cyclical,74.41344451904297,0.11129709601492488,-0.1834446358644004,2.4
NKE,2018-09-20 21:40:09,0.0275,0.0125,0.0037,0.4545454545454545,0.0,0.015,Consumer Cyclical,79.9237289428711,0.011133628443805499,-0.017661035047827414,2.4
NKE,2018-09-26 02:28:09,0.0452,0.0093,0.0093,0.1111111111111111,0.0,0.0359,Consumer Cyclical,78.36029052734375,-0.012854998336791934,0.04984611542490903,2.4
NKE,2018-12-21 04:03:08,0.0596,0.009,0.0101,0.1111111111111111,0.0,0.0506,Consumer Cyclical,67.95418548583984,0.07167193034035169,0.3805638206623116,2.4
NKE,2019-03-22 02:26:08,0.0408,0.0091,0.0091,0.25,0.0,0.031700000000000006,Consumer Cyclical,77.37353515625,-0.06612880962249301,0.4415437317221023,2.4
NKE,2019-06-28 01:14:10,0.0518,0.0379,0.0101,0.1111111111111111,0.0,0.013899999999999996,Consumer Cyclical,79.25037384033203,0.003466316344789666,0.4831328489037567,2.4
NKE,2019-09-25 03:32:22,0.0551,0.0295,0.0051,0.125,0.0,0.025600000000000005,Consumer Cyclical,85.94782257080078,0.04163804910126978,0.40292367634849,2.4
NKE,2019-12-20 03:43:10,0.0554,0.0139,0.0088,0.125,0.0,0.041499999999999995,Consumer Cyclical,94.85478210449219,-0.011764659125819699,-0.352978953541716,2.4
NKE,2020-03-25 01:02:26,0.0439,0.0205,0.0146,0.125,0.0,0.0234,Consumer Cyclical,75.18275451660156,0.0923543925280057,-0.3095101153033265,2.4
NKE,2020-06-26 03:10:14,0.0407,0.0139,0.0105,0.2,0.0,0.0268,Consumer Cyclical,89.35494995117188,-0.07623299003158746,-0.3654603814708331,2.4
NKE,2020-09-23 04:09:05,0.0572,0.0179,0.0119,0.2222222222222222,0.0,0.0393,Consumer Cyclical,121.52311706542969,0.08761869333170558,0.02769766375890204,2.4
NKE,2020-12-19 01:40:05,0.0593,0.0107,0.0119,0.125,0.0,0.0486,Consumer Cyclical,,,,2.4
NVO,2010-02-02 21:25:16,0.0317,0.0034,0.0079,0.0769230769230769,0.0,0.0283,Healthcare,5.242054462432861,-0.013023982147609026,,2.3
NVO,2010-06-11 23:22:14,0.0224,0.0106,0.0264,0.0,0.25,0.0118,Healthcare,6.198321342468262,0.0056504107371111445,,2.3
NVO,2010-06-18 15:24:15,0.0306,0.0068,0.0091,0.0666666666666666,0.1333333333333333,0.023799999999999998,Healthcare,6.535749912261963,0.03252214845972845,,2.3
NVO,2010-08-09 22:13:16,0.0169,0.0056,0.0101,0.0714285714285714,0.0714285714285714,0.011299999999999998,Healthcare,6.96450138092041,0.0040164457878120174,-0.06361241296519643,2.3
NVO,2010-11-01 02:37:23,0.0231,0.0033,0.0121,0.0833333333333333,0.0,0.019799999999999998,Healthcare,8.061920166015625,-0.006011175756723497,0.5394185426288725,2.3
NVO,2012-08-09 18:01:03,0.0272,0.012,0.0109,0.2727272727272727,0.7272727272727273,0.015199999999999998,Healthcare,12.436873435974121,0.007771762267379412,0.5517923392283656,2.3
NVO,2012-08-13 19:31:08,0.0308,0.004,0.0188,0.8,0.2,0.0268,Healthcare,12.42408561706543,-0.0016056191381892404,-0.6154022280295279,2.3
NVO,2012-09-20 00:09:04,0.0179,0.0051,0.0077,0.3333333333333333,0.0,0.012799999999999999,Healthcare,12.549566268920898,0.010684900279998688,-0.7554245131752297,2.3
NVO,2012-10-03 21:35:05,0.0209,0.0236,0.0131,0.4,0.0,-0.002700000000000001,Healthcare,12.870856285095215,6.20218960263319e-05,-0.039777059955459784,2.3
NVO,2012-10-31 23:06:05,0.0227,0.0108,0.013,0.1666666666666666,0.0,0.0119,Healthcare,12.8109130859375,-0.006199960775380875,-0.06233923112439243,2.3
NVO,2013-01-31 22:55:06,0.0183,0.0118,0.0086,0.3333333333333333,0.0,0.006500000000000001,Healthcare,14.733869552612305,-0.004051845886745342,0.20568523465401284,2.3
NVO,2013-02-11 14:01:03,0.0207,0.0232,0.0159,0.2307692307692307,0.7692307692307693,-0.0024999999999999988,Healthcare,13.21932315826416,-0.1398408315234254,0.5075541185248718,2.3
NVO,2013-03-04 18:51:05,0.0172,0.0086,0.0074,0.0,0.5,0.0086,Healthcare,14.49489688873291,0.032801765609123734,0.8914198921759369,2.3
NVO,2013-05-01 20:31:17,0.019,0.0085,0.0074,0.25,0.75,0.010499999999999999,Healthcare,14.026633262634277,-0.025364009337373705,0.8768620787531815,2.3
NVO,2013-05-02 17:21:15,0.034,0.0177,0.0088,0.4,0.5,0.016300000000000002,Healthcare,14.040488243103027,0.0009877623667298163,0.8244009843277833,2.3
NVO,2013-06-23 06:01:03,0.0013,0.0246,0.0323,0.5,0.5,-0.0233,Healthcare,,,,2.3
NVO,2013-08-08 19:51:10,0.0168,0.0084,0.0063,0.2727272727272727,0.7272727272727273,0.0084,Healthcare,14.12033748626709,5.774923082069172e-05,,2.3
NVO,2013-08-09 16:51:27,0.0246,0.0091,0.0091,0.3636363636363636,0.6363636363636364,0.0155,Healthcare,14.099966049194336,-0.001442701854156514,,2.3
NVO,2013-09-24 21:51:09,0.0371,0.0086,0.0057,0.25,0.75,0.0285,Healthcare,13.901159286499023,0.0007625650389297967,,2.3
NVO,2013-11-01 01:51:07,0.0148,0.0063,0.0074,0.2727272727272727,0.7272727272727273,0.0085,Healthcare,13.567093849182129,-0.000960125777038634,0.560285328417156,2.3
NVO,2013-11-01 19:41:08,0.0227,0.0126,0.024,0.3333333333333333,0.4444444444444444,0.010100000000000001,Healthcare,13.567093849182129,-0.000960125777038634,0.8419695586530154,2.3
NVO,2014-01-31 00:01:16,0.021,0.0095,0.0137,0.2727272727272727,0.7272727272727273,0.011500000000000002,Healthcare,16.161392211914062,0.0322667102969445,-0.1769059900512708,2.3
NVO,2014-02-03 20:34:12,0.0334,0.0125,0.0097,0.1111111111111111,0.0,0.0209,Healthcare,16.104352951049805,-0.003529353171826899,-0.21883669710372655,2.3
NVO,2014-05-01 18:01:03,0.0274,0.0274,0.0074,0.4,0.6,0.0,Healthcare,18.297853469848633,-0.02864075246701492,0.46265225639389124,2.3
NVO,2014-08-08 14:51:11,0.0264,0.0125,0.0166,1.0,0.0,0.0139,Healthcare,18.401613235473633,0.0004515009294967509,0.45637884647187926,2.3
NVO,2014-11-04 02:42:07,0.0272,0.0163,0.012,0.3636363636363636,0.0,0.0109,Healthcare,18.335206985473633,0.0015870473927235285,0.791737380011461,2.3
NVO,2015-01-30 18:47:11,0.0206,0.0108,0.0076,0.3333333333333333,0.0,0.0098,Healthcare,18.4929141998291,-0.02961668829665609,0.6980720583224369,2.3
NVO,2015-05-05 02:09:08,0.0162,0.0076,0.0065,0.0714285714285714,0.0,0.0086,Healthcare,23.440662384033203,-0.02318610587033798,0.7516837592015743,2.3
NVO,2015-08-09 08:48:16,0.0207,0.0152,0.0043,0.0769230769230769,0.0,0.0055,Healthcare,,,,2.3
NVO,2015-10-31 01:22:12,0.0245,0.0138,0.0064,0.0769230769230769,0.0,0.010700000000000001,Healthcare,,,,2.3
NVO,2016-02-03 16:29:13,0.0225,0.015,0.0075,0.1,0.0,0.0075,Healthcare,21.792524337768555,-0.06102419538025139,,2.3
NVO,2016-05-01 08:18:32,0.0192,0.0064,0.0075,0.0833333333333333,0.0,0.012799999999999999,Healthcare,,,,2.3
NVO,2016-08-05 20:54:40,0.0175,0.0093,0.0072,0.25,0.0,0.008200000000000002,Healthcare,21.393266677856445,-0.0965578085473715,,2.3
NVO,2016-10-28 17:55:20,0.0117,0.0106,0.0127,0.4,0.0,0.0011000000000000003,Healthcare,15.44345760345459,-0.1289690774439809,,2.3
NVO,2017-02-02 20:12:16,0.0164,0.0092,0.0082,0.0,0.0,0.0072000000000000015,Healthcare,14.499350547790527,-0.08748996331274961,,2.3
NVO,2017-05-03 17:48:20,0.0235,0.007,0.0094,0.0,0.0,0.0165,Healthcare,18.154443740844727,0.05574128886382135,0.9493029979569619,2.3
NVO,2017-08-09 23:24:09,0.0168,0.0157,0.0115,0.2857142857142857,0.0,0.0011000000000000003,Healthcare,19.687191009521484,0.08311059194084702,0.32507048534108846,2.3
NVO,2017-11-02 02:13:06,0.0168,0.0158,0.0095,0.0769230769230769,0.0,0.0009999999999999974,Healthcare,22.152935028076172,-0.0010062602478518867,0.03358227621493539,2.3
NVO,2018-02-02 00:50:30,0.019,0.0127,0.0085,0.0666666666666666,0.0,0.0063,Healthcare,22.523338317871094,-0.02699055831024344,0.13578151771605732,2.3
NVO,2018-05-02 17:30:13,0.0225,0.0166,0.0071,0.0,0.0,0.005899999999999999,Healthcare,22.173677444458008,0.027032616569782952,-0.5171271895681534,2.3
NVO,2018-08-08 18:48:27,0.0541,0.0132,0.0211,0.0,0.0,0.040900000000000006,Healthcare,21.31406021118164,-0.06211418202077201,-0.8103260948048832,2.3
NVO,2018-11-01 20:34:23,0.0197,0.0145,0.0072,0.2,0.0,0.005199999999999998,Healthcare,20.03499412536621,0.01551633994005197,-0.8319730611199224,2.3
NVO,2019-02-01 22:45:10,0.0161,0.0091,0.006,0.2142857142857142,0.0,0.006999999999999999,Healthcare,22.2098331451416,0.03381560634788494,-0.9776094231229273,2.3
NVO,2019-05-04 01:29:10,0.0231,0.0171,0.005,0.0833333333333333,0.0,0.005999999999999998,Healthcare,,,,2.3
NVO,2019-08-09 20:15:41,0.0166,0.0357,0.0153,0.0714285714285714,0.0,-0.019100000000000002,Healthcare,23.320980072021484,-0.007894063370289861,,2.3
NVO,2019-11-01 18:34:11,0.0201,0.0313,0.0175,0.0588235294117647,0.0,-0.011200000000000002,Healthcare,26.426456451416016,0.022455451842826823,,2.3
NVO,2020-02-05 17:02:22,0.0211,0.0372,0.0112,0.0625,0.0,-0.016099999999999996,Healthcare,30.14750862121582,0.04578674891117207,,2.3
NVO,2020-05-07 21:23:23,0.0316,0.0234,0.0028,0.0,0.0,0.008200000000000002,Healthcare,29.16458511352539,0.0053241810814612656,-0.1956716811489498,2.3
NVO,2020-08-07 09:33:16,0.0188,0.0133,0.0089,0.0833333333333333,0.0,0.005500000000000001,Healthcare,30.255159378051758,0.014916097590875754,-0.9003693551017239,2.3
NVO,2020-10-30 19:45:09,0.0154,0.0154,0.0088,0.4,0.0,0.0,Healthcare,30.13760757446289,-0.03678576035397707,-0.5336440641156284,2.3
NVS,2007-07-17 18:43:55,0.0473,0.013,0.013,0.1818181818181818,0.0454545454545454,0.034300000000000004,Healthcare,25.79470443725586,-0.023805289063296264,,2.8
NVS,2007-10-18 19:02:55,0.0265,0.0157,0.0096,0.2,0.0,0.0108,Healthcare,25.394412994384766,0.007562859229380825,,2.8
NVS,2008-05-19 17:46:15,0.0276,0.0104,0.023,0.125,0.0,0.0172,Healthcare,25.79547119140625,0.023169694595982282,,2.8
NVS,2008-08-01 03:07:17,0.0184,0.0108,0.0163,0.1,0.0,0.007599999999999999,Healthcare,29.108882904052734,-0.0008423297061522783,-0.641555122766154,2.8
NVS,2008-11-19 13:25:31,0.0274,0.008,0.0194,0.1111111111111111,0.1111111111111111,0.0194,Healthcare,23.4049129486084,-0.01993825672076943,-0.16859154342857,2.8
NVS,2009-03-02 04:43:19,0.0284,0.0091,0.0216,0.1428571428571428,0.1428571428571428,0.0193,Healthcare,17.74503517150879,-0.045241265815821996,-0.3843723154561164,2.8
NVS,2009-05-04 19:02:15,0.0239,0.0102,0.0205,0.0833333333333333,0.0,0.0137,Healthcare,19.78050994873047,0.018479619229630373,-0.655584437509427,2.8
NVS,2009-07-31 01:17:14,0.0311,0.0046,0.0242,0.3333333333333333,0.1111111111111111,0.0265,Healthcare,23.390016555786133,0.02264066859429259,0.1328491714710519,2.8
NVS,2010-01-26 20:51:24,0.0621,0.0121,0.0108,0.6666666666666666,0.0,0.05,Healthcare,27.87626075744629,0.017022148945925686,0.30795269474613485,2.8
NVS,2011-01-27 20:32:06,0.0517,0.0144,0.0072,0.05,0.0,0.0373,Healthcare,29.92658805847168,-0.028650149338185327,-0.2719859556101162,2.8
NVS,2011-07-20 01:01:22,0.0554,0.0173,0.0058,0.0526315789473684,0.0526315789473684,0.038099999999999995,Healthcare,34.641624450683594,0.004825569243117833,-0.05312083493923458,2.8
NVS,2011-10-25 17:51:14,0.0532,0.0174,0.0093,0.0666666666666666,0.6666666666666666,0.0358,Healthcare,31.25897216796875,-0.042303832361517246,0.7899127991978662,2.8
NVS,2012-01-25 21:41:13,0.0472,0.0106,0.0071,0.1176470588235294,0.5882352941176471,0.0366,Healthcare,30.61572265625,-0.011813026865966414,0.8022402731329155,2.8
NVS,2012-04-24 18:51:18,0.0457,0.0211,0.0106,0.1111111111111111,0.5555555555555556,0.024599999999999997,Healthcare,31.752105712890625,-0.014563080934142603,0.09769855162617797,2.8
NVS,2012-07-19 17:51:11,0.0504,0.018,0.0072,0.1,0.55,0.0324,Healthcare,33.22935485839844,0.017743050512950553,-0.20427611886654834,2.8
NVS,2012-10-25 17:21:08,0.0488,0.0244,0.0046,0.1052631578947368,0.5263157894736842,0.0244,Healthcare,35.413360595703125,-0.0042351701469202085,0.22885131028415398,2.8
NVS,2013-01-23 17:59:07,0.0413,0.01,0.005,0.0625,0.0,0.0313,Healthcare,39.00509262084961,0.03377848199745759,0.8929197535432573,2.8
NVS,2013-04-24 16:40:08,0.0414,0.0113,0.0063,0.0476190476190476,0.0,0.030100000000000002,Healthcare,43.58433151245117,-0.010241780768872943,0.5807658945189276,2.8
NVS,2013-07-17 21:00:05,0.0385,0.0136,0.0091,0.05,0.0,0.0249,Healthcare,43.82487487792969,-0.008030269146383495,0.6070680990921639,2.8
NVS,2013-10-22 16:08:06,0.0496,0.0142,0.0059,0.0476190476190476,0.0,0.0354,Healthcare,46.75935363769531,0.03266926444133533,0.7547891184632278,2.8
NVS,2013-11-23 02:59:05,0.049,0.0082,0.0068,0.1666666666666666,0.0833333333333333,0.0408,Healthcare,,,,2.8
NVS,2014-01-29 17:37:15,0.0535,0.0124,0.0075,0.0434782608695652,0.0,0.0411,Healthcare,47.6673583984375,-0.0036450400456854437,,2.8
NVS,2014-03-04 02:39:08,0.0334,0.018,0.0064,0.0,0.0,0.0154,Healthcare,51.32483673095703,0.01574627787385774,,2.8
NVS,2014-04-24 19:51:11,0.0488,0.0075,0.0038,0.0952380952380952,0.0,0.0413,Healthcare,52.5804443359375,-0.018335880141618466,,2.8
NVS,2014-06-11 21:21:06,0.0518,0.0286,0.0177,0.0,0.0,0.0232,Healthcare,55.638671875,-0.011267019397961597,-0.6898907935636661,2.8
NVS,2014-07-17 17:09:08,0.037,0.0127,0.0035,0.0588235294117647,0.0,0.0243,Healthcare,55.029518127441406,-0.016770572975435494,-0.7416580479566672,2.8
NVS,2014-10-28 15:08:29,0.0371,0.0093,0.0046,0.0714285714285714,0.0,0.027800000000000002,Healthcare,57.40399932861328,0.023722382308023482,-0.21473907111813534,2.8
NVS,2015-01-27 20:26:12,0.0465,0.0102,0.0045,0.0625,0.0,0.0363,Healthcare,61.494075775146484,0.02528762052706801,0.8123053523925443,2.8
NVS,2015-04-23 22:13:11,0.0522,0.0113,0.0034,0.0476190476190476,0.0,0.040900000000000006,Healthcare,67.43299865722656,0.019816350447735553,0.6514265598950785,2.8
NVS,2015-07-21 21:38:11,0.0492,0.0212,0.0034,0.0454545454545454,0.0,0.028,Healthcare,66.28887176513672,-0.022710255113283062,0.4920138735099158,2.8
NVS,2015-10-27 19:52:26,0.0586,0.0179,0.0072,0.05,0.0,0.0407,Healthcare,57.615257263183594,-0.023402211087847014,0.36958336588656754,2.8
NVS,2016-01-28 00:26:16,0.0492,0.013,0.0065,0.0476190476190476,0.0,0.0362,Healthcare,48.92247772216797,-0.021102341770219524,0.4857325965921694,2.8
NVS,2016-03-31 18:21:18,0.016,0.0053,0.0064,0.0,0.0,0.010700000000000001,Healthcare,48.10591506958008,-0.0015162519644964512,-0.9184504394751827,2.8
NVS,2016-04-22 00:58:16,0.065,0.0074,0.0049,0.1052631578947368,0.0,0.0576,Healthcare,50.78879928588867,0.0026220785049657636,-0.007998605699247647,2.8
NVS,2016-07-19 20:30:36,0.0526,0.0206,0.0069,0.25,0.0,0.032,Healthcare,54.142398834228516,-0.006216544604148666,0.11140485709063994,2.8
NVS,2016-10-25 20:36:29,0.0577,0.0096,0.0048,0.0,0.0,0.048100000000000004,Healthcare,48.232086181640625,-0.037375885747280124,-0.2548808920598399,2.8
NVS,2017-01-26 16:46:08,0.0497,0.0078,0.0118,0.2631578947368421,0.0,0.0419,Healthcare,47.75395584106445,-0.0034645143016991398,0.00742069636857693,2.8
NVS,2017-04-26 06:26:49,0.0472,0.0121,0.0036,0.0,0.0,0.0351,Healthcare,52.54840850830078,0.0014426328092387308,-0.7893370784875683,2.8
NVS,2017-07-18 17:50:09,0.0532,0.0109,0.0054,0.0416666666666666,0.0416666666666666,0.0423,Healthcare,58.34353256225586,0.018013649566347212,-0.6347744165609789,2.8
NVS,2017-10-24 19:14:39,0.049,0.0111,0.0056,0.0,0.05,0.0379,Healthcare,57.21479797363281,-0.03235930015365074,0.39028024412022055,2.8
NVS,2018-01-24 22:41:14,0.0424,0.0101,0.0051,0.238095238095238,0.0,0.0323,Healthcare,62.93421173095703,0.04850355648429194,-0.37282381480242877,2.8
NVS,2018-04-19 23:03:07,0.0457,0.006,0.0084,0.2272727272727272,0.0,0.0397,Healthcare,56.36295700073242,-0.03304763653057863,-0.4947690613321693,2.8
NVS,2018-07-18 16:54:08,0.0473,0.0085,0.0061,0.2608695652173913,0.0,0.0388,Healthcare,57.761329650878906,0.028716697526792068,-0.707386607535337,2.8
NVS,2018-10-18 22:53:08,0.0427,0.0052,0.0078,0.25,0.0625,0.037500000000000006,Healthcare,61.52836608886719,0.01125698177262513,-0.7648479327509451,2.8
NVS,2019-01-30 19:38:09,0.0366,0.0073,0.0049,0.2,0.04,0.0293,Healthcare,61.121700286865234,-0.010624921463770254,0.1236690978685761,2.8
NVS,2019-04-25 01:56:09,0.0443,0.0096,0.0108,0.12,0.04,0.0347,Healthcare,66.25170135498047,0.035723499441630224,0.6975203455354646,2.8
NVS,2019-07-18 20:58:38,0.0433,0.0318,0.0178,0.125,0.0416666666666666,0.011499999999999996,Healthcare,77.47997283935547,0.04466351049436046,-0.4858087475142764,2.8
NVS,2019-10-22 21:41:08,0.0389,0.0409,0.0175,0.5,0.0,-0.0020000000000000018,Healthcare,71.48773956298828,0.004736717776481214,0.04855236451746304,2.8
NVS,2020-01-29 23:13:11,0.0493,0.0594,0.0076,0.16,0.04,-0.010100000000000005,Healthcare,78.6965103149414,0.0020933881557247958,0.7721549167571039,2.8
NVS,2020-04-28 18:08:09,0.045,0.017,0.0182,0.1818181818181818,0.0454545454545454,0.027999999999999997,Healthcare,74.99335479736328,-0.01730102941399947,-0.18109201538555947,2.8
NVS,2020-07-21 21:41:49,0.0536,0.0103,0.0103,0.1666666666666666,0.0416666666666666,0.043300000000000005,Healthcare,73.27269744873047,-0.022611027134759043,-0.9734135494892782,2.8
NVS,2020-10-27 15:50:13,0.0434,0.0161,0.0074,0.2105263157894736,0.0,0.0273,Healthcare,68.95401763916016,-0.03837021520091466,-0.7440201828849629,2.8
NVS,2020-10-27 22:48:08,0.0409,0.0168,0.0072,0.1904761904761904,0.0476190476190476,0.0241,Healthcare,68.95401763916016,-0.03837021520091466,0.5102225415892172,2.8
ORCL,2005-12-19 19:08:52,0.0203,0.0068,0.0158,0.2307692307692307,0.6923076923076923,0.013499999999999998,Technology,9.974594116210938,-0.029157070354719816,,2.2
ORCL,2006-03-21 04:23:24,0.0249,0.0095,0.0142,0.2666666666666666,0.0666666666666666,0.015399999999999999,Technology,11.02711009979248,-0.007288760145814699,,2.2
ORCL,2006-06-23 01:47:09,0.0321,0.0086,0.0193,0.2857142857142857,0.0,0.023499999999999997,Technology,12.063430786132812,0.039776594853603076,,2.2
ORCL,2006-09-20 01:46:44,0.0393,0.0104,0.0185,0.5714285714285714,0.0,0.028900000000000002,Technology,14.5166015625,0.11159349242374517,0.9832039657127204,2.2
ORCL,2006-12-19 01:37:26,0.0265,0.0044,0.0209,0.25,0.0,0.022099999999999998,Technology,13.844611167907715,-0.04522610652702641,0.7341457594797614,2.2
ORCL,2007-03-21 01:08:20,0.029,0.0067,0.0178,0.3333333333333333,0.0,0.0223,Technology,14.710916519165039,0.03532748548844755,0.854057165992693,2.2
ORCL,2007-06-27 02:06:52,0.0261,0.0033,0.0174,0.2142857142857142,0.0,0.0228,Technology,15.941544532775879,0.027661727768441224,0.8544712226796688,2.2
ORCL,2007-09-21 01:59:24,0.0253,0.0092,0.0173,0.2142857142857142,0.0,0.0161,Technology,17.79558753967285,0.04467625102605988,-0.4148371691883222,2.2
ORCL,2007-12-20 03:16:18,0.0271,0.0057,0.0158,0.2727272727272727,0.0,0.0214,Technology,17.892745971679688,0.06454735058443739,-0.2514201869842835,2.2
ORCL,2008-03-27 00:06:14,0.0409,0.0066,0.0254,0.3,0.0,0.0343,Technology,15.731034278869629,-0.07211119870188154,-0.9118496819589128,2.2
ORCL,2008-06-26 02:45:16,0.0311,0.0044,0.0156,0.3,0.0,0.026699999999999998,Technology,17.342201232910156,-0.05011060947255863,-0.8789717804731205,2.2
ORCL,2008-09-19 02:01:31,0.0284,0.0091,0.0295,0.2727272727272727,0.0,0.0193,Technology,16.249197006225586,0.07039952807860073,-0.9294898948120874,2.2
ORCL,2008-12-19 01:36:34,0.0226,0.0118,0.0269,0.25,0.0,0.010799999999999999,Technology,14.395156860351562,0.07043956310476496,-0.9167018519484997,2.2
ORCL,2009-03-19 01:45:15,0.0218,0.0146,0.0156,0.25,0.0,0.0072,Technology,14.063209533691406,0.0972835313460012,-0.8810288809836365,2.2
ORCL,2009-06-24 00:35:31,0.0164,0.0144,0.0103,0.2727272727272727,0.0,0.0020000000000000018,Technology,17.257387161254883,0.06995484895668702,-0.22733441404061827,2.2
ORCL,2009-09-16 23:14:26,0.0208,0.0208,0.0114,0.3636363636363636,0.0,0.0,Technology,18.007537841796875,-0.02338888382022508,0.6793440514924692,2.2
ORCL,2009-12-18 01:24:11,0.0179,0.0116,0.0158,0.3333333333333333,0.0,0.0063,Technology,19.853572845458984,0.06381115182579356,0.8117804831443804,2.2
ORCL,2010-03-26 02:41:26,0.0187,0.0073,0.0177,0.3333333333333333,0.0,0.0114,Technology,20.997074127197266,-0.013440793483492808,-0.11826150757125842,2.2
ORCL,2010-06-25 02:33:16,0.0241,0.0115,0.0126,0.2727272727272727,0.0,0.0126,Technology,18.55608367919922,0.019802149369018585,0.2123437402316281,2.2
ORCL,2010-12-17 03:28:30,0.0197,0.0073,0.0145,0.2307692307692307,0.0,0.012399999999999998,Technology,25.86504364013672,0.039312956183750636,-0.6308391938426126,2.2
ORCL,2011-03-25 00:11:18,0.0222,0.0042,0.0148,0.3,0.0,0.018000000000000002,Technology,26.8782901763916,0.015557263209069472,0.15944454041437098,2.2
ORCL,2011-06-24 00:41:27,0.0296,0.0063,0.0148,0.2727272727272727,0.0,0.0233,Technology,25.689029693603516,-0.04066543740896578,-0.9251988593467587,2.2
ORCL,2011-09-21 00:51:16,0.0245,0.0128,0.0139,0.2727272727272727,0.6363636363636364,0.0117,Technology,24.41225814819336,0.0419751643145323,-0.9732306787094904,2.2
ORCL,2011-10-07 00:31:04,0.0171,0.0157,0.0143,0.3214285714285714,0.4642857142857143,0.001400000000000002,Technology,24.767454147338867,-0.0033323368150072197,-0.3719838471597592,2.2
ORCL,2011-10-13 00:01:04,0.006,0.006,0.0096,0.5,0.0,0.0,Technology,25.78597640991211,0.0009642940226062269,-0.411876741004112,2.2
ORCL,2011-12-21 00:31:26,0.0184,0.0113,0.0123,0.3333333333333333,0.5833333333333334,0.0071,Technology,21.33926010131836,-0.11655823473965166,0.04314966428533704,2.2
ORCL,2012-02-01 00:01:04,0.0531,0.0265,0.004,0.5,0.0,0.026600000000000002,Technology,23.967941284179688,0.023750222003522836,0.273720753035561,2.2
ORCL,2012-03-21 01:51:41,0.0171,0.0117,0.0149,0.2727272727272727,0.6363636363636364,0.0054,Technology,24.407794952392578,-0.022923817506768418,0.3736698357192231,2.2
ORCL,2012-04-12 19:41:40,0.0164,0.0164,0.0088,0.3333333333333333,0.3333333333333333,0.0,Technology,23.867008209228516,0.01990052022059463,0.2713415394797618,2.2
ORCL,2012-04-26 18:51:09,0.0411,0.01,0.0075,1.0,0.0,0.031099999999999996,Technology,24.133119583129883,0.005195631217672858,0.2670159411282777,2.2
ORCL,2012-06-19 18:51:12,0.028,0.0172,0.0162,0.3,0.6,0.0108,Technology,23.25162124633789,0.03097340080902833,-0.02065325518428944,2.2
ORCL,2012-09-20 23:51:09,0.0223,0.0128,0.0181,0.25,0.6666666666666666,0.0095,Technology,26.883039474487305,-0.015863469883280135,-0.21547196278818612,2.2
ORCL,2012-12-19 01:01:09,0.04,0.0119,0.013,0.25,0.6666666666666666,0.0281,Technology,28.62305450439453,0.03680035329378262,0.2961261778438612,2.2
ORCL,2013-03-20 22:54:09,0.0203,0.0193,0.0139,0.25,0.0,0.0009999999999999974,Technology,30.033628463745117,0.002241542801647789,0.6535488608921203,2.2
ORCL,2013-06-20 22:40:11,0.0158,0.0158,0.0179,0.3333333333333333,0.0,0.0,Technology,27.884180068969727,-0.02581396179472617,0.8470579936980825,2.2
ORCL,2013-08-23 02:52:08,0.0129,0.0115,0.0029,0.3333333333333333,0.0,0.0014000000000000002,Technology,26.77705192565918,-0.019444613820179923,0.9124469759127544,2.2
ORCL,2013-09-19 00:11:09,0.0346,0.0136,0.0178,0.1666666666666666,0.75,0.020999999999999998,Technology,28.56388282775879,0.0005908387719051333,0.5490079185981683,2.2
ORCL,2013-11-02 00:20:06,0.0048,0.0048,0.0024,0.25,0.0,0.0,Technology,,,,2.2
ORCL,2013-12-19 00:27:09,0.0278,0.0103,0.0165,0.3333333333333333,0.0,0.017499999999999998,Technology,30.959733963012695,0.05780343129182319,,2.2
ORCL,2014-03-19 00:07:11,0.0204,0.0118,0.0161,0.3076923076923077,0.0,0.008600000000000002,Technology,32.712982177734375,-0.00746676080219677,,2.2
ORCL,2014-06-20 03:09:08,0.0127,0.0138,0.0127,0.25,0.0,-0.0011000000000000003,Technology,34.7425422668457,-0.03975533846241275,,2.2
ORCL,2014-09-19 03:29:09,0.0096,0.0128,0.0149,0.25,0.0,-0.0032000000000000015,Technology,33.972999572753906,-0.04211849944032808,0.9742568952385585,2.2
ORCL,2014-12-18 04:30:09,0.0134,0.0093,0.0165,0.25,0.0,0.004100000000000001,Technology,38.83027648925781,0.10179801200348804,0.46901972032631856,2.2
ORCL,2015-03-17 23:52:06,0.0131,0.0101,0.0191,0.3636363636363636,0.0,0.003000000000000001,Technology,36.80643081665039,-0.01243986258516272,0.7911170858778311,2.2
ORCL,2015-06-18 02:59:09,0.015,0.0171,0.016,0.25,0.0,-0.002100000000000001,Technology,36.8234748840332,-0.048318590387449456,0.8099363797316886,2.2
ORCL,2015-09-17 02:45:10,0.0169,0.0158,0.0158,0.3076923076923077,0.0,0.0010999999999999968,Technology,31.77212905883789,-0.039979155622915985,0.7709193125470729,2.2
ORCL,2015-12-17 04:04:08,0.0183,0.0097,0.0172,0.3333333333333333,0.0,0.0086,Technology,32.06337356567383,-0.050886717246318214,-0.06598742564376907,2.2
ORCL,2016-03-16 00:47:13,0.0207,0.012,0.0164,0.3333333333333333,0.0,0.0087,Technology,35.06380081176758,0.03820340587313753,0.5235445576156088,2.2
ORCL,2016-06-17 03:27:09,0.014,0.0108,0.014,0.3333333333333333,0.0,0.0031999999999999997,Technology,34.72198486328125,0.026915267102712415,0.14455264167311938,2.2
ORCL,2016-09-16 02:33:07,0.0144,0.0093,0.0123,0.25,0.0833333333333333,0.0051,Technology,34.18220520019531,-0.04747943993365167,-0.12564387046097816,2.2
ORCL,2016-12-16 02:31:13,0.012,0.0142,0.0197,0.25,0.0,-0.0022000000000000006,Technology,34.47332000732422,-0.04307417514810841,0.5922414187739857,2.2
ORCL,2017-03-16 03:26:52,0.0164,0.0153,0.0153,0.3333333333333333,0.0,0.001100000000000002,Technology,40.47671890258789,0.06225327584011353,0.01922596897120989,2.2
ORCL,2017-06-22 02:00:27,0.0104,0.0115,0.0136,0.3076923076923077,0.0,-0.0011000000000000003,Technology,44.71355438232422,0.08568935645799725,-0.3194253970484688,2.2
ORCL,2017-09-15 03:17:08,0.02,0.0063,0.0126,0.3333333333333333,0.0,0.0137,Technology,43.4902458190918,-0.07671900211499216,-0.609950443454567,2.2
ORCL,2017-11-16 05:54:10,0.0046,0.0105,0.0046,0.3333333333333333,0.0,-0.005900000000000001,Technology,44.073848724365234,0.007783707892365488,-0.7058325724429153,2.2
ORCL,2017-12-15 03:39:30,0.0168,0.0063,0.0157,0.25,0.0,0.010499999999999999,Technology,43.26762008666992,-0.03765715120105484,-0.7682763146189341,2.2
ORCL,2018-03-20 01:41:51,0.013,0.008,0.015,0.3333333333333333,0.0,0.004999999999999999,Technology,42.3120002746582,-0.0943214541433075,-0.6781237295494825,2.2
ORCL,2018-06-20 02:45:16,0.0176,0.0088,0.0132,0.2727272727272727,0.0,0.0088,Technology,38.667396545410156,-0.0745621747386177,-0.659192501054082,2.2
ORCL,2018-09-18 02:04:10,0.0204,0.0043,0.0161,0.25,0.0,0.016100000000000003,Technology,44.448814392089844,-0.003050401441111905,0.9734447181190319,2.2
ORCL,2018-11-14 22:37:11,0.0113,0.0101,0.0056,0.16,0.0,0.0011999999999999997,Technology,44.45484161376953,-0.013532807847063011,0.2905853674584759,2.2
ORCL,2018-12-18 00:36:13,0.0294,0.0063,0.0136,0.3636363636363636,0.0909090909090909,0.0231,Technology,41.733306884765625,0.0026237439063183654,0.42521292638200364,2.2
ORCL,2019-03-15 02:16:11,0.0168,0.0073,0.0126,0.2727272727272727,0.0909090909090909,0.009499999999999998,Technology,48.377506256103516,-0.0020734606246679554,0.9188052265133148,2.2
ORCL,2019-06-20 03:55:10,0.0218,0.0167,0.0103,0.2727272727272727,0.0909090909090909,0.0051,Technology,52.311702728271484,0.08181470856943696,-0.18228876884938144,2.2
ORCL,2019-09-12 17:44:09,0.039,0.0309,0.0054,0.3333333333333333,0.0,0.0081,Technology,49.66640853881836,-0.04263643555698626,-0.27449764850019004,2.2
ORCL,2019-12-13 04:52:58,0.0343,0.0271,0.0043,0.3333333333333333,0.0,0.007199999999999998,Technology,50.46188735961914,-0.034708737137902124,-0.6845417419684806,2.2
ORCL,2020-03-13 01:31:23,0.0288,0.0262,0.0092,0.2222222222222222,0.0,0.002599999999999998,Technology,44.56803512573242,0.20427131710712065,-0.9924206630297063,2.2
ORCL,2020-06-17 02:34:09,0.0196,0.0277,0.0185,0.4285714285714285,0.0,-0.0081,Technology,48.13379669189453,-0.05623761955608264,0.07843946788372655,2.2
ORCL,2020-09-11 03:03:13,0.025,0.0136,0.017,0.3333333333333333,0.1111111111111111,0.011400000000000002,Technology,53.47877502441406,-0.005756117439462138,0.10549049429763921,2.2
ORCL,2020-12-11 01:42:00,0.0201,0.0074,0.0148,0.25,0.0,0.0127,Technology,57.09601593017578,0.018998077929632373,0.12578211757530433,2.2
ORCL,2021-03-11 04:39:09,0.0134,0.0051,0.0134,0.375,0.0,0.0083,Technology,63.74477005004883,-0.06530761214842706,0.6406351653272692,2.2
PEP,2007-02-08 21:40:35,0.0488,0.0079,0.0102,0.2105263157894736,0.0,0.040900000000000006,Consumer Defensive,38.05516052246094,-0.018449844668825932,,2.5
PEP,2007-04-25 20:39:23,0.0581,0.013,0.0059,0.2666666666666666,0.0,0.0451,Consumer Defensive,40.4530143737793,0.008583001141971636,,2.5
PEP,2007-07-24 22:01:13,0.0542,0.0069,0.0035,0.2352941176470588,0.0,0.047299999999999995,Consumer Defensive,40.241336822509766,-0.0049558720811503365,,2.5
PEP,2007-10-11 21:25:25,0.0502,0.007,0.0082,0.1666666666666666,0.0,0.0432,Consumer Defensive,43.82722473144531,-0.02486412952375716,0.618041531444207,2.5
PEP,2008-02-07 23:26:11,0.0568,0.0102,0.0057,0.2222222222222222,0.0555555555555555,0.0466,Consumer Defensive,43.2081184387207,0.055147514325898817,0.5603025396854696,2.5
PEP,2008-04-24 22:12:09,0.0426,0.0161,0.0104,0.25,0.0,0.0265,Consumer Defensive,41.953819274902344,-0.017198930691069703,0.44428826916919717,2.5
PEP,2008-07-23 20:24:13,0.0453,0.0197,0.0081,0.3076923076923077,0.0,0.0256,Consumer Defensive,42.04759216308594,0.023115158658385093,0.2833313098932119,2.5
PEP,2008-10-14 21:13:12,0.0328,0.0192,0.009,0.3571428571428571,0.0,0.013600000000000004,Consumer Defensive,33.985107421875,-0.11931324362690243,0.8734364810342291,2.5
PEP,2009-02-13 18:27:11,0.0402,0.0237,0.0083,0.3076923076923077,0.0,0.0165,Consumer Defensive,33.1002197265625,0.010962216192687446,0.6362339945182902,2.5
PEP,2009-04-20 22:15:20,0.0384,0.0096,0.012,0.3076923076923077,0.0769230769230769,0.0288,Consumer Defensive,31.67159652709961,-0.043544571354579675,0.437609109580071,2.5
PEP,2009-07-22 17:38:49,0.0578,0.0177,0.013,0.2666666666666666,0.0666666666666666,0.0401,Consumer Defensive,35.79279708862305,-0.009042522743340387,0.4418006545114015,2.5
PEP,2009-10-08 17:23:11,0.0371,0.0099,0.0087,0.3076923076923077,0.0769230769230769,0.027200000000000002,Consumer Defensive,38.9865608215332,-0.012751521479027694,-0.3861301889645719,2.5
PEP,2010-02-11 19:59:11,0.0568,0.0136,0.0102,0.3571428571428571,0.0714285714285714,0.0432,Consumer Defensive,39.7833137512207,0.013414952329265484,0.7537452454191488,2.5
PEP,2010-04-22 16:13:13,0.0414,0.0184,0.0035,0.3157894736842105,0.0526315789473684,0.023,Consumer Defensive,42.40346908569336,-0.018490841862079943,0.8323229780085578,2.5
PEP,2010-07-20 17:41:43,0.0542,0.0081,0.0058,0.375,0.0625,0.0461,Consumer Defensive,42.710487365722656,0.043190923921484714,0.9405432098515111,2.5
PEP,2010-10-07 16:48:38,0.0525,0.0091,0.0057,0.0769230769230769,0.0769230769230769,0.043399999999999994,Consumer Defensive,43.9431037902832,-0.029510922215687407,0.5021605399388671,2.5
PEP,2011-02-10 18:01:20,0.0597,0.0187,0.0059,0.3333333333333333,0.0833333333333333,0.041,Consumer Defensive,42.436729431152344,-0.016454499279218826,0.4138126225800469,2.5
PEP,2011-04-28 18:51:24,0.0413,0.0149,0.0069,0.2941176470588235,0.0588235294117647,0.026400000000000003,Consumer Defensive,47.05377960205078,0.026350408073367415,-0.21260674184498324,2.5
PEP,2011-07-21 16:51:12,0.0392,0.0127,0.0046,0.2666666666666666,0.0666666666666666,0.0265,Consumer Defensive,44.983646392822266,-0.03387359714466476,-0.42602383765453433,2.5
PEP,2011-10-12 17:21:16,0.0504,0.0084,0.0031,0.3076923076923077,0.6153846153846154,0.042,Consumer Defensive,42.967647552490234,0.028711974627863235,0.20646582881429587,2.5
PEP,2012-02-09 20:41:08,0.0421,0.0132,0.0072,0.5,0.25,0.0289,Consumer Defensive,44.40275573730469,-0.037009545587668335,0.5207869437293359,2.5
PEP,2012-04-26 16:51:09,0.0578,0.0067,0.01,0.2727272727272727,0.7272727272727273,0.0511,Consumer Defensive,46.22959518432617,-0.004500068303581406,0.6987510215489695,2.5
PEP,2012-05-02 22:01:10,0.0309,0.0021,0.0064,1.0,0.0,0.0288,Consumer Defensive,46.550010681152344,0.0051135335915717395,0.38641233177922174,2.5
PEP,2012-07-25 16:41:05,0.0753,0.0098,0.0055,0.5,0.5,0.0655,Consumer Defensive,49.34996795654297,0.021950354413840634,0.6834534824351659,2.5
PEP,2012-10-17 16:11:08,0.0752,0.0174,0.0069,0.2941176470588235,0.6470588235294118,0.057800000000000004,Consumer Defensive,49.577579498291016,-0.002845272611473715,0.32935657092463644,2.5
PEP,2013-02-14 16:22:05,0.0594,0.0116,0.0093,0.3571428571428571,0.0,0.0478,Consumer Defensive,51.51534652709961,0.010908836937935096,0.37551409913545375,2.5
PEP,2013-04-18 14:58:07,0.0552,0.0143,0.0077,0.1538461538461538,0.0,0.0409,Consumer Defensive,58.32260513305664,0.030437803196887714,-0.3508305368552742,2.5
PEP,2013-05-01 19:15:09,0.0438,0.0079,0.0045,1.0,0.0,0.0359,Consumer Defensive,59.01169967651367,-0.00315294810861777,-0.27361529929046524,2.5
PEP,2013-05-29 21:29:08,0.0418,0.0139,0.0023,0.3333333333333333,0.0,0.027899999999999998,Consumer Defensive,58.229312896728516,-0.015891666279843397,0.7197330448021909,2.5
PEP,2013-07-24 15:08:05,0.053,0.0188,0.0044,0.2857142857142857,0.0,0.034199999999999994,Consumer Defensive,61.90458679199219,-0.006496315942173925,0.9103265702005593,2.5
PEP,2013-09-04 20:24:09,0.0492,0.0013,0.0013,0.5,0.0,0.0479,Consumer Defensive,57.89802551269531,-0.001280969175211033,0.8490452379120583,2.5
PEP,2013-10-16 14:42:08,0.0492,0.0157,0.0101,0.2,0.0,0.0335,Consumer Defensive,59.89276123046875,0.020719718426056355,0.18439397620052228,2.5
PEP,2014-02-13 15:55:08,0.0458,0.0183,0.0115,0.1818181818181818,0.0,0.0275,Consumer Defensive,58.410430908203125,-0.022088291086652112,0.28457598242682014,2.5
PEP,2014-02-20 23:04:10,0.0364,0.0141,0.0047,0.75,0.0,0.0223,Consumer Defensive,57.17903518676758,0.011802997214581001,-0.01897155360872564,2.5
PEP,2014-04-17 17:08:15,0.043,0.0102,0.0113,0.25,0.0,0.032799999999999996,Consumer Defensive,63.149253845214844,0.00920115374563446,0.2796421782630165,2.5
PEP,2014-07-23 15:30:05,0.0549,0.0129,0.0118,0.0833333333333333,0.0,0.041999999999999996,Consumer Defensive,67.54080963134766,0.018503713294608204,0.4217354828184338,2.5
PEP,2014-09-03 19:22:07,0.0626,0.0112,0.0022,0.6666666666666666,0.0,0.0514,Consumer Defensive,69.4681396484375,0.010073189674040472,0.12203618745653781,2.5
PEP,2014-10-09 17:21:07,0.0575,0.0174,0.0076,0.1666666666666666,0.0,0.040100000000000004,Consumer Defensive,70.08228302001953,-0.0039388862683864545,0.14983204342231765,2.5
PEP,2015-02-11 18:47:10,0.0503,0.0156,0.0089,0.1,0.0,0.034699999999999995,Consumer Defensive,75.69170379638672,0.024594236510705025,-0.309402083085784,2.5
PEP,2015-02-20 03:55:08,0.0366,0.0092,0.0105,0.3333333333333333,0.0,0.0274,Consumer Defensive,74.68148040771484,0.0034438551659774497,-0.012569079452241963,2.5
PEP,2015-04-23 16:52:07,0.0425,0.0131,0.0098,0.0714285714285714,0.0,0.029400000000000003,Consumer Defensive,72.65463256835938,-0.01593316066588024,0.1810477596896576,2.5
PEP,2015-07-09 16:44:09,0.0708,0.0087,0.0087,0.0666666666666666,0.0,0.0621,Consumer Defensive,72.31873321533203,-0.010668004846588253,-0.2724957422696776,2.5
PEP,2015-10-06 15:10:08,0.0428,0.0124,0.0158,0.0714285714285714,0.0,0.030399999999999996,Consumer Defensive,74.79048919677734,0.013150994646998981,-0.3995862562514523,2.5
PEP,2016-02-11 16:56:12,0.063,0.0261,0.0109,0.3,0.0,0.0369,Consumer Defensive,75.18248748779297,-0.0073759431335685965,-0.3019573882537956,2.5
PEP,2016-04-18 16:48:15,0.0279,0.0201,0.0145,0.2142857142857142,0.0,0.007800000000000001,Consumer Defensive,81.04898071289062,-0.00048182351146308644,-0.5008751714406006,2.5
PEP,2016-07-07 17:46:24,0.0282,0.0073,0.0084,0.3,0.0,0.0209,Consumer Defensive,84.6247787475586,0.014822324603666281,-0.12059897965822312,2.5
PEP,2016-09-07 17:32:08,0.0401,0.0083,0.0124,0.8,0.0,0.031799999999999995,Consumer Defensive,85.0013656616211,-0.006578997230782813,-0.46416726259386365,2.5
PEP,2016-09-29 16:56:08,0.0286,0.0066,0.0099,0.3333333333333333,0.0,0.022,Consumer Defensive,85.43744659423828,0.0035389479634582166,-0.21911981718687726,2.5
PEP,2017-02-15 16:50:19,0.0541,0.0133,0.0088,0.0,0.0,0.0408,Consumer Defensive,85.24681854248047,-0.0017770353536319394,-0.7102908500212856,2.5
PEP,2017-04-26 16:13:37,0.0374,0.0159,0.0091,0.0,0.0,0.021500000000000002,Consumer Defensive,91.14007568359375,-0.007270595630396115,-0.06769562648701953,2.5
PEP,2017-07-11 17:59:07,0.0364,0.0193,0.0091,0.2,0.0,0.0171,Consumer Defensive,92.0980224609375,-0.004638216093820757,0.18417923670380448,2.5
PEP,2017-10-04 17:23:07,0.0483,0.0322,0.0092,0.125,0.0,0.016100000000000003,Consumer Defensive,89.1548080444336,0.0019245059675889742,0.026787214896977263,2.5
PEP,2018-02-13 18:21:51,0.0479,0.0142,0.0109,0.0,0.0526315789473684,0.033699999999999994,Consumer Defensive,92.07225036621094,0.0018760539209012883,0.3342679218278927,2.5
PEP,2018-04-26 16:44:13,0.0435,0.01,0.0089,0.0,0.0526315789473684,0.033499999999999995,Consumer Defensive,85.40791320800781,0.02085996338264673,0.6507208661080699,2.5
PEP,2018-07-10 19:01:57,0.0556,0.0142,0.0055,0.1176470588235294,0.0,0.04139999999999999,Consumer Defensive,94.23180389404297,0.04760563418509722,0.7359658485548486,2.5
PEP,2018-10-02 18:19:09,0.0529,0.0065,0.0054,0.1111111111111111,0.0,0.046400000000000004,Consumer Defensive,91.5016860961914,-0.017974702180026947,-0.24727572419130095,2.5
PEP,2019-02-15 19:02:14,0.0759,0.0096,0.0157,0.1428571428571428,0.0714285714285714,0.0663,Consumer Defensive,98.32757568359375,0.0294876338792065,0.034215805750255936,2.5
PEP,2019-02-21 01:06:08,0.0599,0.0086,0.0043,0.4,0.0,0.0513,Consumer Defensive,98.48873901367188,0.002330908939571552,0.0599047368142517,2.5
PEP,2019-04-17 23:43:11,0.0578,0.0236,0.0153,0.1666666666666666,0.0,0.034199999999999994,Consumer Defensive,108.61749267578125,0.037578717319198596,-0.021875008927098507,2.5
PEP,2019-07-09 18:32:19,0.0336,0.0181,0.0155,0.1052631578947368,0.0,0.015499999999999996,Consumer Defensive,113.48741912841797,-0.006185624729457384,0.4486825039610524,2.5
PEP,2019-10-03 17:57:25,0.0603,0.0369,0.0062,0.2,0.0,0.023399999999999997,Consumer Defensive,119.6408920288086,0.029789387139691925,0.031305374651279416,2.5
PEP,2020-02-13 19:20:35,0.0599,0.0287,0.0225,0.2307692307692307,0.0,0.031200000000000002,Consumer Defensive,127.93838500976562,0.002669677660145142,0.5758204121719765,2.5
PEP,2020-04-28 16:42:19,0.0604,0.0424,0.0141,0.1875,0.0,0.018000000000000002,Consumer Defensive,119.87660217285156,0.013833068354273559,0.15503720162856294,2.5
PEP,2020-07-13 17:14:11,0.0171,0.025,0.0158,0.2142857142857142,0.0,-0.0079,Consumer Defensive,119.55754852294922,0.0033467628132399785,0.310794125867863,2.5
PEP,2020-07-14 04:26:45,0.0451,0.0237,0.0113,1.0,0.0,0.021400000000000002,Consumer Defensive,120.09808349609375,0.0045211279406651705,0.07886952749730217,2.5
PEP,2020-10-01 18:47:08,0.0391,0.0378,0.0189,0.2,0.0,0.0013000000000000025,Consumer Defensive,125.67449951171875,0.015872804428977316,0.11999052004479034,2.5
PEP,2021-02-11 15:36:30,0.0399,0.0219,0.0116,0.125,0.0,0.018,Consumer Defensive,121.32904052734375,-0.019825874502796825,-0.4782664517915859,2.5
TMO,2006-10-25 16:49:51,0.0358,0.0081,0.0127,0.0,0.0,0.0277,Healthcare,41.08640670776367,-0.02372905045909568,,1.9
TMO,2007-07-27 01:14:58,0.0354,0.0035,0.0024,0.0833333333333333,0.0,0.0319,Healthcare,49.68413543701172,-0.005710121445621552,,1.9
TMO,2007-10-25 18:05:21,0.0319,0.0074,0.0037,0.0833333333333333,0.0,0.024499999999999997,Healthcare,55.06721496582031,-0.019972864413378755,,1.9
TMO,2008-02-07 00:26:10,0.0488,0.0049,0.0049,0.1,0.0,0.0439,Healthcare,52.775123596191406,0.026641876300724343,0.9755580453788522,1.9
TMO,2008-04-24 17:43:12,0.0441,0.0095,0.0072,0.0833333333333333,0.0,0.0346,Healthcare,52.86070251464844,-0.009622313836533225,0.9450343216920579,1.9
TMO,2008-07-24 17:16:14,0.0455,0.0108,0.0084,0.1,0.0,0.034699999999999995,Healthcare,55.951717376708984,0.0008507029029118929,0.9444308070651013,1.9
TMO,2008-08-01 03:26:33,0.0455,0.0108,0.0084,0.1,0.0,0.034699999999999995,Healthcare,57.25468063354492,-0.005287514481813083,0.9665215287639527,1.9
TMO,2008-09-09 17:14:22,0.0455,0.0108,0.0084,0.1,0.0,0.034699999999999995,Healthcare,53.74523162841797,-0.02535328460811137,-0.013748294679104616,1.9
TMO,2008-10-24 08:45:12,0.041,0.007,0.0082,0.0909090909090909,0.0,0.034,Healthcare,35.60823059082031,-0.02525364385759421,0.5649567383932058,1.9
TMO,2009-02-04 17:51:28,0.0327,0.0158,0.0194,0.25,0.0,0.0169,Healthcare,35.26584243774414,0.010629355768031479,-0.8296921805155033,1.9
TMO,2009-07-23 18:19:26,0.0492,0.0132,0.0108,0.0909090909090909,0.0,0.036000000000000004,Healthcare,41.78070831298828,0.05045462536458789,-0.0621830421691013,1.9
TMO,2009-10-22 18:29:12,0.0692,0.0097,0.0121,0.0769230769230769,0.0769230769230769,0.0595,Healthcare,44.74805450439453,-0.00549602081717393,-0.17770088664050826,1.9
TMO,2010-02-03 20:43:11,0.0506,0.0138,0.0092,0.0714285714285714,0.0714285714285714,0.0368,Healthcare,46.04152297973633,0.017016721715884087,-0.33575632460424415,1.9
TMO,2010-04-30 22:30:12,0.0502,0.014,0.0047,0.2142857142857142,0.0,0.0362,Healthcare,52.575401306152344,-0.011798270221823892,-0.434709601103301,1.9
TMO,2010-07-27 19:06:35,0.054,0.0132,0.0024,0.2142857142857142,0.0714285714285714,0.0408,Healthcare,43.91111755371094,-0.09452824919863911,0.07642022658062833,1.9
TMO,2010-10-27 20:06:26,0.0481,0.007,0.007,0.1764705882352941,0.0588235294117647,0.0411,Healthcare,48.79964065551758,0.019674140325451672,-0.36849033371367923,1.9
TMO,2011-02-02 19:31:20,0.0525,0.0034,0.0057,0.1764705882352941,0.0588235294117647,0.0491,Healthcare,53.31724548339844,-0.023515135526717468,-0.03202541317783365,1.9
TMO,2011-04-27 19:21:26,0.0467,0.0132,0.0084,0.1875,0.0625,0.0335,Healthcare,56.87425994873047,0.029614267377207737,-0.354766938763744,1.9
TMO,2011-07-27 16:41:12,0.0529,0.0071,0.0059,0.1875,0.125,0.0458,Healthcare,57.092994689941406,-0.024695494824819586,-0.9191428392950166,1.9
TMO,2011-10-26 18:01:12,0.0569,0.0071,0.0024,0.2,0.8,0.0498,Healthcare,45.99397277832031,-0.09148954030005674,-0.8392825172307592,1.9
TMO,2012-01-10 23:01:03,0.0522,0.0102,0.0025,0.5,0.5,0.042,Healthcare,46.669227600097656,0.029368499638999124,-0.8465890266100421,1.9
TMO,2012-02-01 18:41:09,0.0501,0.0128,0.0082,0.2307692307692307,0.7692307692307693,0.0373,Healthcare,52.03327941894531,0.03421531421611479,-0.9343065072126934,1.9
TMO,2012-04-25 17:21:12,0.0473,0.0071,0.0095,0.15,0.85,0.0402,Healthcare,52.49889373779297,0.0441791719249538,-0.9344517024138179,1.9
TMO,2012-05-23 20:01:03,0.0521,0.0104,0.0052,0.3888888888888889,0.5555555555555556,0.0417,Healthcare,48.5998420715332,-0.007012169173111649,-0.46490231089223233,1.9
TMO,2012-07-25 16:31:12,0.0464,0.0095,0.0071,0.2,0.8,0.036899999999999995,Healthcare,51.74602127075195,0.08758532069871161,-0.7871535753273238,1.9
TMO,2012-10-24 16:41:07,0.0502,0.0049,0.0025,0.1666666666666666,0.8333333333333334,0.0453,Healthcare,57.817665100097656,0.047734536612511036,-0.4893447139664846,1.9
TMO,2013-01-31 17:11:23,0.0633,0.0085,0.0061,0.2142857142857142,0.7857142857142857,0.054799999999999995,Healthcare,69.26097106933594,0.02486185007387154,-0.41847717639360327,1.9
TMO,2013-04-16 05:41:06,0.0584,0.0072,0.0107,0.25,0.75,0.0512,Healthcare,78.70658874511719,0.04123137904266794,-0.9749293502932761,1.9
TMO,2013-04-24 17:21:10,0.0354,0.011,0.0073,0.1875,0.8125,0.0244,Healthcare,78.11018371582031,0.006944712183430957,0.6725923020403866,1.9
TMO,2013-05-22 18:41:12,0.0098,0.0195,0.0061,1.0,0.0,-0.0097,Healthcare,82.99688720703125,-0.012249177689074298,0.9343870794961912,1.9
TMO,2013-05-22 18:51:09,0.0679,0.0186,0.0067,0.4,0.5333333333333333,0.049300000000000004,Healthcare,82.99688720703125,-0.012249177689074298,0.5177886651571674,1.9
TMO,2013-06-11 22:01:11,0.0415,0.0069,0.0124,0.3333333333333333,0.6666666666666666,0.034600000000000006,Healthcare,82.16960144042969,-0.004429079996687069,0.10692908600950925,1.9
TMO,2013-07-24 17:02:30,0.0513,0.01,0.0075,0.2,0.8,0.041299999999999996,Healthcare,87.31737518310547,0.012175793647740463,0.38171724561823894,1.9
TMO,2013-09-10 19:57:11,0.0389,0.0101,0.0302,0.5,0.0,0.0288,Healthcare,87.47160339355469,-0.003731657794884269,-0.16485584047521776,1.9
TMO,2013-10-23 17:01:19,0.0447,0.0109,0.0109,0.2,0.8,0.0338,Healthcare,94.09318542480469,0.017324232916364313,0.5203651943549378,1.9
TMO,2014-01-30 18:11:16,0.068,0.0095,0.0084,0.1666666666666666,0.8333333333333334,0.0585,Healthcare,111.15959167480469,0.028993283111276913,0.8572700806562653,1.9
TMO,2014-04-23 16:27:07,0.0541,0.0108,0.0072,0.1428571428571428,0.0714285714285714,0.043300000000000005,Healthcare,115.55001068115234,-0.007977057681593402,0.592355511118787,1.9
TMO,2014-07-23 18:47:09,0.0664,0.0071,0.0024,0.1428571428571428,0.0714285714285714,0.0593,Healthcare,120.16172790527344,0.007638619071769215,0.25633592136825334,1.9
TMO,2014-10-22 19:39:11,0.0593,0.0058,0.0023,0.0833333333333333,0.0833333333333333,0.0535,Healthcare,110.44052124023438,-0.037134259070180864,0.44238218898883913,1.9
TMO,2015-01-29 19:33:04,0.0596,0.0093,0.0058,0.1,0.1,0.0503,Healthcare,124.29623413085938,0.02911383393661704,0.02980198306241892,1.9
TMO,2015-04-22 18:31:19,0.0531,0.0094,0.0059,0.2142857142857142,0.0,0.0437,Healthcare,127.09709930419922,-0.02789301663606014,0.2879331771750283,1.9
TMO,2015-07-22 17:40:07,0.0499,0.0071,0.0048,0.2857142857142857,0.0,0.0428,Healthcare,136.3666229248047,0.02630602212669153,-0.291212201481382,1.9
TMO,2015-10-21 16:20:07,0.0629,0.0047,0.0035,0.2142857142857142,0.0,0.058199999999999995,Healthcare,123.91041564941406,-0.0117400240949882,-0.13482236373921,1.9
TMO,2016-01-28 18:20:09,0.0861,0.006,0.0024,0.3,0.0,0.08009999999999999,Healthcare,125.08258056640625,-0.05639421654094523,-0.7622061496924473,1.9
TMO,2016-04-28 17:58:20,0.0672,0.0072,0.0036,0.2307692307692307,0.0,0.06,Healthcare,141.97386169433594,-0.012368953964822516,-0.9984696750450411,1.9
TMO,2016-05-27 16:13:37,0.0516,0.0106,0.0106,0.2,0.0,0.041,Healthcare,148.62701416015625,0.006150786989812307,-0.9719106826915799,1.9
TMO,2016-07-28 17:18:43,0.0649,0.0035,0.0047,0.0666666666666666,0.0666666666666666,0.061399999999999996,Healthcare,155.3164520263672,-0.0005029487111128939,-0.8985702077657867,1.9
TMO,2016-10-27 20:02:28,0.0504,0.0117,0.0047,0.0,0.0,0.0387,Healthcare,146.077880859375,0.00797080879745482,-0.8243759520231175,1.9
TMO,2017-01-31 18:32:17,0.0658,0.0068,0.0023,0.0,0.0,0.059,Healthcare,149.3354034423828,0.06350752008547311,0.3970046589637709,1.9
TMO,2017-04-26 17:50:05,0.0649,0.0083,0.0035,0.0,0.0,0.0566,Healthcare,164.79745483398438,0.05793091680157536,0.34243568534667257,1.9
TMO,2017-05-16 22:12:07,0.0423,0.0097,0.0085,0.25,0.0,0.0326,Healthcare,168.9759979248047,5.806724747148273e-05,0.9955928531250916,1.9
TMO,2017-07-26 16:46:24,0.0601,0.0083,0.0024,0.0,0.0666666666666666,0.0518,Healthcare,171.8612823486328,-0.028146650087007008,0.5612081644743213,1.9
TMO,2017-10-25 16:18:45,0.0667,0.0095,0.0024,0.0,0.0769230769230769,0.057199999999999994,Healthcare,196.17538452148438,0.027214671091639664,0.4322694751558982,1.9
TMO,2018-01-31 17:36:11,0.0664,0.0046,0.0023,0.0909090909090909,0.0,0.0618,Healthcare,220.36024475097656,0.044217948018057784,0.5151715910200904,1.9
TMO,2018-04-25 16:40:14,0.0631,0.0069,0.0034,0.0,0.0714285714285714,0.0562,Healthcare,211.04830932617188,0.006098232054623676,0.9681205457274421,1.9
TMO,2018-07-25 16:48:12,0.0656,0.0047,0.0023,0.0,0.0769230769230769,0.0609,Healthcare,225.79946899414062,0.0355918173796983,0.9124715031150542,1.9
TMO,2018-10-24 17:46:17,0.0618,0.0047,0.0035,0.0,0.0714285714285714,0.0571,Healthcare,217.36326599121094,-0.012403128614196457,0.9107715836671918,1.9
TMO,2019-01-30 20:28:11,0.0736,0.0045,0.0023,0.0833333333333333,0.0,0.0691,Healthcare,241.67825317382812,0.03444484190136743,0.7436480187945882,1.9
TMO,2019-03-13 18:45:23,0.067,0.0246,0.0082,0.5,0.0,0.04240000000000001,Healthcare,255.2977294921875,0.01549499760195161,0.3999879846219509,1.9
TMO,2019-04-24 17:17:03,0.0591,0.0068,0.0023,0.0714285714285714,0.0714285714285714,0.0523,Healthcare,258.1400451660156,-0.008942528568640085,0.38483803609643197,1.9
TMO,2019-07-24 19:20:40,0.0565,0.0264,0.0138,0.1875,0.125,0.030100000000000002,Healthcare,284.77935791015625,-0.01791436843484495,0.7757013494255116,1.9
TMO,2019-10-23 19:59:10,0.0583,0.0363,0.0155,0.3,0.1,0.022,Healthcare,293.4302673339844,0.05672827264229796,-0.5730108514179204,1.9
TMO,2020-01-30 18:45:12,0.0465,0.0264,0.0151,0.3,0.1,0.0201,Healthcare,316.2774963378906,-0.042019746789857204,-0.12048869366291845,1.9
TMO,2020-04-22 18:19:10,0.0271,0.0312,0.0204,0.3333333333333333,0.1111111111111111,-0.0040999999999999995,Healthcare,332.0882263183594,0.04996553944351523,-0.5229025890108834,1.9
TMO,2020-07-22 18:19:07,0.0383,0.0173,0.0062,0.1,0.1,0.021,Healthcare,406.7398376464844,0.01902779401435084,-0.3739547888413646,1.9
TMO,2020-10-21 16:02:22,0.0416,0.0071,0.0036,0.0909090909090909,0.2727272727272727,0.034499999999999996,Healthcare,464.4091491699219,0.007522708185540017,-0.5466832740934887,1.9
TMO,2021-02-01 18:10:10,0.0378,0.0069,0.0023,0.375,0.125,0.0309,Healthcare,510.924072265625,0.011320265995624856,-0.996358848368861,1.9
TMUS,2007-11-14 19:21:49,0.0239,0.0076,0.0176,0.1666666666666666,0.0,0.016300000000000002,Communication Services,29.58397102355957,0.10212747512924336,,1.9
TMUS,2008-03-04 11:48:34,0.03,0.0168,0.0312,0.0909090909090909,0.0909090909090909,0.0132,Communication Services,25.455596923828125,0.010362716658966153,,1.9
TMUS,2008-05-06 21:08:12,0.0311,0.0132,0.0275,0.0833333333333333,0.0833333333333333,0.0179,Communication Services,31.2320613861084,-0.04395604716405532,,1.9
TMUS,2008-08-07 17:32:19,0.0455,0.0168,0.024,0.0833333333333333,0.0,0.0287,Communication Services,28.39278221130371,-0.016949146945878013,-0.35310937968739226,1.9
TMUS,2008-11-05 20:34:16,0.0478,0.0191,0.0239,0.1818181818181818,0.0,0.028700000000000003,Communication Services,22.877403259277344,-0.04234968663691019,-0.4936586101126514,1.9
TMUS,2009-02-26 21:04:26,0.0486,0.0162,0.022,0.1,0.0,0.0324,Communication Services,21.800434112548828,0.055292177110834784,0.679490329372886,1.9
TMUS,2009-05-07 19:08:26,0.0271,0.0071,0.0212,0.25,0.0833333333333333,0.019999999999999997,Communication Services,27.65848731994629,-0.08080258457721112,0.8849493757587537,1.9
TMUS,2009-11-05 22:31:23,0.0383,0.012,0.0192,0.1428571428571428,0.0714285714285714,0.0263,Communication Services,9.80693244934082,-0.09214495856112148,0.7949855304844535,1.9
TMUS,2010-11-04 20:06:27,0.026,0.0124,0.0181,0.25,0.0,0.0136,Communication Services,18.553213119506836,0.04889288149717208,0.0018694057951998964,1.9
TMUS,2011-02-24 18:42:17,0.033,0.0068,0.0159,0.25,0.0,0.0262,Communication Services,22.077835083007812,0.06034482442740252,-0.28461347751000415,1.9
TMUS,2011-05-03 16:41:19,0.0264,0.0069,0.0184,0.25,0.0,0.0195,Communication Services,29.61661148071289,0.10133515210174293,-0.477592481768266,1.9
TMUS,2011-08-02 18:12:00,0.032,0.0107,0.0189,0.2857142857142857,0.0,0.0213,Communication Services,16.74195098876953,-0.36588383476259123,-0.12909699051197457,1.9
TMUS,2011-11-01 18:01:13,0.0369,0.0058,0.0173,0.3076923076923077,0.6923076923076923,0.031100000000000003,Communication Services,12.499350547790527,-0.0988236284231021,0.03681740902194882,1.9
TMUS,2012-02-23 18:41:14,0.0231,0.0066,0.0176,0.3636363636363636,0.5454545454545454,0.0165,Communication Services,19.091697692871094,0.13813229173796904,-0.3728636967988883,1.9
TMUS,2012-04-26 18:01:09,0.0243,0.0099,0.0188,0.2666666666666666,0.7333333333333333,0.014399999999999998,Communication Services,11.552925109863281,-0.10831239819191041,-0.23754753815576857,1.9
TMUS,2012-07-26 17:11:11,0.0218,0.0044,0.0164,0.3076923076923077,0.6923076923076923,0.0174,Communication Services,14.01689624786377,0.36783436245060974,-0.3652867150093456,1.9
TMUS,2012-10-30 17:01:08,0.0309,0.0085,0.0224,0.3636363636363636,0.5454545454545454,0.0224,Communication Services,,,,1.9
TMUS,2013-02-26 18:21:09,0.0262,0.0098,0.0153,0.2307692307692307,0.6153846153846154,0.0164,Communication Services,15.762890815734863,-0.010245877588640595,,1.9
TMUS,2014-02-26 02:02:27,0.0255,0.0071,0.0112,0.3125,0.5625,0.0184,Communication Services,29.866464614868164,-0.004594649246861593,,1.9
TMUS,2014-05-01 17:31:12,0.0283,0.0196,0.0141,0.3333333333333333,0.5,0.0087,Communication Services,31.166290283203125,0.08057360209849396,,1.9
TMUS,2014-07-31 18:11:16,0.0256,0.0096,0.0075,0.2727272727272727,0.6363636363636364,0.016,Communication Services,32.43657302856445,0.06464114411085764,-0.7669286003012494,1.9
TMUS,2014-10-28 20:41:10,0.0358,0.0127,0.015,0.3076923076923077,0.6153846153846154,0.0231,Communication Services,28.40908432006836,0.030725277143526464,-0.6969954285779313,1.9
TMUS,2015-02-19 19:41:10,0.0277,0.0133,0.0055,0.2631578947368421,0.631578947368421,0.0144,Communication Services,31.36323356628418,0.02741935675348972,-0.6972159534069754,1.9
TMUS,2015-04-28 23:57:05,0.0418,0.0187,0.0077,0.3846153846153846,0.0,0.023099999999999996,Communication Services,33.45083236694336,-0.0026424654305968742,-0.5859608173629333,1.9
TMUS,2015-07-31 05:24:05,0.0297,0.0183,0.008,0.1578947368421052,0.0526315789473684,0.0114,Communication Services,40.03858947753906,0.0463201514311109,-0.707302324970553,1.9
TMUS,2015-10-27 22:02:17,0.0361,0.023,0.0044,0.0625,0.0,0.0131,Communication Services,38.42365646362305,-0.05703239623222289,-0.1463493931459474,1.9
TMUS,2016-02-17 19:48:11,0.0447,0.0101,0.0089,0.1875,0.0625,0.0346,Communication Services,36.28681945800781,0.010973930922529629,0.10786545328123308,1.9
TMUS,2016-04-26 19:59:15,0.0401,0.0089,0.01,0.1764705882352941,0.0588235294117647,0.0312,Communication Services,38.72891616821289,-0.04492484507919914,-0.13323256331570857,1.9
TMUS,2016-07-28 00:36:37,0.0378,0.0171,0.0085,0.1764705882352941,0.1176470588235294,0.0207,Communication Services,45.51361846923828,0.01270825091175487,0.40979384983682965,1.9
TMUS,2016-10-24 23:28:18,0.0386,0.0114,0.0125,0.0,0.0,0.027200000000000002,Communication Services,50.407657623291016,0.09497325722861927,-0.26289109726323007,1.9
TMUS,2017-02-14 20:04:23,0.0409,0.0097,0.0097,0.0,0.0588235294117647,0.0312,Communication Services,60.65856170654297,0.011494230938778216,-0.2851072340378521,1.9
TMUS,2017-04-25 03:31:04,0.032,0.0132,0.0077,0.0,0.0526315789473684,0.0188,Communication Services,66.32069396972656,0.021538145511837525,0.23984738167912198,1.9
TMUS,2017-07-20 01:01:46,0.0324,0.0119,0.0086,0.0666666666666666,0.1333333333333333,0.020499999999999997,Communication Services,60.18589401245117,-0.013716377705550786,0.33789412433755217,1.9
TMUS,2018-02-09 17:58:09,0.0401,0.0105,0.0116,0.0625,0.125,0.029599999999999994,Communication Services,58.29524230957031,0.005434713597376684,0.08526081892717392,1.9
TMUS,2018-05-02 03:19:11,0.0374,0.0146,0.0042,0.1875,0.0625,0.0228,Communication Services,56.099327087402344,-0.041393196846123415,-0.0367053888834583,1.9
TMUS,2018-08-02 00:55:08,0.038,0.0051,0.0082,0.1538461538461538,0.0769230769230769,0.0329,Communication Services,61.229698181152344,0.047506730057005564,0.8585706281246259,1.9
TMUS,2018-10-03 02:28:08,0.0306,0.0199,0.0066,0.0,0.0,0.010699999999999998,Communication Services,67.92578125,-0.01061378126875967,0.5909157486117326,1.9
TMUS,2018-10-31 03:08:28,0.0345,0.0073,0.0105,0.0,0.1428571428571428,0.027200000000000002,Communication Services,67.50234985351562,0.07243446668019371,0.600541520476222,1.9
TMUS,2018-11-16 21:10:08,0.0353,0.0052,0.0013,0.0,0.0,0.0301,Communication Services,68.08332824707031,0.015569808419386488,0.6797339200863878,1.9
TMUS,2018-12-04 19:57:09,0.0257,0.0103,0.0077,0.0,0.0,0.0154,Communication Services,65.55260467529297,-0.018141520866794325,0.7090631196128893,1.9
TMUS,2019-01-10 01:30:07,0.0427,0.0133,0.0027,0.6666666666666666,0.3333333333333333,0.029400000000000003,Communication Services,66.92135620117188,0.0035438309825444048,0.4900005631560712,1.9
TMUS,2019-02-07 19:45:08,0.0317,0.0092,0.0051,0.25,0.0625,0.0225,Communication Services,67.2364730834961,0.020018018797976822,0.6602338437531295,1.9
TMUS,2019-04-26 03:34:11,0.0314,0.0084,0.0105,0.1875,0.0625,0.023,Communication Services,71.80555725097656,0.002888244594091649,0.5739668285100397,1.9
TMUS,2019-07-29 10:20:11,0.0295,0.0351,0.007,0.2105263157894736,0.0526315789473684,-0.005600000000000001,Communication Services,81.12097930908203,-0.022195784145497943,0.8239371276576613,1.9
TMUS,2019-09-17 20:18:12,0.0345,0.0179,0.0051,0.2,0.0,0.016600000000000004,Communication Services,78.98413848876953,0.008169863512620612,0.9065135704984462,1.9
TMUS,2019-10-29 03:21:55,0.0423,0.0317,0.0053,0.125,0.0625,0.010599999999999998,Communication Services,80.52030181884766,-0.007525216334805962,0.9236477697341133,1.9
TMUS,2020-02-07 05:58:10,0.0359,0.0226,0.0146,0.3333333333333333,0.0666666666666666,0.013300000000000003,Communication Services,84.13421630859375,0.032258088672628915,0.7484890556154089,1.9
TMUS,2020-05-07 02:07:17,0.0361,0.0301,0.0108,0.4,0.0,0.006000000000000002,Communication Services,93.83367156982422,0.10047343122165753,-0.7223942313254696,1.9
TMUS,2020-08-07 06:22:07,0.0359,0.0146,0.0067,0.5,0.0,0.0213,Communication Services,113.33106994628906,0.06466234801204296,-0.11381028901434805,1.9
TMUS,2020-11-06 05:12:09,0.0335,0.0056,0.0056,0.4,0.0,0.0279,Communication Services,121.67161560058594,0.053726726603904984,-0.4817996917209954,1.9
TMUS,2021-02-05 03:33:15,0.041,0.008,0.0057,0.1666666666666666,0.0,0.033,Communication Services,123.3653335571289,-0.04073500689886911,-0.8461222788967827,1.9
TSLA,2011-08-04 02:55:54,0.0228,0.0241,0.019,0.0909090909090909,0.0,-0.001299999999999999,Consumer Cyclical,1.649999976158142,-0.09007339261366853,,2.7
TSLA,2011-11-03 04:07:59,0.0254,0.0307,0.0187,0.0769230769230769,0.0769230769230769,-0.005300000000000003,Consumer Cyclical,2.1640000343322754,0.13061650758392784,,2.7
TSLA,2012-02-16 05:34:04,0.0251,0.0172,0.0119,0.0714285714285714,0.0,0.0079,Consumer Cyclical,2.2786669731140137,0.01726203723778874,,2.7
TSLA,2012-05-10 03:31:08,0.0364,0.0234,0.0156,0.1875,0.0625,0.013000000000000001,Consumer Cyclical,2.1973330974578857,0.096473629702863,0.10720081951985488,2.7
TSLA,2012-07-26 03:25:06,0.0168,0.0259,0.0323,0.1875,0.0,-0.0091,Consumer Cyclical,1.8753329515457153,-0.028324869164712885,0.2642328209243799,2.7
TSLA,2012-11-05 19:14:07,0.0218,0.0282,0.0193,0.1176470588235294,0.0,-0.0063999999999999994,Consumer Cyclical,2.0999999046325684,0.08921158387845196,0.43532983611521053,2.7
TSLA,2013-02-21 01:46:17,0.0287,0.0274,0.0222,0.1538461538461538,0.0,0.001299999999999999,Consumer Cyclical,2.3440001010894775,-0.08770095922967658,0.3155545802978545,2.7
TSLA,2013-05-09 01:24:05,0.0285,0.0233,0.0246,0.0714285714285714,0.0,0.0052,Consumer Cyclical,4.626667022705078,0.24395075824616308,0.45648612958681667,2.7
TSLA,2013-08-08 00:44:07,0.0215,0.019,0.0215,0.0769230769230769,0.0,0.0024999999999999988,Consumer Cyclical,10.232000350952148,0.1434106151988035,0.3323970912934315,2.7
TSLA,2013-11-06 01:13:10,0.0218,0.0244,0.0231,0.0769230769230769,0.0,-0.0026000000000000016,Consumer Cyclical,10.077333450317383,-0.14507091230570046,0.9127935171958438,2.7
TSLA,2014-02-20 03:01:10,0.0327,0.0239,0.0176,0.125,0.8125,0.008799999999999999,Consumer Cyclical,13.998000144958496,0.08433176962559585,0.6783067898384872,2.7
TSLA,2014-05-08 05:17:13,0.0346,0.0243,0.0077,0.1428571428571428,0.0,0.0103,Consumer Cyclical,11.906000137329102,-0.1130369790950656,0.17938621541368974,2.7
TSLA,2014-08-01 05:23:08,0.033,0.0216,0.0254,0.0714285714285714,0.0,0.0114,Consumer Cyclical,15.5513334274292,0.04464842026823912,0.6183915850793463,2.7
TSLA,2014-11-06 06:06:13,0.009,0.036,0.0244,0.0555555555555555,0.0,-0.026999999999999996,Consumer Cyclical,16.08133316040039,0.04437806256705623,-0.23839388364936812,2.7
TSLA,2015-02-12 07:12:13,0.0317,0.0355,0.0089,0.1333333333333333,0.0666666666666666,-0.003799999999999998,Consumer Cyclical,13.525333404541016,-0.04661658846022321,-0.4463567954635326,2.7
TSLA,2015-05-07 05:54:06,0.0169,0.0253,0.0229,0.1176470588235294,0.0588235294117647,-0.008400000000000001,Consumer Cyclical,15.786666870117188,0.027643952080381284,-0.12472564352506173,2.7
TSLA,2015-06-10 02:45:11,0.0188,0.0238,0.005,0.2,0.0,-0.005000000000000001,Consumer Cyclical,16.713333129882812,-0.020703187995237737,-0.8030955947000914,2.7
TSLA,2015-08-06 06:06:12,0.0312,0.0125,0.0175,0.125,0.0625,0.018699999999999998,Consumer Cyclical,16.408666610717773,-0.08884613070827718,-0.8648458265074711,2.7
TSLA,2015-11-04 06:20:08,0.0314,0.0251,0.0188,0.1052631578947368,0.0,0.006299999999999997,Consumer Cyclical,15.442000389099121,0.11173506172895453,-0.3778027278644577,2.7
TSLA,2016-02-11 07:14:12,0.0358,0.0111,0.0099,0.1363636363636363,0.0,0.0247,Consumer Cyclical,10.031332969665527,0.04733064290572564,-0.06942692745571204,2.7
TSLA,2016-05-05 04:16:38,0.0419,0.0356,0.0178,0.0952380952380952,0.0,0.0063,Consumer Cyclical,14.10200023651123,-0.04955961442777834,-0.15446988587659444,2.7
TSLA,2016-06-23 02:41:36,0.0217,0.019,0.0176,0.0588235294117647,0.0588235294117647,0.002700000000000001,Consumer Cyclical,13.09333324432373,-0.001322128315258908,0.23110554903877925,2.7
TSLA,2016-08-04 03:16:52,0.0297,0.0185,0.0124,0.1052631578947368,0.0526315789473684,0.011200000000000002,Consumer Cyclical,15.37399959564209,0.02134724289646428,0.7508204224439726,2.7
TSLA,2016-10-27 06:42:29,0.0443,0.0197,0.0123,0.0,0.05,0.0246,Consumer Cyclical,13.600666999816895,0.008751979915121444,0.41649935130309346,2.7
TSLA,2016-11-02 05:11:13,0.0232,0.0168,0.0232,0.1333333333333333,0.0666666666666666,0.0063999999999999994,Consumer Cyclical,12.534667015075684,-0.014518503789442305,0.45300254043295995,2.7
TSLA,2017-02-23 08:16:43,0.0293,0.0208,0.0134,0.0,0.0526315789473684,0.0085,Consumer Cyclical,17.06599998474121,-0.06405612128285887,0.4660727992512502,2.7
TSLA,2017-05-04 05:18:34,0.0326,0.0301,0.0326,0.0,0.0434782608695652,0.0024999999999999988,Consumer Cyclical,19.69733238220215,-0.05002899014132822,0.7349456016224104,2.7
TSLA,2017-06-07 03:24:10,0.0089,0.0178,0.0038,0.4,0.0,-0.0089,Consumer Cyclical,23.976667404174805,0.019271708483604266,-0.8056315706748147,2.7
TSLA,2017-08-03 05:14:40,0.0483,0.0339,0.0183,0.0,0.0588235294117647,0.014400000000000003,Consumer Cyclical,23.139333724975586,0.0650526513735219,0.12092551467205484,2.7
TSLA,2017-11-02 06:34:44,0.0341,0.0315,0.0144,0.0,0.0526315789473684,0.002599999999999998,Consumer Cyclical,19.950666427612305,-0.06795811899941895,0.31359126938673265,2.7
TSLA,2018-02-08 04:11:43,0.0278,0.0278,0.0265,0.0,0.0625,0.0,Consumer Cyclical,21.01533317565918,-0.0862898619278617,0.35304440290246597,2.7
TSLA,2018-05-03 11:10:25,0.0544,0.0253,0.0152,0.0,0.0555555555555555,0.029099999999999997,Consumer Cyclical,18.963333129882812,-0.055454155423032336,0.2972403055814086,2.7
TSLA,2018-08-02 04:52:13,0.053,0.0177,0.013,0.0,0.0952380952380952,0.0353,Consumer Cyclical,23.30266761779785,0.1618801307070199,0.7484728747954551,2.7
TSLA,2018-10-25 06:15:08,0.0401,0.0163,0.0163,0.2105263157894736,0.1578947368421052,0.023799999999999998,Consumer Cyclical,20.99066734313965,0.09136917152114976,0.6969640163066321,2.7
TSLA,2019-01-31 06:07:26,0.0408,0.0186,0.021,0.1176470588235294,0.1176470588235294,0.022200000000000004,Consumer Cyclical,20.468000411987305,-0.005667655087972956,0.4897075680230093,2.7
TSLA,2019-04-25 07:31:51,0.0316,0.0182,0.0109,0.1111111111111111,0.1111111111111111,0.013400000000000002,Consumer Cyclical,16.5086669921875,-0.0426428039397303,0.9327666218556734,2.7
TSLA,2019-07-25 01:48:11,0.0447,0.0224,0.0075,0.2307692307692307,0.1538461538461538,0.022299999999999997,Consumer Cyclical,15.254667282104492,-0.13613708110635003,0.2560311206737161,2.7
TSLA,2019-10-24 04:20:08,0.0338,0.0226,0.0063,0.2,0.2,0.011199999999999998,Consumer Cyclical,19.978666305541992,0.1766923235319593,-0.7082775423864743,2.7
TSLA,2020-01-30 06:27:18,0.0255,0.0268,0.0128,0.1,0.2,-0.0013000000000000025,Consumer Cyclical,42.72066879272461,0.10296225866535558,-0.7074837088955699,2.7
TSLA,2020-04-30 03:21:10,0.0594,0.031,0.0206,0.125,0.0,0.0284,Consumer Cyclical,52.12533187866211,-0.023272674923369818,-0.677718389761278,2.7
TSLA,2020-07-23 02:29:09,0.0509,0.0236,0.0087,0.25,0.0,0.0273,Consumer Cyclical,100.87133026123047,-0.04977615338574293,-0.7848689803966264,2.7
TSLA,2020-10-22 03:01:06,0.0619,0.018,0.0155,0.2142857142857142,0.1428571428571428,0.043899999999999995,Consumer Cyclical,141.92999267578125,0.007453064711647084,-0.7285517246469984,2.7
TSLA,2021-01-28 02:24:12,0.0457,0.0164,0.0164,0.25,0.0,0.029299999999999996,Consumer Cyclical,278.4766540527344,-0.033246240146660666,0.9174598658975133,2.7
UNH,2007-07-19 20:01:22,0.0402,0.0089,0.0145,0.2777777777777778,0.0,0.0313,Healthcare,41.53977584838867,-0.03154163456452874,,1.7
UNH,2007-10-18 19:47:55,0.0284,0.0079,0.017,0.0588235294117647,0.0,0.0205,Healthcare,38.50575256347656,-0.010287893551687244,,1.7
UNH,2008-01-22 20:16:49,0.0263,0.0069,0.0149,0.3333333333333333,0.0,0.0194,Healthcare,41.00342559814453,-0.05845566014432202,,1.7
UNH,2008-04-22 20:51:13,0.0252,0.0298,0.0424,0.1333333333333333,0.0,-0.0046,Healthcare,27.362146377563477,-0.09679964762604032,0.8222592077310525,1.7
UNH,2008-07-22 19:32:12,0.0425,0.012,0.0142,0.3043478260869565,0.0,0.030500000000000003,Healthcare,21.000343322753906,0.09987398162619154,0.8472844843072516,1.7
UNH,2008-10-21 19:33:18,0.044,0.0165,0.0198,0.25,0.0625,0.027499999999999997,Healthcare,20.231151580810547,-0.010192443683725183,0.8041628521600959,1.7
UNH,2009-01-22 20:50:13,0.0495,0.0146,0.0158,0.2631578947368421,0.0,0.0349,Healthcare,21.785552978515625,0.08542938966843483,0.8996441807056069,1.7
UNH,2009-04-21 20:00:25,0.057,0.0205,0.0137,0.2916666666666667,0.0,0.036500000000000005,Healthcare,18.29486083984375,-0.05823996924088071,-0.16975576343924037,1.7
UNH,2009-07-22 02:08:33,0.036,0.018,0.0191,0.1578947368421052,0.0,0.018,Healthcare,20.862560272216797,0.01602200732803527,-0.06658474695513306,1.7
UNH,2009-10-20 23:11:29,0.0416,0.0202,0.0135,0.25,0.0,0.0214,Healthcare,20.830461502075195,0.04173369173302399,-0.18660295702160096,1.7
UNH,2010-01-21 17:57:09,0.0535,0.0134,0.0178,0.25,0.0,0.0401,Healthcare,26.559635162353516,-0.04196848607070458,-0.9010705999372782,1.7
UNH,2010-04-20 18:52:14,0.0494,0.0126,0.0161,0.1666666666666666,0.0,0.0368,Healthcare,24.881385803222656,-0.008005302394990088,-0.8696824568500221,1.7
UNH,2010-07-20 18:57:16,0.051,0.0111,0.0188,0.238095238095238,0.0,0.0399,Healthcare,24.864830017089844,0.0003241225441041884,-0.8690468613896436,1.7
UNH,2010-10-19 17:34:35,0.0469,0.0078,0.0145,0.25,0.0,0.039099999999999996,Healthcare,28.57494354248047,-0.026207096302505506,-0.38171316135221955,1.7
UNH,2011-01-21 16:40:31,0.0596,0.0094,0.0105,0.0909090909090909,0.0,0.0502,Healthcare,32.81924819946289,0.0024812181203264227,0.5224174778945292,1.7
UNH,2011-04-21 18:01:21,0.0525,0.0091,0.0148,0.1818181818181818,0.0,0.043399999999999994,Healthcare,38.94095993041992,0.08069670958375852,0.2039583238882865,1.7
UNH,2011-07-19 18:31:13,0.0529,0.0054,0.0097,0.25,0.0,0.0475,Healthcare,42.044456481933594,-0.009624656286344235,0.017365268881062178,1.7
UNH,2011-10-18 17:51:15,0.0454,0.0065,0.0141,0.217391304347826,0.6521739130434783,0.038900000000000004,Healthcare,37.17987823486328,-0.027038914522218516,0.034988636498442055,1.7
UNH,2012-01-19 18:51:15,0.0603,0.0043,0.0183,0.2631578947368421,0.5789473684210527,0.056,Healthcare,43.049137115478516,-0.03003319267687965,-0.2973748775852944,1.7
UNH,2012-04-19 18:11:25,0.0517,0.0022,0.0101,0.2631578947368421,0.5789473684210527,0.0495,Healthcare,48.448509216308594,0.02424992290193262,0.08704872807514473,1.7
UNH,2012-07-19 18:11:07,0.0517,0.0066,0.0154,0.2727272727272727,0.5454545454545454,0.0451,Healthcare,45.546417236328125,-0.024135158325115147,0.1373532838419979,1.7
UNH,2012-10-16 17:01:05,0.0531,0.0076,0.0152,0.217391304347826,0.6521739130434783,0.0455,Healthcare,47.30268478393555,-0.010610623916718409,-0.17842965673054884,1.7
UNH,2013-01-17 18:31:09,0.0365,0.0134,0.0244,0.2727272727272727,0.5909090909090909,0.023099999999999996,Healthcare,45.420589447021484,0.013790566148262684,-0.2349876932346373,1.7
UNH,2013-03-12 17:11:09,0.0434,0.0277,0.0157,0.6666666666666666,0.3333333333333333,0.015700000000000002,Healthcare,45.77960205078125,0.011437112652226356,-0.9187966904027519,1.7
UNH,2013-04-18 19:01:11,0.0479,0.0046,0.0148,0.2333333333333333,0.5333333333333333,0.0433,Healthcare,50.03084182739258,-0.03772364184962296,-0.8293808956589088,1.7
UNH,2013-06-03 16:02:02,0.0149,0.0092,0.0092,0.5,0.0,0.0057,Healthcare,52.637577056884766,0.002714138043168335,-0.7897978788063279,1.7
UNH,2013-07-18 17:51:10,0.0525,0.0089,0.0123,0.238095238095238,0.5714285714285714,0.0436,Healthcare,59.39400863647461,0.0652272283810591,0.11297722098909002,1.7
UNH,2013-10-17 19:41:06,0.0351,0.0033,0.0164,0.2413793103448276,0.5517241379310345,0.0318,Healthcare,60.310630798339844,-0.05080454615179797,0.08997400428714324,1.7
UNH,2014-01-16 17:21:16,0.044,0.0129,0.0139,0.24,0.56,0.031099999999999996,Healthcare,61.71961212158203,-0.027792481252343904,0.2816215233375773,1.7
UNH,2014-04-17 20:15:10,0.035,0.0136,0.0158,0.3043478260869565,0.0,0.021400000000000002,Healthcare,64.51358795166016,-0.030822324064209705,0.790243693007099,1.7
UNH,2014-07-17 22:25:07,0.0506,0.0055,0.0187,0.3214285714285714,0.0,0.0451,Healthcare,72.79700469970703,0.01611769763667792,0.7352071602998548,1.7
UNH,2014-10-17 02:01:52,0.0383,0.0128,0.017,0.28,0.56,0.025500000000000002,Healthcare,75.74356842041016,0.032673098426732494,0.3434248403983107,1.7
UNH,2015-01-21 18:41:08,0.0535,0.012,0.0098,0.3333333333333333,0.0,0.041499999999999995,Healthcare,94.25617980957031,0.0350311451535652,0.5468759511444788,1.7
UNH,2015-04-16 18:03:06,0.0395,0.0075,0.0128,0.3636363636363636,0.0,0.032,Healthcare,105.19481658935547,0.03648121112611458,-0.6037472154102741,1.7
UNH,2015-07-16 18:44:06,0.0439,0.0043,0.0096,0.2727272727272727,0.0,0.0396,Healthcare,108.53333282470703,-0.007389206214527655,-0.41274063009978723,1.7
UNH,2015-10-15 22:56:09,0.0547,0.0044,0.012,0.24,0.0,0.0503,Healthcare,104.84965515136719,-0.01556495517273715,-0.7064998839554135,1.7
UNH,2016-01-19 20:30:21,0.0395,0.0044,0.0066,0.3478260869565217,0.0,0.0351,Healthcare,98.6515884399414,0.030292220455551355,-0.8968558733739541,1.7
UNH,2016-04-19 18:16:23,0.0535,0.008,0.0125,0.3636363636363636,0.0,0.0455,Healthcare,114.82642364501953,0.02104700789468872,-0.6012811699036014,1.7
UNH,2016-07-19 19:18:21,0.0428,0.0075,0.0118,0.3703703703703703,0.037037037037037,0.0353,Healthcare,126.03568267822266,0.013072451357372117,-0.7319155614224412,1.7
UNH,2016-10-18 20:40:07,0.0413,0.0033,0.0112,0.2962962962962963,0.037037037037037,0.038000000000000006,Healthcare,127.32805633544922,0.06903707865909858,-0.07920127423094787,1.7
UNH,2017-01-18 02:58:10,0.0511,0.0098,0.0131,0.2916666666666667,0.0416666666666666,0.0413,Healthcare,140.62841796875,-0.018175038857633496,-0.2300527948211178,1.7
UNH,2017-04-18 19:31:10,0.0529,0.0066,0.011,0.25,0.0357142857142857,0.0463,Healthcare,150.86163330078125,0.008434159396126795,-0.3578319340109208,1.7
UNH,2017-07-18 18:37:09,0.0563,0.0069,0.0115,0.3333333333333333,0.037037037037037,0.0494,Healthcare,167.89198303222656,0.0026830024658435203,-0.5525560488506165,1.7
UNH,2017-10-17 18:43:10,0.0372,0.0033,0.0131,0.3928571428571428,0.0357142857142857,0.0339,Healthcare,183.89834594726562,0.05533134023474795,-0.658159955590219,1.7
UNH,2018-01-16 19:03:30,0.0306,0.0032,0.0106,0.3571428571428571,0.0714285714285714,0.027399999999999997,Healthcare,210.7731170654297,0.018631964282909363,-0.5854645890504628,1.7
UNH,2018-04-17 18:18:10,0.0394,0.0022,0.0098,0.375,0.0833333333333333,0.0372,Healthcare,216.6011505126953,0.03573274553753847,-0.49034671329919016,1.7
UNH,2018-07-17 19:47:09,0.0479,0.0067,0.0111,0.3448275862068966,0.0689655172413793,0.0412,Healthcare,228.06478881835938,-0.026033364740077225,-0.45903120882488035,1.7
UNH,2018-10-16 21:26:10,0.0369,0.0067,0.0089,0.32,0.04,0.0302,Healthcare,249.2044219970703,0.047339144665752286,-0.6150868606890397,1.7
UNH,2019-01-15 19:38:20,0.0465,0.0055,0.0066,0.2857142857142857,0.1071428571428571,0.041,Healthcare,235.60073852539062,0.03551568517884118,-0.6223345063623033,1.7
UNH,2019-04-16 18:59:07,0.0475,0.0127,0.0127,0.3,0.1,0.0348,Healthcare,203.43765258789062,-0.04013916750611801,-0.2839966011516185,1.7
UNH,2019-07-18 19:08:09,0.0464,0.0289,0.0125,0.238095238095238,0.0952380952380952,0.017499999999999998,Healthcare,240.99668884277344,-0.022689092113927,0.36941815193325644,1.7
UNH,2019-10-15 19:35:10,0.0541,0.0236,0.0125,0.2666666666666666,0.1,0.030500000000000003,Healthcare,221.682861328125,0.08159935343202229,0.28320423263672106,1.7
UNH,2020-01-15 20:57:21,0.0593,0.0157,0.0085,0.3333333333333333,0.0833333333333333,0.0436,Healthcare,276.46441650390625,0.02834467943865948,0.2470012730640083,1.7
UNH,2020-04-15 19:03:38,0.029,0.0408,0.0132,0.2631578947368421,0.1052631578947368,-0.011800000000000001,Healthcare,263.86358642578125,0.04133072571555574,0.08978066137040674,1.7
UNH,2020-07-15 17:23:07,0.0219,0.0288,0.015,0.4545454545454545,0.0909090909090909,-0.0069,Healthcare,286.0641784667969,-0.014423714852821012,0.4432438665366822,1.7
UNH,2020-10-14 19:57:01,0.0461,0.0157,0.0146,0.35,0.1,0.030400000000000003,Healthcare,304.0390930175781,-0.028875749842406484,-0.1432597569336338,1.7
UNH,2021-01-20 20:34:07,0.0491,0.0105,0.0105,0.3809523809523809,0.1428571428571428,0.038599999999999995,Healthcare,332.6171875,-0.0038329654404291036,-0.5757027690042382,1.7
UNP,2008-01-24 22:42:06,0.0574,0.0298,0.0043,0.0666666666666666,0.0,0.0276,Industrials,21.285247802734375,0.03375775427160588,,2.2
UNP,2008-04-28 05:31:14,0.0763,0.0226,0.0021,0.0909090909090909,0.0,0.05370000000000001,Industrials,25.009225845336914,0.00718454231111787,,2.2
UNP,2008-07-24 17:48:12,0.0538,0.0409,0.0022,0.1,0.1,0.012900000000000002,Industrials,27.33832550048828,-0.0019396266739158952,,2.2
UNP,2008-10-23 20:51:26,0.0573,0.032,0.0033,0.0714285714285714,0.0714285714285714,0.025299999999999996,Industrials,20.701932907104492,0.024265807299842956,0.019592903599204337,2.2
UNP,2009-01-22 22:17:15,0.0605,0.054,0.0076,0.0666666666666666,0.0666666666666666,0.006499999999999999,Industrials,15.454385757446289,0.06737404716612083,-0.5032055879508159,2.2
UNP,2009-04-23 23:43:16,0.0479,0.0359,0.0054,0.0588235294117647,0.0588235294117647,0.011999999999999997,Industrials,17.826200485229492,0.038348071125363425,-0.47692272698618654,2.2
UNP,2009-07-23 19:14:27,0.0423,0.0477,0.0087,0.2142857142857142,0.0714285714285714,-0.005400000000000002,Industrials,21.400548934936523,-0.0013503959823494283,0.2596875924299803,2.2
UNP,2009-10-22 20:11:27,0.0558,0.047,0.0033,0.0833333333333333,0.0,0.008800000000000002,Industrials,22.212621688842773,-0.028607660060880225,0.2472647642975412,2.2
UNP,2010-01-21 19:44:11,0.0565,0.0366,0.0031,0.0952380952380952,0.0476190476190476,0.0199,Industrials,23.886383056640625,0.02698847980685959,0.4626554334718073,2.2
UNP,2010-04-22 23:19:12,0.0521,0.0191,0.0011,0.1176470588235294,0.0,0.033,Industrials,27.94154930114746,-0.010125901437739393,0.1259399492103319,2.2
UNP,2010-07-23 09:06:28,0.064,0.0192,0.0011,0.2,0.0,0.044800000000000006,Industrials,27.211349487304688,0.020718244001486807,0.5210520798860997,2.2
UNP,2010-10-21 18:46:36,0.0769,0.016,0.0021,0.0555555555555555,0.0,0.060899999999999996,Industrials,31.538049697875977,-0.006177857454410907,-0.500474746258567,2.2
UNP,2011-01-21 16:40:31,0.0644,0.0133,0.0031,0.1739130434782608,0.0869565217391304,0.0511,Industrials,35.1066780090332,-0.005681001721554946,-0.0249854713035518,2.2
UNP,2011-04-21 01:31:22,0.0624,0.0248,0.0043,0.2105263157894736,0.0526315789473684,0.037599999999999995,Industrials,35.829566955566406,-0.00010411472463256466,-0.44714137027434847,2.2
UNP,2011-07-21 20:31:50,0.0709,0.018,0.0085,0.1904761904761904,0.0476190476190476,0.0529,Industrials,39.12147521972656,0.04577814691937565,0.05413816980128727,2.2
UNP,2011-10-20 19:11:21,0.0568,0.0251,0.0033,0.2,0.7,0.031700000000000006,Industrials,35.634422302246094,0.03990787792266226,-0.08389268732520867,2.2
UNP,2012-01-19 18:41:14,0.0617,0.0245,0.0043,0.2105263157894736,0.6842105263157895,0.0372,Industrials,42.52915573120117,0.02148967127288981,0.3811642566965344,2.2
UNP,2012-04-19 19:11:30,0.053,0.0343,0.0031,0.1904761904761904,0.7619047619047619,0.0187,Industrials,40.287113189697266,-0.036023746564570525,0.8278490488750171,2.2
UNP,2012-07-19 19:31:09,0.0549,0.0373,0.0052,0.2,0.75,0.017599999999999998,Industrials,47.04557418823242,0.035159905810274505,0.41081364023026135,2.2
UNP,2012-10-18 19:01:54,0.0491,0.0438,0.0021,0.1666666666666666,0.7916666666666666,0.005299999999999999,Industrials,48.264896392822266,0.013012102482707233,0.12336388594401455,2.2
UNP,2013-01-24 21:01:54,0.0583,0.0491,0.0031,0.1304347826086956,0.8260869565217391,0.0092,Industrials,51.83053970336914,-0.011156549027827478,-0.16870145357376798,2.2
UNP,2013-02-20 21:51:20,0.0569,0.0222,0.0167,0.5,0.5,0.034699999999999995,Industrials,52.171321868896484,-0.02043216045993368,-0.4090496124764396,2.2
UNP,2013-03-06 19:31:09,0.0395,0.015,0.0085,0.5,0.5,0.0245,Industrials,54.093544006347656,-0.0008630586180197186,-0.6903210351989417,2.2
UNP,2013-04-18 23:51:08,0.0533,0.042,0.0041,0.1739130434782608,0.7391304347826086,0.011299999999999998,Industrials,55.45602035522461,0.04030988325170881,-0.5558226339997354,2.2
UNP,2013-07-18 18:21:10,0.0618,0.0304,0.003,0.2105263157894736,0.7894736842105263,0.0314,Industrials,63.08927536010742,0.010521081022423884,-0.8823465959376284,2.2
UNP,2013-09-10 21:24:04,0.0431,0.0165,0.033,0.0,0.0,0.0266,Industrials,61.8001823425293,0.003958312844289491,-0.8274178335391894,2.2
UNP,2013-10-17 17:41:10,0.0548,0.0351,0.0062,0.1818181818181818,0.8181818181818182,0.019700000000000002,Industrials,59.40678787231445,-0.03817759402176868,-0.27186722936063157,2.2
UNP,2013-12-04 18:50:07,0.039,0.0134,0.0089,0.75,0.0,0.025599999999999998,Industrials,63.73645782470703,-0.006586161213139818,0.9546970206078275,2.2
UNP,2014-01-23 18:11:11,0.0587,0.0253,0.0061,0.1739130434782608,0.8260869565217391,0.0334,Industrials,68.7637939453125,0.033352739970250234,0.9950078698081735,2.2
UNP,2014-04-18 05:32:10,0.0634,0.0264,0.0106,0.1818181818181818,0.1363636363636363,0.037,Industrials,,,,2.2
UNP,2014-07-24 20:02:09,0.0753,0.022,0.0073,0.1739130434782608,0.8260869565217391,0.05330000000000001,Industrials,81.15522766113281,-0.007218799453900138,,2.2
UNP,2014-10-23 17:21:14,0.0728,0.0225,0.0139,0.1904761904761904,0.8095238095238095,0.050300000000000004,Industrials,89.92235565185547,0.05025257185415066,,2.2
UNP,2015-01-23 01:12:15,0.0542,0.0125,0.0042,0.1739130434782608,0.1304347826086956,0.0417,Industrials,96.61178588867188,0.0021698868331760934,,2.2
UNP,2015-04-23 23:36:09,0.0464,0.0179,0.0063,0.0416666666666666,0.125,0.028499999999999998,Industrials,87.37366485595703,-0.023570821513320794,0.587669275124778,2.2
UNP,2015-07-23 23:27:14,0.0494,0.0294,0.0095,0.0384615384615384,0.1538461538461538,0.02,Industrials,74.8438491821289,-0.05692020529093489,0.9805324575691912,2.2
UNP,2015-09-17 22:49:13,0.0413,0.0179,0.022,0.0,0.0,0.023400000000000004,Industrials,73.37378692626953,-0.0007797601891954553,0.6514402493195133,2.2
UNP,2015-10-22 19:25:11,0.0495,0.0316,0.0032,0.0416666666666666,0.125,0.0179,Industrials,79.33560180664062,0.03853972311003151,-0.3220338771103077,2.2
UNP,2016-01-21 20:14:09,0.0432,0.036,0.0051,0.0454545454545454,0.1363636363636363,0.007200000000000005,Industrials,58.443450927734375,-0.03545720654289486,0.24324037517703812,2.2
UNP,2016-04-21 18:32:31,0.0276,0.0471,0.0092,0.0,0.05,-0.019500000000000003,Industrials,72.37425994873047,0.04138380898652283,-0.3397164755432993,2.2
UNP,2016-07-21 21:59:07,0.0468,0.0468,0.0051,0.0416666666666666,0.0833333333333333,0.0,Industrials,75.8696517944336,-0.0338927806503172,-0.19002843070707384,2.2
UNP,2016-10-20 20:47:07,0.0474,0.0392,0.0052,0.0476190476190476,0.1428571428571428,0.008199999999999999,Industrials,76.06749725341797,-0.06672173799495751,-0.9639866592155367,2.2
UNP,2017-01-19 22:22:10,0.0515,0.0357,0.0126,0.0476190476190476,0.1428571428571428,0.015799999999999995,Industrials,89.6908950805664,0.023802521526173903,-0.40999174323002535,2.2
UNP,2017-04-27 17:14:19,0.0514,0.0315,0.0115,0.0,0.1,0.0199,Industrials,96.39189910888672,0.030498375332922656,0.7667928607522806,2.2
UNP,2017-07-20 20:42:09,0.0481,0.0157,0.0084,0.0526315789473684,0.1578947368421052,0.0324,Industrials,90.6172103881836,-0.015764256999891257,0.34087597557098487,2.2
UNP,2017-10-26 19:32:00,0.0404,0.0213,0.0074,0.0,0.05,0.0191,Industrials,100.01524353027344,0.05622557782135429,-0.7981918671705402,2.2
UNP,2018-01-25 22:19:06,0.0435,0.0223,0.0085,0.05,0.05,0.021199999999999997,Industrials,115.37096405029297,-0.05375698493829517,-0.40315112610129444,2.2
UNP,2018-04-26 17:14:15,0.0499,0.0181,0.0085,0.0,0.0588235294117647,0.031799999999999995,Industrials,114.74822235107422,-0.028517018044380338,-0.39714193526248714,2.2
UNP,2018-07-19 21:13:09,0.0569,0.0274,0.0074,0.1904761904761904,0.0476190476190476,0.0295,Industrials,122.51373291015625,-0.005947248494554969,-0.3834710661394741,2.2
UNP,2018-10-25 20:46:12,0.0533,0.0163,0.0065,0.0,0.1,0.037000000000000005,Industrials,126.44775390625,0.026343677277800515,0.895172171489446,2.2
UNP,2019-01-24 23:34:10,0.0539,0.019,0.0085,0.0454545454545454,0.0454545454545454,0.0349,Industrials,141.39382934570312,0.03894234558653453,0.7385360593884932,2.2
UNP,2019-04-18 21:18:10,0.0349,0.0251,0.0131,0.0952380952380952,0.0476190476190476,0.0098,Industrials,156.5953369140625,0.0435963969160178,-0.3318237816239396,2.2
UNP,2019-07-18 18:43:11,0.0494,0.0309,0.0074,0.1052631578947368,0.0526315789473684,0.0185,Industrials,155.26754760742188,0.05894838565124627,-0.6657546720238505,2.2
UNP,2019-10-17 20:49:14,0.0479,0.0239,0.0101,0.1,0.05,0.023999999999999997,Industrials,146.74766540527344,0.002265537361409331,-0.2674633043717799,2.2
UNP,2019-12-04 19:37:31,0.0463,0.0225,0.0126,0.0,0.0,0.0238,Industrials,154.5647430419922,0.020595679254902244,-0.6483155710330519,2.2
UNP,2020-01-23 22:27:17,0.0574,0.0339,0.0104,0.0909090909090909,0.0454545454545454,0.0235,Industrials,168.7446746826172,0.034599052616699044,-0.8723226407847985,2.2
UNP,2020-04-23 17:23:08,0.0417,0.0378,0.0156,0.0476190476190476,0.0476190476190476,0.0039000000000000007,Industrials,138.091796875,0.03528189746344057,-0.5374302031087063,2.2
UNP,2020-05-30 00:16:51,0.0254,0.0174,0.0134,0.5,0.5,0.008,Industrials,,,,2.2
UNP,2020-07-23 19:38:15,0.0502,0.0262,0.0044,0.0476190476190476,0.0476190476190476,0.024,Industrials,159.57492065429688,-0.02441740624319011,,2.2
UNP,2020-10-22 21:30:06,0.0695,0.0159,0.0023,0.0833333333333333,0.0416666666666666,0.05360000000000001,Industrials,171.5004425048828,-0.06186069455735865,,2.2
UNP,2020-11-18 15:40:08,0.0676,0.0133,0.0097,0.0,0.0,0.054299999999999994,Industrials,186.97891235351562,-0.008841510490967597,,2.2
UNP,2021-01-21 20:19:09,0.0671,0.019,0.0056,0.1304347826086956,0.0434782608695652,0.048100000000000004,Industrials,191.42144775390625,-0.04711687629848882,-0.24552092128115294,2.2
UPS,2007-10-23 18:26:07,0.0454,0.0155,0.0119,0.0714285714285714,0.0,0.029900000000000003,Industrials,44.56306076049805,0.007324656085477388,,2.4
UPS,2008-01-30 19:27:04,0.0534,0.0111,0.0089,0.1428571428571428,0.0714285714285714,0.042300000000000004,Industrials,42.67474365234375,0.015509702550963622,,2.4
UPS,2008-04-23 17:11:14,0.0312,0.0381,0.0139,0.1428571428571428,0.0714285714285714,-0.006900000000000003,Industrials,42.73537063598633,-0.003198570946693513,,2.4
UPS,2008-07-22 16:34:12,0.0413,0.0356,0.0069,0.125,0.0625,0.005700000000000004,Industrials,37.269161224365234,0.04456818794404693,0.008396125909686752,2.4
UPS,2008-10-23 16:51:28,0.0421,0.0421,0.0148,0.0588235294117647,0.0588235294117647,0.0,Industrials,29.087984085083008,0.0375074672669915,-0.02629883776547529,2.4
UPS,2009-02-03 19:38:18,0.0344,0.0439,0.0131,0.1333333333333333,0.0666666666666666,-0.009500000000000001,Industrials,27.43747901916504,0.06082051763846641,0.1282634042862314,2.4
UPS,2009-04-23 18:07:20,0.0459,0.0389,0.0082,0.1428571428571428,0.0714285714285714,0.007000000000000006,Industrials,32.86254119873047,-0.025936601378726443,-0.6984992651513182,2.4
UPS,2009-07-23 19:10:29,0.0315,0.0362,0.0117,0.125,0.0625,-0.004700000000000003,Industrials,33.25904846191406,0.02313617136878987,-0.8999525640253938,2.4
UPS,2009-10-22 19:10:13,0.0723,0.0245,0.0082,0.125,0.0625,0.0478,Industrials,35.79558181762695,0.0,-0.5066566369754144,2.4
UPS,2010-02-02 19:44:12,0.0499,0.0178,0.0083,0.0,0.0,0.032100000000000004,Industrials,37.03546142578125,0.003939391933925451,-0.12996078025502208,2.4
UPS,2010-04-27 17:33:12,0.0669,0.0134,0.0056,0.0555555555555555,0.0555555555555555,0.0535,Industrials,42.18446350097656,-0.03356656056212948,-0.8470971430740872,2.4
UPS,2010-07-22 17:06:21,0.0633,0.0122,0.0078,0.1363636363636363,0.0454545454545454,0.05109999999999999,Industrials,40.5078125,0.05232489230865589,-0.04155621643455716,2.4
UPS,2011-02-01 19:06:20,0.0524,0.0076,0.0066,0.1875,0.0,0.0448,Industrials,48.52395248413086,0.041468587721650296,-0.04395407471776601,2.4
UPS,2011-04-26 18:51:23,0.0426,0.0197,0.0066,0.15,0.05,0.0229,Industrials,48.6746826171875,0.008962527928826125,-0.024354998236920784,2.4
UPS,2011-07-26 19:31:13,0.0457,0.0163,0.0087,0.15,0.0,0.0294,Industrials,47.228309631347656,-0.03322132379284415,0.7826253273914198,2.4
UPS,2011-09-15 18:01:03,0.0367,0.0157,0.0066,0.5,0.25,0.021000000000000005,Industrials,44.01096725463867,0.00030224407119128216,0.5787639753342352,2.4
UPS,2011-10-25 17:21:32,0.0452,0.0192,0.0124,0.1304347826086956,0.8260869565217391,0.026,Industrials,46.11907958984375,-0.021447737454433735,-0.913184942080974,2.4
UPS,2012-01-31 19:01:43,0.0417,0.0214,0.009,0.1304347826086956,0.7391304347826086,0.020300000000000002,Industrials,50.676998138427734,-0.006566024613992583,-0.9679426311036546,2.4
UPS,2012-04-26 18:21:06,0.0524,0.0134,0.0089,0.1428571428571428,0.7619047619047619,0.039,Industrials,52.81103515625,-0.017576557569266793,-0.6414221858411089,2.4
UPS,2012-07-24 17:11:08,0.0428,0.0383,0.0079,0.1363636363636363,0.7727272727272727,0.004499999999999997,Industrials,50.54558181762695,-0.046312248140663814,0.6643777952328898,2.4
UPS,2012-10-23 18:01:09,0.0284,0.0262,0.0098,0.2222222222222222,0.6666666666666666,0.0022000000000000006,Industrials,50.50676345825195,0.030323869223396693,-0.18431196711389222,2.4
UPS,2013-01-31 18:05:06,0.0433,0.0144,0.0089,0.25,0.0,0.0289,Industrials,54.75951385498047,-0.02388274253541045,-0.25381907878770327,2.4
UPS,2013-04-25 16:12:07,0.0426,0.0123,0.0112,0.24,0.0,0.0303,Industrials,59.43268966674805,0.022994172975380867,0.08485588848854536,2.4
UPS,2013-07-23 15:54:06,0.0383,0.0244,0.0106,0.1071428571428571,0.0357142857142857,0.0139,Industrials,61.31382369995117,-0.001141477951695835,-0.4822011239832516,2.4
UPS,2013-10-25 20:06:06,0.0431,0.0302,0.014,0.1034482758620689,0.0689655172413793,0.012899999999999998,Industrials,67.46741485595703,0.011852850637582124,-0.11936533575338892,2.4
UPS,2014-01-30 16:51:15,0.0423,0.0286,0.0069,0.2,0.08,0.013699999999999997,Industrials,68.00467681884766,0.004720439792863296,0.8328514176351808,2.4
UPS,2014-04-24 19:11:23,0.0349,0.0282,0.0056,0.0769230769230769,0.0769230769230769,0.006700000000000001,Industrials,70.53179168701172,-0.0060460315083028515,0.6358400786422886,2.4
UPS,2014-07-29 18:39:12,0.0466,0.0102,0.008,0.1538461538461538,0.0769230769230769,0.0364,Industrials,71.15634155273438,-0.037015010070109766,-0.841016934537878,2.4
UPS,2014-10-24 17:32:09,0.0419,0.0136,0.0068,0.1153846153846153,0.0769230769230769,0.0283,Industrials,72.90709686279297,0.0010947418970503886,-0.6487119365802946,2.4
UPS,2015-02-03 20:12:08,0.0478,0.0144,0.0044,0.1363636363636363,0.0454545454545454,0.0334,Industrials,73.34497833251953,0.00439391575980852,-0.2962130638222282,2.4
UPS,2015-04-28 17:49:05,0.0522,0.0163,0.0054,0.1071428571428571,0.0714285714285714,0.0359,Industrials,74.01740264892578,0.03428105028426809,-0.09597629979380162,2.4
UPS,2015-07-28 18:24:07,0.0657,0.0111,0.0045,0.1481481481481481,0.074074074074074,0.054599999999999996,Industrials,73.95067596435547,0.05067266547488303,0.8904463562982476,2.4
UPS,2015-10-27 17:20:05,0.0439,0.0056,0.0045,0.16,0.08,0.0383,Industrials,76.83444213867188,-0.02900720788437916,0.5816269629146202,2.4
UPS,2016-02-02 19:54:07,0.0484,0.0086,0.0086,0.1111111111111111,0.037037037037037,0.0398,Industrials,71.06193542480469,0.006483630348892433,0.5798032145208334,2.4
UPS,2016-04-29 05:38:32,0.0582,0.0148,0.0148,0.2,0.08,0.0434,Industrials,79.48250579833984,0.0015252740681777066,0.9282685620293512,2.4
UPS,2016-07-30 21:50:11,0.0403,0.0131,0.0044,0.15,0.05,0.027200000000000002,Industrials,,,,2.4
UPS,2016-10-27 16:28:26,0.0508,0.009,0.0068,0.0,0.05,0.0418,Industrials,82.97028350830078,-0.004879849859220187,,2.4
UPS,2017-01-31 19:18:35,0.0447,0.0153,0.0076,0.0,0.0555555555555555,0.029399999999999996,Industrials,84.36373901367188,-0.06750392702972852,,2.4
UPS,2017-04-27 19:20:34,0.0606,0.0163,0.0093,0.0,0.0588235294117647,0.044300000000000006,Industrials,84.77721405029297,0.01124306266913333,,2.4
UPS,2017-07-27 18:48:23,0.059,0.0167,0.0067,0.0,0.0555555555555555,0.0423,Industrials,84.635498046875,-0.04007454183217285,0.8434282764811011,2.4
UPS,2017-10-26 17:44:26,0.0524,0.0125,0.008,0.0,0.0666666666666666,0.039900000000000005,Industrials,94.39354705810547,0.006579681188843223,0.7671116978999217,2.4
UPS,2018-02-01 19:34:09,0.0464,0.0086,0.0086,0.1666666666666666,0.0555555555555555,0.0378,Industrials,95.23826599121094,-0.061341440306071804,0.5977081194608508,2.4
UPS,2018-04-26 17:24:15,0.0706,0.0127,0.0058,0.0,0.0,0.05789999999999999,Industrials,91.03841400146484,0.04251799919429877,0.8108002644426024,2.4
UPS,2018-07-25 16:46:16,0.0785,0.011,0.0077,0.0,0.0714285714285714,0.0675,Industrials,97.359619140625,0.06901422585617922,0.8976459900164382,2.4
UPS,2018-10-24 17:46:16,0.0565,0.0111,0.0089,0.0,0.0,0.0454,Industrials,88.0830078125,-0.05523456135267257,0.9692824609496785,2.4
UPS,2019-01-31 20:05:14,0.0666,0.0087,0.0098,0.0833333333333333,0.0833333333333333,0.05790000000000001,Industrials,86.73285675048828,0.04160491969794111,0.9587160417068814,2.4
UPS,2019-04-25 19:50:08,0.0799,0.0169,0.0067,0.0526315789473684,0.0526315789473684,0.063,Industrials,87.2697982788086,-0.08127263511150107,0.4559248885506837,2.4
UPS,2019-07-24 18:31:59,0.0717,0.0138,0.0075,0.0476190476190476,0.0476190476190476,0.0579,Industrials,95.86507415771484,0.08663446458599888,0.14612071831941773,2.4
UPS,2019-10-22 17:19:11,0.0708,0.0202,0.0126,0.05,0.05,0.050600000000000006,Industrials,98.12519073486328,-0.020418445415113284,-0.22382724960524444,2.4
UPS,2020-01-30 20:07:08,0.0374,0.0324,0.0062,0.2142857142857142,0.0714285714285714,0.0050000000000000044,Industrials,91.990966796875,-0.06703521699402548,0.3547339744152056,2.4
UPS,2020-04-28 17:47:48,0.0544,0.0354,0.0038,0.1578947368421052,0.0526315789473684,0.018999999999999996,Industrials,82.94986724853516,-0.059678280458495325,0.8423643867394638,2.4
UPS,2020-07-30 18:47:01,0.0502,0.014,0.0129,0.0588235294117647,0.0588235294117647,0.0362,Industrials,122.96128845214844,0.14375815897651534,0.4751902274992043,2.4
UPS,2020-10-28 17:45:13,0.0469,0.0141,0.0059,0.0625,0.0625,0.032799999999999996,Industrials,136.2712860107422,-0.08815263885834312,0.5386017600478615,2.4
UPS,2021-02-02 20:15:06,0.0391,0.0101,0.0078,0.0526315789473684,0.0526315789473684,0.029000000000000005,Industrials,141.07154846191406,0.025790598923599806,0.5555578090843186,2.4
WFC,2007-07-17 17:10:44,0.0228,0.0093,0.0062,0.0,0.0,0.013500000000000002,Financial Services,22.07096290588379,0.0039493247496251715,,2.3
WFC,2007-07-17 23:36:03,0.0229,0.0094,0.0062,0.0,0.0,0.0135,Financial Services,22.07096290588379,0.0039493247496251715,,2.3
WFC,2007-10-16 14:10:49,0.0117,0.0149,0.0085,0.0,0.0,-0.0031999999999999997,Financial Services,21.618083953857422,-0.03894306055977881,,2.3
WFC,2008-01-16 16:52:20,0.0196,0.0176,0.0072,0.0,0.0,0.0019999999999999983,Financial Services,17.28818130493164,0.03321994190522681,0.37814122739620437,2.3
WFC,2008-04-16 16:57:18,0.0362,0.0197,0.0104,0.0,0.0,0.016500000000000004,Financial Services,18.512428283691406,0.043149756732406175,0.6384117250776545,2.3
WFC,2008-07-16 18:44:18,0.028,0.0166,0.0114,0.0,0.0,0.0114,Financial Services,17.55052375793457,0.32764431277940376,0.5089976220318722,2.3
WFC,2008-10-03 04:04:15,0.0337,0.0096,0.0169,0.2666666666666666,0.0666666666666666,0.024100000000000003,Financial Services,22.51767921447754,-0.01706419824586436,-0.25810520981636254,2.3
WFC,2008-10-15 16:05:16,0.0403,0.0191,0.0127,0.5,0.0,0.021200000000000004,Financial Services,21.729293823242188,-0.0050713171163088155,-0.9043453808284104,2.3
WFC,2009-01-28 19:27:19,0.0156,0.0245,0.0268,0.6666666666666666,0.0,-0.008900000000000002,Financial Services,13.94141674041748,0.30883292235245907,-0.8065486467651658,2.3
WFC,2009-04-24 01:51:36,0.0307,0.0154,0.0066,0.0,0.0,0.015300000000000001,Financial Services,14.34274959564209,0.06520649311869042,-0.9988934142750436,2.3
WFC,2009-07-22 19:56:47,0.0364,0.0107,0.0054,0.5,0.0,0.0257,Financial Services,16.422212600708008,-0.03550281010236589,-0.9991749695567578,2.3
WFC,2009-10-21 19:06:21,0.0263,0.0209,0.0055,0.5,0.0,0.005400000000000002,Financial Services,19.44774627685547,-0.05121460241901554,-0.7667504106908913,2.3
WFC,2010-01-20 21:30:16,0.057,0.0109,0.0158,0.0909090909090909,0.1818181818181818,0.0461,Financial Services,18.754783630371094,-0.016265831010036202,-0.024984588840153067,2.3
WFC,2010-04-21 19:11:31,0.0426,0.0158,0.0158,0.0909090909090909,0.0909090909090909,0.026799999999999997,Financial Services,22.292316436767578,-0.02018433380615614,0.9086065260997479,2.3
WFC,2010-07-21 19:55:16,0.0391,0.0166,0.0107,0.0714285714285714,0.0714285714285714,0.022500000000000003,Financial Services,17.62559700012207,0.005788605533155522,0.5318845345496123,2.3
WFC,2010-10-20 20:41:38,0.0382,0.0191,0.0048,0.0588235294117647,0.0588235294117647,0.0191,Financial Services,17.345321655273438,0.042769881721601344,-0.6606705928014854,2.3
WFC,2011-01-20 01:06:19,0.0397,0.0082,0.0082,0.1538461538461538,0.0769230769230769,0.0315,Financial Services,21.6487979888916,0.0025148093494167245,-0.6810532025007738,2.3
WFC,2011-04-20 20:21:31,0.0449,0.018,0.0135,0.1538461538461538,0.0769230769230769,0.026900000000000004,Financial Services,19.64453125,-0.041236702657476365,-0.5923302917771308,2.3
WFC,2011-07-19 18:01:16,0.0401,0.0108,0.0054,0.1538461538461538,0.0769230769230769,0.029299999999999996,Financial Services,19.4373836517334,0.056919921007819285,-0.24206451454729802,2.3
WFC,2011-10-17 21:41:15,0.0411,0.01,0.0122,0.125,0.75,0.031099999999999996,Financial Services,16.781620025634766,-0.08436439965803122,-0.05489473213407618,2.3
WFC,2012-01-17 17:51:26,0.043,0.0147,0.0042,0.1111111111111111,0.8333333333333334,0.0283,Financial Services,20.599210739135742,0.00742985087407777,-0.2622576096509014,2.3
WFC,2012-04-13 19:41:10,0.0449,0.0163,0.0072,0.1176470588235294,0.7647058823529411,0.028600000000000004,Financial Services,22.838451385498047,-0.03468558804247479,-0.5895907337337349,2.3
WFC,2012-07-13 20:21:10,0.045,0.0199,0.0084,0.1428571428571428,0.7857142857142857,0.025099999999999997,Financial Services,23.735761642456055,0.032268106887793024,-0.9321791030490779,2.3
WFC,2012-10-12 16:48:05,0.0457,0.0234,0.0096,0.1111111111111111,0.0,0.022299999999999997,Financial Services,24.130075454711914,-0.02643561224905977,-0.009822399190018651,2.3
WFC,2013-01-11 21:57:07,0.0498,0.0173,0.0108,0.0526315789473684,0.0526315789473684,0.0325,Financial Services,24.888458251953125,-0.008474763017419895,-0.08739899069692507,2.3
WFC,2013-03-05 17:31:10,0.0453,0.0186,0.0139,0.0,0.0,0.0267,Financial Services,25.623157501220703,0.0008365688384999181,0.04868104796249287,2.3
WFC,2013-04-12 18:16:08,0.0499,0.02,0.0089,0.0625,0.0625,0.0299,Financial Services,26.572959899902344,-0.007997887812541626,0.5961936074290236,2.3
WFC,2013-05-31 06:30:04,0.0292,0.0093,0.0172,0.5,0.0,0.0199,Financial Services,29.186185836791992,-0.01696992886411086,0.49320784608600393,2.3
WFC,2013-07-12 20:12:07,0.0547,0.015,0.0107,0.0625,0.0625,0.0397,Financial Services,30.683279037475586,0.017664881558816292,0.9173752175795657,2.3
WFC,2013-09-09 16:17:05,0.0466,0.0093,0.0128,0.0,0.0,0.0373,Financial Services,30.234304428100586,0.0069997404280128794,0.9596103790208909,2.3
WFC,2013-10-11 21:39:07,0.0466,0.0239,0.0098,0.0833333333333333,0.0,0.0227,Financial Services,30.02414321899414,-0.00024121796399334539,0.9039886754502598,2.3
WFC,2013-12-10 19:37:09,0.0549,0.0125,0.0075,0.5,0.0,0.04239999999999999,Financial Services,32.1928825378418,-0.004738100705160453,0.21968323417763333,2.3
WFC,2014-01-14 18:26:10,0.05,0.0167,0.0042,0.1428571428571428,0.0,0.0333,Financial Services,33.27302551269531,0.0006582852506704651,-0.11739810090768601,2.3
WFC,2014-02-16 02:19:10,0.0456,0.0111,0.0078,0.0,0.0,0.0345,Financial Services,,,,2.3
WFC,2014-04-11 19:42:08,0.0413,0.0159,0.0085,0.1111111111111111,0.0555555555555555,0.025400000000000002,Financial Services,35.3270378112793,0.007755370448216947,,2.3
WFC,2014-05-29 18:33:06,0.0243,0.0094,0.0121,0.0,0.0,0.014899999999999998,Financial Services,37.20138931274414,-0.003370328356378627,,2.3
WFC,2014-06-10 20:16:08,0.0092,0.0276,0.0262,0.0,0.0,-0.0184,Financial Services,38.91826248168945,0.0015236581775317504,,2.3
WFC,2014-07-11 23:25:07,0.0402,0.0124,0.0062,0.0588235294117647,0.1176470588235294,0.0278,Financial Services,38.10422134399414,-0.006176577895273372,-0.1271833028146416,2.3
WFC,2014-09-10 18:34:06,0.0305,0.0098,0.0109,0.0,0.0,0.0207,Financial Services,38.39303970336914,0.008811320251652877,-0.18968173665097554,2.3
WFC,2014-10-14 18:53:10,0.0482,0.0161,0.0075,0.0666666666666666,0.0666666666666666,0.032100000000000004,Financial Services,36.38844680786133,-0.02729038692151442,-0.4936261681175156,2.3
WFC,2014-11-13 22:28:09,0.0428,0.0055,0.0088,0.0,0.0,0.0373,Financial Services,40.04971694946289,-0.002801500110939159,-0.506182110554727,2.3
WFC,2014-12-09 17:39:08,0.06,0.0049,0.0086,1.0,0.0,0.055099999999999996,Financial Services,41.12990188598633,0.0010955271036878766,-0.007525193085422401,2.3
WFC,2015-01-15 14:25:04,0.0492,0.0157,0.0126,0.0588235294117647,0.0588235294117647,0.0335,Financial Services,38.04685592651367,-0.010341461420428022,0.7167160764629197,2.3
WFC,2015-04-14 18:40:05,0.0428,0.0104,0.0146,0.0625,0.0625,0.0324,Financial Services,40.917755126953125,-0.007327274145739748,0.871212507374082,2.3
WFC,2015-05-19 18:43:11,0.0468,0.0033,0.0076,0.0,0.0,0.043500000000000004,Financial Services,42.87503433227539,0.011659058738771932,0.5941016041088966,2.3
WFC,2015-05-29 18:07:09,0.0316,0.0219,0.0123,1.0,0.0,0.009700000000000004,Financial Services,42.54055404663086,-0.004447679307868602,0.45540799038873925,2.3
WFC,2015-06-03 19:40:04,0.0332,0.0093,0.0159,1.0,0.0,0.0239,Financial Services,43.26274871826172,0.012994040334081358,0.40745101407597667,2.3
WFC,2015-06-10 16:54:08,0.0422,0.0149,0.0137,0.0,0.0,0.0273,Financial Services,43.49080276489258,0.008994870264473098,0.7739080856786021,2.3
WFC,2015-07-14 21:07:07,0.0477,0.0135,0.0062,0.0588235294117647,0.0588235294117647,0.0342,Financial Services,43.52119827270508,0.00898799631243552,0.8037619765887805,2.3
WFC,2015-09-16 20:06:09,0.0414,0.0083,0.0071,0.5,0.0,0.0331,Financial Services,41.10429763793945,0.0046754808812972115,-0.764133032944588,2.3
WFC,2015-10-14 21:01:20,0.0406,0.0156,0.0031,0.0769230769230769,0.0769230769230769,0.024999999999999998,Financial Services,39.405662536621094,-0.006941440261853171,0.638738358859681,2.3
WFC,2015-11-18 18:16:13,0.0347,0.0058,0.0069,0.0,0.0,0.028900000000000002,Financial Services,42.88915252685547,0.012918498466000461,0.6167001240136414,2.3
WFC,2015-12-09 09:08:05,0.0532,0.0099,0.0087,0.5,0.0,0.0433,Financial Services,41.69501495361328,-0.005146975701228573,-0.21828055749136194,2.3
WFC,2016-01-16 00:50:07,0.0475,0.0134,0.0093,0.0588235294117647,0.0588235294117647,0.0341,Financial Services,,,,2.3
WFC,2016-04-14 22:57:08,0.0331,0.0238,0.0114,0.0588235294117647,0.0588235294117647,0.009299999999999996,Financial Services,37.87958908081055,-0.004895000407365568,,2.3
WFC,2016-06-01 20:46:12,0.0147,0.012,0.0187,0.0,0.0,0.0026999999999999993,Financial Services,39.898616790771484,0.005520604736179768,,2.3
WFC,2016-06-03 18:07:21,0.0467,0.0096,0.0137,0.5,0.0,0.0371,Financial Services,39.264930725097656,-0.018000536742791673,,2.3
WFC,2016-06-14 16:07:22,0.0241,0.0255,0.0161,0.0,0.0,-0.0013999999999999985,Financial Services,36.67543411254883,-0.022722693906942038,-0.2824588127494284,2.3
WFC,2016-07-15 19:39:21,0.0338,0.0127,0.0127,0.0555555555555555,0.0555555555555555,0.021099999999999997,Financial Services,37.324764251708984,-0.02513311872796653,-0.33922402635421184,2.3
WFC,2016-09-13 18:58:07,0.0368,0.0173,0.0207,0.0,0.0,0.0195,Financial Services,37.03303909301758,-0.03255060330125037,0.264396395357911,2.3
WFC,2016-10-15 03:14:05,0.026,0.0198,0.0124,0.0526315789473684,0.1052631578947368,0.006199999999999997,Financial Services,,,,2.3
WFC,2016-11-15 20:08:23,0.0417,0.0094,0.0067,0.0,0.0,0.0323,Financial Services,41.81844711303711,-0.011837447246325628,,2.3
WFC,2016-12-06 19:14:08,0.0395,0.0197,0.0128,0.5,0.0,0.0198,Financial Services,44.17217254638672,0.02207915597465271,,2.3
WFC,2017-01-13 23:45:08,0.0387,0.0148,0.0103,0.0666666666666666,0.0666666666666666,0.023899999999999998,Financial Services,43.981327056884766,0.014862515111445651,,2.3
WFC,2017-04-14 00:20:07,0.0433,0.0155,0.0044,0.0625,0.0625,0.0278,Financial Services,,,,2.3
WFC,2017-06-01 05:17:07,0.0133,0.016,0.012,0.0,0.0,-0.002700000000000001,Financial Services,41.9867057800293,0.018380899756326396,,2.3
WFC,2017-06-01 17:02:07,0.0837,0.0054,0.0202,0.5,0.0,0.0783,Financial Services,41.9867057800293,0.018380899756326396,,2.3
WFC,2017-06-13 17:51:10,0.0333,0.008,0.0213,0.0,0.0,0.025300000000000003,Financial Services,43.89738464355469,0.006655466477945904,,2.3
WFC,2017-07-14 20:07:06,0.0429,0.0165,0.0165,0.0714285714285714,0.1428571428571428,0.0264,Financial Services,44.33272933959961,-0.010971299292786174,0.16769450166824043,2.3
WFC,2017-09-12 18:54:08,0.026,0.0195,0.0119,0.5,0.0,0.006499999999999999,Financial Services,41.87754440307617,0.01796279976172621,0.2683469650449145,2.3
WFC,2017-10-14 00:12:26,0.0308,0.0286,0.0066,0.0666666666666666,0.0666666666666666,0.0022000000000000006,Financial Services,,,,2.3
WFC,2017-11-15 20:34:06,0.0315,0.0341,0.0236,0.5,0.0,-0.002599999999999998,Financial Services,43.95277786254883,-0.005366483073427353,,2.3
WFC,2017-12-05 21:56:55,0.0463,0.0171,0.0134,0.5,0.0,0.0292,Financial Services,47.877864837646484,0.02021250445853906,,2.3
WFC,2018-01-12 22:02:08,0.0446,0.0174,0.0141,0.0714285714285714,0.0714285714285714,0.027200000000000002,Financial Services,51.148773193359375,-0.007300095817366903,,2.3
WFC,2018-03-07 22:30:07,0.0194,0.0069,0.0139,0.0,0.0,0.0125,Financial Services,46.55934143066406,-0.008235336466990373,0.5187438730252559,2.3
WFC,2018-04-14 00:07:07,0.0289,0.0144,0.03,0.0769230769230769,0.0769230769230769,0.014499999999999999,Financial Services,,,,2.3
WFC,2018-05-30 19:40:11,0.0318,0.0203,0.0232,0.0,0.0,0.011500000000000003,Financial Services,44.945640563964844,0.02417383807607898,,2.3
WFC,2018-05-31 15:17:15,0.0481,0.0072,0.0156,0.5,0.0,0.0409,Financial Services,44.746726989746094,-0.00442564777635468,,2.3
WFC,2018-06-13 20:01:08,0.0221,0.0132,0.0206,0.0,0.0,0.008900000000000002,Financial Services,45.7164192199707,-0.003972380172640122,,2.3
WFC,2018-07-13 22:45:10,0.0436,0.0157,0.0201,0.0666666666666666,0.0,0.0279,Financial Services,45.882171630859375,-0.011957888504048553,-0.49946339132762124,2.3
WFC,2018-09-14 16:53:07,0.027,0.027,0.0056,0.0,0.0,0.0,Financial Services,45.691959381103516,-0.004909541596393563,-0.28296537687882434,2.3
WFC,2018-10-12 23:56:06,0.0453,0.0166,0.0166,0.0714285714285714,0.0714285714285714,0.0287,Financial Services,43.504634857177734,0.01302478057973433,0.293098078219333,2.3
WFC,2018-12-04 17:36:07,0.0442,0.0105,0.0221,0.5,0.0,0.0337,Financial Services,43.57887268066406,-0.04535394791335534,-0.3376614102095134,2.3
WFC,2019-01-15 23:44:09,0.0483,0.009,0.0236,0.0714285714285714,0.0714285714285714,0.0393,Financial Services,40.11983108520508,-0.015489428129242588,-0.3292397664708416,2.3
WFC,2019-04-12 23:03:09,0.0593,0.0129,0.0284,0.0714285714285714,0.0714285714285714,0.0464,Financial Services,39.481422424316406,-0.026183241099816956,-0.42859729663417206,2.3
WFC,2019-07-16 19:14:10,0.0288,0.0406,0.021,0.0714285714285714,0.1428571428571428,-0.011799999999999998,Financial Services,38.842716217041016,-0.03018624063272668,0.16092880144598162,2.3
WFC,2019-10-15 17:55:08,0.039,0.0302,0.0289,0.0714285714285714,0.0714285714285714,0.008799999999999999,Financial Services,43.450809478759766,0.017048992671948593,-0.10576041106482861,2.3
WFC,2019-12-11 02:20:10,0.0394,0.0293,0.0178,0.0,0.0,0.010099999999999998,Financial Services,46.54539489746094,-0.009685148664962395,-0.09699611668738811,2.3
WFC,2020-04-15 00:49:11,0.0186,0.0453,0.0173,0.0625,0.125,-0.0267,Financial Services,25.16221046447754,-0.05765417822105812,0.9271753942248611,2.3
WFC,2020-05-29 19:16:47,0.0528,0.0161,0.0088,0.5,0.5,0.036699999999999997,Financial Services,23.895103454589844,-0.027553533234209615,0.46672072151766913,2.3
WFC,2020-07-14 21:09:06,0.0196,0.0242,0.0311,0.0588235294117647,0.1176470588235294,-0.0046,Financial Services,21.891061782836914,-0.04565120266670375,0.7070847489457441,2.3
WFC,2020-10-14 20:33:08,0.0576,0.0212,0.0306,0.0769230769230769,0.1538461538461538,0.0364,Financial Services,21.074708938598633,-0.0602263254448272,0.3859526927999243,2.3
XOM,2005-10-31 00:40:28,0.0262,0.0178,0.0063,0.0769230769230769,0.0,0.008400000000000001,Energy,29.577564239501953,,,2.3
XOM,2006-01-31 14:15:56,0.0303,0.0076,0.0022,0.0714285714285714,0.0,0.0227,Energy,33.22882843017578,-0.005704444375703166,,2.3
XOM,2006-04-27 18:32:03,0.037,0.0098,0.0065,0.0833333333333333,0.0,0.0272,Energy,33.229698181152344,-0.01077612076232426,,2.3
XOM,2006-07-28 00:01:19,0.0234,0.0191,0.0074,0.0666666666666666,0.0,0.004300000000000002,Energy,35.847293853759766,0.007973339394446999,,2.3
XOM,2006-10-26 19:17:46,0.0255,0.0127,0.0074,0.0769230769230769,0.0,0.012799999999999999,Energy,38.4969367980957,0.008590227117521776,-0.9316794922526166,2.3
XOM,2007-02-01 21:14:06,0.0303,0.0081,0.0071,0.0,0.0,0.0222,Energy,40.53171157836914,0.013225535872176453,-0.5298122327208271,2.3
XOM,2007-04-26 20:29:19,0.0341,0.0075,0.0032,0.0769230769230769,0.0,0.0266,Energy,43.669864654541016,0.00788289963856248,0.3521370044441447,2.3
XOM,2007-07-26 21:07:07,0.0414,0.0117,0.0053,0.0,0.0,0.029699999999999997,Energy,48.040061950683594,-0.04914260293053485,-0.6156791355822112,2.3
XOM,2007-11-01 21:26:53,0.0276,0.0121,0.0044,0.0,0.0,0.0155,Energy,48.379703521728516,-0.03793899875312756,0.010388434331928752,2.3
XOM,2008-02-01 19:26:06,0.0357,0.0095,0.0063,0.0,0.0,0.0262,Energy,47.168357849121094,0.002916876876682073,0.201247700768033,2.3
XOM,2008-05-01 20:18:11,0.0365,0.0104,0.0052,0.0,0.0,0.026099999999999998,Energy,49.43878936767578,-0.036209226646831794,0.04263758736408685,2.3
XOM,2008-07-31 23:38:18,0.0173,0.0102,0.0071,0.0,0.1111111111111111,0.007099999999999999,Energy,44.527626037597656,-0.04681189726785384,0.687786660846531,2.3
XOM,2008-10-30 21:50:13,0.0275,0.0085,0.0063,0.125,0.125,0.019,Energy,41.7613525390625,0.005358181572065135,0.5075569356624346,2.3
XOM,2009-01-30 20:51:31,0.0369,0.0074,0.0053,0.0,0.0,0.029500000000000002,Energy,42.80179214477539,-0.006753405450508954,0.48075780241777716,2.3
XOM,2009-04-30 21:11:52,0.0177,0.0083,0.0021,0.1,0.0,0.0094,Energy,37.49967956542969,-0.025862084342371028,0.7578785502575098,2.3
XOM,2009-07-31 04:59:22,0.0179,0.0169,0.005,0.1,0.0,0.0010000000000000009,Energy,39.82831573486328,-0.004666290805973361,0.2596931253439316,2.3
XOM,2009-10-30 06:44:09,0.0232,0.0131,0.0051,0.0909090909090909,0.0,0.010099999999999998,Energy,40.80026626586914,-0.030963026894366252,0.1939204325967045,2.3
XOM,2010-02-01 22:33:11,0.0138,0.0128,0.0079,0.1,0.1,0.0009999999999999992,Energy,37.89421081542969,0.027161023854252342,-0.8700885772047969,2.3
XOM,2010-04-30 07:16:20,0.0174,0.0123,0.0061,0.1,0.1,0.005099999999999999,Energy,39.05778121948242,-0.01296279104606679,-0.8383531020016342,2.3
XOM,2010-10-28 20:06:18,0.0269,0.0083,0.0072,0.0714285714285714,0.0714285714285714,0.0186,Energy,38.6985969543457,0.008375157598921934,-0.2139075470868085,2.3
XOM,2011-01-31 22:09:30,0.023,0.005,0.008,0.0714285714285714,0.0714285714285714,0.018,Energy,47.44581604003906,0.02139473159066485,0.06804466241853112,2.3
XOM,2011-04-28 19:51:19,0.0208,0.0178,0.004,0.0833333333333333,0.0,0.002999999999999999,Energy,51.633079528808594,-0.005012610365971448,0.8733500918826609,2.3
XOM,2011-07-28 19:01:23,0.0235,0.0072,0.0092,0.0769230769230769,0.0769230769230769,0.016300000000000002,Energy,48.43009948730469,-0.02220650371777122,0.3103504272294865,2.3
XOM,2011-10-27 23:51:17,0.0213,0.0122,0.0071,0.0909090909090909,0.9090909090909092,0.009099999999999999,Energy,49.00130081176758,0.009991649840545014,0.1293674586516571,2.3
XOM,2012-01-31 21:41:10,0.0218,0.0089,0.004,0.0625,0.9375,0.0129,Energy,50.413002014160156,-0.020470227384463136,-0.6241467091476919,2.3
XOM,2012-03-08 21:01:03,0.0477,0.0175,0.014,0.3846153846153846,0.6153846153846154,0.030199999999999998,Energy,51.348731994628906,-0.011650701005430641,-0.312855595858168,2.3
XOM,2012-04-26 18:41:10,0.0177,0.0062,0.0042,0.0714285714285714,0.9285714285714286,0.0115,Energy,52.09933853149414,-0.008980651599189482,-0.35803087964205116,2.3
XOM,2012-05-30 21:01:03,0.0185,0.0145,0.0079,0.3333333333333333,0.0,0.003999999999999998,Energy,48.63067626953125,-0.026119862770129565,0.6124026841833493,2.3
XOM,2012-07-26 19:21:04,0.0206,0.0113,0.0082,0.0769230769230769,0.0,0.009300000000000001,Energy,52.73250198364258,0.015016596668859128,0.028092766752844722,2.3
XOM,2012-11-01 16:36:07,0.0237,0.0103,0.0041,0.0,0.0,0.013399999999999999,Energy,56.19149398803711,0.004716627224456094,0.6536813333009969,2.3
XOM,2012-12-11 22:02:05,0.0401,0.0122,0.0097,0.1666666666666666,0.0833333333333333,0.027899999999999994,Energy,54.932193756103516,0.006560049265026402,0.5038801457141182,2.3
XOM,2013-02-01 19:11:22,0.0227,0.0118,0.0059,0.1111111111111111,0.8888888888888888,0.010900000000000002,Energy,55.58033752441406,0.0007778839454850583,-0.14243196677449563,2.3
XOM,2013-03-07 04:49:05,0.0524,0.0171,0.0158,0.2777777777777778,0.0,0.0353,Energy,55.10918426513672,-0.009490936798142946,-0.543062528465559,2.3
XOM,2013-04-25 17:16:09,0.0163,0.0041,0.0041,0.125,0.0,0.012199999999999999,Energy,54.71160888671875,-0.015207501833827797,0.12888202246853936,2.3
XOM,2013-05-29 22:14:08,0.0201,0.0148,0.0067,0.0909090909090909,0.0909090909090909,0.005299999999999999,Energy,57.59844207763672,-0.003247497405646005,-0.34594641958767597,2.3
XOM,2013-08-01 18:15:09,0.0163,0.0316,0.0038,0.0,0.0,-0.015300000000000005,Energy,58.005035400390625,-0.010880355638009265,-0.02360512885916828,2.3
XOM,2013-10-31 18:12:09,0.0215,0.0137,0.0068,0.0588235294117647,0.0,0.007799999999999998,Energy,56.447120666503906,0.009120859711133633,0.21871296102058121,2.3
XOM,2014-01-30 19:30:11,0.0174,0.0107,0.001,0.0,0.0,0.006699999999999999,Energy,59.60235595703125,-0.01177603410778072,0.5028319736748578,2.3
XOM,2014-03-06 05:31:10,0.0601,0.012,0.0072,0.0588235294117647,0.0,0.048100000000000004,Energy,59.87760543823242,-0.0004265358266850594,0.3880661451268601,2.3
XOM,2014-05-01 21:44:14,0.0282,0.0146,0.0,0.0,0.0,0.0136,Energy,64.76310729980469,-0.00976489727773222,0.14827066040216316,2.3
XOM,2014-05-29 10:00:08,0.02,0.0173,0.0067,0.1538461538461538,0.0,0.002700000000000001,Energy,65.11280822753906,0.0020783713064760345,0.2994041401777763,2.3
XOM,2014-07-31 20:02:05,0.0219,0.0105,0.0,0.0833333333333333,0.9166666666666666,0.011399999999999999,Energy,63.614688873291016,-0.04174356583919536,0.26542380032758933,2.3
XOM,2014-10-31 22:00:10,0.02,0.0124,0.0019,0.0,0.1111111111111111,0.007600000000000001,Energy,62.614044189453125,0.02392783677186827,-0.49960902070472846,2.3
XOM,2015-02-02 19:42:07,0.0183,0.0192,0.0018,0.0,0.0588235294117647,-0.000899999999999998,Energy,58.4165153503418,0.02470802403191308,-0.7074599975822854,2.3
XOM,2015-03-05 09:40:07,0.047,0.0191,0.0178,0.0909090909090909,0.0454545454545454,0.0279,Energy,56.99028396606445,-0.005047069867060272,-0.4207898438214,2.3
XOM,2015-04-30 19:58:11,0.0305,0.0143,0.0019,0.0,0.0,0.0162,Energy,57.40421676635742,-0.005690126003293106,-0.8764241597177489,2.3
XOM,2015-07-31 21:58:09,0.0293,0.0189,0.0038,0.0,0.0555555555555555,0.0104,Energy,52.47332763671875,-0.045777878472014644,-0.2930854080769906,2.3
XOM,2015-10-30 18:22:08,0.0423,0.0202,0.003,0.0555555555555555,0.0555555555555555,0.022099999999999998,Energy,55.32468032836914,0.00620246123930035,0.7592246489211686,2.3
XOM,2016-02-02 21:52:13,0.0226,0.0207,0.0056,0.05,0.1,0.001899999999999999,Energy,50.30990982055664,-0.022283524738335392,0.6545409264233412,2.3
XOM,2016-04-29 19:13:17,0.0346,0.0212,0.0029,0.0,0.0625,0.013399999999999999,Energy,60.16572952270508,0.004203279904301915,0.5912270142383783,2.3
XOM,2016-07-29 18:52:39,0.038,0.0224,0.0039,0.0588235294117647,0.0588235294117647,0.0156,Energy,61.04884338378906,-0.013858102827103314,0.7860294427097829,2.3
XOM,2016-10-28 20:40:08,0.0318,0.0159,0.005,0.0,0.0,0.0159,Energy,58.68306350708008,-0.02462002700657817,0.26189043685964125,2.3
XOM,2017-01-31 22:18:06,0.0303,0.0275,0.0009,0.0555555555555555,0.0555555555555555,0.0028000000000000004,Energy,58.58118438720703,-0.011430533174038193,-0.17353537530327984,2.3
XOM,2017-03-01 21:31:03,0.0576,0.0125,0.0088,0.0625,0.0625,0.0451,Energy,58.503787994384766,0.02090535786998715,0.8336141778648812,2.3
XOM,2017-04-28 18:38:19,0.0253,0.0185,0.0078,0.0,0.0526315789473684,0.0068000000000000005,Energy,57.53834915161133,0.004799455236582872,0.6490400028088537,2.3
XOM,2017-06-01 01:17:09,0.0245,0.0065,0.0116,0.0833333333333333,0.0,0.018000000000000002,Energy,57.40591049194336,0.0024844583953975707,0.901895008160484,2.3
XOM,2017-07-28 20:26:22,0.0201,0.0124,0.0048,0.0,0.0526315789473684,0.0077,Energy,56.6234245300293,-0.015217416255613347,0.8217668745348083,2.3
XOM,2017-10-27 22:54:42,0.0331,0.0151,0.005,0.0,0.0476190476190476,0.017999999999999995,Energy,60.124244689941406,0.0028752184951625903,0.43430871336195503,2.3
XOM,2018-02-03 00:38:08,0.0284,0.0227,0.0038,0.0,0.0555555555555555,0.0057,Energy,,,,2.3
XOM,2018-03-07 20:01:03,0.0223,0.0223,0.0059,0.0555555555555555,0.0,0.0,Energy,54.38092041015625,-0.025203609219366596,,2.3
XOM,2018-04-27 22:43:10,0.0307,0.0112,0.001,0.0666666666666666,0.0,0.019500000000000003,Energy,56.965965270996094,-0.037966390218560964,,2.3
XOM,2018-05-30 21:15:09,0.0213,0.008,0.0093,0.4,0.0,0.0133,Energy,60.287757873535156,0.03927574577582482,,2.3
XOM,2018-07-28 00:30:07,0.0248,0.0312,0.0065,0.0833333333333333,0.0,-0.0063999999999999994,Energy,,,,2.3
XOM,2018-11-02 19:26:28,0.0299,0.0267,0.0053,0.0,0.0769230769230769,0.003199999999999998,Energy,61.24589157104492,0.01586683418039292,,2.3
XOM,2019-02-02 00:20:09,0.036,0.0275,0.0063,0.0666666666666666,0.0666666666666666,0.008499999999999997,Energy,,,,2.3
XOM,2019-04-26 21:12:25,0.0291,0.0356,0.0076,0.0833333333333333,0.0833333333333333,-0.006499999999999999,Energy,61.43916702270508,-0.02104128826977647,,2.3
XOM,2019-06-18 18:25:38,0.0528,0.0146,0.0364,0.5,0.0,0.0382,Energy,58.47611618041992,0.008656495546502274,,2.3
XOM,2019-08-02 22:11:54,0.0393,0.0257,0.0122,0.1666666666666666,0.0833333333333333,0.013600000000000001,Energy,55.39557647705078,-0.009798493261243046,,2.3
XOM,2019-09-04 16:21:57,0.0284,0.0203,0.0122,0.5,0.0,0.008100000000000003,Energy,54.16145706176758,0.010647384162361329,0.676530180668243,2.3
XOM,2019-11-01 19:25:12,0.0366,0.0454,0.0139,0.0909090909090909,0.0909090909090909,-0.008800000000000002,Energy,54.403785705566406,0.030042986030063945,-0.5114153030145111,2.3
XOM,2020-01-31 23:00:06,0.0434,0.0281,0.014,0.2,0.0,0.015300000000000001,Energy,49.14252471923828,-0.04121017647724723,-0.8643126267023952,2.3
XOM,2020-05-01 20:00:40,0.0391,0.0297,0.0067,0.1818181818181818,0.0909090909090909,0.009400000000000002,Energy,34.61758804321289,-0.0716589265636306,-0.7231726665290179,2.3
XOM,2020-05-27 21:59:15,0.0255,0.0352,0.0036,0.25,0.0,-0.009700000000000004,Energy,37.82461929321289,0.007187903705676568,-0.8667583149882035,2.3
XOM,2020-07-31 17:59:08,0.0333,0.0247,0.0118,0.0,0.0909090909090909,0.008600000000000003,Energy,34.42171096801758,0.00501547377966749,-0.5942166568624692,2.3
XOM,2020-10-30 21:24:08,0.0496,0.0285,0.0074,0.0,0.0909090909090909,0.021099999999999997,Energy,27.209775924682617,-0.010615774127519129,-0.2900966611666674,2.3
XOM,2021-02-03 02:56:06,0.0457,0.0261,0.012,0.2222222222222222,0.1111111111111111,0.019599999999999996,Energy,40.509437561035156,0.03922875183895336,0.12816572572725926,2.3
